[
    {
        "bot_id": "B04FD5HLZ",
        "attachments": [
            {
                "fallback": "<https:\/\/twitter.com\/FreeTrustOrg|@FreeTrustOrg>: With #freetrust no system need fear another system <https:\/\/twitter.com\/provensecure|@provensecure> with <https:\/\/twitter.com\/eris_ltd|@eris_ltd> #blockchain #providence enforcing <https:\/\/twitter.com\/Synereo|@Synereo> #socialcontracts",
                "author_name": "FreeTrust",
                "author_link": "https:\/\/twitter.com\/FreeTrustOrg\/status\/627874344186847233",
                "author_icon": "https:\/\/pbs.twimg.com\/profile_images\/606532062502391808\/mEJmLI_G_normal.png",
                "author_subname": "@FreeTrustOrg",
                "pretext": "<https:\/\/twitter.com\/FreeTrustOrg\/status\/627874344186847233>",
                "text": "With #freetrust no system need fear another system <https:\/\/twitter.com\/provensecure|@provensecure> with <https:\/\/twitter.com\/eris_ltd|@eris_ltd> #blockchain #providence enforcing <https:\/\/twitter.com\/Synereo|@Synereo> #socialcontracts",
                "service_name": "twitter",
                "service_url": "https:\/\/twitter.com\/",
                "id": 1
            }
        ],
        "type": "message",
        "subtype": "bot_message",
        "ts": "1438531883.000024"
    },
    {
        "bot_id": "B04FD5HLZ",
        "attachments": [
            {
                "fallback": "<https:\/\/twitter.com\/xbtbtc|@xbtbtc>: Intro to \"Casper the friendly GHOST\" <http:\/\/bit.ly\/1IygMZM> <https:\/\/twitter.com\/ethereumproject|@ethereumproject> @Synereo@VladZamfir <https:\/\/twitter.com\/VitalikButerin|@VitalikButerin>",
                "author_name": "xbtbtc",
                "author_link": "https:\/\/twitter.com\/xbtbtc\/status\/627925754806841344",
                "author_icon": "https:\/\/pbs.twimg.com\/profile_images\/534130011385516032\/Uqth_vxP_normal.jpeg",
                "author_subname": "@xbtbtc",
                "pretext": "<https:\/\/twitter.com\/xbtbtc\/status\/627925754806841344>",
                "text": "Intro to \"Casper the friendly GHOST\" <http:\/\/bit.ly\/1IygMZM> <https:\/\/twitter.com\/ethereumproject|@ethereumproject> @Synereo@VladZamfir <https:\/\/twitter.com\/VitalikButerin|@VitalikButerin>",
                "service_name": "twitter",
                "service_url": "https:\/\/twitter.com\/",
                "id": 1
            }
        ],
        "type": "message",
        "subtype": "bot_message",
        "ts": "1438544141.000025"
    }
]