[
    {
        "bot_id": "B04FD5HLZ",
        "attachments": [
            {
                "fallback": "<https:\/\/twitter.com\/jimscarver|@jimscarver>: <https:\/\/twitter.com\/FreeTrustOrg|@FreeTrustOrg> are imperatives to survive and thrive <https:\/\/twitter.com\/cyberwar|@cyberwar> by #collaboration with <https:\/\/twitter.com\/Synereo|@Synereo> social contracts and #blockchain providence",
                "author_name": "jimscarver",
                "author_link": "https:\/\/twitter.com\/jimscarver\/status\/671681942857891840",
                "author_icon": "https:\/\/pbs.twimg.com\/profile_images\/595050198033895425\/NgPmOdj6_normal.png",
                "author_subname": "@jimscarver",
                "pretext": "<https:\/\/twitter.com\/jimscarver\/status\/671681942857891840>",
                "text": "<https:\/\/twitter.com\/FreeTrustOrg|@FreeTrustOrg> are imperatives to survive and thrive <https:\/\/twitter.com\/cyberwar|@cyberwar> by #collaboration with <https:\/\/twitter.com\/Synereo|@Synereo> social contracts and #blockchain providence",
                "service_name": "twitter",
                "service_url": "https:\/\/twitter.com\/",
                "id": 1
            }
        ],
        "type": "message",
        "subtype": "bot_message",
        "ts": "1448976429.000041"
    }
]