[
    {
        "bot_id": "B04FD5HLZ",
        "attachments": [
            {
                "fallback": "<https:\/\/twitter.com\/AllCoinsNews|@AllCoinsNews>: The #Blockchain #Social #Network <https:\/\/twitter.com\/Synereo|@Synereo> new UI using #Scala.js - needs exchanges with #MasterXchange finished <http:\/\/allcoinsnews.com\/2015\/10\/29\/facebook-of-the-blockchain-synereo-gives-ui-peak-looks-for-exchanges-as-masterxchange-closes\/>",
                "author_name": "AllCoinsNews",
                "author_link": "https:\/\/twitter.com\/AllCoinsNews\/status\/659673563969007616",
                "author_icon": "https:\/\/pbs.twimg.com\/profile_images\/515000567408500736\/xthtM9tK_normal.jpeg",
                "author_subname": "@AllCoinsNews",
                "pretext": "<https:\/\/twitter.com\/AllCoinsNews\/status\/659673563969007616>",
                "text": "The #Blockchain #Social #Network <https:\/\/twitter.com\/Synereo|@Synereo> new UI using #Scala.js - needs exchanges with #MasterXchange finished <http:\/\/allcoinsnews.com\/2015\/10\/29\/facebook-of-the-blockchain-synereo-gives-ui-peak-looks-for-exchanges-as-masterxchange-closes\/>",
                "service_name": "twitter",
                "service_url": "https:\/\/twitter.com\/",
                "id": 1
            }
        ],
        "type": "message",
        "subtype": "bot_message",
        "ts": "1446113408.000025"
    },
    {
        "bot_id": "B04FD5HLZ",
        "attachments": [
            {
                "fallback": "<https:\/\/twitter.com\/drlombardo|@drlombardo>: The #Blockchain #Social #Network <https:\/\/twitter.com\/Synereo|@Synereo> new UI using #Scala.js - needs exchanges with #MasterXchange finished <http:\/\/allcoinsnews.com\/2015\/10\/29\/facebook-of-the-blockchain-synereo-gives-ui-peak-looks-for-exchanges-as-masterxchange-closes\/>",
                "author_name": "Dr. Lombardo",
                "author_link": "https:\/\/twitter.com\/drlombardo\/status\/659673563826360320",
                "author_icon": "https:\/\/pbs.twimg.com\/profile_images\/631395729777426432\/_CdFtTgC_normal.jpg",
                "author_subname": "@drlombardo",
                "pretext": "<https:\/\/twitter.com\/drlombardo\/status\/659673563826360320>",
                "text": "The #Blockchain #Social #Network <https:\/\/twitter.com\/Synereo|@Synereo> new UI using #Scala.js - needs exchanges with #MasterXchange finished <http:\/\/allcoinsnews.com\/2015\/10\/29\/facebook-of-the-blockchain-synereo-gives-ui-peak-looks-for-exchanges-as-masterxchange-closes\/>",
                "service_name": "twitter",
                "service_url": "https:\/\/twitter.com\/",
                "id": 1
            }
        ],
        "type": "message",
        "subtype": "bot_message",
        "ts": "1446113408.000026"
    },
    {
        "bot_id": "B04FD5HLZ",
        "attachments": [
            {
                "fallback": "<https:\/\/twitter.com\/AllCoinsNews|@AllCoinsNews>: The #Blockchain #Social #Network <https:\/\/twitter.com\/Synereo|@Synereo> new UI using #Scala.js - needs exchanges with #MasterXchange finished <http:\/\/allcoinsnews.com\/2015\/10\/29\/facebook-of-the-blockchain-synereo-gives-ui-peak-looks-for-exchanges-as-masterxchange-closes\/>",
                "author_name": "AllCoinsNews",
                "author_link": "https:\/\/twitter.com\/AllCoinsNews\/status\/659673563969007616",
                "author_icon": "https:\/\/pbs.twimg.com\/profile_images\/515000567408500736\/xthtM9tK_normal.jpeg",
                "author_subname": "@AllCoinsNews",
                "pretext": "<https:\/\/twitter.com\/AllCoinsNews\/status\/659673563969007616>",
                "text": "The #Blockchain #Social #Network <https:\/\/twitter.com\/Synereo|@Synereo> new UI using #Scala.js - needs exchanges with #MasterXchange finished <http:\/\/allcoinsnews.com\/2015\/10\/29\/facebook-of-the-blockchain-synereo-gives-ui-peak-looks-for-exchanges-as-masterxchange-closes\/>",
                "service_name": "twitter",
                "service_url": "https:\/\/twitter.com\/",
                "id": 1,
                "footer": "Retweeted by <https:\/\/twitter.com\/Synereo\/status\/659756600513667072|@Synereo>"
            }
        ],
        "type": "message",
        "subtype": "bot_message",
        "ts": "1446133206.000027"
    }
]