[
    {
        "bot_id": "B04FD5HLZ",
        "attachments": [
            {
                "fallback": "<https:\/\/twitter.com\/PerKiilstofte|@PerKiilstofte>: <https:\/\/twitter.com\/brokaren|@brokaren> Det bliver bedre n\u00e5r de decentrale sociale medier, som feks <https:\/\/twitter.com\/Synereo|@Synereo> begynder at afl\u00f8se Facebook og andre.",
                "author_name": "Per Kiilstofte",
                "author_link": "https:\/\/twitter.com\/PerKiilstofte\/status\/673056939807531008",
                "author_icon": "https:\/\/pbs.twimg.com\/profile_images\/2406443499\/skype_pic_normal.jpg",
                "author_subname": "@PerKiilstofte",
                "pretext": "<https:\/\/twitter.com\/PerKiilstofte\/status\/673056939807531008>",
                "text": "<https:\/\/twitter.com\/brokaren|@brokaren> Det bliver bedre n\u00e5r de decentrale sociale medier, som feks <https:\/\/twitter.com\/Synereo|@Synereo> begynder at afl\u00f8se Facebook og andre.",
                "service_name": "twitter",
                "service_url": "https:\/\/twitter.com\/",
                "id": 1
            }
        ],
        "type": "message",
        "subtype": "bot_message",
        "ts": "1449304254.000046"
    },
    {
        "bot_id": "B04FD5HLZ",
        "attachments": [
            {
                "fallback": "<https:\/\/twitter.com\/lapin7|@lapin7>: <https:\/\/twitter.com\/Synereo|@Synereo> participates in <http:\/\/blockchainworkshops.org\/index.php\/speakers\/index.html>",
                "author_name": "HJ Hilbolling",
                "author_link": "https:\/\/twitter.com\/lapin7\/status\/673252512296771584",
                "author_icon": "https:\/\/pbs.twimg.com\/profile_images\/67314238\/elf_normal.jpg",
                "author_subname": "@lapin7",
                "pretext": "<https:\/\/twitter.com\/lapin7\/status\/673252512296771584>",
                "text": "<https:\/\/twitter.com\/Synereo|@Synereo> participates in <http:\/\/blockchainworkshops.org\/index.php\/speakers\/index.html>",
                "service_name": "twitter",
                "service_url": "https:\/\/twitter.com\/",
                "id": 1
            }
        ],
        "type": "message",
        "subtype": "bot_message",
        "ts": "1449350882.000047"
    },
    {
        "bot_id": "B04FD5HLZ",
        "attachments": [
            {
                "fallback": "<https:\/\/twitter.com\/lapin7|@lapin7>: <https:\/\/twitter.com\/Synereo|@Synereo> is one of the judges in <http:\/\/hack.ether.camp\/judges>",
                "author_name": "HJ Hilbolling",
                "author_link": "https:\/\/twitter.com\/lapin7\/status\/673252811866578945",
                "author_icon": "https:\/\/pbs.twimg.com\/profile_images\/67314238\/elf_normal.jpg",
                "author_subname": "@lapin7",
                "pretext": "<https:\/\/twitter.com\/lapin7\/status\/673252811866578945>",
                "text": "<https:\/\/twitter.com\/Synereo|@Synereo> is one of the judges in <http:\/\/hack.ether.camp\/judges>",
                "service_name": "twitter",
                "service_url": "https:\/\/twitter.com\/",
                "id": 1
            }
        ],
        "type": "message",
        "subtype": "bot_message",
        "ts": "1449350953.000048"
    },
    {
        "bot_id": "B04FD5HLZ",
        "attachments": [
            {
                "fallback": "<https:\/\/twitter.com\/lapin7|@lapin7>: <https:\/\/twitter.com\/LivelyGig|@LivelyGig> Open development will lead to further engagement in our projects. <https:\/\/twitter.com\/Synereo|@Synereo>",
                "author_name": "HJ Hilbolling",
                "author_link": "https:\/\/twitter.com\/lapin7\/status\/673253041735344129",
                "author_icon": "https:\/\/pbs.twimg.com\/profile_images\/67314238\/elf_normal.jpg",
                "author_subname": "@lapin7",
                "pretext": "<https:\/\/twitter.com\/lapin7\/status\/673253041735344129>",
                "text": "<https:\/\/twitter.com\/LivelyGig|@LivelyGig> Open development will lead to further engagement in our projects. <https:\/\/twitter.com\/Synereo|@Synereo>",
                "service_name": "twitter",
                "service_url": "https:\/\/twitter.com\/",
                "id": 1
            }
        ],
        "type": "message",
        "subtype": "bot_message",
        "ts": "1449351008.000049"
    },
    {
        "bot_id": "B04FD5HLZ",
        "attachments": [
            {
                "fallback": "<https:\/\/twitter.com\/lapin7|@lapin7>: <https:\/\/twitter.com\/LivelyGig|@LivelyGig> Claims of security and privacy have to be open development so that those claims can be verified.  <https:\/\/twitter.com\/Synereo|@Synereo>",
                "author_name": "HJ Hilbolling",
                "author_link": "https:\/\/twitter.com\/lapin7\/status\/673253412046307328",
                "author_icon": "https:\/\/pbs.twimg.com\/profile_images\/67314238\/elf_normal.jpg",
                "author_subname": "@lapin7",
                "pretext": "<https:\/\/twitter.com\/lapin7\/status\/673253412046307328>",
                "text": "<https:\/\/twitter.com\/LivelyGig|@LivelyGig> Claims of security and privacy have to be open development so that those claims can be verified.  <https:\/\/twitter.com\/Synereo|@Synereo>",
                "service_name": "twitter",
                "service_url": "https:\/\/twitter.com\/",
                "id": 1
            }
        ],
        "type": "message",
        "subtype": "bot_message",
        "ts": "1449351096.000050"
    },
    {
        "bot_id": "B04FD5HLZ",
        "attachments": [
            {
                "fallback": "<https:\/\/twitter.com\/lapin7|@lapin7>: <https:\/\/twitter.com\/giyom|@giyom> I see some similarities between MLFi and \"Specifying the core language for social contracts\" <https:\/\/discuss.synereo.com\/t\/on-social-contracts-part-ii\/42589> <https:\/\/twitter.com\/Synereo|@Synereo>",
                "author_name": "HJ Hilbolling",
                "author_link": "https:\/\/twitter.com\/lapin7\/status\/673273074150699012",
                "author_icon": "https:\/\/pbs.twimg.com\/profile_images\/67314238\/elf_normal.jpg",
                "author_subname": "@lapin7",
                "pretext": "<https:\/\/twitter.com\/lapin7\/status\/673273074150699012>",
                "text": "<https:\/\/twitter.com\/giyom|@giyom> I see some similarities between MLFi and \"Specifying the core language for social contracts\" <https:\/\/discuss.synereo.com\/t\/on-social-contracts-part-ii\/42589> <https:\/\/twitter.com\/Synereo|@Synereo>",
                "service_name": "twitter",
                "service_url": "https:\/\/twitter.com\/",
                "id": 1
            }
        ],
        "type": "message",
        "subtype": "bot_message",
        "ts": "1449355784.000051"
    },
    {
        "bot_id": "B04FD5HLZ",
        "attachments": [
            {
                "fallback": "<https:\/\/twitter.com\/lapin7|@lapin7>: <https:\/\/twitter.com\/giyom|@giyom> <https:\/\/twitter.com\/Synereo|@Synereo> <https:\/\/twitter.com\/AlainFrisch|@AlainFrisch> could we have a talk about applying MLFi to building contracts with Synereo?",
                "author_name": "HJ Hilbolling",
                "author_link": "https:\/\/twitter.com\/lapin7\/status\/673387925216829440",
                "author_icon": "https:\/\/pbs.twimg.com\/profile_images\/67314238\/elf_normal.jpg",
                "author_subname": "@lapin7",
                "pretext": "<https:\/\/twitter.com\/lapin7\/status\/673387925216829440>",
                "text": "<https:\/\/twitter.com\/giyom|@giyom> <https:\/\/twitter.com\/Synereo|@Synereo> <https:\/\/twitter.com\/AlainFrisch|@AlainFrisch> could we have a talk about applying MLFi to building contracts with Synereo?",
                "service_name": "twitter",
                "service_url": "https:\/\/twitter.com\/",
                "id": 1
            }
        ],
        "type": "message",
        "subtype": "bot_message",
        "ts": "1449383167.000052"
    }
]