[
    {
        "bot_id": "B04FD5HLZ",
        "attachments": [
            {
                "fallback": "<https:\/\/twitter.com\/FreeTrustOrg|@FreeTrustOrg>: trusted #altcoin = #blockchain #secured #intellectual #commodity #token = #wealth on <https:\/\/twitter.com\/Synereo|@Synereo> <https:\/\/twitter.com\/provensecure|@provensecure>",
                "author_name": "FreeTrust",
                "author_link": "https:\/\/twitter.com\/FreeTrustOrg\/status\/656444098304454657",
                "author_icon": "https:\/\/pbs.twimg.com\/profile_images\/606532062502391808\/mEJmLI_G_normal.png",
                "author_subname": "@FreeTrustOrg",
                "pretext": "<https:\/\/twitter.com\/FreeTrustOrg\/status\/656444098304454657>",
                "text": "trusted #altcoin = #blockchain #secured #intellectual #commodity #token = #wealth on <https:\/\/twitter.com\/Synereo|@Synereo> <https:\/\/twitter.com\/provensecure|@provensecure>",
                "service_name": "twitter",
                "service_url": "https:\/\/twitter.com\/",
                "id": 1
            }
        ],
        "type": "message",
        "subtype": "bot_message",
        "ts": "1445343443.000012"
    },
    {
        "bot_id": "B04FD5HLZ",
        "attachments": [
            {
                "fallback": "<https:\/\/twitter.com\/FreeTrustOrg|@FreeTrustOrg>: <https:\/\/twitter.com\/ChristopherA|@ChristopherA> <http:\/\/FreeTrust.org> is with the #WebOfTrust securing <https:\/\/twitter.com\/Synereo|@Synereo> social contracts <https:\/\/twitter.com\/provensecure|@provensecure> <https:\/\/goo.gl\/hTPiyA>",
                "author_name": "FreeTrust",
                "author_link": "https:\/\/twitter.com\/FreeTrustOrg\/status\/656504057624948736",
                "author_icon": "https:\/\/pbs.twimg.com\/profile_images\/606532062502391808\/mEJmLI_G_normal.png",
                "author_subname": "@FreeTrustOrg",
                "pretext": "<https:\/\/twitter.com\/FreeTrustOrg\/status\/656504057624948736>",
                "text": "<https:\/\/twitter.com\/ChristopherA|@ChristopherA> <http:\/\/FreeTrust.org> is with the #WebOfTrust securing <https:\/\/twitter.com\/Synereo|@Synereo> social contracts <https:\/\/twitter.com\/provensecure|@provensecure> <https:\/\/goo.gl\/hTPiyA>",
                "service_name": "twitter",
                "service_url": "https:\/\/twitter.com\/",
                "id": 1
            }
        ],
        "type": "message",
        "subtype": "bot_message",
        "ts": "1445357739.000013"
    }
]