[
    {
        "bot_id": "B04FD5HLZ",
        "attachments": [
            {
                "fallback": "<https:\/\/twitter.com\/kor3shan|@kor3shan>: Hey <https:\/\/twitter.com\/Synereo|@Synereo> re: community growth, why not target podcast communities? They are used to sharing media, e.g. <https:\/\/twitter.com\/RobotOverlordz|@RobotOverlordz>",
                "author_name": "Dynamic_Mantra",
                "author_link": "https:\/\/twitter.com\/kor3shan\/status\/679603813007929346",
                "author_icon": "https:\/\/pbs.twimg.com\/profile_images\/677599940206555141\/jrDvhYcG_normal.jpg",
                "author_subname": "@kor3shan",
                "pretext": "<https:\/\/twitter.com\/kor3shan\/status\/679603813007929346>",
                "text": "Hey <https:\/\/twitter.com\/Synereo|@Synereo> re: community growth, why not target podcast communities? They are used to sharing media, e.g. <https:\/\/twitter.com\/RobotOverlordz|@RobotOverlordz>",
                "service_name": "twitter",
                "service_url": "https:\/\/twitter.com\/",
                "id": 1
            }
        ],
        "type": "message",
        "subtype": "bot_message",
        "ts": "1450865150.000092"
    },
    {
        "type": "message",
        "user": "U0474E4KZ",
        "text": "<@U0FESR742>: can you explore this?",
        "ts": "1450872443.000093"
    },
    {
        "bot_id": "B04FD5HLZ",
        "attachments": [
            {
                "fallback": "<https:\/\/twitter.com\/privatecenter|@privatecenter>: <https:\/\/twitter.com\/Synereo|@Synereo> We really like what you are doing, please see our project developing by small team in Poland. Thx.\n \n<https:\/\/www.kickstarter.com\/projects\/1290418671\/privatecenter-private-social-network>",
                "author_name": "Private Center",
                "author_link": "https:\/\/twitter.com\/privatecenter\/status\/679673461468454913",
                "author_icon": "https:\/\/pbs.twimg.com\/profile_images\/651106162763395072\/RJf2uPHB_normal.png",
                "author_subname": "@privatecenter",
                "pretext": "<https:\/\/twitter.com\/privatecenter\/status\/679673461468454913>",
                "text": "<https:\/\/twitter.com\/Synereo|@Synereo> We really like what you are doing, please see our project developing by small team in Poland. Thx.\n \n<https:\/\/www.kickstarter.com\/projects\/1290418671\/privatecenter-private-social-network>",
                "service_name": "twitter",
                "service_url": "https:\/\/twitter.com\/",
                "id": 1
            }
        ],
        "type": "message",
        "subtype": "bot_message",
        "ts": "1450881755.000094"
    },
    {
        "bot_id": "B04FD5HLZ",
        "attachments": [
            {
                "fallback": "<https:\/\/twitter.com\/LivelyGig|@LivelyGig>: LivelyGig and <https:\/\/twitter.com\/Synereo|@Synereo> community hangout starting now.  Participants' link: <https:\/\/hangouts.google.com\/call\/cn5xdju7srexlc6lj5jb26psq4a>",
                "author_name": "LivelyGig",
                "author_link": "https:\/\/twitter.com\/LivelyGig\/status\/679738937376559104",
                "author_icon": "https:\/\/pbs.twimg.com\/profile_images\/648546311331966976\/bL8zUktE_normal.png",
                "author_subname": "@LivelyGig",
                "pretext": "<https:\/\/twitter.com\/LivelyGig\/status\/679738937376559104>",
                "text": "LivelyGig and <https:\/\/twitter.com\/Synereo|@Synereo> community hangout starting now.  Participants' link: <https:\/\/hangouts.google.com\/call\/cn5xdju7srexlc6lj5jb26psq4a>",
                "service_name": "twitter",
                "service_url": "https:\/\/twitter.com\/",
                "id": 1
            }
        ],
        "type": "message",
        "subtype": "bot_message",
        "ts": "1450897366.000095"
    },
    {
        "bot_id": "B04FD5HLZ",
        "attachments": [
            {
                "fallback": "<https:\/\/twitter.com\/Synereo|@Synereo>: Live on the weekly community hangout! Participate: <http:\/\/tinyurl.com\/npmbodf> View: <https:\/\/plus.google.com\/b\/109002904706315055045\/events\/cvnplaajtlu9oi07j2ut738ntm0?cfem=1> <https:\/\/twitter.com\/Synereo|@Synereo>",
                "author_name": "Synereo",
                "author_link": "https:\/\/twitter.com\/Synereo\/status\/679743098910564352",
                "author_icon": "https:\/\/pbs.twimg.com\/profile_images\/522790259789025280\/FKRuSK66_normal.png",
                "author_subname": "@Synereo",
                "pretext": "<https:\/\/twitter.com\/Synereo\/status\/679743098910564352>",
                "text": "Live on the weekly community hangout! Participate: <http:\/\/tinyurl.com\/npmbodf> View: <https:\/\/plus.google.com\/b\/109002904706315055045\/events\/cvnplaajtlu9oi07j2ut738ntm0?cfem=1> <https:\/\/twitter.com\/Synereo|@Synereo>",
                "service_name": "twitter",
                "service_url": "https:\/\/twitter.com\/",
                "id": 1
            }
        ],
        "type": "message",
        "subtype": "bot_message",
        "ts": "1450898358.000096"
    }
]