[
    {
        "bot_id": "B04FD5HLZ",
        "attachments": [
            {
                "fallback": "<https:\/\/twitter.com\/NextMediaHH|@NextMediaHH>: <https:\/\/twitter.com\/Synereo|@Synereo> r\u00fcttelt an der Vormachtstellung der gro\u00dfen Tech-Firmen. Mehr unter: <http:\/\/bit.ly\/Caseoftheday> <https:\/\/pbs.twimg.com\/media\/CHh-SOaWsAAQ848.png>",
                "author_name": "nextMedia.Hamburg",
                "author_link": "https:\/\/twitter.com\/NextMediaHH\/status\/610376783343538176",
                "author_icon": "https:\/\/pbs.twimg.com\/profile_images\/438256605193187328\/85beI7de_normal.jpeg",
                "author_subname": "@NextMediaHH",
                "pretext": "<https:\/\/twitter.com\/NextMediaHH\/status\/610376783343538176>",
                "text": "<https:\/\/twitter.com\/Synereo|@Synereo> r\u00fcttelt an der Vormachtstellung der gro\u00dfen Tech-Firmen. Mehr unter: <http:\/\/bit.ly\/Caseoftheday> <https:\/\/pbs.twimg.com\/media\/CHh-SOaWsAAQ848.png>",
                "service_name": "twitter",
                "service_url": "https:\/\/twitter.com\/",
                "image_url": "https:\/\/pbs.twimg.com\/media\/CHh-SOaWsAAQ848.png",
                "image_width": 599,
                "image_height": 420,
                "image_bytes": 426575,
                "id": 1
            }
        ],
        "type": "message",
        "subtype": "bot_message",
        "ts": "1434360140.000036"
    },
    {
        "bot_id": "B04FD5HLZ",
        "attachments": [
            {
                "fallback": "<https:\/\/twitter.com\/NextMediaHH|@NextMediaHH>: #caseoftheday: <https:\/\/twitter.com\/Synereo|@Synereo> r\u00fcttelt an der Vormachtstellung der gro\u00dfen Tech-Firmen. Mehr unter: <http:\/\/bit.ly\/Caseoftheday> <https:\/\/pbs.twimg.com\/media\/CHi7T7jW8AE_iTf.png>",
                "author_name": "nextMedia.Hamburg",
                "author_link": "https:\/\/twitter.com\/NextMediaHH\/status\/610445316358303744",
                "author_icon": "https:\/\/pbs.twimg.com\/profile_images\/438256605193187328\/85beI7de_normal.jpeg",
                "author_subname": "@NextMediaHH",
                "pretext": "<https:\/\/twitter.com\/NextMediaHH\/status\/610445316358303744>",
                "text": "#caseoftheday: <https:\/\/twitter.com\/Synereo|@Synereo> r\u00fcttelt an der Vormachtstellung der gro\u00dfen Tech-Firmen. Mehr unter: <http:\/\/bit.ly\/Caseoftheday> <https:\/\/pbs.twimg.com\/media\/CHi7T7jW8AE_iTf.png>",
                "service_name": "twitter",
                "service_url": "https:\/\/twitter.com\/",
                "image_url": "https:\/\/pbs.twimg.com\/media\/CHi7T7jW8AE_iTf.png",
                "image_width": 599,
                "image_height": 420,
                "image_bytes": 426575,
                "id": 1
            }
        ],
        "type": "message",
        "subtype": "bot_message",
        "ts": "1434376480.000037"
    },
    {
        "bot_id": "B04FD5HLZ",
        "attachments": [
            {
                "fallback": "<https:\/\/twitter.com\/SURFIncubator|@SURFIncubator>: .<https:\/\/twitter.com\/Synereo|@Synereo> is a distributed \/decentralized Social Network built by &amp; for its community. Learn more 6\/18 at #SURFExpo <http:\/\/bit.ly\/SURFExpo>",
                "author_name": "SURF Incubator",
                "author_link": "https:\/\/twitter.com\/SURFIncubator\/status\/610588945102061568",
                "author_icon": "https:\/\/pbs.twimg.com\/profile_images\/2165274856\/SURF_Icon_normal.jpg",
                "author_subname": "@SURFIncubator",
                "pretext": "<https:\/\/twitter.com\/SURFIncubator\/status\/610588945102061568>",
                "text": ".<https:\/\/twitter.com\/Synereo|@Synereo> is a distributed \/decentralized Social Network built by &amp; for its community. Learn more 6\/18 at #SURFExpo <http:\/\/bit.ly\/SURFExpo>",
                "service_name": "twitter",
                "service_url": "https:\/\/twitter.com\/",
                "id": 1
            }
        ],
        "type": "message",
        "subtype": "bot_message",
        "ts": "1434410723.000038"
    }
]