[
    {
        "bot_id": "B04FD5HLZ",
        "attachments": [
            {
                "fallback": "<https:\/\/twitter.com\/noosquest|@noosquest>: #FF <https:\/\/twitter.com\/Qarnot|@Qarnot> <https:\/\/twitter.com\/ethereumproject|@ethereumproject> <https:\/\/twitter.com\/storjproject|@storjproject> <https:\/\/twitter.com\/Synereo|@Synereo> <https:\/\/twitter.com\/UNUMSAYS|@UNUMSAYS> <https:\/\/twitter.com\/DataCoup|@DataCoup> <https:\/\/twitter.com\/FreeTrustOrg|@FreeTrustOrg> <https:\/\/twitter.com\/dcentproject|@dcentproject> <https:\/\/twitter.com\/getpostr|@getpostr> <https:\/\/twitter.com\/louiseapp|@louiseapp> <https:\/\/twitter.com\/OuternetForAll|@OuternetForAll>",
                "author_name": "Noosquest",
                "author_link": "https:\/\/twitter.com\/noosquest\/status\/627067242585440256",
                "author_icon": "https:\/\/pbs.twimg.com\/profile_images\/478938673862291456\/AVyhjGW0_normal.jpeg",
                "author_subname": "@noosquest",
                "pretext": "<https:\/\/twitter.com\/noosquest\/status\/627067242585440256>",
                "text": "#FF <https:\/\/twitter.com\/Qarnot|@Qarnot> <https:\/\/twitter.com\/ethereumproject|@ethereumproject> <https:\/\/twitter.com\/storjproject|@storjproject> <https:\/\/twitter.com\/Synereo|@Synereo> <https:\/\/twitter.com\/UNUMSAYS|@UNUMSAYS> <https:\/\/twitter.com\/DataCoup|@DataCoup> <https:\/\/twitter.com\/FreeTrustOrg|@FreeTrustOrg> <https:\/\/twitter.com\/dcentproject|@dcentproject> <https:\/\/twitter.com\/getpostr|@getpostr> <https:\/\/twitter.com\/louiseapp|@louiseapp> <https:\/\/twitter.com\/OuternetForAll|@OuternetForAll>",
                "service_name": "twitter",
                "service_url": "https:\/\/twitter.com\/",
                "id": 1
            }
        ],
        "type": "message",
        "subtype": "bot_message",
        "ts": "1438339456.000023"
    }
]