[
    {
        "bot_id": "B04FD5HLZ",
        "attachments": [
            {
                "fallback": "<https:\/\/twitter.com\/Wally_WST|@Wally_WST>: <https:\/\/twitter.com\/Synereo|@Synereo> Could you please give the community a update of what's happening?",
                "author_name": "Notebookje",
                "author_link": "https:\/\/twitter.com\/Wally_WST\/status\/670932779660681216",
                "author_icon": "https:\/\/pbs.twimg.com\/profile_images\/625574913999511552\/ka4EkIbx_normal.jpg",
                "author_subname": "@Wally_WST",
                "pretext": "<https:\/\/twitter.com\/Wally_WST\/status\/670932779660681216>",
                "text": "<https:\/\/twitter.com\/Synereo|@Synereo> Could you please give the community a update of what's happening?",
                "service_name": "twitter",
                "service_url": "https:\/\/twitter.com\/",
                "id": 1
            }
        ],
        "type": "message",
        "subtype": "bot_message",
        "ts": "1448797814.000038"
    },
    {
        "bot_id": "B04FD5HLZ",
        "attachments": [
            {
                "fallback": "<https:\/\/twitter.com\/FreeTrustOrg|@FreeTrustOrg>: collaborate on a #trustworthy #cyberspace componant <https:\/\/twitter.com\/provensecure|@provensecure> with <https:\/\/twitter.com\/Synereo|@Synereo> #social #contracts and #blockchain <https:\/\/goo.gl\/aBIsx9>",
                "author_name": "FreeTrust",
                "author_link": "https:\/\/twitter.com\/FreeTrustOrg\/status\/671003248623542275",
                "author_icon": "https:\/\/pbs.twimg.com\/profile_images\/606532062502391808\/mEJmLI_G_normal.png",
                "author_subname": "@FreeTrustOrg",
                "pretext": "<https:\/\/twitter.com\/FreeTrustOrg\/status\/671003248623542275>",
                "text": "collaborate on a #trustworthy #cyberspace componant <https:\/\/twitter.com\/provensecure|@provensecure> with <https:\/\/twitter.com\/Synereo|@Synereo> #social #contracts and #blockchain <https:\/\/goo.gl\/aBIsx9>",
                "service_name": "twitter",
                "service_url": "https:\/\/twitter.com\/",
                "id": 1
            }
        ],
        "type": "message",
        "subtype": "bot_message",
        "ts": "1448814615.000039"
    },
    {
        "bot_id": "B04FD5HLZ",
        "attachments": [
            {
                "fallback": "<https:\/\/twitter.com\/Elokane|@Elokane>: <https:\/\/twitter.com\/Wally_WST|@Wally_WST> <https:\/\/twitter.com\/Synereo|@Synereo> Join our weekly Wednesday community hangouts.",
                "author_name": "Dor Konforty",
                "author_link": "https:\/\/twitter.com\/Elokane\/status\/671036118998122496",
                "author_icon": "https:\/\/pbs.twimg.com\/profile_images\/372313688\/Red_Background_Cylon_Bust_Photo_normal.jpg",
                "author_subname": "@Elokane",
                "pretext": "<https:\/\/twitter.com\/Elokane\/status\/671036118998122496>",
                "text": "<https:\/\/twitter.com\/Wally_WST|@Wally_WST> <https:\/\/twitter.com\/Synereo|@Synereo> Join our weekly Wednesday community hangouts.",
                "service_name": "twitter",
                "service_url": "https:\/\/twitter.com\/",
                "id": 1
            }
        ],
        "type": "message",
        "subtype": "bot_message",
        "ts": "1448822452.000040"
    }
]