[
    {
        "bot_id": "B04FD5HLZ",
        "attachments": [
            {
                "fallback": "<https:\/\/twitter.com\/jimscarver|@jimscarver>: #freetrust launched <https:\/\/freetrust.slack.com\/signup> #privacy <https:\/\/twitter.com\/NSTICNPO|@NSTICNPO> <https:\/\/twitter.com\/identity|@identity> <https:\/\/twitter.com\/provensecure|@provensecure> <http:\/\/freetrust.org> <https:\/\/twitter.com\/Synereo|@Synereo> <https:\/\/twitter.com\/eris_ltd|@eris_ltd> #blockchain",
                "author_name": "jimscarver",
                "author_link": "https:\/\/twitter.com\/jimscarver\/status\/594588187676246016",
                "author_icon": "https:\/\/pbs.twimg.com\/profile_images\/64612480\/P9130088_normal.JPG",
                "author_subname": "@jimscarver",
                "pretext": "<https:\/\/twitter.com\/jimscarver\/status\/594588187676246016>",
                "text": "#freetrust launched <https:\/\/freetrust.slack.com\/signup> #privacy <https:\/\/twitter.com\/NSTICNPO|@NSTICNPO> <https:\/\/twitter.com\/identity|@identity> <https:\/\/twitter.com\/provensecure|@provensecure> <http:\/\/freetrust.org> <https:\/\/twitter.com\/Synereo|@Synereo> <https:\/\/twitter.com\/eris_ltd|@eris_ltd> #blockchain",
                "service_name": "twitter",
                "service_url": "https:\/\/twitter.com\/",
                "id": 1
            }
        ],
        "type": "message",
        "subtype": "bot_message",
        "ts": "1430595845.000349"
    },
    {
        "type": "message",
        "user": "U048X85UT",
        "text": "looks like I can only allow specific domains :disappointed:  You can PM jimscarver or email <mailto:jimscarver@gmail.com|jimscarver@gmail.com> for an invite to the slack.",
        "ts": "1430602436.000350"
    }
]