[
    {
        "bot_id": "B04FD5HLZ",
        "attachments": [
            {
                "fallback": "<https:\/\/twitter.com\/FreeTrustOrg|@FreeTrustOrg>: Must watch <https:\/\/twitter.com\/Synereo|@Synereo> hangout! #decentralization #socialmedia <https:\/\/youtu.be\/131BRGMZ-i8>",
                "author_name": "FreeTrust",
                "author_link": "https:\/\/twitter.com\/FreeTrustOrg\/status\/657249083959193604",
                "author_icon": "https:\/\/pbs.twimg.com\/profile_images\/606532062502391808\/mEJmLI_G_normal.png",
                "author_subname": "@FreeTrustOrg",
                "pretext": "<https:\/\/twitter.com\/FreeTrustOrg\/status\/657249083959193604>",
                "text": "Must watch <https:\/\/twitter.com\/Synereo|@Synereo> hangout! #decentralization #socialmedia <https:\/\/youtu.be\/131BRGMZ-i8>",
                "service_name": "twitter",
                "service_url": "https:\/\/twitter.com\/",
                "id": 1
            }
        ],
        "type": "message",
        "subtype": "bot_message",
        "ts": "1445535367.000015"
    }
]