[
    {
        "bot_id": "B04FD5HLZ",
        "attachments": [
            {
                "fallback": "<https:\/\/twitter.com\/PerKiilstofte|@PerKiilstofte>: <https:\/\/twitter.com\/SamHulick|@SamHulick> I'm waiting for a decentralized one, like <https:\/\/twitter.com\/Synereo|@Synereo> - Otherwise it'll be the same story again and again when it gets too big",
                "author_name": "Per Kiilstofte",
                "author_link": "https:\/\/twitter.com\/PerKiilstofte\/status\/658140823842902016",
                "author_icon": "https:\/\/pbs.twimg.com\/profile_images\/2406443499\/skype_pic_normal.jpg",
                "author_subname": "@PerKiilstofte",
                "pretext": "<https:\/\/twitter.com\/PerKiilstofte\/status\/658140823842902016>",
                "text": "<https:\/\/twitter.com\/SamHulick|@SamHulick> I'm waiting for a decentralized one, like <https:\/\/twitter.com\/Synereo|@Synereo> - Otherwise it'll be the same story again and again when it gets too big",
                "service_name": "twitter",
                "service_url": "https:\/\/twitter.com\/",
                "id": 1
            }
        ],
        "type": "message",
        "subtype": "bot_message",
        "ts": "1445747974.000016"
    }
]