[
    {
        "bot_id": "B04FD5HLZ",
        "attachments": [
            {
                "fallback": "<https:\/\/twitter.com\/Synereo|@Synereo>: Synereo updates on development, LivelyGig, our fundraising efforts, storage, security, and more: <http:\/\/tinyurl.com\/gvjuxt8> #bitcoin #tech",
                "author_name": "Synereo",
                "author_link": "https:\/\/twitter.com\/Synereo\/status\/674144590824275968",
                "author_icon": "https:\/\/pbs.twimg.com\/profile_images\/522790259789025280\/FKRuSK66_normal.png",
                "author_subname": "@Synereo",
                "pretext": "<https:\/\/twitter.com\/Synereo\/status\/674144590824275968>",
                "text": "Synereo updates on development, LivelyGig, our fundraising efforts, storage, security, and more: <http:\/\/tinyurl.com\/gvjuxt8> #bitcoin #tech",
                "service_name": "twitter",
                "service_url": "https:\/\/twitter.com\/",
                "id": 1
            }
        ],
        "type": "message",
        "subtype": "bot_message",
        "ts": "1449563570.000058"
    },
    {
        "bot_id": "B04FD5HLZ",
        "attachments": [
            {
                "fallback": "<https:\/\/twitter.com\/provensecure|@provensecure>: What we're reading in Digital IDentity Today! <http:\/\/paper.li\/provensecure\/1424185768?edition_id=d43d56a0-9dd6-11e5-910f-002590a5ba2d> Highlighted Today: <https:\/\/twitter.com\/Synereo|@Synereo> <https:\/\/twitter.com\/UnboundID|@UnboundID> <https:\/\/twitter.com\/Steve_Lockstep|@Steve_Lockstep>",
                "author_name": "ProvenSecure",
                "author_link": "https:\/\/twitter.com\/provensecure\/status\/674289728603189248",
                "author_icon": "https:\/\/pbs.twimg.com\/profile_images\/557573566481186817\/H3j021y-_normal.jpeg",
                "author_subname": "@provensecure",
                "pretext": "<https:\/\/twitter.com\/provensecure\/status\/674289728603189248>",
                "text": "What we're reading in Digital IDentity Today! <http:\/\/paper.li\/provensecure\/1424185768?edition_id=d43d56a0-9dd6-11e5-910f-002590a5ba2d> Highlighted Today: <https:\/\/twitter.com\/Synereo|@Synereo> <https:\/\/twitter.com\/UnboundID|@UnboundID> <https:\/\/twitter.com\/Steve_Lockstep|@Steve_Lockstep>",
                "service_name": "twitter",
                "service_url": "https:\/\/twitter.com\/",
                "id": 1
            }
        ],
        "type": "message",
        "subtype": "bot_message",
        "ts": "1449598173.000059"
    },
    {
        "bot_id": "B04FD5HLZ",
        "attachments": [
            {
                "fallback": "<https:\/\/twitter.com\/vidal007|@vidal007>: .<https:\/\/twitter.com\/Synereo|@Synereo> social network based on the #blockchain is giving power back to users.\nThe next #Facebook ?  <https:\/\/twitter.com\/BitcoinAndSo\/status\/673860297195659265>",
                "author_name": "Vidal Chriqui",
                "author_link": "https:\/\/twitter.com\/vidal007\/status\/674351226985689089",
                "author_icon": "https:\/\/pbs.twimg.com\/profile_images\/665176108120305664\/aRsfVsZR_normal.jpg",
                "author_subname": "@vidal007",
                "pretext": "<https:\/\/twitter.com\/vidal007\/status\/674351226985689089>",
                "text": ".<https:\/\/twitter.com\/Synereo|@Synereo> social network based on the #blockchain is giving power back to users.\nThe next #Facebook ?  <https:\/\/twitter.com\/BitcoinAndSo\/status\/673860297195659265>",
                "service_name": "twitter",
                "service_url": "https:\/\/twitter.com\/",
                "id": 1
            }
        ],
        "type": "message",
        "subtype": "bot_message",
        "ts": "1449612836.000060"
    },
    {
        "bot_id": "B04FD5HLZ",
        "attachments": [
            {
                "fallback": "<https:\/\/twitter.com\/vidal007|@vidal007>: With .<https:\/\/twitter.com\/Synereo|@Synereo> we are the users and not (anymore) the product\n\n#blockchain #blockchainrevolution  <https:\/\/twitter.com\/BitcoinAndSo\/status\/673860297195659265>",
                "author_name": "Vidal Chriqui",
                "author_link": "https:\/\/twitter.com\/vidal007\/status\/674352392423493632",
                "author_icon": "https:\/\/pbs.twimg.com\/profile_images\/665176108120305664\/aRsfVsZR_normal.jpg",
                "author_subname": "@vidal007",
                "pretext": "<https:\/\/twitter.com\/vidal007\/status\/674352392423493632>",
                "text": "With .<https:\/\/twitter.com\/Synereo|@Synereo> we are the users and not (anymore) the product\n\n#blockchain #blockchainrevolution  <https:\/\/twitter.com\/BitcoinAndSo\/status\/673860297195659265>",
                "service_name": "twitter",
                "service_url": "https:\/\/twitter.com\/",
                "id": 1
            }
        ],
        "type": "message",
        "subtype": "bot_message",
        "ts": "1449613114.000061"
    }
]