[
    {
        "bot_id": "B04FD5HLZ",
        "attachments": [
            {
                "fallback": "<https:\/\/twitter.com\/FreeTrustOrg|@FreeTrustOrg>: We are engineering a trustworthy cyberspace with <https:\/\/twitter.com\/Synereo|@Synereo> <https:\/\/twitter.com\/eris_ltd|@eris_ltd> <https:\/\/twitter.com\/provensecure|@provensecure> <https:\/\/twitter.com\/blockstarsio|@blockstarsio> and you using #blockchain and #altcoin",
                "author_name": "FreeTrust",
                "author_link": "https:\/\/twitter.com\/FreeTrustOrg\/status\/606557015607894018",
                "author_icon": "https:\/\/pbs.twimg.com\/profile_images\/606532062502391808\/mEJmLI_G_normal.png",
                "author_subname": "@FreeTrustOrg",
                "pretext": "<https:\/\/twitter.com\/FreeTrustOrg\/status\/606557015607894018>",
                "text": "We are engineering a trustworthy cyberspace with <https:\/\/twitter.com\/Synereo|@Synereo> <https:\/\/twitter.com\/eris_ltd|@eris_ltd> <https:\/\/twitter.com\/provensecure|@provensecure> <https:\/\/twitter.com\/blockstarsio|@blockstarsio> and you using #blockchain and #altcoin",
                "service_name": "twitter",
                "service_url": "https:\/\/twitter.com\/",
                "id": 1
            }
        ],
        "type": "message",
        "subtype": "bot_message",
        "ts": "1433449436.000029"
    }
]