[
    {
        "bot_id": "B04FD5HLZ",
        "attachments": [
            {
                "fallback": "<https:\/\/twitter.com\/FreeTrustOrg|@FreeTrustOrg>: Whom do you #trust?  Promote #freetrust. #monitizetrust #altcoin with #blochain providence <https:\/\/twitter.com\/Synereo|@Synereo> <https:\/\/twitter.com\/eris_ltd|@eris_ltd> <https:\/\/twitter.com\/provensecure|@provensecure> <https:\/\/twitter.com\/NSTICNPO|@NSTICNPO> pilot?",
                "author_name": "FreeTrust",
                "author_link": "https:\/\/twitter.com\/FreeTrustOrg\/status\/620232996248002561",
                "author_icon": "https:\/\/pbs.twimg.com\/profile_images\/606532062502391808\/mEJmLI_G_normal.png",
                "author_subname": "@FreeTrustOrg",
                "pretext": "<https:\/\/twitter.com\/FreeTrustOrg\/status\/620232996248002561>",
                "text": "Whom do you #trust?  Promote #freetrust. #monitizetrust #altcoin with #blochain providence <https:\/\/twitter.com\/Synereo|@Synereo> <https:\/\/twitter.com\/eris_ltd|@eris_ltd> <https:\/\/twitter.com\/provensecure|@provensecure> <https:\/\/twitter.com\/NSTICNPO|@NSTICNPO> pilot?",
                "service_name": "twitter",
                "service_url": "https:\/\/twitter.com\/",
                "id": 1
            }
        ],
        "type": "message",
        "subtype": "bot_message",
        "ts": "1436710044.000090"
    }
]