[
    {
        "bot_id": "B04FD5HLZ",
        "attachments": [
            {
                "fallback": "<https:\/\/twitter.com\/PerKiilstofte|@PerKiilstofte>: <https:\/\/twitter.com\/peterkofod|@peterkofod> <https:\/\/twitter.com\/uffeelbaek|@uffeelbaek> Der findes stadig folk der arbejder p\u00e5 at decentralisere og re-demokratisere internettet, i.e. <https:\/\/twitter.com\/aral|@aral> og <https:\/\/twitter.com\/Synereo|@Synereo>",
                "author_name": "Per Kiilstofte",
                "author_link": "https:\/\/twitter.com\/PerKiilstofte\/status\/673614186635796481",
                "author_icon": "https:\/\/pbs.twimg.com\/profile_images\/2406443499\/skype_pic_normal.jpg",
                "author_subname": "@PerKiilstofte",
                "pretext": "<https:\/\/twitter.com\/PerKiilstofte\/status\/673614186635796481>",
                "text": "<https:\/\/twitter.com\/peterkofod|@peterkofod> <https:\/\/twitter.com\/uffeelbaek|@uffeelbaek> Der findes stadig folk der arbejder p\u00e5 at decentralisere og re-demokratisere internettet, i.e. <https:\/\/twitter.com\/aral|@aral> og <https:\/\/twitter.com\/Synereo|@Synereo>",
                "service_name": "twitter",
                "service_url": "https:\/\/twitter.com\/",
                "id": 1
            }
        ],
        "type": "message",
        "subtype": "bot_message",
        "ts": "1449437112.000053"
    }
]