[
    {
        "bot_id": "B04FD5HLZ",
        "attachments": [
            {
                "fallback": "<https:\/\/twitter.com\/BurntEloi|@BurntEloi>: <https:\/\/twitter.com\/Synereo|@Synereo> Better figure out what is going on with your one and only exchange #masterexchange ??",
                "author_name": "BurntEloi",
                "author_link": "https:\/\/twitter.com\/BurntEloi\/status\/598037207946031104",
                "author_icon": "https:\/\/pbs.twimg.com\/profile_images\/596999903978639361\/WlSYTCqK_normal.png",
                "author_subname": "@BurntEloi",
                "pretext": "<https:\/\/twitter.com\/BurntEloi\/status\/598037207946031104>",
                "text": "<https:\/\/twitter.com\/Synereo|@Synereo> Better figure out what is going on with your one and only exchange #masterexchange ??",
                "service_name": "twitter",
                "service_url": "https:\/\/twitter.com\/",
                "id": 1
            }
        ],
        "type": "message",
        "subtype": "bot_message",
        "ts": "1431418157.000021"
    },
    {
        "bot_id": "B04FD5HLZ",
        "attachments": [
            {
                "fallback": "<https:\/\/twitter.com\/colortwits|@colortwits>: Quote <https:\/\/twitter.com\/bravenewcoin|@bravenewcoin>: the end of <https:\/\/twitter.com\/Synereo|@Synereo>'s crowdsale, partnerships with <https:\/\/twitter.com\/factomproject|@factomproject> <https:\/\/twitter.com\/LivelyGig|@LivelyGig>. <http:\/\/bravenewcoin.com\/news\/synereo-beating-technical-issues\/> #bitcoin #fintech",
                "author_name": "Nicola Minichiello",
                "author_link": "https:\/\/twitter.com\/colortwits\/status\/598161649829335040",
                "author_icon": "https:\/\/pbs.twimg.com\/profile_images\/546943037377503232\/m99dhUqa_normal.jpeg",
                "author_subname": "@colortwits",
                "pretext": "<https:\/\/twitter.com\/colortwits\/status\/598161649829335040>",
                "text": "Quote <https:\/\/twitter.com\/bravenewcoin|@bravenewcoin>: the end of <https:\/\/twitter.com\/Synereo|@Synereo>'s crowdsale, partnerships with <https:\/\/twitter.com\/factomproject|@factomproject> <https:\/\/twitter.com\/LivelyGig|@LivelyGig>. <http:\/\/bravenewcoin.com\/news\/synereo-beating-technical-issues\/> #bitcoin #fintech",
                "service_name": "twitter",
                "service_url": "https:\/\/twitter.com\/",
                "id": 1
            }
        ],
        "type": "message",
        "subtype": "bot_message",
        "ts": "1431447825.000022"
    },
    {
        "bot_id": "B04FD5HLZ",
        "attachments": [
            {
                "fallback": "<https:\/\/twitter.com\/colortwits|@colortwits>: Quote <https:\/\/twitter.com\/bravenewcoin|@bravenewcoin>: the end of <https:\/\/twitter.com\/Synereo|@Synereo>'s crowdsale, partnerships with <https:\/\/twitter.com\/factomproject|@factomproject> <https:\/\/twitter.com\/LivelyGig|@LivelyGig>. <http:\/\/bravenewcoin.com\/news\/synereo-beating-technical-issues\/> #bitcoin #fintech",
                "author_name": "Nicola Minichiello",
                "author_link": "https:\/\/twitter.com\/colortwits\/status\/598161649829335040",
                "author_icon": "https:\/\/pbs.twimg.com\/profile_images\/546943037377503232\/m99dhUqa_normal.jpeg",
                "author_subname": "@colortwits",
                "pretext": "<https:\/\/twitter.com\/colortwits\/status\/598161649829335040>",
                "text": "Quote <https:\/\/twitter.com\/bravenewcoin|@bravenewcoin>: the end of <https:\/\/twitter.com\/Synereo|@Synereo>'s crowdsale, partnerships with <https:\/\/twitter.com\/factomproject|@factomproject> <https:\/\/twitter.com\/LivelyGig|@LivelyGig>. <http:\/\/bravenewcoin.com\/news\/synereo-beating-technical-issues\/> #bitcoin #fintech",
                "service_name": "twitter",
                "service_url": "https:\/\/twitter.com\/",
                "id": 1,
                "footer": "Retweeted by <https:\/\/twitter.com\/Synereo\/status\/598162362995191808|@Synereo>"
            }
        ],
        "type": "message",
        "subtype": "bot_message",
        "ts": "1431447995.000023"
    },
    {
        "bot_id": "B04FD5HLZ",
        "attachments": [
            {
                "fallback": "<https:\/\/twitter.com\/MickaelSalabi|@MickaelSalabi>: Congrats for the full AMPs distribution! <https:\/\/twitter.com\/Synereo|@Synereo> , received mine. (About 100k for 1BTC) #synereo #futurefacebook",
                "author_name": "Mickael",
                "author_link": "https:\/\/twitter.com\/MickaelSalabi\/status\/598164481714364416",
                "author_icon": "https:\/\/pbs.twimg.com\/profile_images\/378800000117028732\/d3026e2b340eb77037121712683d4095_normal.jpeg",
                "author_subname": "@MickaelSalabi",
                "pretext": "<https:\/\/twitter.com\/MickaelSalabi\/status\/598164481714364416>",
                "text": "Congrats for the full AMPs distribution! <https:\/\/twitter.com\/Synereo|@Synereo> , received mine. (About 100k for 1BTC) #synereo #futurefacebook",
                "service_name": "twitter",
                "service_url": "https:\/\/twitter.com\/",
                "id": 1
            }
        ],
        "type": "message",
        "subtype": "bot_message",
        "ts": "1431448500.000024"
    },
    {
        "bot_id": "B04FD5HLZ",
        "attachments": [
            {
                "fallback": "<https:\/\/twitter.com\/Synereo|@Synereo>: <https:\/\/twitter.com\/MickaelSalabi|@MickaelSalabi> we appreciate the support, thank you.",
                "author_name": "Synereo",
                "author_link": "https:\/\/twitter.com\/Synereo\/status\/598167460362223616",
                "author_icon": "https:\/\/pbs.twimg.com\/profile_images\/522790259789025280\/FKRuSK66_normal.png",
                "author_subname": "@Synereo",
                "pretext": "<https:\/\/twitter.com\/Synereo\/status\/598167460362223616>",
                "text": "<https:\/\/twitter.com\/MickaelSalabi|@MickaelSalabi> we appreciate the support, thank you.",
                "service_name": "twitter",
                "service_url": "https:\/\/twitter.com\/",
                "id": 1
            }
        ],
        "type": "message",
        "subtype": "bot_message",
        "ts": "1431449210.000025"
    },
    {
        "bot_id": "B04FD5HLZ",
        "attachments": [
            {
                "fallback": "<https:\/\/twitter.com\/Quantigic|@Quantigic>: <https:\/\/twitter.com\/colortwits|@colortwits> <https:\/\/twitter.com\/bravenewcoin|@bravenewcoin> <https:\/\/twitter.com\/Synereo|@Synereo> <https:\/\/twitter.com\/factomproject|@factomproject> <https:\/\/twitter.com\/LivelyGig|@LivelyGig> Paper <http:\/\/www.iijournals.com\/doi\/pdfplus\/10.3905\/jpm.2015.41.3.004> proposes iCurrency and new use for #cryptocurrency",
                "author_name": "Quantigic Solutions",
                "author_link": "https:\/\/twitter.com\/Quantigic\/status\/598180481264394240",
                "author_icon": "https:\/\/pbs.twimg.com\/profile_images\/1552331291\/QRM-TRM_normal.jpg",
                "author_subname": "@Quantigic",
                "pretext": "<https:\/\/twitter.com\/Quantigic\/status\/598180481264394240>",
                "text": "<https:\/\/twitter.com\/colortwits|@colortwits> <https:\/\/twitter.com\/bravenewcoin|@bravenewcoin> <https:\/\/twitter.com\/Synereo|@Synereo> <https:\/\/twitter.com\/factomproject|@factomproject> <https:\/\/twitter.com\/LivelyGig|@LivelyGig> Paper <http:\/\/www.iijournals.com\/doi\/pdfplus\/10.3905\/jpm.2015.41.3.004> proposes iCurrency and new use for #cryptocurrency",
                "service_name": "twitter",
                "service_url": "https:\/\/twitter.com\/",
                "id": 1
            }
        ],
        "type": "message",
        "subtype": "bot_message",
        "ts": "1431452315.000026"
    },
    {
        "bot_id": "B04FD5HLZ",
        "attachments": [
            {
                "fallback": "<https:\/\/twitter.com\/BurntEloi|@BurntEloi>: <https:\/\/twitter.com\/Synereo|@Synereo> #synereo #Masterexchange deposits not working!  Your first choice in exchanges went south fast. Please update your concerned public",
                "author_name": "BurntEloi",
                "author_link": "https:\/\/twitter.com\/BurntEloi\/status\/598189371196645376",
                "author_icon": "https:\/\/pbs.twimg.com\/profile_images\/596999903978639361\/WlSYTCqK_normal.png",
                "author_subname": "@BurntEloi",
                "pretext": "<https:\/\/twitter.com\/BurntEloi\/status\/598189371196645376>",
                "text": "<https:\/\/twitter.com\/Synereo|@Synereo> #synereo #Masterexchange deposits not working!  Your first choice in exchanges went south fast. Please update your concerned public",
                "service_name": "twitter",
                "service_url": "https:\/\/twitter.com\/",
                "id": 1
            }
        ],
        "type": "message",
        "subtype": "bot_message",
        "ts": "1431454434.000027"
    },
    {
        "bot_id": "B04FD5HLZ",
        "attachments": [
            {
                "fallback": "<https:\/\/twitter.com\/Synereo|@Synereo>: <https:\/\/twitter.com\/BurntEloi|@BurntEloi> we will get in touch with them and see what is happening. Deposits may take some time.",
                "author_name": "Synereo",
                "author_link": "https:\/\/twitter.com\/Synereo\/status\/598210965549768704",
                "author_icon": "https:\/\/pbs.twimg.com\/profile_images\/522790259789025280\/FKRuSK66_normal.png",
                "author_subname": "@Synereo",
                "pretext": "<https:\/\/twitter.com\/Synereo\/status\/598210965549768704>",
                "text": "<https:\/\/twitter.com\/BurntEloi|@BurntEloi> we will get in touch with them and see what is happening. Deposits may take some time.",
                "service_name": "twitter",
                "service_url": "https:\/\/twitter.com\/",
                "id": 1
            }
        ],
        "type": "message",
        "subtype": "bot_message",
        "ts": "1431459584.000028"
    },
    {
        "bot_id": "B04FD5HLZ",
        "attachments": [
            {
                "fallback": "<https:\/\/twitter.com\/Synereo|@Synereo>: On <https:\/\/twitter.com\/bravenewcoin|@bravenewcoin>: the end of <https:\/\/twitter.com\/Synereo|@Synereo>'s crowdsale, partnerships with <https:\/\/twitter.com\/factomproject|@factomproject> + <https:\/\/twitter.com\/LivelyGig|@LivelyGig>. <http:\/\/bravenewcoin.com\/news\/synereo-beating-technical-issues\/> #bitcoin #startup",
                "author_name": "Synereo",
                "author_link": "https:\/\/twitter.com\/Synereo\/status\/598244292457537536",
                "author_icon": "https:\/\/pbs.twimg.com\/profile_images\/522790259789025280\/FKRuSK66_normal.png",
                "author_subname": "@Synereo",
                "pretext": "<https:\/\/twitter.com\/Synereo\/status\/598244292457537536>",
                "text": "On <https:\/\/twitter.com\/bravenewcoin|@bravenewcoin>: the end of <https:\/\/twitter.com\/Synereo|@Synereo>'s crowdsale, partnerships with <https:\/\/twitter.com\/factomproject|@factomproject> + <https:\/\/twitter.com\/LivelyGig|@LivelyGig>. <http:\/\/bravenewcoin.com\/news\/synereo-beating-technical-issues\/> #bitcoin #startup",
                "service_name": "twitter",
                "service_url": "https:\/\/twitter.com\/",
                "id": 1
            }
        ],
        "type": "message",
        "subtype": "bot_message",
        "ts": "1431467528.000029"
    },
    {
        "bot_id": "B04FD5HLZ",
        "attachments": [
            {
                "fallback": "<https:\/\/twitter.com\/factomproject|@factomproject>: Congrats to <https:\/\/twitter.com\/Synereo|@Synereo> for the sale completion. <https:\/\/twitter.com\/factomproject|@factomproject> is looking forward to working together <http:\/\/bravenewcoin.com\/news\/synereo-beating-technical-issues\/> #fintech #bitcoin",
                "author_name": "Factom",
                "author_link": "https:\/\/twitter.com\/factomproject\/status\/598246473449496576",
                "author_icon": "https:\/\/pbs.twimg.com\/profile_images\/587656495535411200\/3Rn2DQw0_normal.png",
                "author_subname": "@factomproject",
                "pretext": "<https:\/\/twitter.com\/factomproject\/status\/598246473449496576>",
                "text": "Congrats to <https:\/\/twitter.com\/Synereo|@Synereo> for the sale completion. <https:\/\/twitter.com\/factomproject|@factomproject> is looking forward to working together <http:\/\/bravenewcoin.com\/news\/synereo-beating-technical-issues\/> #fintech #bitcoin",
                "service_name": "twitter",
                "service_url": "https:\/\/twitter.com\/",
                "id": 1
            }
        ],
        "type": "message",
        "subtype": "bot_message",
        "ts": "1431468048.000030"
    },
    {
        "bot_id": "B04FD5HLZ",
        "attachments": [
            {
                "fallback": "<https:\/\/twitter.com\/factomproject|@factomproject>: Congrats to <https:\/\/twitter.com\/Synereo|@Synereo> for the sale completion. <https:\/\/twitter.com\/factomproject|@factomproject> is looking forward to working together <http:\/\/bravenewcoin.com\/news\/synereo-beating-technical-issues\/> #fintech #bitcoin",
                "author_name": "Factom",
                "author_link": "https:\/\/twitter.com\/factomproject\/status\/598246473449496576",
                "author_icon": "https:\/\/pbs.twimg.com\/profile_images\/587656495535411200\/3Rn2DQw0_normal.png",
                "author_subname": "@factomproject",
                "pretext": "<https:\/\/twitter.com\/factomproject\/status\/598246473449496576>",
                "text": "Congrats to <https:\/\/twitter.com\/Synereo|@Synereo> for the sale completion. <https:\/\/twitter.com\/factomproject|@factomproject> is looking forward to working together <http:\/\/bravenewcoin.com\/news\/synereo-beating-technical-issues\/> #fintech #bitcoin",
                "service_name": "twitter",
                "service_url": "https:\/\/twitter.com\/",
                "id": 1,
                "footer": "Retweeted by <https:\/\/twitter.com\/Synereo\/status\/598246836315549696|@Synereo>"
            }
        ],
        "type": "message",
        "subtype": "bot_message",
        "ts": "1431468135.000031"
    },
    {
        "bot_id": "B04FD5HLZ",
        "attachments": [
            {
                "fallback": "<https:\/\/twitter.com\/jimscarver|@jimscarver>: <https:\/\/twitter.com\/Synereo|@Synereo> #socialmedia is comming <http:\/\/bravenewcoin.com\/news\/synereo-beating-technical-issues\/> <https:\/\/twitter.com\/provensecure|@provensecure> #freetrust #blockchain #privacy",
                "author_name": "jimscarver",
                "author_link": "https:\/\/twitter.com\/jimscarver\/status\/598256577272029185",
                "author_icon": "https:\/\/pbs.twimg.com\/profile_images\/595050198033895425\/NgPmOdj6_normal.png",
                "author_subname": "@jimscarver",
                "pretext": "<https:\/\/twitter.com\/jimscarver\/status\/598256577272029185>",
                "text": "<https:\/\/twitter.com\/Synereo|@Synereo> #socialmedia is comming <http:\/\/bravenewcoin.com\/news\/synereo-beating-technical-issues\/> <https:\/\/twitter.com\/provensecure|@provensecure> #freetrust #blockchain #privacy",
                "service_name": "twitter",
                "service_url": "https:\/\/twitter.com\/",
                "id": 1
            }
        ],
        "type": "message",
        "subtype": "bot_message",
        "ts": "1431470457.000032"
    }
]