[
    {
        "bot_id": "B04FD5HLZ",
        "attachments": [
            {
                "fallback": "<https:\/\/twitter.com\/Elokane|@Elokane>: <https:\/\/twitter.com\/bruno82ricardo|@bruno82ricardo> <https:\/\/twitter.com\/Synereo|@Synereo> Interesting. Thank you.",
                "author_name": "Dor Konforty",
                "author_link": "https:\/\/twitter.com\/Elokane\/status\/645863104379654145",
                "author_icon": "https:\/\/pbs.twimg.com\/profile_images\/372313688\/Red_Background_Cylon_Bust_Photo_normal.jpg",
                "author_subname": "@Elokane",
                "pretext": "<https:\/\/twitter.com\/Elokane\/status\/645863104379654145>",
                "text": "<https:\/\/twitter.com\/bruno82ricardo|@bruno82ricardo> <https:\/\/twitter.com\/Synereo|@Synereo> Interesting. Thank you.",
                "service_name": "twitter",
                "service_url": "https:\/\/twitter.com\/",
                "id": 1
            }
        ],
        "type": "message",
        "subtype": "bot_message",
        "ts": "1442820738.000010"
    },
    {
        "type": "message",
        "user": "U04A8095T",
        "text": "LivelyGig community hangout starting in a few minutes.  Participant link: <https:\/\/plus.google.com\/hangouts\/_\/hoaevent\/AP36tYdT9GKaigiw_H_1YQOXuogtIesQe0FElsl-Z4c23PAF3dTv9A>",
        "ts": "1442843842.000011"
    }
]