[
    {
        "user": "U06AAH8F3",
        "type": "message",
        "subtype": "channel_join",
        "text": "<@U06AAH8F3|eeik> has joined the channel",
        "ts": "1448010610.000022"
    },
    {
        "bot_id": "B04FD5HLZ",
        "attachments": [
            {
                "fallback": "<https:\/\/twitter.com\/traintamarien|@traintamarien>: <https:\/\/twitter.com\/Synereo|@Synereo> Where is your website? it seems that your domain name has crached. I hope your initiative is still on the run.",
                "author_name": "Xavier Sengelen",
                "author_link": "https:\/\/twitter.com\/traintamarien\/status\/667692838927339520",
                "author_icon": "https:\/\/pbs.twimg.com\/profile_images\/378800000595558190\/9a513c0f97e9c930ba211d2e005670e6_normal.jpeg",
                "author_subname": "@traintamarien",
                "pretext": "<https:\/\/twitter.com\/traintamarien\/status\/667692838927339520>",
                "text": "<https:\/\/twitter.com\/Synereo|@Synereo> Where is your website? it seems that your domain name has crached. I hope your initiative is still on the run.",
                "service_name": "twitter",
                "service_url": "https:\/\/twitter.com\/",
                "id": 1
            }
        ],
        "type": "message",
        "subtype": "bot_message",
        "ts": "1448025352.000023"
    },
    {
        "bot_id": "B04FD5HLZ",
        "attachments": [
            {
                "fallback": "<https:\/\/twitter.com\/Synereo|@Synereo>: <https:\/\/twitter.com\/traintamarien|@traintamarien> it was a DNS blip, should be solved now. Thanks for reaching out.",
                "author_name": "Synereo",
                "author_link": "https:\/\/twitter.com\/Synereo\/status\/667931124459552769",
                "author_icon": "https:\/\/pbs.twimg.com\/profile_images\/522790259789025280\/FKRuSK66_normal.png",
                "author_subname": "@Synereo",
                "pretext": "<https:\/\/twitter.com\/Synereo\/status\/667931124459552769>",
                "text": "<https:\/\/twitter.com\/traintamarien|@traintamarien> it was a DNS blip, should be solved now. Thanks for reaching out.",
                "service_name": "twitter",
                "service_url": "https:\/\/twitter.com\/",
                "id": 1
            }
        ],
        "type": "message",
        "subtype": "bot_message",
        "ts": "1448082164.000024"
    }
]