[
    {
        "bot_id": "B04FD5HLZ",
        "attachments": [
            {
                "fallback": "<https:\/\/twitter.com\/kor3shan|@kor3shan>: Good story here <https:\/\/twitter.com\/Synereo|@Synereo>  <https:\/\/twitter.com\/coinfeedio\/status\/607851569959313409>",
                "author_name": "Crypto_Singularity",
                "author_link": "https:\/\/twitter.com\/kor3shan\/status\/607893304508850176",
                "author_icon": "https:\/\/pbs.twimg.com\/profile_images\/569838558920577024\/VR3hCEYj_normal.jpeg",
                "author_subname": "@kor3shan",
                "pretext": "<https:\/\/twitter.com\/kor3shan\/status\/607893304508850176>",
                "text": "Good story here <https:\/\/twitter.com\/Synereo|@Synereo>  <https:\/\/twitter.com\/coinfeedio\/status\/607851569959313409>",
                "service_name": "twitter",
                "service_url": "https:\/\/twitter.com\/",
                "id": 1
            }
        ],
        "type": "message",
        "subtype": "bot_message",
        "ts": "1433768032.000031"
    }
]