[
    {
        "bot_id": "B04FD5HLZ",
        "attachments": [
            {
                "fallback": "<https:\/\/twitter.com\/jimscarver|@jimscarver>: #freetrust voluntary #trust on <https:\/\/twitter.com\/Synereo|@Synereo> will power #identifi and <https:\/\/twitter.com\/eris_ltd|@eris_ltd> by #privacy #altcoins  (#PRV) <https:\/\/twitter.com\/provensecure|@provensecure> #identity <https:\/\/twitter.com\/NSTICNPO|@NSTICNPO>",
                "author_name": "jimscarver",
                "author_link": "https:\/\/twitter.com\/jimscarver\/status\/600341488967524352",
                "author_icon": "https:\/\/pbs.twimg.com\/profile_images\/595050198033895425\/NgPmOdj6_normal.png",
                "author_subname": "@jimscarver",
                "pretext": "<https:\/\/twitter.com\/jimscarver\/status\/600341488967524352>",
                "text": "#freetrust voluntary #trust on <https:\/\/twitter.com\/Synereo|@Synereo> will power #identifi and <https:\/\/twitter.com\/eris_ltd|@eris_ltd> by #privacy #altcoins  (#PRV) <https:\/\/twitter.com\/provensecure|@provensecure> #identity <https:\/\/twitter.com\/NSTICNPO|@NSTICNPO>",
                "service_name": "twitter",
                "service_url": "https:\/\/twitter.com\/",
                "id": 1
            }
        ],
        "type": "message",
        "subtype": "bot_message",
        "ts": "1431967541.000050"
    },
    {
        "bot_id": "B04FD5HLZ",
        "attachments": [
            {
                "fallback": "<https:\/\/twitter.com\/jimscarver|@jimscarver>: <https:\/\/twitter.com\/bruno82ricardo|@bruno82ricardo> #freetrust can empower collaborative #microfinace on <https:\/\/twitter.com\/Synereo|@Synereo> with <https:\/\/twitter.com\/eris_ltd|@eris_ltd> <https:\/\/twitter.com\/provensecure|@provensecure> <http:\/\/nextbillion.net\/m\/bp.aspx?b=1739>",
                "author_name": "jimscarver",
                "author_link": "https:\/\/twitter.com\/jimscarver\/status\/600352320728256512",
                "author_icon": "https:\/\/pbs.twimg.com\/profile_images\/595050198033895425\/NgPmOdj6_normal.png",
                "author_subname": "@jimscarver",
                "pretext": "<https:\/\/twitter.com\/jimscarver\/status\/600352320728256512>",
                "text": "<https:\/\/twitter.com\/bruno82ricardo|@bruno82ricardo> #freetrust can empower collaborative #microfinace on <https:\/\/twitter.com\/Synereo|@Synereo> with <https:\/\/twitter.com\/eris_ltd|@eris_ltd> <https:\/\/twitter.com\/provensecure|@provensecure> <http:\/\/nextbillion.net\/m\/bp.aspx?b=1739>",
                "service_name": "twitter",
                "service_url": "https:\/\/twitter.com\/",
                "id": 1
            }
        ],
        "type": "message",
        "subtype": "bot_message",
        "ts": "1431970121.000051"
    },
    {
        "bot_id": "B04FD5HLZ",
        "attachments": [
            {
                "fallback": "<https:\/\/twitter.com\/jimscarver|@jimscarver>: Offer #freetrust bounties to get #privacy #altcoins (#PRV) empowering #Identifi #identity and <https:\/\/twitter.com\/eris_ltd|@eris_ltd> #blockchain 2.0 on <https:\/\/twitter.com\/Synereo|@Synereo>",
                "author_name": "jimscarver",
                "author_link": "https:\/\/twitter.com\/jimscarver\/status\/600353917365559296",
                "author_icon": "https:\/\/pbs.twimg.com\/profile_images\/595050198033895425\/NgPmOdj6_normal.png",
                "author_subname": "@jimscarver",
                "pretext": "<https:\/\/twitter.com\/jimscarver\/status\/600353917365559296>",
                "text": "Offer #freetrust bounties to get #privacy #altcoins (#PRV) empowering #Identifi #identity and <https:\/\/twitter.com\/eris_ltd|@eris_ltd> #blockchain 2.0 on <https:\/\/twitter.com\/Synereo|@Synereo>",
                "service_name": "twitter",
                "service_url": "https:\/\/twitter.com\/",
                "id": 1
            }
        ],
        "type": "message",
        "subtype": "bot_message",
        "ts": "1431970504.000052"
    },
    {
        "bot_id": "B04FD5HLZ",
        "attachments": [
            {
                "fallback": "<https:\/\/twitter.com\/jimscarver|@jimscarver>: <http:\/\/FreeTrust.org> - Trust wants to be free! #privacy #Identity #security on <https:\/\/twitter.com\/Synereo|@Synereo> <https:\/\/twitter.com\/eris_ltd|@eris_ltd> #Identifi <https:\/\/twitter.com\/provensecure|@provensecure> <https:\/\/twitter.com\/NSTICNPO|@NSTICNPO>",
                "author_name": "jimscarver",
                "author_link": "https:\/\/twitter.com\/jimscarver\/status\/600435669400453120",
                "author_icon": "https:\/\/pbs.twimg.com\/profile_images\/595050198033895425\/NgPmOdj6_normal.png",
                "author_subname": "@jimscarver",
                "pretext": "<https:\/\/twitter.com\/jimscarver\/status\/600435669400453120>",
                "text": "<http:\/\/FreeTrust.org> - Trust wants to be free! #privacy #Identity #security on <https:\/\/twitter.com\/Synereo|@Synereo> <https:\/\/twitter.com\/eris_ltd|@eris_ltd> #Identifi <https:\/\/twitter.com\/provensecure|@provensecure> <https:\/\/twitter.com\/NSTICNPO|@NSTICNPO>",
                "service_name": "twitter",
                "service_url": "https:\/\/twitter.com\/",
                "id": 1
            }
        ],
        "type": "message",
        "subtype": "bot_message",
        "ts": "1431989993.000053"
    }
]