[
    {
        "bot_id": "B04FD5HLZ",
        "attachments": [
            {
                "fallback": "<https:\/\/twitter.com\/eldelacajita|@eldelacajita>: <https:\/\/twitter.com\/skotperez|@skotperez> <https:\/\/twitter.com\/urbanohumano|@urbanohumano> A m\u00ed me est\u00e1 pareciendo una versi\u00f3n descafeinada-despolitizada de <https:\/\/twitter.com\/Synereo|@Synereo> y la \"econom\u00eda de la atenci\u00f3n\"",
                "author_name": "Jorge Toledo",
                "author_link": "https:\/\/twitter.com\/eldelacajita\/status\/612949942001381376",
                "author_icon": "https:\/\/pbs.twimg.com\/profile_images\/524989339986448385\/jLvc6Wcf_normal.jpeg",
                "author_subname": "@eldelacajita",
                "pretext": "<https:\/\/twitter.com\/eldelacajita\/status\/612949942001381376>",
                "text": "<https:\/\/twitter.com\/skotperez|@skotperez> <https:\/\/twitter.com\/urbanohumano|@urbanohumano> A m\u00ed me est\u00e1 pareciendo una versi\u00f3n descafeinada-despolitizada de <https:\/\/twitter.com\/Synereo|@Synereo> y la \"econom\u00eda de la atenci\u00f3n\"",
                "service_name": "twitter",
                "service_url": "https:\/\/twitter.com\/",
                "id": 1
            }
        ],
        "type": "message",
        "subtype": "bot_message",
        "ts": "1434973629.000050"
    },
    {
        "bot_id": "B04FD5HLZ",
        "attachments": [
            {
                "fallback": "<https:\/\/twitter.com\/skotperez|@skotperez>: <https:\/\/twitter.com\/eldelacajita|@eldelacajita> <https:\/\/twitter.com\/urbanohumano|@urbanohumano> s\u00ed, al contrario que <https:\/\/twitter.com\/Synereo|@Synereo> no tiene un funcionamiento distribuido",
                "author_name": "Alfonso S. Uz\u00e1bal",
                "author_link": "https:\/\/twitter.com\/skotperez\/status\/612954316924657664",
                "author_icon": "https:\/\/pbs.twimg.com\/profile_images\/585107108\/080729-skotperez_normal.jpg",
                "author_subname": "@skotperez",
                "pretext": "<https:\/\/twitter.com\/skotperez\/status\/612954316924657664>",
                "text": "<https:\/\/twitter.com\/eldelacajita|@eldelacajita> <https:\/\/twitter.com\/urbanohumano|@urbanohumano> s\u00ed, al contrario que <https:\/\/twitter.com\/Synereo|@Synereo> no tiene un funcionamiento distribuido",
                "service_name": "twitter",
                "service_url": "https:\/\/twitter.com\/",
                "id": 1
            }
        ],
        "type": "message",
        "subtype": "bot_message",
        "ts": "1434974672.000051"
    }
]