[
    {
        "bot_id": "B04FD5HLZ",
        "attachments": [
            {
                "fallback": "<https:\/\/twitter.com\/FreeTrustOrg|@FreeTrustOrg>: <https:\/\/twitter.com\/Synereo|@Synereo> is the new #bio #future of the #blockchain <https:\/\/twitter.com\/provensecure|@provensecure> <https:\/\/youtu.be\/vYYIrf0iMbg> <https:\/\/twitter.com\/mbuliga|@mbuliga> <https:\/\/twitter.com\/eris_ltd|@eris_ltd> <https:\/\/twitter.com\/blockstarsio|@blockstarsio> <https:\/\/twitter.com\/timpastoor|@timpastoor>",
                "author_name": "FreeTrust",
                "author_link": "https:\/\/twitter.com\/FreeTrustOrg\/status\/621625883749650432",
                "author_icon": "https:\/\/pbs.twimg.com\/profile_images\/606532062502391808\/mEJmLI_G_normal.png",
                "author_subname": "@FreeTrustOrg",
                "pretext": "<https:\/\/twitter.com\/FreeTrustOrg\/status\/621625883749650432>",
                "text": "<https:\/\/twitter.com\/Synereo|@Synereo> is the new #bio #future of the #blockchain <https:\/\/twitter.com\/provensecure|@provensecure> <https:\/\/youtu.be\/vYYIrf0iMbg> <https:\/\/twitter.com\/mbuliga|@mbuliga> <https:\/\/twitter.com\/eris_ltd|@eris_ltd> <https:\/\/twitter.com\/blockstarsio|@blockstarsio> <https:\/\/twitter.com\/timpastoor|@timpastoor>",
                "service_name": "twitter",
                "service_url": "https:\/\/twitter.com\/",
                "id": 1
            }
        ],
        "type": "message",
        "subtype": "bot_message",
        "ts": "1437042134.000094"
    },
    {
        "bot_id": "B04FD5HLZ",
        "attachments": [
            {
                "fallback": "<https:\/\/twitter.com\/Elokane|@Elokane>: <https:\/\/twitter.com\/Innerviews|@Innerviews> Check out <https:\/\/twitter.com\/Synereo|@Synereo>. It offers a completely decentralized content delivery network.",
                "author_name": "Dor Konforty",
                "author_link": "https:\/\/twitter.com\/Elokane\/status\/621717820334714880",
                "author_icon": "https:\/\/pbs.twimg.com\/profile_images\/372313688\/Red_Background_Cylon_Bust_Photo_normal.jpg",
                "author_subname": "@Elokane",
                "pretext": "<https:\/\/twitter.com\/Elokane\/status\/621717820334714880>",
                "text": "<https:\/\/twitter.com\/Innerviews|@Innerviews> Check out <https:\/\/twitter.com\/Synereo|@Synereo>. It offers a completely decentralized content delivery network.",
                "service_name": "twitter",
                "service_url": "https:\/\/twitter.com\/",
                "id": 1
            }
        ],
        "type": "message",
        "subtype": "bot_message",
        "ts": "1437064054.000095"
    },
    {
        "bot_id": "B04FD5HLZ",
        "attachments": [
            {
                "fallback": "<https:\/\/twitter.com\/allenscottCT|@allenscottCT>: <https:\/\/twitter.com\/SusanneOnline|@SusanneOnline> <https:\/\/twitter.com\/BTCsx|@BTCsx> <https:\/\/twitter.com\/TweetJoeLee|@TweetJoeLee> <https:\/\/twitter.com\/SimonDixonTwitt|@SimonDixonTwitt> <https:\/\/twitter.com\/Synereo|@Synereo> <https:\/\/twitter.com\/Elokane|@Elokane> <https:\/\/twitter.com\/CoinTelegraph\/status\/621751922534580224>",
                "author_name": "allenscott",
                "author_link": "https:\/\/twitter.com\/allenscottCT\/status\/621752977213272064",
                "author_icon": "https:\/\/pbs.twimg.com\/profile_images\/466576925020794880\/JWBBlyoe_normal.png",
                "author_subname": "@allenscottCT",
                "pretext": "<https:\/\/twitter.com\/allenscottCT\/status\/621752977213272064>",
                "text": "<https:\/\/twitter.com\/SusanneOnline|@SusanneOnline> <https:\/\/twitter.com\/BTCsx|@BTCsx> <https:\/\/twitter.com\/TweetJoeLee|@TweetJoeLee> <https:\/\/twitter.com\/SimonDixonTwitt|@SimonDixonTwitt> <https:\/\/twitter.com\/Synereo|@Synereo> <https:\/\/twitter.com\/Elokane|@Elokane> <https:\/\/twitter.com\/CoinTelegraph\/status\/621751922534580224>",
                "service_name": "twitter",
                "service_url": "https:\/\/twitter.com\/",
                "id": 1
            }
        ],
        "type": "message",
        "subtype": "bot_message",
        "ts": "1437072436.000096"
    }
]