[
    {
        "bot_id": "B04FD5HLZ",
        "attachments": [
            {
                "fallback": "<https:\/\/twitter.com\/FreeTrustOrg|@FreeTrustOrg>: There is no freedom without freedom to not trust. Be the solution <http:\/\/FreeTrust.org> building on <https:\/\/twitter.com\/Synereo|@Synereo>  and <https:\/\/twitter.com\/eris_ltd|@eris_ltd> <https:\/\/twitter.com\/provensecure|@provensecure>",
                "author_name": "FreeTrust",
                "author_link": "https:\/\/twitter.com\/FreeTrustOrg\/status\/609119270597988352",
                "author_icon": "https:\/\/pbs.twimg.com\/profile_images\/606532062502391808\/mEJmLI_G_normal.png",
                "author_subname": "@FreeTrustOrg",
                "pretext": "<https:\/\/twitter.com\/FreeTrustOrg\/status\/609119270597988352>",
                "text": "There is no freedom without freedom to not trust. Be the solution <http:\/\/FreeTrust.org> building on <https:\/\/twitter.com\/Synereo|@Synereo>  and <https:\/\/twitter.com\/eris_ltd|@eris_ltd> <https:\/\/twitter.com\/provensecure|@provensecure>",
                "service_name": "twitter",
                "service_url": "https:\/\/twitter.com\/",
                "id": 1
            }
        ],
        "type": "message",
        "subtype": "bot_message",
        "ts": "1434060325.000034"
    },
    {
        "user": "U04A8095T",
        "type": "message",
        "subtype": "channel_join",
        "text": "<@U04A8095T|ed.eykholt> has joined the channel",
        "ts": "1434071104.000035"
    }
]