[
    {
        "bot_id": "B04FD5HLZ",
        "attachments": [
            {
                "fallback": "<https:\/\/twitter.com\/bitofpotential|@bitofpotential>: <https:\/\/twitter.com\/Synereo|@Synereo> still haven't got my AMPs from the crowd sale. Can someone please DM me. Thanks",
                "author_name": "Ed",
                "author_link": "https:\/\/twitter.com\/bitofpotential\/status\/598796245478563840",
                "author_icon": "https:\/\/pbs.twimg.com\/profile_images\/559535115874078720\/7tXxRm0S_normal.jpeg",
                "author_subname": "@bitofpotential",
                "pretext": "<https:\/\/twitter.com\/bitofpotential\/status\/598796245478563840>",
                "text": "<https:\/\/twitter.com\/Synereo|@Synereo> still haven't got my AMPs from the crowd sale. Can someone please DM me. Thanks",
                "service_name": "twitter",
                "service_url": "https:\/\/twitter.com\/",
                "id": 1
            }
        ],
        "type": "message",
        "subtype": "bot_message",
        "ts": "1431599124.000036"
    },
    {
        "bot_id": "B04FD5HLZ",
        "attachments": [
            {
                "fallback": "<https:\/\/twitter.com\/Synereo|@Synereo>: <https:\/\/twitter.com\/bitofpotential|@bitofpotential> please send us an email at <mailto:hello@synereo.com|hello@synereo.com> so we can address your issue. Thank you for reaching out.",
                "author_name": "Synereo",
                "author_link": "https:\/\/twitter.com\/Synereo\/status\/598840707101675520",
                "author_icon": "https:\/\/pbs.twimg.com\/profile_images\/522790259789025280\/FKRuSK66_normal.png",
                "author_subname": "@Synereo",
                "pretext": "<https:\/\/twitter.com\/Synereo\/status\/598840707101675520>",
                "text": "<https:\/\/twitter.com\/bitofpotential|@bitofpotential> please send us an email at <mailto:hello@synereo.com|hello@synereo.com> so we can address your issue. Thank you for reaching out.",
                "service_name": "twitter",
                "service_url": "https:\/\/twitter.com\/",
                "id": 1
            }
        ],
        "type": "message",
        "subtype": "bot_message",
        "ts": "1431609725.000037"
    },
    {
        "bot_id": "B04FD5HLZ",
        "attachments": [
            {
                "fallback": "<https:\/\/twitter.com\/jimscarver|@jimscarver>: The formal pi-calculus of <https:\/\/twitter.com\/Synereo|@Synereo> communicating processes will make #privacy on #freetrust provable. #blockchain #identity <https:\/\/twitter.com\/provensecure|@provensecure>",
                "author_name": "jimscarver",
                "author_link": "https:\/\/twitter.com\/jimscarver\/status\/598849743071092736",
                "author_icon": "https:\/\/pbs.twimg.com\/profile_images\/595050198033895425\/NgPmOdj6_normal.png",
                "author_subname": "@jimscarver",
                "pretext": "<https:\/\/twitter.com\/jimscarver\/status\/598849743071092736>",
                "text": "The formal pi-calculus of <https:\/\/twitter.com\/Synereo|@Synereo> communicating processes will make #privacy on #freetrust provable. #blockchain #identity <https:\/\/twitter.com\/provensecure|@provensecure>",
                "service_name": "twitter",
                "service_url": "https:\/\/twitter.com\/",
                "id": 1
            }
        ],
        "type": "message",
        "subtype": "bot_message",
        "ts": "1431611879.000038"
    },
    {
        "bot_id": "B04FD5HLZ",
        "attachments": [
            {
                "fallback": "<https:\/\/twitter.com\/kor3shan|@kor3shan>: Have you investigated <https:\/\/twitter.com\/Synereo|@Synereo> ... Own yourself :) <https:\/\/twitter.com\/rolereboot\/status\/598846118806487041>",
                "author_name": "Crypto_Singularity",
                "author_link": "https:\/\/twitter.com\/kor3shan\/status\/598851504599134208",
                "author_icon": "https:\/\/pbs.twimg.com\/profile_images\/569838558920577024\/VR3hCEYj_normal.jpeg",
                "author_subname": "@kor3shan",
                "pretext": "<https:\/\/twitter.com\/kor3shan\/status\/598851504599134208>",
                "text": "Have you investigated <https:\/\/twitter.com\/Synereo|@Synereo> ... Own yourself :) <https:\/\/twitter.com\/rolereboot\/status\/598846118806487041>",
                "service_name": "twitter",
                "service_url": "https:\/\/twitter.com\/",
                "id": 1
            }
        ],
        "type": "message",
        "subtype": "bot_message",
        "ts": "1431612299.000039"
    },
    {
        "bot_id": "B04FD5HLZ",
        "attachments": [
            {
                "fallback": "<https:\/\/twitter.com\/BurntEloi|@BurntEloi>: <https:\/\/twitter.com\/Synereo|@Synereo> #masterexchange  BACK ONLINE -  deposits working.",
                "author_name": "BurntEloi",
                "author_link": "https:\/\/twitter.com\/BurntEloi\/status\/598871273306005504",
                "author_icon": "https:\/\/pbs.twimg.com\/profile_images\/596999903978639361\/WlSYTCqK_normal.png",
                "author_subname": "@BurntEloi",
                "pretext": "<https:\/\/twitter.com\/BurntEloi\/status\/598871273306005504>",
                "text": "<https:\/\/twitter.com\/Synereo|@Synereo> #masterexchange  BACK ONLINE -  deposits working.",
                "service_name": "twitter",
                "service_url": "https:\/\/twitter.com\/",
                "id": 1
            }
        ],
        "type": "message",
        "subtype": "bot_message",
        "ts": "1431617012.000040"
    },
    {
        "bot_id": "B04FD5HLZ",
        "attachments": [
            {
                "fallback": "<https:\/\/twitter.com\/jimscarver|@jimscarver>: #freetrust, an environment empowering human #trust in #cyberspace and beyond on <https:\/\/twitter.com\/Synereo|@Synereo> and #blockchain <https:\/\/twitter.com\/eris_ltd|@eris_ltd> <http:\/\/FreeTrust.org>",
                "author_name": "jimscarver",
                "author_link": "https:\/\/twitter.com\/jimscarver\/status\/598899321854173185",
                "author_icon": "https:\/\/pbs.twimg.com\/profile_images\/595050198033895425\/NgPmOdj6_normal.png",
                "author_subname": "@jimscarver",
                "pretext": "<https:\/\/twitter.com\/jimscarver\/status\/598899321854173185>",
                "text": "#freetrust, an environment empowering human #trust in #cyberspace and beyond on <https:\/\/twitter.com\/Synereo|@Synereo> and #blockchain <https:\/\/twitter.com\/eris_ltd|@eris_ltd> <http:\/\/FreeTrust.org>",
                "service_name": "twitter",
                "service_url": "https:\/\/twitter.com\/",
                "id": 1
            }
        ],
        "type": "message",
        "subtype": "bot_message",
        "ts": "1431623700.000041"
    },
    {
        "bot_id": "B04FD5HLZ",
        "attachments": [
            {
                "fallback": "<https:\/\/twitter.com\/Synereo|@Synereo>: <https:\/\/twitter.com\/BurntEloi|@BurntEloi> thanks for letting us know, we are in touch with them, awaiting for a reply on our queries.",
                "author_name": "Synereo",
                "author_link": "https:\/\/twitter.com\/Synereo\/status\/598929333340786689",
                "author_icon": "https:\/\/pbs.twimg.com\/profile_images\/522790259789025280\/FKRuSK66_normal.png",
                "author_subname": "@Synereo",
                "pretext": "<https:\/\/twitter.com\/Synereo\/status\/598929333340786689>",
                "text": "<https:\/\/twitter.com\/BurntEloi|@BurntEloi> thanks for letting us know, we are in touch with them, awaiting for a reply on our queries.",
                "service_name": "twitter",
                "service_url": "https:\/\/twitter.com\/",
                "id": 1
            }
        ],
        "type": "message",
        "subtype": "bot_message",
        "ts": "1431630856.000042"
    }
]