[
    {
        "bot_id": "B04FD5HLZ",
        "attachments": [
            {
                "fallback": "<https:\/\/twitter.com\/Synereo|@Synereo>: Join the <https:\/\/twitter.com\/Synereo|@Synereo> Community Hangout  TODAY at 7PM UTC for the latest news and updates from the team <https:\/\/plus.google.com\/u\/0\/b\/109002904706315055045\/events\/ctd4vqvk2uq442o5i7npnfge3o8> #bitcoin #social",
                "author_name": "Synereo",
                "author_link": "https:\/\/twitter.com\/Synereo\/status\/616197202273304576",
                "author_icon": "https:\/\/pbs.twimg.com\/profile_images\/522790259789025280\/FKRuSK66_normal.png",
                "author_subname": "@Synereo",
                "pretext": "<https:\/\/twitter.com\/Synereo\/status\/616197202273304576>",
                "text": "Join the <https:\/\/twitter.com\/Synereo|@Synereo> Community Hangout  TODAY at 7PM UTC for the latest news and updates from the team <https:\/\/plus.google.com\/u\/0\/b\/109002904706315055045\/events\/ctd4vqvk2uq442o5i7npnfge3o8> #bitcoin #social",
                "service_name": "twitter",
                "service_url": "https:\/\/twitter.com\/",
                "id": 1
            }
        ],
        "type": "message",
        "subtype": "bot_message",
        "ts": "1435747836.000076"
    },
    {
        "bot_id": "B04FD5HLZ",
        "attachments": [
            {
                "fallback": "<https:\/\/twitter.com\/FreeTrustOrg|@FreeTrustOrg>: FreeTrust is a marriage of #semanticweb. <https:\/\/twitter.com\/eris_ltd|@eris_ltd> #Blockchain providence, <https:\/\/twitter.com\/Synereo|@Synereo> social contracts and #identity ecosystem <https:\/\/twitter.com\/provensecure|@provensecure>",
                "author_name": "FreeTrust",
                "author_link": "https:\/\/twitter.com\/FreeTrustOrg\/status\/616281598414192640",
                "author_icon": "https:\/\/pbs.twimg.com\/profile_images\/606532062502391808\/mEJmLI_G_normal.png",
                "author_subname": "@FreeTrustOrg",
                "pretext": "<https:\/\/twitter.com\/FreeTrustOrg\/status\/616281598414192640>",
                "text": "FreeTrust is a marriage of #semanticweb. <https:\/\/twitter.com\/eris_ltd|@eris_ltd> #Blockchain providence, <https:\/\/twitter.com\/Synereo|@Synereo> social contracts and #identity ecosystem <https:\/\/twitter.com\/provensecure|@provensecure>",
                "service_name": "twitter",
                "service_url": "https:\/\/twitter.com\/",
                "id": 1
            }
        ],
        "type": "message",
        "subtype": "bot_message",
        "ts": "1435767957.000077"
    },
    {
        "bot_id": "B04FD5HLZ",
        "attachments": [
            {
                "fallback": "<https:\/\/twitter.com\/Synereo|@Synereo>: The <https:\/\/twitter.com\/Synereo|@Synereo> Community Hangout is LIVE RIGHT NOW join for the latest news and updates from the team <https:\/\/plus.google.com\/u\/0\/b\/109002904706315055045\/events\/ctd4vqvk2uq442o5i7npnfge3o8> #bitcoin #social",
                "author_name": "Synereo",
                "author_link": "https:\/\/twitter.com\/Synereo\/status\/616306538534154241",
                "author_icon": "https:\/\/pbs.twimg.com\/profile_images\/522790259789025280\/FKRuSK66_normal.png",
                "author_subname": "@Synereo",
                "pretext": "<https:\/\/twitter.com\/Synereo\/status\/616306538534154241>",
                "text": "The <https:\/\/twitter.com\/Synereo|@Synereo> Community Hangout is LIVE RIGHT NOW join for the latest news and updates from the team <https:\/\/plus.google.com\/u\/0\/b\/109002904706315055045\/events\/ctd4vqvk2uq442o5i7npnfge3o8> #bitcoin #social",
                "service_name": "twitter",
                "service_url": "https:\/\/twitter.com\/",
                "id": 1
            }
        ],
        "type": "message",
        "subtype": "bot_message",
        "ts": "1435773904.000078"
    }
]