[
    {
        "bot_id": "B04FD5HLZ",
        "attachments": [
            {
                "fallback": "<https:\/\/twitter.com\/Elokane|@Elokane>: <https:\/\/twitter.com\/KimDotcom|@KimDotcom> MegaNet already exists. Talk to me. <https:\/\/twitter.com\/Synereo|@Synereo> <http:\/\/www.synereo.com\/>",
                "author_name": "Dor Konforty",
                "author_link": "https:\/\/twitter.com\/Elokane\/status\/610749778192773120",
                "author_icon": "https:\/\/pbs.twimg.com\/profile_images\/372313688\/Red_Background_Cylon_Bust_Photo_normal.jpg",
                "author_subname": "@Elokane",
                "pretext": "<https:\/\/twitter.com\/Elokane\/status\/610749778192773120>",
                "text": "<https:\/\/twitter.com\/KimDotcom|@KimDotcom> MegaNet already exists. Talk to me. <https:\/\/twitter.com\/Synereo|@Synereo> <http:\/\/www.synereo.com\/>",
                "service_name": "twitter",
                "service_url": "https:\/\/twitter.com\/",
                "id": 1
            }
        ],
        "type": "message",
        "subtype": "bot_message",
        "ts": "1434449069.000039"
    },
    {
        "bot_id": "B04FD5HLZ",
        "attachments": [
            {
                "fallback": "<https:\/\/twitter.com\/JonastheBTM|@JonastheBTM>: Somebody's paying attention to <https:\/\/twitter.com\/Synereo|@Synereo>'s work... a little decentralized social network competition is healthy <https:\/\/twitter.com\/ErikVoorhees\/status\/610863615097315328>",
                "author_name": "Jonas The BTM",
                "author_link": "https:\/\/twitter.com\/JonastheBTM\/status\/610965208648036352",
                "author_icon": "https:\/\/pbs.twimg.com\/profile_images\/539972225013522432\/lh0c30KJ_normal.jpeg",
                "author_subname": "@JonastheBTM",
                "pretext": "<https:\/\/twitter.com\/JonastheBTM\/status\/610965208648036352>",
                "text": "Somebody's paying attention to <https:\/\/twitter.com\/Synereo|@Synereo>'s work... a little decentralized social network competition is healthy <https:\/\/twitter.com\/ErikVoorhees\/status\/610863615097315328>",
                "service_name": "twitter",
                "service_url": "https:\/\/twitter.com\/",
                "id": 1
            }
        ],
        "type": "message",
        "subtype": "bot_message",
        "ts": "1434500431.000040"
    },
    {
        "bot_id": "B04FD5HLZ",
        "attachments": [
            {
                "fallback": "<https:\/\/twitter.com\/MickaelSalabi|@MickaelSalabi>: <https:\/\/twitter.com\/Synereo|@Synereo> why is last blog post from May 10? 30 Nxt #wetiptap",
                "author_name": "Mickael",
                "author_link": "https:\/\/twitter.com\/MickaelSalabi\/status\/610981165776941056",
                "author_icon": "https:\/\/pbs.twimg.com\/profile_images\/378800000117028732\/d3026e2b340eb77037121712683d4095_normal.jpeg",
                "author_subname": "@MickaelSalabi",
                "pretext": "<https:\/\/twitter.com\/MickaelSalabi\/status\/610981165776941056>",
                "text": "<https:\/\/twitter.com\/Synereo|@Synereo> why is last blog post from May 10? 30 Nxt #wetiptap",
                "service_name": "twitter",
                "service_url": "https:\/\/twitter.com\/",
                "id": 1
            }
        ],
        "type": "message",
        "subtype": "bot_message",
        "ts": "1434504236.000041"
    },
    {
        "bot_id": "B04FD5HLZ",
        "attachments": [
            {
                "fallback": "<https:\/\/twitter.com\/wetiptap|@wetiptap>: <https:\/\/twitter.com\/MickaelSalabi|@MickaelSalabi> hey <https:\/\/twitter.com\/Synereo|@Synereo> click here to claim your $0.36 (30.00 Nxt): <http:\/\/www.wetiptap.com\/home\/claim?id=159&amp;code=ALmDoOMWpD>",
                "author_name": "We TipTap",
                "author_link": "https:\/\/twitter.com\/wetiptap\/status\/610981311440793600",
                "author_icon": "https:\/\/pbs.twimg.com\/profile_images\/605846647470321666\/2HXwwhx-_normal.png",
                "author_subname": "@wetiptap",
                "pretext": "<https:\/\/twitter.com\/wetiptap\/status\/610981311440793600>",
                "text": "<https:\/\/twitter.com\/MickaelSalabi|@MickaelSalabi> hey <https:\/\/twitter.com\/Synereo|@Synereo> click here to claim your $0.36 (30.00 Nxt): <http:\/\/www.wetiptap.com\/home\/claim?id=159&amp;code=ALmDoOMWpD>",
                "service_name": "twitter",
                "service_url": "https:\/\/twitter.com\/",
                "id": 1
            }
        ],
        "type": "message",
        "subtype": "bot_message",
        "ts": "1434504270.000042"
    }
]