[
    {
        "bot_id": "B04FD5HLZ",
        "attachments": [
            {
                "fallback": "<https:\/\/twitter.com\/Wally_WST|@Wally_WST>: A new social beat that just got amplified privately. <https:\/\/twitter.com\/Synereo|@Synereo> #SynereoSlogan",
                "author_name": "Notebookje",
                "author_link": "https:\/\/twitter.com\/Wally_WST\/status\/589728173371183104",
                "author_icon": "https:\/\/abs.twimg.com\/sticky\/default_profile_images\/default_profile_3_normal.png",
                "author_subname": "@Wally_WST",
                "pretext": "<https:\/\/twitter.com\/Wally_WST\/status\/589728173371183104>",
                "text": "A new social beat that just got amplified privately. <https:\/\/twitter.com\/Synereo|@Synereo> #SynereoSlogan",
                "service_name": "twitter",
                "service_url": "https:\/\/twitter.com\/",
                "id": 1
            }
        ],
        "type": "message",
        "subtype": "bot_message",
        "ts": "1429437127.000060"
    },
    {
        "bot_id": "B04FD5HLZ",
        "attachments": [
            {
                "fallback": "<https:\/\/twitter.com\/Theo_Bliss|@Theo_Bliss>: Worry about privacy ? Use <https:\/\/twitter.com\/Synereo|@Synereo>. #SynereoSlogan",
                "author_name": "Theo \u0e3fliss",
                "author_link": "https:\/\/twitter.com\/Theo_Bliss\/status\/589728263540355072",
                "author_icon": "https:\/\/pbs.twimg.com\/profile_images\/568636654286434304\/zjQP0Xn0_normal.jpeg",
                "author_subname": "@Theo_Bliss",
                "pretext": "<https:\/\/twitter.com\/Theo_Bliss\/status\/589728263540355072>",
                "text": "Worry about privacy ? Use <https:\/\/twitter.com\/Synereo|@Synereo>. #SynereoSlogan",
                "service_name": "twitter",
                "service_url": "https:\/\/twitter.com\/",
                "id": 1
            }
        ],
        "type": "message",
        "subtype": "bot_message",
        "ts": "1429437149.000061"
    },
    {
        "bot_id": "B04FD5HLZ",
        "attachments": [
            {
                "fallback": "<https:\/\/twitter.com\/Wally_WST|@Wally_WST>: I just got AMPed <https:\/\/twitter.com\/Synereo|@Synereo> #SynereoKu",
                "author_name": "Notebookje",
                "author_link": "https:\/\/twitter.com\/Wally_WST\/status\/589728312626286593",
                "author_icon": "https:\/\/abs.twimg.com\/sticky\/default_profile_images\/default_profile_3_normal.png",
                "author_subname": "@Wally_WST",
                "pretext": "<https:\/\/twitter.com\/Wally_WST\/status\/589728312626286593>",
                "text": "I just got AMPed <https:\/\/twitter.com\/Synereo|@Synereo> #SynereoKu",
                "service_name": "twitter",
                "service_url": "https:\/\/twitter.com\/",
                "id": 1
            }
        ],
        "type": "message",
        "subtype": "bot_message",
        "ts": "1429437161.000062"
    },
    {
        "bot_id": "B04FD5HLZ",
        "attachments": [
            {
                "fallback": "<https:\/\/twitter.com\/Wally_WST|@Wally_WST>: Time to step out of the social box that's locked and owned by others. Privacy is yours again. <https:\/\/twitter.com\/Synereo|@Synereo> #SynereoSlogan",
                "author_name": "Notebookje",
                "author_link": "https:\/\/twitter.com\/Wally_WST\/status\/589728527831859201",
                "author_icon": "https:\/\/abs.twimg.com\/sticky\/default_profile_images\/default_profile_3_normal.png",
                "author_subname": "@Wally_WST",
                "pretext": "<https:\/\/twitter.com\/Wally_WST\/status\/589728527831859201>",
                "text": "Time to step out of the social box that's locked and owned by others. Privacy is yours again. <https:\/\/twitter.com\/Synereo|@Synereo> #SynereoSlogan",
                "service_name": "twitter",
                "service_url": "https:\/\/twitter.com\/",
                "id": 1
            }
        ],
        "type": "message",
        "subtype": "bot_message",
        "ts": "1429437212.000063"
    },
    {
        "bot_id": "B04FD5HLZ",
        "attachments": [
            {
                "fallback": "<https:\/\/twitter.com\/Wally_WST|@Wally_WST>: Do you still remember how it felt when you didn't have to worry about your privacy? What's private is yours again. <https:\/\/twitter.com\/Synereo|@Synereo> #SynereoSlogan",
                "author_name": "Notebookje",
                "author_link": "https:\/\/twitter.com\/Wally_WST\/status\/589728741275799552",
                "author_icon": "https:\/\/abs.twimg.com\/sticky\/default_profile_images\/default_profile_3_normal.png",
                "author_subname": "@Wally_WST",
                "pretext": "<https:\/\/twitter.com\/Wally_WST\/status\/589728741275799552>",
                "text": "Do you still remember how it felt when you didn't have to worry about your privacy? What's private is yours again. <https:\/\/twitter.com\/Synereo|@Synereo> #SynereoSlogan",
                "service_name": "twitter",
                "service_url": "https:\/\/twitter.com\/",
                "id": 1
            }
        ],
        "type": "message",
        "subtype": "bot_message",
        "ts": "1429437263.000064"
    },
    {
        "bot_id": "B04FD5HLZ",
        "attachments": [
            {
                "fallback": "<https:\/\/twitter.com\/Wally_WST|@Wally_WST>: Get back in control of what's personal to you again! <https:\/\/twitter.com\/Synereo|@Synereo> #SynereoSlogan",
                "author_name": "Notebookje",
                "author_link": "https:\/\/twitter.com\/Wally_WST\/status\/589728866802905088",
                "author_icon": "https:\/\/abs.twimg.com\/sticky\/default_profile_images\/default_profile_3_normal.png",
                "author_subname": "@Wally_WST",
                "pretext": "<https:\/\/twitter.com\/Wally_WST\/status\/589728866802905088>",
                "text": "Get back in control of what's personal to you again! <https:\/\/twitter.com\/Synereo|@Synereo> #SynereoSlogan",
                "service_name": "twitter",
                "service_url": "https:\/\/twitter.com\/",
                "id": 1
            }
        ],
        "type": "message",
        "subtype": "bot_message",
        "ts": "1429437304.000065"
    },
    {
        "bot_id": "B04FD5HLZ",
        "attachments": [
            {
                "fallback": "<https:\/\/twitter.com\/Wally_WST|@Wally_WST>: My privacy is out there but that's ok. It stays private. <https:\/\/twitter.com\/Synereo|@Synereo> #SynereoSlogan",
                "author_name": "Notebookje",
                "author_link": "https:\/\/twitter.com\/Wally_WST\/status\/589729149385777152",
                "author_icon": "https:\/\/abs.twimg.com\/sticky\/default_profile_images\/default_profile_3_normal.png",
                "author_subname": "@Wally_WST",
                "pretext": "<https:\/\/twitter.com\/Wally_WST\/status\/589729149385777152>",
                "text": "My privacy is out there but that's ok. It stays private. <https:\/\/twitter.com\/Synereo|@Synereo> #SynereoSlogan",
                "service_name": "twitter",
                "service_url": "https:\/\/twitter.com\/",
                "id": 1
            }
        ],
        "type": "message",
        "subtype": "bot_message",
        "ts": "1429437360.000066"
    },
    {
        "bot_id": "B04FD5HLZ",
        "attachments": [
            {
                "fallback": "<https:\/\/twitter.com\/Wally_WST|@Wally_WST>: I own what's mine and no one else. <https:\/\/twitter.com\/Synereo|@Synereo> #SynereoSlogan",
                "author_name": "Notebookje",
                "author_link": "https:\/\/twitter.com\/Wally_WST\/status\/589729274006937600",
                "author_icon": "https:\/\/abs.twimg.com\/sticky\/default_profile_images\/default_profile_3_normal.png",
                "author_subname": "@Wally_WST",
                "pretext": "<https:\/\/twitter.com\/Wally_WST\/status\/589729274006937600>",
                "text": "I own what's mine and no one else. <https:\/\/twitter.com\/Synereo|@Synereo> #SynereoSlogan",
                "service_name": "twitter",
                "service_url": "https:\/\/twitter.com\/",
                "id": 1
            }
        ],
        "type": "message",
        "subtype": "bot_message",
        "ts": "1429437390.000067"
    },
    {
        "bot_id": "B04FD5HLZ",
        "attachments": [
            {
                "fallback": "<https:\/\/twitter.com\/Wally_WST|@Wally_WST>: Don't worry about what THEY see. You're back in control of what's yours! <https:\/\/twitter.com\/Synereo|@Synereo> #SynereoSlogan",
                "author_name": "Notebookje",
                "author_link": "https:\/\/twitter.com\/Wally_WST\/status\/589729354034216960",
                "author_icon": "https:\/\/abs.twimg.com\/sticky\/default_profile_images\/default_profile_3_normal.png",
                "author_subname": "@Wally_WST",
                "pretext": "<https:\/\/twitter.com\/Wally_WST\/status\/589729354034216960>",
                "text": "Don't worry about what THEY see. You're back in control of what's yours! <https:\/\/twitter.com\/Synereo|@Synereo> #SynereoSlogan",
                "service_name": "twitter",
                "service_url": "https:\/\/twitter.com\/",
                "id": 1
            }
        ],
        "type": "message",
        "subtype": "bot_message",
        "ts": "1429437409.000068"
    },
    {
        "bot_id": "B04FD5HLZ",
        "attachments": [
            {
                "fallback": "<https:\/\/twitter.com\/Wally_WST|@Wally_WST>: I'm connected, expressing myself and being social but no entity will ever know.   \n<https:\/\/twitter.com\/Synereo|@Synereo> #SynereoSlogan",
                "author_name": "Notebookje",
                "author_link": "https:\/\/twitter.com\/Wally_WST\/status\/589729551950843905",
                "author_icon": "https:\/\/abs.twimg.com\/sticky\/default_profile_images\/default_profile_3_normal.png",
                "author_subname": "@Wally_WST",
                "pretext": "<https:\/\/twitter.com\/Wally_WST\/status\/589729551950843905>",
                "text": "I'm connected, expressing myself and being social but no entity will ever know.   \n<https:\/\/twitter.com\/Synereo|@Synereo> #SynereoSlogan",
                "service_name": "twitter",
                "service_url": "https:\/\/twitter.com\/",
                "id": 1
            }
        ],
        "type": "message",
        "subtype": "bot_message",
        "ts": "1429437456.000069"
    },
    {
        "bot_id": "B04FD5HLZ",
        "attachments": [
            {
                "fallback": "<https:\/\/twitter.com\/Theo_Bliss|@Theo_Bliss>: Use <https:\/\/twitter.com\/Synereo|@Synereo> Or Lose Your Privacy!!!!!!!  #SynereoKu",
                "author_name": "Theo \u0e3fliss",
                "author_link": "https:\/\/twitter.com\/Theo_Bliss\/status\/589732644843180032",
                "author_icon": "https:\/\/pbs.twimg.com\/profile_images\/568636654286434304\/zjQP0Xn0_normal.jpeg",
                "author_subname": "@Theo_Bliss",
                "pretext": "<https:\/\/twitter.com\/Theo_Bliss\/status\/589732644843180032>",
                "text": "Use <https:\/\/twitter.com\/Synereo|@Synereo> Or Lose Your Privacy!!!!!!!  #SynereoKu",
                "service_name": "twitter",
                "service_url": "https:\/\/twitter.com\/",
                "id": 1
            }
        ],
        "type": "message",
        "subtype": "bot_message",
        "ts": "1429438194.000070"
    },
    {
        "bot_id": "B04FD5HLZ",
        "attachments": [
            {
                "fallback": "<https:\/\/twitter.com\/Wally_WST|@Wally_WST>: Reach out to your fans directly with this new decentralized social media platform <https:\/\/twitter.com\/Synereo|@Synereo> without a third party #SynereoHunt <https:\/\/twitter.com\/taylorswift13|@taylorswift13>",
                "author_name": "Notebookje",
                "author_link": "https:\/\/twitter.com\/Wally_WST\/status\/589733184683708417",
                "author_icon": "https:\/\/abs.twimg.com\/sticky\/default_profile_images\/default_profile_3_normal.png",
                "author_subname": "@Wally_WST",
                "pretext": "<https:\/\/twitter.com\/Wally_WST\/status\/589733184683708417>",
                "text": "Reach out to your fans directly with this new decentralized social media platform <https:\/\/twitter.com\/Synereo|@Synereo> without a third party #SynereoHunt <https:\/\/twitter.com\/taylorswift13|@taylorswift13>",
                "service_name": "twitter",
                "service_url": "https:\/\/twitter.com\/",
                "id": 1
            }
        ],
        "type": "message",
        "subtype": "bot_message",
        "ts": "1429438322.000071"
    },
    {
        "bot_id": "B04FD5HLZ",
        "attachments": [
            {
                "fallback": "<https:\/\/twitter.com\/SuRAJ_iMAX|@SuRAJ_iMAX>: Would you like to be rewarded while sharing your content <https:\/\/twitter.com\/sonakshisinha|@sonakshisinha>  ? On <https:\/\/twitter.com\/Synereo|@Synereo> you will. #SynereoHunt",
                "author_name": "SURAJ PATEL",
                "author_link": "https:\/\/twitter.com\/SuRAJ_iMAX\/status\/589736724151971841",
                "author_icon": "https:\/\/pbs.twimg.com\/profile_images\/589729270022307840\/PCbIRgbu_normal.jpg",
                "author_subname": "@SuRAJ_iMAX",
                "pretext": "<https:\/\/twitter.com\/SuRAJ_iMAX\/status\/589736724151971841>",
                "text": "Would you like to be rewarded while sharing your content <https:\/\/twitter.com\/sonakshisinha|@sonakshisinha>  ? On <https:\/\/twitter.com\/Synereo|@Synereo> you will. #SynereoHunt",
                "service_name": "twitter",
                "service_url": "https:\/\/twitter.com\/",
                "id": 1
            }
        ],
        "type": "message",
        "subtype": "bot_message",
        "ts": "1429439166.000072"
    },
    {
        "bot_id": "B04FD5HLZ",
        "attachments": [
            {
                "fallback": "<https:\/\/twitter.com\/SuRAJ_iMAX|@SuRAJ_iMAX>: Would you like to be rewarded while sharing your content <https:\/\/twitter.com\/iHrithik|@iHrithik> ? On <https:\/\/twitter.com\/Synereo|@Synereo> you will. #SynereoHunt",
                "author_name": "SURAJ PATEL",
                "author_link": "https:\/\/twitter.com\/SuRAJ_iMAX\/status\/589737071247380480",
                "author_icon": "https:\/\/pbs.twimg.com\/profile_images\/589729270022307840\/PCbIRgbu_normal.jpg",
                "author_subname": "@SuRAJ_iMAX",
                "pretext": "<https:\/\/twitter.com\/SuRAJ_iMAX\/status\/589737071247380480>",
                "text": "Would you like to be rewarded while sharing your content <https:\/\/twitter.com\/iHrithik|@iHrithik> ? On <https:\/\/twitter.com\/Synereo|@Synereo> you will. #SynereoHunt",
                "service_name": "twitter",
                "service_url": "https:\/\/twitter.com\/",
                "id": 1
            }
        ],
        "type": "message",
        "subtype": "bot_message",
        "ts": "1429439249.000073"
    },
    {
        "bot_id": "B04FD5HLZ",
        "attachments": [
            {
                "fallback": "<https:\/\/twitter.com\/SuRAJ_iMAX|@SuRAJ_iMAX>: Would you like to be rewarded while sharing your content <https:\/\/twitter.com\/SrBachchan|@SrBachchan> ? On <https:\/\/twitter.com\/Synereo|@Synereo> you will. #SynereoHunt",
                "author_name": "SURAJ PATEL",
                "author_link": "https:\/\/twitter.com\/SuRAJ_iMAX\/status\/589737219411185664",
                "author_icon": "https:\/\/pbs.twimg.com\/profile_images\/589729270022307840\/PCbIRgbu_normal.jpg",
                "author_subname": "@SuRAJ_iMAX",
                "pretext": "<https:\/\/twitter.com\/SuRAJ_iMAX\/status\/589737219411185664>",
                "text": "Would you like to be rewarded while sharing your content <https:\/\/twitter.com\/SrBachchan|@SrBachchan> ? On <https:\/\/twitter.com\/Synereo|@Synereo> you will. #SynereoHunt",
                "service_name": "twitter",
                "service_url": "https:\/\/twitter.com\/",
                "id": 1
            }
        ],
        "type": "message",
        "subtype": "bot_message",
        "ts": "1429439284.000074"
    },
    {
        "bot_id": "B04FD5HLZ",
        "attachments": [
            {
                "fallback": "<https:\/\/twitter.com\/SuRAJ_iMAX|@SuRAJ_iMAX>: <https:\/\/twitter.com\/Synereo|@Synereo> is a social platform owned by the people who use it. #SynereoOps #bitcoin #cryptocurrency #digitalmoney #change",
                "author_name": "SURAJ PATEL",
                "author_link": "https:\/\/twitter.com\/SuRAJ_iMAX\/status\/589737553651085313",
                "author_icon": "https:\/\/pbs.twimg.com\/profile_images\/589729270022307840\/PCbIRgbu_normal.jpg",
                "author_subname": "@SuRAJ_iMAX",
                "pretext": "<https:\/\/twitter.com\/SuRAJ_iMAX\/status\/589737553651085313>",
                "text": "<https:\/\/twitter.com\/Synereo|@Synereo> is a social platform owned by the people who use it. #SynereoOps #bitcoin #cryptocurrency #digitalmoney #change",
                "service_name": "twitter",
                "service_url": "https:\/\/twitter.com\/",
                "id": 1
            }
        ],
        "type": "message",
        "subtype": "bot_message",
        "ts": "1429439364.000075"
    },
    {
        "bot_id": "B04FD5HLZ",
        "attachments": [
            {
                "fallback": "<https:\/\/twitter.com\/Theo_Bliss|@Theo_Bliss>: Reach out to your fans directly with this new decentralized social media platform <https:\/\/twitter.com\/Synereo|@Synereo> without a third party #SynereoHunt <https:\/\/twitter.com\/justinbieber|@justinbieber>",
                "author_name": "Theo \u0e3fliss",
                "author_link": "https:\/\/twitter.com\/Theo_Bliss\/status\/589737866789425152",
                "author_icon": "https:\/\/pbs.twimg.com\/profile_images\/568636654286434304\/zjQP0Xn0_normal.jpeg",
                "author_subname": "@Theo_Bliss",
                "pretext": "<https:\/\/twitter.com\/Theo_Bliss\/status\/589737866789425152>",
                "text": "Reach out to your fans directly with this new decentralized social media platform <https:\/\/twitter.com\/Synereo|@Synereo> without a third party #SynereoHunt <https:\/\/twitter.com\/justinbieber|@justinbieber>",
                "service_name": "twitter",
                "service_url": "https:\/\/twitter.com\/",
                "id": 1
            }
        ],
        "type": "message",
        "subtype": "bot_message",
        "ts": "1429439439.000076"
    },
    {
        "bot_id": "B04FD5HLZ",
        "attachments": [
            {
                "fallback": "<https:\/\/twitter.com\/SuRAJ_iMAX|@SuRAJ_iMAX>: Let's make the world better, together. Join my fan club and add me on <https:\/\/twitter.com\/Synereo|@Synereo> <https:\/\/twitter.com\/iamwill|@iamwill> <https:\/\/twitter.com\/Akon|@Akon>  #SynereoHunt",
                "author_name": "SURAJ PATEL",
                "author_link": "https:\/\/twitter.com\/SuRAJ_iMAX\/status\/589738703070711808",
                "author_icon": "https:\/\/pbs.twimg.com\/profile_images\/589729270022307840\/PCbIRgbu_normal.jpg",
                "author_subname": "@SuRAJ_iMAX",
                "pretext": "<https:\/\/twitter.com\/SuRAJ_iMAX\/status\/589738703070711808>",
                "text": "Let's make the world better, together. Join my fan club and add me on <https:\/\/twitter.com\/Synereo|@Synereo> <https:\/\/twitter.com\/iamwill|@iamwill> <https:\/\/twitter.com\/Akon|@Akon>  #SynereoHunt",
                "service_name": "twitter",
                "service_url": "https:\/\/twitter.com\/",
                "id": 1
            }
        ],
        "type": "message",
        "subtype": "bot_message",
        "ts": "1429439638.000077"
    },
    {
        "bot_id": "B04FD5HLZ",
        "attachments": [
            {
                "fallback": "<https:\/\/twitter.com\/Theo_Bliss|@Theo_Bliss>: Let's make the world better, together. Join my fan club and add me on <https:\/\/twitter.com\/Synereo|@Synereo> #SynereoHunt <https:\/\/twitter.com\/iamwill|@iamwill> <https:\/\/twitter.com\/Akon|@Akon> <https:\/\/twitter.com\/Eminem|@Eminem>",
                "author_name": "Theo \u0e3fliss",
                "author_link": "https:\/\/twitter.com\/Theo_Bliss\/status\/589739304584249344",
                "author_icon": "https:\/\/pbs.twimg.com\/profile_images\/568636654286434304\/zjQP0Xn0_normal.jpeg",
                "author_subname": "@Theo_Bliss",
                "pretext": "<https:\/\/twitter.com\/Theo_Bliss\/status\/589739304584249344>",
                "text": "Let's make the world better, together. Join my fan club and add me on <https:\/\/twitter.com\/Synereo|@Synereo> #SynereoHunt <https:\/\/twitter.com\/iamwill|@iamwill> <https:\/\/twitter.com\/Akon|@Akon> <https:\/\/twitter.com\/Eminem|@Eminem>",
                "service_name": "twitter",
                "service_url": "https:\/\/twitter.com\/",
                "id": 1
            }
        ],
        "type": "message",
        "subtype": "bot_message",
        "ts": "1429439781.000078"
    },
    {
        "bot_id": "B04FD5HLZ",
        "attachments": [
            {
                "fallback": "<https:\/\/twitter.com\/Synereo|@Synereo>: 5 BOUNTIES! Tweet <https:\/\/twitter.com\/Synereo|@Synereo> with one of 5 Hashtags and WIN! Ends April 22nd 8PM GMT. <http:\/\/blog.synereo.com\/2015\/04\/17\/twitter-bounties\/> #bitcoin <https:\/\/pbs.twimg.com\/media\/CC7BkTzUUAI9Nkd.png>",
                "author_name": "Synereo",
                "author_link": "https:\/\/twitter.com\/Synereo\/status\/589745344218435584",
                "author_icon": "https:\/\/pbs.twimg.com\/profile_images\/522790259789025280\/FKRuSK66_normal.png",
                "author_subname": "@Synereo",
                "pretext": "<https:\/\/twitter.com\/Synereo\/status\/589745344218435584>",
                "text": "5 BOUNTIES! Tweet <https:\/\/twitter.com\/Synereo|@Synereo> with one of 5 Hashtags and WIN! Ends April 22nd 8PM GMT. <http:\/\/blog.synereo.com\/2015\/04\/17\/twitter-bounties\/> #bitcoin <https:\/\/pbs.twimg.com\/media\/CC7BkTzUUAI9Nkd.png>",
                "service_name": "twitter",
                "service_url": "https:\/\/twitter.com\/",
                "image_url": "https:\/\/pbs.twimg.com\/media\/CC7BkTzUUAI9Nkd.png",
                "image_width": 600,
                "image_height": 600,
                "image_bytes": 622114,
                "id": 1
            }
        ],
        "type": "message",
        "subtype": "bot_message",
        "ts": "1429441223.000079"
    },
    {
        "bot_id": "B04FD5HLZ",
        "attachments": [
            {
                "fallback": "<https:\/\/twitter.com\/cainamofni|@cainamofni>: <https:\/\/twitter.com\/Synereo|@Synereo> proofreading alert. misspelled meme : SyenereoMeme",
                "author_name": "\u91c8\u60c5",
                "author_link": "https:\/\/twitter.com\/cainamofni\/status\/589751984955219968",
                "author_icon": "https:\/\/pbs.twimg.com\/profile_images\/563089951344951296\/0-jhCLgX_normal.jpeg",
                "author_subname": "@cainamofni",
                "pretext": "<https:\/\/twitter.com\/cainamofni\/status\/589751984955219968>",
                "text": "<https:\/\/twitter.com\/Synereo|@Synereo> proofreading alert. misspelled meme : SyenereoMeme",
                "service_name": "twitter",
                "service_url": "https:\/\/twitter.com\/",
                "id": 1
            }
        ],
        "type": "message",
        "subtype": "bot_message",
        "ts": "1429442805.000080"
    },
    {
        "bot_id": "B04FD5HLZ",
        "attachments": [
            {
                "fallback": "<https:\/\/twitter.com\/Theo_Bliss|@Theo_Bliss>: Problem ???? Solved!!!  <https:\/\/twitter.com\/Synereo|@Synereo> #SynereoMeMe (Theo_Bliss) <https:\/\/pbs.twimg.com\/media\/CC8_91IUUAA8WWb.jpg>",
                "author_name": "Theo \u0e3fliss",
                "author_link": "https:\/\/twitter.com\/Theo_Bliss\/status\/589760409353093120",
                "author_icon": "https:\/\/pbs.twimg.com\/profile_images\/568636654286434304\/zjQP0Xn0_normal.jpeg",
                "author_subname": "@Theo_Bliss",
                "pretext": "<https:\/\/twitter.com\/Theo_Bliss\/status\/589760409353093120>",
                "text": "Problem ???? Solved!!!  <https:\/\/twitter.com\/Synereo|@Synereo> #SynereoMeMe (Theo_Bliss) <https:\/\/pbs.twimg.com\/media\/CC8_91IUUAA8WWb.jpg>",
                "service_name": "twitter",
                "service_url": "https:\/\/twitter.com\/",
                "image_url": "https:\/\/pbs.twimg.com\/media\/CC8_91IUUAA8WWb.jpg",
                "image_width": 599,
                "image_height": 572,
                "image_bytes": 72927,
                "id": 1
            }
        ],
        "type": "message",
        "subtype": "bot_message",
        "ts": "1429444814.000081"
    },
    {
        "bot_id": "B04FD5HLZ",
        "attachments": [
            {
                "fallback": "<https:\/\/twitter.com\/SuRAJ_iMAX|@SuRAJ_iMAX>: Reach out to your fans directly with this new decentralized social media platform <https:\/\/twitter.com\/Synereo|@Synereo> without a third party #SynereoHunt <https:\/\/twitter.com\/Joshuwa231|@Joshuwa231>",
                "author_name": "SURAJ PATEL",
                "author_link": "https:\/\/twitter.com\/SuRAJ_iMAX\/status\/589797095051112448",
                "author_icon": "https:\/\/pbs.twimg.com\/profile_images\/589729270022307840\/PCbIRgbu_normal.jpg",
                "author_subname": "@SuRAJ_iMAX",
                "pretext": "<https:\/\/twitter.com\/SuRAJ_iMAX\/status\/589797095051112448>",
                "text": "Reach out to your fans directly with this new decentralized social media platform <https:\/\/twitter.com\/Synereo|@Synereo> without a third party #SynereoHunt <https:\/\/twitter.com\/Joshuwa231|@Joshuwa231>",
                "service_name": "twitter",
                "service_url": "https:\/\/twitter.com\/",
                "id": 1
            }
        ],
        "type": "message",
        "subtype": "bot_message",
        "ts": "1429453560.000082"
    },
    {
        "bot_id": "B04FD5HLZ",
        "attachments": [
            {
                "fallback": "<https:\/\/twitter.com\/jimscarver|@jimscarver>: <https:\/\/twitter.com\/Synereo|@Synereo> <https:\/\/twitter.com\/provensecure|@provensecure> <https:\/\/synereonet.slack.com\/files\/theo.godspeed\/F04FEP75M\/snowden_quote.jpg>",
                "author_name": "jimscarver",
                "author_link": "https:\/\/twitter.com\/jimscarver\/status\/589798785317928960",
                "author_icon": "https:\/\/pbs.twimg.com\/profile_images\/64612480\/P9130088_normal.JPG",
                "author_subname": "@jimscarver",
                "pretext": "<https:\/\/twitter.com\/jimscarver\/status\/589798785317928960>",
                "text": "<https:\/\/twitter.com\/Synereo|@Synereo> <https:\/\/twitter.com\/provensecure|@provensecure> <https:\/\/synereonet.slack.com\/files\/theo.godspeed\/F04FEP75M\/snowden_quote.jpg>",
                "service_name": "twitter",
                "service_url": "https:\/\/twitter.com\/",
                "id": 1
            }
        ],
        "type": "message",
        "subtype": "bot_message",
        "ts": "1429453963.000083"
    },
    {
        "user": "U04BMCE7Q",
        "type": "message",
        "subtype": "channel_join",
        "text": "<@U04BMCE7Q|theo.godspeed> has joined the channel",
        "ts": "1429458211.000084"
    },
    {
        "bot_id": "B04FD5HLZ",
        "attachments": [
            {
                "fallback": "<https:\/\/twitter.com\/CryptoSavvy|@CryptoSavvy>: Be who you want <https:\/\/twitter.com\/Synereo|@Synereo> #SynereoKu",
                "author_name": "CryptoSavvy",
                "author_link": "https:\/\/twitter.com\/CryptoSavvy\/status\/589821418449154048",
                "author_icon": "https:\/\/pbs.twimg.com\/profile_images\/589800300606664704\/oZIA9ixV_normal.png",
                "author_subname": "@CryptoSavvy",
                "pretext": "<https:\/\/twitter.com\/CryptoSavvy\/status\/589821418449154048>",
                "text": "Be who you want <https:\/\/twitter.com\/Synereo|@Synereo> #SynereoKu",
                "service_name": "twitter",
                "service_url": "https:\/\/twitter.com\/",
                "id": 1
            }
        ],
        "type": "message",
        "subtype": "bot_message",
        "ts": "1429459359.000085"
    },
    {
        "bot_id": "B04FD5HLZ",
        "attachments": [
            {
                "fallback": "<https:\/\/twitter.com\/Theo_Bliss|@Theo_Bliss>: Relationship between Two Partners  = Synereo + Factom :)\n\n<https:\/\/twitter.com\/Synereo|@Synereo> + <https:\/\/twitter.com\/factomproject|@factomproject> = &lt;3 #SyenereoMeme (Partners) <https:\/\/pbs.twimg.com\/media\/CC-A7K6UEAA2u35.jpg>",
                "author_name": "Theo \u0e3fliss",
                "author_link": "https:\/\/twitter.com\/Theo_Bliss\/status\/589831832398499842",
                "author_icon": "https:\/\/pbs.twimg.com\/profile_images\/568636654286434304\/zjQP0Xn0_normal.jpeg",
                "author_subname": "@Theo_Bliss",
                "pretext": "<https:\/\/twitter.com\/Theo_Bliss\/status\/589831832398499842>",
                "text": "Relationship between Two Partners  = Synereo + Factom :)\n\n<https:\/\/twitter.com\/Synereo|@Synereo> + <https:\/\/twitter.com\/factomproject|@factomproject> = &lt;3 #SyenereoMeme (Partners) <https:\/\/pbs.twimg.com\/media\/CC-A7K6UEAA2u35.jpg>",
                "service_name": "twitter",
                "service_url": "https:\/\/twitter.com\/",
                "image_url": "https:\/\/pbs.twimg.com\/media\/CC-A7K6UEAA2u35.jpg",
                "image_width": 600,
                "image_height": 375,
                "image_bytes": 65493,
                "id": 1
            }
        ],
        "type": "message",
        "subtype": "bot_message",
        "ts": "1429461842.000086"
    },
    {
        "bot_id": "B04FD5HLZ",
        "attachments": [
            {
                "fallback": "<https:\/\/twitter.com\/CryptoSavvy|@CryptoSavvy>: Move over Facebook. <https:\/\/twitter.com\/Synereo|@Synereo> wants to decentralize social networks \u2013 and the world  #SynereoOps  #bitcoin",
                "author_name": "CryptoSavvy",
                "author_link": "https:\/\/twitter.com\/CryptoSavvy\/status\/589833428498980864",
                "author_icon": "https:\/\/pbs.twimg.com\/profile_images\/589800300606664704\/oZIA9ixV_normal.png",
                "author_subname": "@CryptoSavvy",
                "pretext": "<https:\/\/twitter.com\/CryptoSavvy\/status\/589833428498980864>",
                "text": "Move over Facebook. <https:\/\/twitter.com\/Synereo|@Synereo> wants to decentralize social networks \u2013 and the world  #SynereoOps  #bitcoin",
                "service_name": "twitter",
                "service_url": "https:\/\/twitter.com\/",
                "id": 1
            }
        ],
        "type": "message",
        "subtype": "bot_message",
        "ts": "1429462222.000087"
    },
    {
        "bot_id": "B04FD5HLZ",
        "attachments": [
            {
                "fallback": "<https:\/\/twitter.com\/CryptoSavvy|@CryptoSavvy>: Decentralize content distribution + decentralize communications + decentralize streaming = Decentralize a social network <https:\/\/twitter.com\/Synereo|@Synereo> #SynereoKu",
                "author_name": "CryptoSavvy",
                "author_link": "https:\/\/twitter.com\/CryptoSavvy\/status\/589835349464985601",
                "author_icon": "https:\/\/pbs.twimg.com\/profile_images\/589800300606664704\/oZIA9ixV_normal.png",
                "author_subname": "@CryptoSavvy",
                "pretext": "<https:\/\/twitter.com\/CryptoSavvy\/status\/589835349464985601>",
                "text": "Decentralize content distribution + decentralize communications + decentralize streaming = Decentralize a social network <https:\/\/twitter.com\/Synereo|@Synereo> #SynereoKu",
                "service_name": "twitter",
                "service_url": "https:\/\/twitter.com\/",
                "id": 1
            }
        ],
        "type": "message",
        "subtype": "bot_message",
        "ts": "1429462680.000088"
    },
    {
        "bot_id": "B04FD5HLZ",
        "attachments": [
            {
                "fallback": "<https:\/\/twitter.com\/Theo_Bliss|@Theo_Bliss>: STOP Digital feudalism By Joining <https:\/\/twitter.com\/Synereo|@Synereo> #SynereoSlogan",
                "author_name": "Theo \u0e3fliss",
                "author_link": "https:\/\/twitter.com\/Theo_Bliss\/status\/589835816324608000",
                "author_icon": "https:\/\/pbs.twimg.com\/profile_images\/568636654286434304\/zjQP0Xn0_normal.jpeg",
                "author_subname": "@Theo_Bliss",
                "pretext": "<https:\/\/twitter.com\/Theo_Bliss\/status\/589835816324608000>",
                "text": "STOP Digital feudalism By Joining <https:\/\/twitter.com\/Synereo|@Synereo> #SynereoSlogan",
                "service_name": "twitter",
                "service_url": "https:\/\/twitter.com\/",
                "id": 1
            }
        ],
        "type": "message",
        "subtype": "bot_message",
        "ts": "1429462791.000089"
    },
    {
        "bot_id": "B04FD5HLZ",
        "attachments": [
            {
                "fallback": "<https:\/\/twitter.com\/SuRAJ_iMAX|@SuRAJ_iMAX>: We are trying to make the world a more open place with Decentralized social platform \n<https:\/\/twitter.com\/Synereo|@Synereo> #SynereoSlogan",
                "author_name": "SURAJ PATEL",
                "author_link": "https:\/\/twitter.com\/SuRAJ_iMAX\/status\/589836646826184704",
                "author_icon": "https:\/\/pbs.twimg.com\/profile_images\/589729270022307840\/PCbIRgbu_normal.jpg",
                "author_subname": "@SuRAJ_iMAX",
                "pretext": "<https:\/\/twitter.com\/SuRAJ_iMAX\/status\/589836646826184704>",
                "text": "We are trying to make the world a more open place with Decentralized social platform \n<https:\/\/twitter.com\/Synereo|@Synereo> #SynereoSlogan",
                "service_name": "twitter",
                "service_url": "https:\/\/twitter.com\/",
                "id": 1
            }
        ],
        "type": "message",
        "subtype": "bot_message",
        "ts": "1429462990.000090"
    },
    {
        "bot_id": "B04FD5HLZ",
        "attachments": [
            {
                "fallback": "<https:\/\/twitter.com\/CryptoSavvy|@CryptoSavvy>: <https:\/\/twitter.com\/Synereo|@Synereo> is a new decentralized, peer-to-peer social networking platform.sharing your content <https:\/\/twitter.com\/JimCarrey|@JimCarrey> ? On <https:\/\/twitter.com\/Synereo|@Synereo> willyou #SynereoHunt",
                "author_name": "CryptoSavvy",
                "author_link": "https:\/\/twitter.com\/CryptoSavvy\/status\/589840618332913664",
                "author_icon": "https:\/\/pbs.twimg.com\/profile_images\/589800300606664704\/oZIA9ixV_normal.png",
                "author_subname": "@CryptoSavvy",
                "pretext": "<https:\/\/twitter.com\/CryptoSavvy\/status\/589840618332913664>",
                "text": "<https:\/\/twitter.com\/Synereo|@Synereo> is a new decentralized, peer-to-peer social networking platform.sharing your content <https:\/\/twitter.com\/JimCarrey|@JimCarrey> ? On <https:\/\/twitter.com\/Synereo|@Synereo> willyou #SynereoHunt",
                "service_name": "twitter",
                "service_url": "https:\/\/twitter.com\/",
                "id": 1
            }
        ],
        "type": "message",
        "subtype": "bot_message",
        "ts": "1429463937.000091"
    },
    {
        "bot_id": "B04FD5HLZ",
        "attachments": [
            {
                "fallback": "<https:\/\/twitter.com\/Synereo|@Synereo>: <https:\/\/twitter.com\/cainamofni|@cainamofni> thank you for the heads up. Fixed.",
                "author_name": "Synereo",
                "author_link": "https:\/\/twitter.com\/Synereo\/status\/589840804388167680",
                "author_icon": "https:\/\/pbs.twimg.com\/profile_images\/522790259789025280\/FKRuSK66_normal.png",
                "author_subname": "@Synereo",
                "pretext": "<https:\/\/twitter.com\/Synereo\/status\/589840804388167680>",
                "text": "<https:\/\/twitter.com\/cainamofni|@cainamofni> thank you for the heads up. Fixed.",
                "service_name": "twitter",
                "service_url": "https:\/\/twitter.com\/",
                "id": 1
            }
        ],
        "type": "message",
        "subtype": "bot_message",
        "ts": "1429463981.000092"
    },
    {
        "bot_id": "B04FD5HLZ",
        "attachments": [
            {
                "fallback": "<https:\/\/twitter.com\/SuRAJ_iMAX|@SuRAJ_iMAX>: <https:\/\/twitter.com\/Synereo|@Synereo> is a new decentralized, peer-to-peer social networking platform.sharing your content <https:\/\/twitter.com\/Katherinegazda|@Katherinegazda> ? <https:\/\/twitter.com\/Synereo|@Synereo> will u #SynereoHunt",
                "author_name": "SURAJ PATEL",
                "author_link": "https:\/\/twitter.com\/SuRAJ_iMAX\/status\/589842626922196992",
                "author_icon": "https:\/\/pbs.twimg.com\/profile_images\/589729270022307840\/PCbIRgbu_normal.jpg",
                "author_subname": "@SuRAJ_iMAX",
                "pretext": "<https:\/\/twitter.com\/SuRAJ_iMAX\/status\/589842626922196992>",
                "text": "<https:\/\/twitter.com\/Synereo|@Synereo> is a new decentralized, peer-to-peer social networking platform.sharing your content <https:\/\/twitter.com\/Katherinegazda|@Katherinegazda> ? <https:\/\/twitter.com\/Synereo|@Synereo> will u #SynereoHunt",
                "service_name": "twitter",
                "service_url": "https:\/\/twitter.com\/",
                "id": 1
            }
        ],
        "type": "message",
        "subtype": "bot_message",
        "ts": "1429464415.000093"
    },
    {
        "bot_id": "B04FD5HLZ",
        "attachments": [
            {
                "fallback": "<https:\/\/twitter.com\/Theo_Bliss|@Theo_Bliss>: Imagine Decentralized <https:\/\/twitter.com\/facebook|@facebook> ???????? introducing <https:\/\/twitter.com\/Synereo|@Synereo> #SyenereoMeme (Decentralized Facebook) <https:\/\/pbs.twimg.com\/media\/CC-OYKBVIAAZKv-.jpg>",
                "author_name": "Theo \u0e3fliss",
                "author_link": "https:\/\/twitter.com\/Theo_Bliss\/status\/589846623821238272",
                "author_icon": "https:\/\/pbs.twimg.com\/profile_images\/568636654286434304\/zjQP0Xn0_normal.jpeg",
                "author_subname": "@Theo_Bliss",
                "pretext": "<https:\/\/twitter.com\/Theo_Bliss\/status\/589846623821238272>",
                "text": "Imagine Decentralized <https:\/\/twitter.com\/facebook|@facebook> ???????? introducing <https:\/\/twitter.com\/Synereo|@Synereo> #SyenereoMeme (Decentralized Facebook) <https:\/\/pbs.twimg.com\/media\/CC-OYKBVIAAZKv-.jpg>",
                "service_name": "twitter",
                "service_url": "https:\/\/twitter.com\/",
                "image_url": "https:\/\/pbs.twimg.com\/media\/CC-OYKBVIAAZKv-.jpg",
                "image_width": 600,
                "image_height": 337,
                "image_bytes": 45423,
                "id": 1
            }
        ],
        "type": "message",
        "subtype": "bot_message",
        "ts": "1429465368.000094"
    },
    {
        "bot_id": "B04FD5HLZ",
        "attachments": [
            {
                "fallback": "<https:\/\/twitter.com\/Theo_Bliss|@Theo_Bliss>: My heart finds solace\namongst your lovely verses - \nThe finest couplet.\n<https:\/\/twitter.com\/Synereo|@Synereo> #SynereoKu",
                "author_name": "Theo \u0e3fliss",
                "author_link": "https:\/\/twitter.com\/Theo_Bliss\/status\/589849673394823169",
                "author_icon": "https:\/\/pbs.twimg.com\/profile_images\/568636654286434304\/zjQP0Xn0_normal.jpeg",
                "author_subname": "@Theo_Bliss",
                "pretext": "<https:\/\/twitter.com\/Theo_Bliss\/status\/589849673394823169>",
                "text": "My heart finds solace\namongst your lovely verses - \nThe finest couplet.\n<https:\/\/twitter.com\/Synereo|@Synereo> #SynereoKu",
                "service_name": "twitter",
                "service_url": "https:\/\/twitter.com\/",
                "id": 1
            }
        ],
        "type": "message",
        "subtype": "bot_message",
        "ts": "1429466095.000095"
    },
    {
        "bot_id": "B04FD5HLZ",
        "attachments": [
            {
                "fallback": "<https:\/\/twitter.com\/Synereo|@Synereo>: 5 BOUNTIES - 5 HASHTAGS - 5 x 50K AMPs PRIZES! Tweet <https:\/\/twitter.com\/Synereo|@Synereo> for a chance to WIN! <http:\/\/blog.synereo.com\/2015\/04\/17\/twitter-bounties\/> #bitcoin <https:\/\/pbs.twimg.com\/media\/CC-IZAYVAAAG937.jpg>",
                "author_name": "Synereo",
                "author_link": "https:\/\/twitter.com\/Synereo\/status\/589881233699536896",
                "author_icon": "https:\/\/pbs.twimg.com\/profile_images\/522790259789025280\/FKRuSK66_normal.png",
                "author_subname": "@Synereo",
                "pretext": "<https:\/\/twitter.com\/Synereo\/status\/589881233699536896>",
                "text": "5 BOUNTIES - 5 HASHTAGS - 5 x 50K AMPs PRIZES! Tweet <https:\/\/twitter.com\/Synereo|@Synereo> for a chance to WIN! <http:\/\/blog.synereo.com\/2015\/04\/17\/twitter-bounties\/> #bitcoin <https:\/\/pbs.twimg.com\/media\/CC-IZAYVAAAG937.jpg>",
                "service_name": "twitter",
                "service_url": "https:\/\/twitter.com\/",
                "image_url": "https:\/\/pbs.twimg.com\/media\/CC-IZAYVAAAG937.jpg",
                "image_width": 600,
                "image_height": 600,
                "image_bytes": 70229,
                "id": 1
            }
        ],
        "type": "message",
        "subtype": "bot_message",
        "ts": "1429473620.000096"
    },
    {
        "bot_id": "B04FD5HLZ",
        "attachments": [
            {
                "fallback": "<https:\/\/twitter.com\/Synereo|@Synereo>: 15 million AMPs sold. $13,920 left before the next price increase. 2 Days, 23 Hours to go. <https:\/\/crowdsale.synereo.com> <https:\/\/pbs.twimg.com\/media\/CC-5pfPUUAApo7-.png>",
                "author_name": "Synereo",
                "author_link": "https:\/\/twitter.com\/Synereo\/status\/589894902403756032",
                "author_icon": "https:\/\/pbs.twimg.com\/profile_images\/522790259789025280\/FKRuSK66_normal.png",
                "author_subname": "@Synereo",
                "pretext": "<https:\/\/twitter.com\/Synereo\/status\/589894902403756032>",
                "text": "15 million AMPs sold. $13,920 left before the next price increase. 2 Days, 23 Hours to go. <https:\/\/crowdsale.synereo.com> <https:\/\/pbs.twimg.com\/media\/CC-5pfPUUAApo7-.png>",
                "service_name": "twitter",
                "service_url": "https:\/\/twitter.com\/",
                "image_url": "https:\/\/pbs.twimg.com\/media\/CC-5pfPUUAApo7-.png",
                "image_width": 572,
                "image_height": 333,
                "image_bytes": 200862,
                "id": 1
            }
        ],
        "type": "message",
        "subtype": "bot_message",
        "ts": "1429476880.000097"
    },
    {
        "bot_id": "B04FD5HLZ",
        "attachments": [
            {
                "fallback": "<https:\/\/twitter.com\/EdEykholt|@EdEykholt>: <https:\/\/twitter.com\/Synereo|@Synereo>: For the social order you want. #SynereoSlogan",
                "author_name": "Ed Eykholt",
                "author_link": "https:\/\/twitter.com\/EdEykholt\/status\/589957035606679552",
                "author_icon": "https:\/\/pbs.twimg.com\/profile_images\/1165648483\/business_card_normal.jpg",
                "author_subname": "@EdEykholt",
                "pretext": "<https:\/\/twitter.com\/EdEykholt\/status\/589957035606679552>",
                "text": "<https:\/\/twitter.com\/Synereo|@Synereo>: For the social order you want. #SynereoSlogan",
                "service_name": "twitter",
                "service_url": "https:\/\/twitter.com\/",
                "id": 1
            }
        ],
        "type": "message",
        "subtype": "bot_message",
        "ts": "1429491693.000098"
    },
    {
        "bot_id": "B04FD5HLZ",
        "attachments": [
            {
                "fallback": "<https:\/\/twitter.com\/SuRAJ_iMAX|@SuRAJ_iMAX>: Thank You So Much for Following me &lt;3 <https:\/\/twitter.com\/JulianneManalo|@JulianneManalo> <https:\/\/twitter.com\/_ChadKowal|@_ChadKowal> <https:\/\/twitter.com\/Katherinegazda|@Katherinegazda> <https:\/\/twitter.com\/jackhidary|@jackhidary> <https:\/\/twitter.com\/Official_JES|@Official_JES> <https:\/\/twitter.com\/teespring|@teespring> \nRespect for <https:\/\/twitter.com\/Synereo|@Synereo>",
                "author_name": "SURAJ PATEL",
                "author_link": "https:\/\/twitter.com\/SuRAJ_iMAX\/status\/589985588356337664",
                "author_icon": "https:\/\/pbs.twimg.com\/profile_images\/589729270022307840\/PCbIRgbu_normal.jpg",
                "author_subname": "@SuRAJ_iMAX",
                "pretext": "<https:\/\/twitter.com\/SuRAJ_iMAX\/status\/589985588356337664>",
                "text": "Thank You So Much for Following me &lt;3 <https:\/\/twitter.com\/JulianneManalo|@JulianneManalo> <https:\/\/twitter.com\/_ChadKowal|@_ChadKowal> <https:\/\/twitter.com\/Katherinegazda|@Katherinegazda> <https:\/\/twitter.com\/jackhidary|@jackhidary> <https:\/\/twitter.com\/Official_JES|@Official_JES> <https:\/\/twitter.com\/teespring|@teespring> \nRespect for <https:\/\/twitter.com\/Synereo|@Synereo>",
                "service_name": "twitter",
                "service_url": "https:\/\/twitter.com\/",
                "id": 1
            }
        ],
        "type": "message",
        "subtype": "bot_message",
        "ts": "1429498500.000099"
    },
    {
        "bot_id": "B04FD5HLZ",
        "attachments": [
            {
                "fallback": "<https:\/\/twitter.com\/SuRAJ_iMAX|@SuRAJ_iMAX>: Thank You So Much for Following me &lt;3 <https:\/\/twitter.com\/_ChadKowal|@_ChadKowal> <https:\/\/twitter.com\/Katherinegazda|@Katherinegazda> <https:\/\/twitter.com\/jackhidary|@jackhidary> <https:\/\/twitter.com\/Official_JES|@Official_JES> <https:\/\/twitter.com\/teespring|@teespring> \nRespect for <https:\/\/twitter.com\/Synereo|@Synereo>",
                "author_name": "SURAJ PATEL",
                "author_link": "https:\/\/twitter.com\/SuRAJ_iMAX\/status\/589985734439776256",
                "author_icon": "https:\/\/pbs.twimg.com\/profile_images\/589729270022307840\/PCbIRgbu_normal.jpg",
                "author_subname": "@SuRAJ_iMAX",
                "pretext": "<https:\/\/twitter.com\/SuRAJ_iMAX\/status\/589985734439776256>",
                "text": "Thank You So Much for Following me &lt;3 <https:\/\/twitter.com\/_ChadKowal|@_ChadKowal> <https:\/\/twitter.com\/Katherinegazda|@Katherinegazda> <https:\/\/twitter.com\/jackhidary|@jackhidary> <https:\/\/twitter.com\/Official_JES|@Official_JES> <https:\/\/twitter.com\/teespring|@teespring> \nRespect for <https:\/\/twitter.com\/Synereo|@Synereo>",
                "service_name": "twitter",
                "service_url": "https:\/\/twitter.com\/",
                "id": 1
            }
        ],
        "type": "message",
        "subtype": "bot_message",
        "ts": "1429498535.000100"
    },
    {
        "bot_id": "B04FD5HLZ",
        "attachments": [
            {
                "fallback": "<https:\/\/twitter.com\/SuRAJ_iMAX|@SuRAJ_iMAX>: Reach your audience on internet Directly Without any 3rd Party With next generation Social Network <https:\/\/twitter.com\/Synereo|@Synereo> #SynereoHunt <https:\/\/twitter.com\/Katherinegazda|@Katherinegazda> <https:\/\/twitter.com\/BT|@BT>",
                "author_name": "SURAJ PATEL",
                "author_link": "https:\/\/twitter.com\/SuRAJ_iMAX\/status\/589992389424513024",
                "author_icon": "https:\/\/pbs.twimg.com\/profile_images\/589729270022307840\/PCbIRgbu_normal.jpg",
                "author_subname": "@SuRAJ_iMAX",
                "pretext": "<https:\/\/twitter.com\/SuRAJ_iMAX\/status\/589992389424513024>",
                "text": "Reach your audience on internet Directly Without any 3rd Party With next generation Social Network <https:\/\/twitter.com\/Synereo|@Synereo> #SynereoHunt <https:\/\/twitter.com\/Katherinegazda|@Katherinegazda> <https:\/\/twitter.com\/BT|@BT>",
                "service_name": "twitter",
                "service_url": "https:\/\/twitter.com\/",
                "id": 1
            }
        ],
        "type": "message",
        "subtype": "bot_message",
        "ts": "1429500122.000101"
    },
    {
        "bot_id": "B04FD5HLZ",
        "attachments": [
            {
                "fallback": "<https:\/\/twitter.com\/SuRAJ_iMAX|@SuRAJ_iMAX>: <https:\/\/twitter.com\/DashBerlin|@DashBerlin> Sell your Albums to Direct ur audience without losing any $$$ on 3rd Party. Join Unique Social network <https:\/\/twitter.com\/Synereo|@Synereo>  #SynereoHunt",
                "author_name": "SURAJ PATEL",
                "author_link": "https:\/\/twitter.com\/SuRAJ_iMAX\/status\/589999659042545665",
                "author_icon": "https:\/\/pbs.twimg.com\/profile_images\/589729270022307840\/PCbIRgbu_normal.jpg",
                "author_subname": "@SuRAJ_iMAX",
                "pretext": "<https:\/\/twitter.com\/SuRAJ_iMAX\/status\/589999659042545665>",
                "text": "<https:\/\/twitter.com\/DashBerlin|@DashBerlin> Sell your Albums to Direct ur audience without losing any $$$ on 3rd Party. Join Unique Social network <https:\/\/twitter.com\/Synereo|@Synereo>  #SynereoHunt",
                "service_name": "twitter",
                "service_url": "https:\/\/twitter.com\/",
                "id": 1
            }
        ],
        "type": "message",
        "subtype": "bot_message",
        "ts": "1429501855.000102"
    },
    {
        "bot_id": "B04FD5HLZ",
        "attachments": [
            {
                "fallback": "<https:\/\/twitter.com\/CryptoSavvy|@CryptoSavvy>: <https:\/\/twitter.com\/Synereo|@Synereo>  #SyenereoMeme (chatting about synereo) <https:\/\/pbs.twimg.com\/media\/CDAbdpYVEAEmsr3.jpg>",
                "author_name": "CryptoSavvy",
                "author_link": "https:\/\/twitter.com\/CryptoSavvy\/status\/590001749127081984",
                "author_icon": "https:\/\/pbs.twimg.com\/profile_images\/589800300606664704\/oZIA9ixV_normal.png",
                "author_subname": "@CryptoSavvy",
                "pretext": "<https:\/\/twitter.com\/CryptoSavvy\/status\/590001749127081984>",
                "text": "<https:\/\/twitter.com\/Synereo|@Synereo>  #SyenereoMeme (chatting about synereo) <https:\/\/pbs.twimg.com\/media\/CDAbdpYVEAEmsr3.jpg>",
                "service_name": "twitter",
                "service_url": "https:\/\/twitter.com\/",
                "image_url": "https:\/\/pbs.twimg.com\/media\/CDAbdpYVEAEmsr3.jpg",
                "image_width": 600,
                "image_height": 404,
                "image_bytes": 45012,
                "id": 1
            }
        ],
        "type": "message",
        "subtype": "bot_message",
        "ts": "1429502353.000103"
    },
    {
        "bot_id": "B04FD5HLZ",
        "attachments": [
            {
                "fallback": "<https:\/\/twitter.com\/SuRAJ_iMAX|@SuRAJ_iMAX>: albert einstein's Imagination <https:\/\/twitter.com\/Synereo|@Synereo> #SyenereoMeme (Imagination) <https:\/\/pbs.twimg.com\/media\/CDAd8zsVIAAEfbd.jpg>",
                "author_name": "SURAJ PATEL",
                "author_link": "https:\/\/twitter.com\/SuRAJ_iMAX\/status\/590004483372949506",
                "author_icon": "https:\/\/pbs.twimg.com\/profile_images\/589729270022307840\/PCbIRgbu_normal.jpg",
                "author_subname": "@SuRAJ_iMAX",
                "pretext": "<https:\/\/twitter.com\/SuRAJ_iMAX\/status\/590004483372949506>",
                "text": "albert einstein's Imagination <https:\/\/twitter.com\/Synereo|@Synereo> #SyenereoMeme (Imagination) <https:\/\/pbs.twimg.com\/media\/CDAd8zsVIAAEfbd.jpg>",
                "service_name": "twitter",
                "service_url": "https:\/\/twitter.com\/",
                "image_url": "https:\/\/pbs.twimg.com\/media\/CDAd8zsVIAAEfbd.jpg",
                "image_width": 600,
                "image_height": 763,
                "image_bytes": 64543,
                "id": 1
            }
        ],
        "type": "message",
        "subtype": "bot_message",
        "ts": "1429503005.000104"
    },
    {
        "bot_id": "B04FD5HLZ",
        "attachments": [
            {
                "fallback": "<https:\/\/twitter.com\/Theo_Bliss|@Theo_Bliss>: <https:\/\/twitter.com\/Synereo|@Synereo> Freedom Personal Data #SyenereoMeme (Rule #101) <https:\/\/pbs.twimg.com\/media\/CDAkFqrUUAIut4b.jpg>",
                "author_name": "Theo \u0e3fliss",
                "author_link": "https:\/\/twitter.com\/Theo_Bliss\/status\/590011232679133184",
                "author_icon": "https:\/\/pbs.twimg.com\/profile_images\/568636654286434304\/zjQP0Xn0_normal.jpeg",
                "author_subname": "@Theo_Bliss",
                "pretext": "<https:\/\/twitter.com\/Theo_Bliss\/status\/590011232679133184>",
                "text": "<https:\/\/twitter.com\/Synereo|@Synereo> Freedom Personal Data #SyenereoMeme (Rule #101) <https:\/\/pbs.twimg.com\/media\/CDAkFqrUUAIut4b.jpg>",
                "service_name": "twitter",
                "service_url": "https:\/\/twitter.com\/",
                "image_url": "https:\/\/pbs.twimg.com\/media\/CDAkFqrUUAIut4b.jpg",
                "image_width": 600,
                "image_height": 459,
                "image_bytes": 40687,
                "id": 1
            }
        ],
        "type": "message",
        "subtype": "bot_message",
        "ts": "1429504615.000105"
    },
    {
        "bot_id": "B04FD5HLZ",
        "attachments": [
            {
                "fallback": "<https:\/\/twitter.com\/Theo_Bliss|@Theo_Bliss>: If you care about your  privacy , you can use  <https:\/\/twitter.com\/Synereo|@Synereo> #SyenereoMeme (privacy) <https:\/\/pbs.twimg.com\/media\/CDArKL9UkAAaSLJ.jpg>",
                "author_name": "Theo \u0e3fliss",
                "author_link": "https:\/\/twitter.com\/Theo_Bliss\/status\/590019007001993216",
                "author_icon": "https:\/\/pbs.twimg.com\/profile_images\/568636654286434304\/zjQP0Xn0_normal.jpeg",
                "author_subname": "@Theo_Bliss",
                "pretext": "<https:\/\/twitter.com\/Theo_Bliss\/status\/590019007001993216>",
                "text": "If you care about your  privacy , you can use  <https:\/\/twitter.com\/Synereo|@Synereo> #SyenereoMeme (privacy) <https:\/\/pbs.twimg.com\/media\/CDArKL9UkAAaSLJ.jpg>",
                "service_name": "twitter",
                "service_url": "https:\/\/twitter.com\/",
                "image_url": "https:\/\/pbs.twimg.com\/media\/CDArKL9UkAAaSLJ.jpg",
                "image_width": 600,
                "image_height": 449,
                "image_bytes": 27646,
                "id": 1
            }
        ],
        "type": "message",
        "subtype": "bot_message",
        "ts": "1429506468.000106"
    },
    {
        "bot_id": "B04FD5HLZ",
        "attachments": [
            {
                "fallback": "<https:\/\/twitter.com\/CryptoSavvy|@CryptoSavvy>: You want your privacy, I say Use <https:\/\/twitter.com\/Synereo|@Synereo> #SyenereoMeme (want privacy) <https:\/\/pbs.twimg.com\/media\/CDAtcK2UgAAoo2R.jpg>",
                "author_name": "CryptoSavvy",
                "author_link": "https:\/\/twitter.com\/CryptoSavvy\/status\/590021519864016897",
                "author_icon": "https:\/\/pbs.twimg.com\/profile_images\/589800300606664704\/oZIA9ixV_normal.png",
                "author_subname": "@CryptoSavvy",
                "pretext": "<https:\/\/twitter.com\/CryptoSavvy\/status\/590021519864016897>",
                "text": "You want your privacy, I say Use <https:\/\/twitter.com\/Synereo|@Synereo> #SyenereoMeme (want privacy) <https:\/\/pbs.twimg.com\/media\/CDAtcK2UgAAoo2R.jpg>",
                "service_name": "twitter",
                "service_url": "https:\/\/twitter.com\/",
                "image_url": "https:\/\/pbs.twimg.com\/media\/CDAtcK2UgAAoo2R.jpg",
                "image_width": 500,
                "image_height": 500,
                "image_bytes": 42661,
                "id": 1
            }
        ],
        "type": "message",
        "subtype": "bot_message",
        "ts": "1429507067.000107"
    },
    {
        "bot_id": "B04FD5HLZ",
        "attachments": [
            {
                "fallback": "<https:\/\/twitter.com\/CoinPursuit|@CoinPursuit>: <https:\/\/twitter.com\/factom|@factom> Announces Partnership With <https:\/\/twitter.com\/Synereo|@Synereo> \n<http:\/\/tinyurl.com\/mzt68p2> #slicefeeds <https:\/\/pbs.twimg.com\/media\/CDA3lDHUEAAqGJn.jpg>",
                "author_name": "Coin Pursuit",
                "author_link": "https:\/\/twitter.com\/CoinPursuit\/status\/590032662380711937",
                "author_icon": "https:\/\/pbs.twimg.com\/profile_images\/413900611478777856\/KiYiBMLe_normal.png",
                "author_subname": "@CoinPursuit",
                "pretext": "<https:\/\/twitter.com\/CoinPursuit\/status\/590032662380711937>",
                "text": "<https:\/\/twitter.com\/factom|@factom> Announces Partnership With <https:\/\/twitter.com\/Synereo|@Synereo> \n<http:\/\/tinyurl.com\/mzt68p2> #slicefeeds <https:\/\/pbs.twimg.com\/media\/CDA3lDHUEAAqGJn.jpg>",
                "service_name": "twitter",
                "service_url": "https:\/\/twitter.com\/",
                "image_url": "https:\/\/pbs.twimg.com\/media\/CDA3lDHUEAAqGJn.jpg",
                "image_width": 300,
                "image_height": 148,
                "image_bytes": 3015,
                "id": 1
            }
        ],
        "type": "message",
        "subtype": "bot_message",
        "ts": "1429509724.000108"
    },
    {
        "bot_id": "B04FD5HLZ",
        "attachments": [
            {
                "fallback": "<https:\/\/twitter.com\/MladenKn|@MladenKn>: <https:\/\/twitter.com\/Synereo|@Synereo> is a social platform owned by the people who use it. #SynereoOps #bitcoin  crowdsale only 2 more days",
                "author_name": "Mladen Knezevic",
                "author_link": "https:\/\/twitter.com\/MladenKn\/status\/590045338041511936",
                "author_icon": "https:\/\/abs.twimg.com\/sticky\/default_profile_images\/default_profile_3_normal.png",
                "author_subname": "@MladenKn",
                "pretext": "<https:\/\/twitter.com\/MladenKn\/status\/590045338041511936>",
                "text": "<https:\/\/twitter.com\/Synereo|@Synereo> is a social platform owned by the people who use it. #SynereoOps #bitcoin  crowdsale only 2 more days",
                "service_name": "twitter",
                "service_url": "https:\/\/twitter.com\/",
                "id": 1
            }
        ],
        "type": "message",
        "subtype": "bot_message",
        "ts": "1429512745.000109"
    },
    {
        "bot_id": "B04FD5HLZ",
        "attachments": [
            {
                "fallback": "<https:\/\/twitter.com\/MladenKn|@MladenKn>: Facebook -bye bye <https:\/\/twitter.com\/Synereo|@Synereo> -  decentralized social networks \u2013 privacy, data protection and more... all in one  #SynereoOps  #bitcoin",
                "author_name": "Mladen Knezevic",
                "author_link": "https:\/\/twitter.com\/MladenKn\/status\/590046048799825920",
                "author_icon": "https:\/\/abs.twimg.com\/sticky\/default_profile_images\/default_profile_3_normal.png",
                "author_subname": "@MladenKn",
                "pretext": "<https:\/\/twitter.com\/MladenKn\/status\/590046048799825920>",
                "text": "Facebook -bye bye <https:\/\/twitter.com\/Synereo|@Synereo> -  decentralized social networks \u2013 privacy, data protection and more... all in one  #SynereoOps  #bitcoin",
                "service_name": "twitter",
                "service_url": "https:\/\/twitter.com\/",
                "id": 1
            }
        ],
        "type": "message",
        "subtype": "bot_message",
        "ts": "1429512918.000110"
    }
]