[
    {
        "bot_id": "B04FD5HLZ",
        "attachments": [
            {
                "fallback": "<https:\/\/twitter.com\/kor3shan|@kor3shan>: Thanks <https:\/\/twitter.com\/Synereo|@Synereo> :) <https:\/\/twitter.com\/synereo\/status\/596274653842255872>",
                "author_name": "Crypto_Singularity",
                "author_link": "https:\/\/twitter.com\/kor3shan\/status\/596580465135493120",
                "author_icon": "https:\/\/pbs.twimg.com\/profile_images\/569838558920577024\/VR3hCEYj_normal.jpeg",
                "author_subname": "@kor3shan",
                "pretext": "<https:\/\/twitter.com\/kor3shan\/status\/596580465135493120>",
                "text": "Thanks <https:\/\/twitter.com\/Synereo|@Synereo> :) <https:\/\/twitter.com\/synereo\/status\/596274653842255872>",
                "service_name": "twitter",
                "service_url": "https:\/\/twitter.com\/",
                "id": 1
            }
        ],
        "type": "message",
        "subtype": "bot_message",
        "ts": "1431070841.000004"
    }
]