[
    {
        "bot_id": "B04FD5HLZ",
        "attachments": [
            {
                "fallback": "<https:\/\/twitter.com\/kor3shan|@kor3shan>: <https:\/\/twitter.com\/Synereo|@Synereo> Re: growing community, I agree with Patrick. I was thinking synereo would be a great place for teachers to talk about lesson plans.",
                "author_name": "Dynamic_Mantra",
                "author_link": "https:\/\/twitter.com\/kor3shan\/status\/679352290860539904",
                "author_icon": "https:\/\/pbs.twimg.com\/profile_images\/677599940206555141\/jrDvhYcG_normal.jpg",
                "author_subname": "@kor3shan",
                "pretext": "<https:\/\/twitter.com\/kor3shan\/status\/679352290860539904>",
                "text": "<https:\/\/twitter.com\/Synereo|@Synereo> Re: growing community, I agree with Patrick. I was thinking synereo would be a great place for teachers to talk about lesson plans.",
                "service_name": "twitter",
                "service_url": "https:\/\/twitter.com\/",
                "id": 1
            }
        ],
        "type": "message",
        "subtype": "bot_message",
        "ts": "1450805182.000091"
    }
]