[
    {
        "bot_id": "B04FD5HLZ",
        "attachments": [
            {
                "fallback": "<https:\/\/twitter.com\/Synereo|@Synereo>: We are thrilled to announce that <https:\/\/twitter.com\/Synereo|@Synereo>\u2019s AMP token is now supported on <https:\/\/twitter.com\/CryptoCurrEncyX|@CryptoCurrEncyX> <https:\/\/c-cex.com\/?p=amp-btc> #bitcoin #social #startup",
                "author_name": "Synereo",
                "author_link": "https:\/\/twitter.com\/Synereo\/status\/661547861151100928",
                "author_icon": "https:\/\/pbs.twimg.com\/profile_images\/522790259789025280\/FKRuSK66_normal.png",
                "author_subname": "@Synereo",
                "pretext": "<https:\/\/twitter.com\/Synereo\/status\/661547861151100928>",
                "text": "We are thrilled to announce that <https:\/\/twitter.com\/Synereo|@Synereo>\u2019s AMP token is now supported on <https:\/\/twitter.com\/CryptoCurrEncyX|@CryptoCurrEncyX> <https:\/\/c-cex.com\/?p=amp-btc> #bitcoin #social #startup",
                "service_name": "twitter",
                "service_url": "https:\/\/twitter.com\/",
                "id": 1
            }
        ],
        "type": "message",
        "subtype": "bot_message",
        "ts": "1446560275.000033"
    },
    {
        "bot_id": "B04FD5HLZ",
        "attachments": [
            {
                "fallback": "<https:\/\/twitter.com\/Synereo|@Synereo>: The <https:\/\/twitter.com\/Synereo|@Synereo> AMP Token has been listed on <https:\/\/twitter.com\/BittrexExchange|@BittrexExchange> today. <https:\/\/www.bittrex.com\/Market\/Index?MarketName=BTC-AMP> #social #bitcoin #startup <https:\/\/pbs.twimg.com\/media\/CS7dyoRWwAAUH5z.png>",
                "author_name": "Synereo",
                "author_link": "https:\/\/twitter.com\/Synereo\/status\/661710279399616513",
                "author_icon": "https:\/\/pbs.twimg.com\/profile_images\/522790259789025280\/FKRuSK66_normal.png",
                "author_subname": "@Synereo",
                "pretext": "<https:\/\/twitter.com\/Synereo\/status\/661710279399616513>",
                "text": "The <https:\/\/twitter.com\/Synereo|@Synereo> AMP Token has been listed on <https:\/\/twitter.com\/BittrexExchange|@BittrexExchange> today. <https:\/\/www.bittrex.com\/Market\/Index?MarketName=BTC-AMP> #social #bitcoin #startup <https:\/\/pbs.twimg.com\/media\/CS7dyoRWwAAUH5z.png>",
                "service_name": "twitter",
                "service_url": "https:\/\/twitter.com\/",
                "image_url": "https:\/\/pbs.twimg.com\/media\/CS7dyoRWwAAUH5z.png",
                "image_width": 111,
                "image_height": 111,
                "image_bytes": 9177,
                "id": 1
            }
        ],
        "type": "message",
        "subtype": "bot_message",
        "ts": "1446598999.000034"
    }
]