[
    {
        "bot_id": "B04FD5HLZ",
        "attachments": [
            {
                "fallback": "<https:\/\/twitter.com\/BSMorley|@BSMorley>: Think Facebook, Twitter and Google are unassailable in their dominance? Perhaps not <http:\/\/www.synereo.com\/> #Disruptors <https:\/\/twitter.com\/Synereo|@Synereo>",
                "author_name": "Ben Morley",
                "author_link": "https:\/\/twitter.com\/BSMorley\/status\/678913390736224256",
                "author_icon": "https:\/\/pbs.twimg.com\/profile_images\/656773787371876352\/Uf2tltmX_normal.jpg",
                "author_subname": "@BSMorley",
                "pretext": "<https:\/\/twitter.com\/BSMorley\/status\/678913390736224256>",
                "text": "Think Facebook, Twitter and Google are unassailable in their dominance? Perhaps not <http:\/\/www.synereo.com\/> #Disruptors <https:\/\/twitter.com\/Synereo|@Synereo>",
                "service_name": "twitter",
                "service_url": "https:\/\/twitter.com\/",
                "id": 1
            }
        ],
        "type": "message",
        "subtype": "bot_message",
        "ts": "1450700540.000090"
    }
]