[
    {
        "bot_id": "B04FD5HLZ",
        "attachments": [
            {
                "fallback": "<https:\/\/twitter.com\/EdEykholt|@EdEykholt>: <https:\/\/twitter.com\/LivelyGig|@LivelyGig>'s strategy of connecting freelancers and clients via the close-knit network <https:\/\/twitter.com\/Synereo|@Synereo> appears to resonate. <https:\/\/twitter.com\/freelancersu\/status\/618481894863282176>",
                "author_name": "Ed Eykholt",
                "author_link": "https:\/\/twitter.com\/EdEykholt\/status\/618485517307375616",
                "author_icon": "https:\/\/pbs.twimg.com\/profile_images\/1165648483\/business_card_normal.jpg",
                "author_subname": "@EdEykholt",
                "pretext": "<https:\/\/twitter.com\/EdEykholt\/status\/618485517307375616>",
                "text": "<https:\/\/twitter.com\/LivelyGig|@LivelyGig>'s strategy of connecting freelancers and clients via the close-knit network <https:\/\/twitter.com\/Synereo|@Synereo> appears to resonate. <https:\/\/twitter.com\/freelancersu\/status\/618481894863282176>",
                "service_name": "twitter",
                "service_url": "https:\/\/twitter.com\/",
                "id": 1,
                "footer": "Retweeted by <https:\/\/twitter.com\/Synereo\/status\/618698208605249536|@Synereo>"
            }
        ],
        "type": "message",
        "subtype": "bot_message",
        "ts": "1436344122.000087"
    },
    {
        "bot_id": "B04FD5HLZ",
        "attachments": [
            {
                "fallback": "<https:\/\/twitter.com\/Synereo|@Synereo>: Join the <https:\/\/twitter.com\/Synereo|@Synereo> Community Hangout TODAY at 19 UTC for the latest news and updates from the team. <https:\/\/plus.google.com\/u\/0\/b\/109002904706315055045\/events\/csqs1nhocr94lbo2h7n9ob0o71s> #bitcoin #fintech",
                "author_name": "Synereo",
                "author_link": "https:\/\/twitter.com\/Synereo\/status\/618763923572039680",
                "author_icon": "https:\/\/pbs.twimg.com\/profile_images\/522790259789025280\/FKRuSK66_normal.png",
                "author_subname": "@Synereo",
                "pretext": "<https:\/\/twitter.com\/Synereo\/status\/618763923572039680>",
                "text": "Join the <https:\/\/twitter.com\/Synereo|@Synereo> Community Hangout TODAY at 19 UTC for the latest news and updates from the team. <https:\/\/plus.google.com\/u\/0\/b\/109002904706315055045\/events\/csqs1nhocr94lbo2h7n9ob0o71s> #bitcoin #fintech",
                "service_name": "twitter",
                "service_url": "https:\/\/twitter.com\/",
                "id": 1
            }
        ],
        "type": "message",
        "subtype": "bot_message",
        "ts": "1436359790.000088"
    },
    {
        "bot_id": "B04FD5HLZ",
        "attachments": [
            {
                "fallback": "<https:\/\/twitter.com\/Synereo|@Synereo>: The <https:\/\/twitter.com\/Synereo|@Synereo> Community Hangout is LIVE RIGHT NOW join the team for the latest news and updates. <https:\/\/plus.google.com\/u\/0\/b\/109002904706315055045\/events\/csqs1nhocr94lbo2h7n9ob0o71s> #bitcoin #fintech",
                "author_name": "Synereo",
                "author_link": "https:\/\/twitter.com\/Synereo\/status\/618843267040346114",
                "author_icon": "https:\/\/pbs.twimg.com\/profile_images\/522790259789025280\/FKRuSK66_normal.png",
                "author_subname": "@Synereo",
                "pretext": "<https:\/\/twitter.com\/Synereo\/status\/618843267040346114>",
                "text": "The <https:\/\/twitter.com\/Synereo|@Synereo> Community Hangout is LIVE RIGHT NOW join the team for the latest news and updates. <https:\/\/plus.google.com\/u\/0\/b\/109002904706315055045\/events\/csqs1nhocr94lbo2h7n9ob0o71s> #bitcoin #fintech",
                "service_name": "twitter",
                "service_url": "https:\/\/twitter.com\/",
                "id": 1
            }
        ],
        "type": "message",
        "subtype": "bot_message",
        "ts": "1436378707.000089"
    }
]