[
    {
        "type": "message",
        "user": "U048X85UT",
        "text": "hangout tweet?",
        "ts": "1450292488.000080"
    },
    {
        "bot_id": "B04FD5HLZ",
        "attachments": [
            {
                "fallback": "<https:\/\/twitter.com\/Synereo|@Synereo>: We're live now! On <https:\/\/twitter.com\/Synereo|@Synereo>'s weekly community hangout. Come hear updates straight from the horse's mouth. <http:\/\/tinyurl.com\/j775lph>",
                "author_name": "Synereo",
                "author_link": "https:\/\/twitter.com\/Synereo\/status\/677205767649406976",
                "author_icon": "https:\/\/pbs.twimg.com\/profile_images\/522790259789025280\/FKRuSK66_normal.png",
                "author_subname": "@Synereo",
                "pretext": "<https:\/\/twitter.com\/Synereo\/status\/677205767649406976>",
                "text": "We're live now! On <https:\/\/twitter.com\/Synereo|@Synereo>'s weekly community hangout. Come hear updates straight from the horse's mouth. <http:\/\/tinyurl.com\/j775lph>",
                "service_name": "twitter",
                "service_url": "https:\/\/twitter.com\/",
                "id": 1
            }
        ],
        "type": "message",
        "subtype": "bot_message",
        "ts": "1450293411.000081"
    },
    {
        "bot_id": "B04FD5HLZ",
        "attachments": [
            {
                "fallback": "<https:\/\/twitter.com\/kor3shan|@kor3shan>: Great seeing <https:\/\/twitter.com\/Synereo|@Synereo> on <https:\/\/twitter.com\/CoinMKTCap|@CoinMKTCap> . Also very impressed with that Devcon 1 presentation on #scalability",
                "author_name": "Dynamic_Mantra",
                "author_link": "https:\/\/twitter.com\/kor3shan\/status\/677383512517910529",
                "author_icon": "https:\/\/pbs.twimg.com\/profile_images\/670859712250949632\/ojWALK91_normal.jpg",
                "author_subname": "@kor3shan",
                "pretext": "<https:\/\/twitter.com\/kor3shan\/status\/677383512517910529>",
                "text": "Great seeing <https:\/\/twitter.com\/Synereo|@Synereo> on <https:\/\/twitter.com\/CoinMKTCap|@CoinMKTCap> . Also very impressed with that Devcon 1 presentation on #scalability",
                "service_name": "twitter",
                "service_url": "https:\/\/twitter.com\/",
                "id": 1
            }
        ],
        "type": "message",
        "subtype": "bot_message",
        "ts": "1450335789.000082"
    }
]