[
    {
        "bot_id": "B04FD5HLZ",
        "attachments": [
            {
                "fallback": "<https:\/\/twitter.com\/BandofLight|@BandofLight>: <https:\/\/twitter.com\/dlevy2013|@dlevy2013> <https:\/\/twitter.com\/Synereo|@Synereo> looking forward to checking it out! I say Yes to healthy alternatives to the current model :)",
                "author_name": "Elijah Ray",
                "author_link": "https:\/\/twitter.com\/BandofLight\/status\/677854902945579008",
                "author_icon": "https:\/\/pbs.twimg.com\/profile_images\/586094721673469954\/lZfVkq5i_normal.jpg",
                "author_subname": "@BandofLight",
                "pretext": "<https:\/\/twitter.com\/BandofLight\/status\/677854902945579008>",
                "text": "<https:\/\/twitter.com\/dlevy2013|@dlevy2013> <https:\/\/twitter.com\/Synereo|@Synereo> looking forward to checking it out! I say Yes to healthy alternatives to the current model :)",
                "service_name": "twitter",
                "service_url": "https:\/\/twitter.com\/",
                "id": 1
            }
        ],
        "type": "message",
        "subtype": "bot_message",
        "ts": "1450448177.000085"
    },
    {
        "bot_id": "B04FD5HLZ",
        "attachments": [
            {
                "fallback": "<https:\/\/twitter.com\/matslats|@matslats>: <http:\/\/minds.com> now boasts over 1,000,000 alpha users. Too many <https:\/\/twitter.com\/facebook|@facebook> competitors? #divideandconquer <https:\/\/twitter.com\/Synereo|@Synereo> <https:\/\/twitter.com\/hylolabs|@hylolabs> <https:\/\/twitter.com\/aral|@aral>",
                "author_name": "Matthew Slater",
                "author_link": "https:\/\/twitter.com\/matslats\/status\/678036103933255681",
                "author_icon": "https:\/\/pbs.twimg.com\/profile_images\/460106523025240064\/eTJZ4KsT_normal.jpeg",
                "author_subname": "@matslats",
                "pretext": "<https:\/\/twitter.com\/matslats\/status\/678036103933255681>",
                "text": "<http:\/\/minds.com> now boasts over 1,000,000 alpha users. Too many <https:\/\/twitter.com\/facebook|@facebook> competitors? #divideandconquer <https:\/\/twitter.com\/Synereo|@Synereo> <https:\/\/twitter.com\/hylolabs|@hylolabs> <https:\/\/twitter.com\/aral|@aral>",
                "service_name": "twitter",
                "service_url": "https:\/\/twitter.com\/",
                "id": 1
            }
        ],
        "type": "message",
        "subtype": "bot_message",
        "ts": "1450491379.000086"
    }
]