[
    {
        "bot_id": "B04FD5HLZ",
        "attachments": [
            {
                "fallback": "<https:\/\/twitter.com\/bruno82ricardo|@bruno82ricardo>: <https:\/\/twitter.com\/Synereo|@Synereo>: <http:\/\/wiki.asrg.sp.am\/wiki\/Attention_bonds>",
                "author_name": "Bruno R Ferreira",
                "author_link": "https:\/\/twitter.com\/bruno82ricardo\/status\/645784556440821760",
                "author_icon": "https:\/\/pbs.twimg.com\/profile_images\/644534894606069760\/mcHVnEAa_normal.jpg",
                "author_subname": "@bruno82ricardo",
                "pretext": "<https:\/\/twitter.com\/bruno82ricardo\/status\/645784556440821760>",
                "text": "<https:\/\/twitter.com\/Synereo|@Synereo>: <http:\/\/wiki.asrg.sp.am\/wiki\/Attention_bonds>",
                "service_name": "twitter",
                "service_url": "https:\/\/twitter.com\/",
                "id": 1
            }
        ],
        "type": "message",
        "subtype": "bot_message",
        "ts": "1442802011.000009"
    }
]