[
    {
        "bot_id": "B04FD5HLZ",
        "attachments": [
            {
                "fallback": "<https:\/\/twitter.com\/provensecure|@provensecure>: <https:\/\/twitter.com\/FreeTrustOrg|@FreeTrustOrg> <https:\/\/twitter.com\/eris_ltd|@eris_ltd> <https:\/\/twitter.com\/Synereo|@Synereo> Don't forget #IDentity #Privacy &amp; #Trust",
                "author_name": "ProvenSecure",
                "author_link": "https:\/\/twitter.com\/provensecure\/status\/616662784923815936",
                "author_icon": "https:\/\/pbs.twimg.com\/profile_images\/557573566481186817\/H3j021y-_normal.jpeg",
                "author_subname": "@provensecure",
                "pretext": "<https:\/\/twitter.com\/provensecure\/status\/616662784923815936>",
                "text": "<https:\/\/twitter.com\/FreeTrustOrg|@FreeTrustOrg> <https:\/\/twitter.com\/eris_ltd|@eris_ltd> <https:\/\/twitter.com\/Synereo|@Synereo> Don't forget #IDentity #Privacy &amp; #Trust",
                "service_name": "twitter",
                "service_url": "https:\/\/twitter.com\/",
                "id": 1
            }
        ],
        "type": "message",
        "subtype": "bot_message",
        "ts": "1435858839.000079"
    },
    {
        "bot_id": "B04FD5HLZ",
        "attachments": [
            {
                "fallback": "<https:\/\/twitter.com\/CaterinaRindi|@CaterinaRindi>: I don't use them much, actually <https:\/\/twitter.com\/Hollywood_Dave|@Hollywood_Dave>. Have heard positive things about <https:\/\/twitter.com\/Synereo|@Synereo>. <http:\/\/twitter.com\/Hollywood_Dave\/status\/616433036263960576>",
                "author_name": "Caterina Rindi",
                "author_link": "https:\/\/twitter.com\/CaterinaRindi\/status\/616765591819546624",
                "author_icon": "https:\/\/pbs.twimg.com\/profile_images\/516695685358288896\/1y_YGVD0_normal.jpeg",
                "author_subname": "@CaterinaRindi",
                "pretext": "<https:\/\/twitter.com\/CaterinaRindi\/status\/616765591819546624>",
                "text": "I don't use them much, actually <https:\/\/twitter.com\/Hollywood_Dave|@Hollywood_Dave>. Have heard positive things about <https:\/\/twitter.com\/Synereo|@Synereo>. <http:\/\/twitter.com\/Hollywood_Dave\/status\/616433036263960576>",
                "service_name": "twitter",
                "service_url": "https:\/\/twitter.com\/",
                "id": 1
            }
        ],
        "type": "message",
        "subtype": "bot_message",
        "ts": "1435883350.000080"
    },
    {
        "bot_id": "B04FD5HLZ",
        "attachments": [
            {
                "fallback": "<https:\/\/twitter.com\/allenscottCT|@allenscottCT>: 5 Don\u2019ts for #Bitcoin #Startups <https:\/\/twitter.com\/CCEDK_|@CCEDK_> <https:\/\/twitter.com\/BankToTheFuture|@BankToTheFuture> <https:\/\/twitter.com\/Synereo|@Synereo> <https:\/\/twitter.com\/RibbitRewards|@RibbitRewards> #entrepreneur #btc #blockchain <http:\/\/cointelegraph.com\/news\/114731\/5-donts-for-bitcoin-startups>",
                "author_name": "allenscott",
                "author_link": "https:\/\/twitter.com\/allenscottCT\/status\/616831342786035713",
                "author_icon": "https:\/\/pbs.twimg.com\/profile_images\/466576925020794880\/JWBBlyoe_normal.png",
                "author_subname": "@allenscottCT",
                "pretext": "<https:\/\/twitter.com\/allenscottCT\/status\/616831342786035713>",
                "text": "5 Don\u2019ts for #Bitcoin #Startups <https:\/\/twitter.com\/CCEDK_|@CCEDK_> <https:\/\/twitter.com\/BankToTheFuture|@BankToTheFuture> <https:\/\/twitter.com\/Synereo|@Synereo> <https:\/\/twitter.com\/RibbitRewards|@RibbitRewards> #entrepreneur #btc #blockchain <http:\/\/cointelegraph.com\/news\/114731\/5-donts-for-bitcoin-startups>",
                "service_name": "twitter",
                "service_url": "https:\/\/twitter.com\/",
                "id": 1
            }
        ],
        "type": "message",
        "subtype": "bot_message",
        "ts": "1435899027.000081"
    }
]