[
    {
        "bot_id": "B04FD5HLZ",
        "attachments": [
            {
                "fallback": "<https:\/\/twitter.com\/Synereo|@Synereo>: The <https:\/\/twitter.com\/Synereo|@Synereo> Community Hangout is TODAY at 19 GMT. Join the team for the latest news and updates. <https:\/\/plus.google.com\/u\/0\/b\/109002904706315055045\/events\/c5f0omq48v9mp0v9g50s2u0skus> #bitcoin #fintech",
                "author_name": "Synereo",
                "author_link": "https:\/\/twitter.com\/Synereo\/status\/631435021698478080",
                "author_icon": "https:\/\/pbs.twimg.com\/profile_images\/522790259789025280\/FKRuSK66_normal.png",
                "author_subname": "@Synereo",
                "pretext": "<https:\/\/twitter.com\/Synereo\/status\/631435021698478080>",
                "text": "The <https:\/\/twitter.com\/Synereo|@Synereo> Community Hangout is TODAY at 19 GMT. Join the team for the latest news and updates. <https:\/\/plus.google.com\/u\/0\/b\/109002904706315055045\/events\/c5f0omq48v9mp0v9g50s2u0skus> #bitcoin #fintech",
                "service_name": "twitter",
                "service_url": "https:\/\/twitter.com\/",
                "id": 1
            }
        ],
        "type": "message",
        "subtype": "bot_message",
        "ts": "1439380815.000032"
    },
    {
        "bot_id": "B04FD5HLZ",
        "attachments": [
            {
                "fallback": "<https:\/\/twitter.com\/Synereo|@Synereo>: The top 5 things you can do with <https:\/\/twitter.com\/Synereo|@Synereo> NOW. Find more about it on our blog: <http:\/\/blog.synereo.com\/2015\/08\/12\/top-5-things-you-can-do-with-synereo-now\/> #bitcoin #fintech #social #startup",
                "author_name": "Synereo",
                "author_link": "https:\/\/twitter.com\/Synereo\/status\/631484169923764224",
                "author_icon": "https:\/\/pbs.twimg.com\/profile_images\/522790259789025280\/FKRuSK66_normal.png",
                "author_subname": "@Synereo",
                "pretext": "<https:\/\/twitter.com\/Synereo\/status\/631484169923764224>",
                "text": "The top 5 things you can do with <https:\/\/twitter.com\/Synereo|@Synereo> NOW. Find more about it on our blog: <http:\/\/blog.synereo.com\/2015\/08\/12\/top-5-things-you-can-do-with-synereo-now\/> #bitcoin #fintech #social #startup",
                "service_name": "twitter",
                "service_url": "https:\/\/twitter.com\/",
                "id": 1
            }
        ],
        "type": "message",
        "subtype": "bot_message",
        "ts": "1439392533.000033"
    },
    {
        "bot_id": "B04FD5HLZ",
        "attachments": [
            {
                "fallback": "<https:\/\/twitter.com\/GinaGrantfirst|@GinaGrantfirst>: <https:\/\/twitter.com\/denroyal|@denroyal> You may like the most popular tech articles <http:\/\/www.timelypick.com\/tech> four hourly updated <https:\/\/twitter.com\/nschipper|@nschipper> <https:\/\/twitter.com\/Synereo|@Synereo>",
                "author_name": "Gina Grant",
                "author_link": "https:\/\/twitter.com\/GinaGrantfirst\/status\/631526270162051072",
                "author_icon": "https:\/\/pbs.twimg.com\/profile_images\/596257822934859776\/vTz7n-Rg_normal.png",
                "author_subname": "@GinaGrantfirst",
                "pretext": "<https:\/\/twitter.com\/GinaGrantfirst\/status\/631526270162051072>",
                "text": "<https:\/\/twitter.com\/denroyal|@denroyal> You may like the most popular tech articles <http:\/\/www.timelypick.com\/tech> four hourly updated <https:\/\/twitter.com\/nschipper|@nschipper> <https:\/\/twitter.com\/Synereo|@Synereo>",
                "service_name": "twitter",
                "service_url": "https:\/\/twitter.com\/",
                "id": 1
            }
        ],
        "type": "message",
        "subtype": "bot_message",
        "ts": "1439402571.000034"
    },
    {
        "bot_id": "B04FD5HLZ",
        "attachments": [
            {
                "fallback": "<https:\/\/twitter.com\/Synereo|@Synereo>: LIVE RIGHT NOW! <https:\/\/twitter.com\/Synereo|@Synereo> Community Hangout. Join the team for the latest news and updates. <https:\/\/plus.google.com\/u\/0\/b\/109002904706315055045\/events\/c5f0omq48v9mp0v9g50s2u0skus> #bitcoin #fintech #social",
                "author_name": "Synereo",
                "author_link": "https:\/\/twitter.com\/Synereo\/status\/631528118335836160",
                "author_icon": "https:\/\/pbs.twimg.com\/profile_images\/522790259789025280\/FKRuSK66_normal.png",
                "author_subname": "@Synereo",
                "pretext": "<https:\/\/twitter.com\/Synereo\/status\/631528118335836160>",
                "text": "LIVE RIGHT NOW! <https:\/\/twitter.com\/Synereo|@Synereo> Community Hangout. Join the team for the latest news and updates. <https:\/\/plus.google.com\/u\/0\/b\/109002904706315055045\/events\/c5f0omq48v9mp0v9g50s2u0skus> #bitcoin #fintech #social",
                "service_name": "twitter",
                "service_url": "https:\/\/twitter.com\/",
                "id": 1
            }
        ],
        "type": "message",
        "subtype": "bot_message",
        "ts": "1439403011.000035"
    },
    {
        "bot_id": "B04FD5HLZ",
        "attachments": [
            {
                "fallback": "<https:\/\/twitter.com\/leithaus|@leithaus>: <https:\/\/twitter.com\/imogenheap|@imogenheap> <https:\/\/twitter.com\/Synereo|@Synereo> Our music service matches your mycelial vision perfectly. Checkout <http:\/\/www.synereo.com>.",
                "author_name": "leithaus",
                "author_link": "https:\/\/twitter.com\/leithaus\/status\/631536177095446532",
                "author_icon": "https:\/\/pbs.twimg.com\/profile_images\/1184189540\/thefool1_normal.jpg",
                "author_subname": "@leithaus",
                "pretext": "<https:\/\/twitter.com\/leithaus\/status\/631536177095446532>",
                "text": "<https:\/\/twitter.com\/imogenheap|@imogenheap> <https:\/\/twitter.com\/Synereo|@Synereo> Our music service matches your mycelial vision perfectly. Checkout <http:\/\/www.synereo.com>.",
                "service_name": "twitter",
                "service_url": "https:\/\/twitter.com\/",
                "id": 1
            }
        ],
        "type": "message",
        "subtype": "bot_message",
        "ts": "1439404933.000036"
    },
    {
        "bot_id": "B04FD5HLZ",
        "attachments": [
            {
                "fallback": "<https:\/\/twitter.com\/Elokane|@Elokane>: <https:\/\/twitter.com\/leithaus|@leithaus> <https:\/\/twitter.com\/imogenheap|@imogenheap> <https:\/\/twitter.com\/Synereo|@Synereo> More details about the music service itself here: <https:\/\/www.dropbox.com\/s\/2078f0yaxgkrigb\/Synereo%20Music.pdf?dl=0>",
                "author_name": "Dor Konforty",
                "author_link": "https:\/\/twitter.com\/Elokane\/status\/631536564598759424",
                "author_icon": "https:\/\/pbs.twimg.com\/profile_images\/372313688\/Red_Background_Cylon_Bust_Photo_normal.jpg",
                "author_subname": "@Elokane",
                "pretext": "<https:\/\/twitter.com\/Elokane\/status\/631536564598759424>",
                "text": "<https:\/\/twitter.com\/leithaus|@leithaus> <https:\/\/twitter.com\/imogenheap|@imogenheap> <https:\/\/twitter.com\/Synereo|@Synereo> More details about the music service itself here: <https:\/\/www.dropbox.com\/s\/2078f0yaxgkrigb\/Synereo%20Music.pdf?dl=0>",
                "service_name": "twitter",
                "service_url": "https:\/\/twitter.com\/",
                "id": 1
            }
        ],
        "type": "message",
        "subtype": "bot_message",
        "ts": "1439405025.000037"
    },
    {
        "bot_id": "B04FD5HLZ",
        "attachments": [
            {
                "fallback": "<https:\/\/twitter.com\/lapin7|@lapin7>: <https:\/\/twitter.com\/leithaus|@leithaus> <https:\/\/twitter.com\/imogenheap|@imogenheap> <https:\/\/twitter.com\/Synereo|@Synereo> <https:\/\/twitter.com\/BTCBoulevard|@BTCBoulevard> Would be great to have your music in this decentralised social network",
                "author_name": "Hendrik J Hilbolling",
                "author_link": "https:\/\/twitter.com\/lapin7\/status\/631568895267225600",
                "author_icon": "https:\/\/pbs.twimg.com\/profile_images\/67314238\/elf_normal.jpg",
                "author_subname": "@lapin7",
                "pretext": "<https:\/\/twitter.com\/lapin7\/status\/631568895267225600>",
                "text": "<https:\/\/twitter.com\/leithaus|@leithaus> <https:\/\/twitter.com\/imogenheap|@imogenheap> <https:\/\/twitter.com\/Synereo|@Synereo> <https:\/\/twitter.com\/BTCBoulevard|@BTCBoulevard> Would be great to have your music in this decentralised social network",
                "service_name": "twitter",
                "service_url": "https:\/\/twitter.com\/",
                "id": 1
            }
        ],
        "type": "message",
        "subtype": "bot_message",
        "ts": "1439412733.000038"
    },
    {
        "bot_id": "B04FD5HLZ",
        "attachments": [
            {
                "fallback": "<https:\/\/twitter.com\/imogenheap|@imogenheap>: <https:\/\/twitter.com\/leithaus|@leithaus> <https:\/\/twitter.com\/Synereo|@Synereo> thank you for getting in touch. I'll send you a DM about an event we'd love to have you involved in, if that's ok? X",
                "author_name": "Imogen Heap",
                "author_link": "https:\/\/twitter.com\/imogenheap\/status\/631572592336482305",
                "author_icon": "https:\/\/pbs.twimg.com\/profile_images\/545685207022833664\/WAzE-nEw_normal.jpeg",
                "author_subname": "@imogenheap",
                "pretext": "<https:\/\/twitter.com\/imogenheap\/status\/631572592336482305>",
                "text": "<https:\/\/twitter.com\/leithaus|@leithaus> <https:\/\/twitter.com\/Synereo|@Synereo> thank you for getting in touch. I'll send you a DM about an event we'd love to have you involved in, if that's ok? X",
                "service_name": "twitter",
                "service_url": "https:\/\/twitter.com\/",
                "id": 1
            }
        ],
        "type": "message",
        "subtype": "bot_message",
        "ts": "1439413614.000039"
    },
    {
        "bot_id": "B04FD5HLZ",
        "attachments": [
            {
                "fallback": "<https:\/\/twitter.com\/leithaus|@leithaus>: <https:\/\/twitter.com\/imogenheap|@imogenheap> <https:\/\/twitter.com\/Synereo|@Synereo> Yes, that would be wonderful!",
                "author_name": "leithaus",
                "author_link": "https:\/\/twitter.com\/leithaus\/status\/631572833550774272",
                "author_icon": "https:\/\/pbs.twimg.com\/profile_images\/1184189540\/thefool1_normal.jpg",
                "author_subname": "@leithaus",
                "pretext": "<https:\/\/twitter.com\/leithaus\/status\/631572833550774272>",
                "text": "<https:\/\/twitter.com\/imogenheap|@imogenheap> <https:\/\/twitter.com\/Synereo|@Synereo> Yes, that would be wonderful!",
                "service_name": "twitter",
                "service_url": "https:\/\/twitter.com\/",
                "id": 1
            }
        ],
        "type": "message",
        "subtype": "bot_message",
        "ts": "1439413672.000040"
    }
]