[
    {
        "bot_id": "B04FD5HLZ",
        "attachments": [
            {
                "fallback": "<https:\/\/twitter.com\/FreeTrustOrg|@FreeTrustOrg>: <https:\/\/twitter.com\/faridtejani|@faridtejani> <https:\/\/twitter.com\/data_mos|@data_mos> join the <http:\/\/FreeTrust.org> <https:\/\/twitter.com\/FBLiberation|@FBLiberation> revolution using <https:\/\/twitter.com\/Synereo|@Synereo> <https:\/\/twitter.com\/eris_ltd|@eris_ltd> #privacy <https:\/\/twitter.com\/provensecure|@provensecure>",
                "author_name": "FreeTrust",
                "author_link": "https:\/\/twitter.com\/FreeTrustOrg\/status\/607227543251521536",
                "author_icon": "https:\/\/pbs.twimg.com\/profile_images\/606532062502391808\/mEJmLI_G_normal.png",
                "author_subname": "@FreeTrustOrg",
                "pretext": "<https:\/\/twitter.com\/FreeTrustOrg\/status\/607227543251521536>",
                "text": "<https:\/\/twitter.com\/faridtejani|@faridtejani> <https:\/\/twitter.com\/data_mos|@data_mos> join the <http:\/\/FreeTrust.org> <https:\/\/twitter.com\/FBLiberation|@FBLiberation> revolution using <https:\/\/twitter.com\/Synereo|@Synereo> <https:\/\/twitter.com\/eris_ltd|@eris_ltd> #privacy <https:\/\/twitter.com\/provensecure|@provensecure>",
                "service_name": "twitter",
                "service_url": "https:\/\/twitter.com\/",
                "id": 1
            }
        ],
        "type": "message",
        "subtype": "bot_message",
        "ts": "1433609302.000030"
    }
]