[
    {
        "type": "message",
        "user": "U0474AT8P",
        "text": "<https:\/\/twitter.com\/Synereo\/status\/586902655370428416>",
        "attachments": [
            {
                "fallback": "<https:\/\/twitter.com\/Synereo|@Synereo>: We are over 10 Million AMPs sold. Get yours before the next rate change: <https:\/\/crowdsale.synereo.com> #social #bitcoin <https:\/\/pbs.twimg.com\/media\/CCUYqcJWIAApUz0.png>",
                "ts": 1428763471,
                "author_name": "Synereo",
                "author_link": "https:\/\/twitter.com\/Synereo\/status\/586902655370428416",
                "author_icon": "https:\/\/pbs.twimg.com\/profile_images\/522790259789025280\/FKRuSK66_normal.png",
                "author_subname": "@Synereo",
                "text": "We are over 10 Million AMPs sold. Get yours before the next rate change: <https:\/\/crowdsale.synereo.com> #social #bitcoin <https:\/\/pbs.twimg.com\/media\/CCUYqcJWIAApUz0.png>",
                "service_name": "twitter",
                "service_url": "https:\/\/twitter.com\/",
                "image_url": "https:\/\/pbs.twimg.com\/media\/CCUYqcJWIAApUz0.png",
                "image_width": 598,
                "image_height": 296,
                "image_bytes": 146640,
                "from_url": "https:\/\/twitter.com\/Synereo\/status\/586902655370428416",
                "id": 1
            }
        ],
        "ts": "1428765486.000035"
    },
    {
        "user": "U04BQ4FMC",
        "type": "message",
        "subtype": "channel_join",
        "text": "<@U04BQ4FMC|malthusjohn> has joined the channel",
        "ts": "1428767059.000037"
    }
]