[
    {
        "bot_id": "B04FD5HLZ",
        "attachments": [
            {
                "fallback": "<https:\/\/twitter.com\/Synereo|@Synereo>: <https:\/\/twitter.com\/kor3shan|@kor3shan> Development is ongoing, we don\u2019t have a time set for launch. Stay tuned for news and updates. Thanks for asking.",
                "author_name": "Synereo",
                "author_link": "https:\/\/twitter.com\/Synereo\/status\/596274653842255872",
                "author_icon": "https:\/\/pbs.twimg.com\/profile_images\/522790259789025280\/FKRuSK66_normal.png",
                "author_subname": "@Synereo",
                "pretext": "<https:\/\/twitter.com\/Synereo\/status\/596274653842255872>",
                "text": "<https:\/\/twitter.com\/kor3shan|@kor3shan> Development is ongoing, we don\u2019t have a time set for launch. Stay tuned for news and updates. Thanks for asking.",
                "service_name": "twitter",
                "service_url": "https:\/\/twitter.com\/",
                "id": 1
            }
        ],
        "type": "message",
        "subtype": "bot_message",
        "ts": "1430997930.000002"
    },
    {
        "bot_id": "B04FD5HLZ",
        "attachments": [
            {
                "fallback": "<https:\/\/twitter.com\/yuvadm|@yuvadm>: <https:\/\/twitter.com\/_n_o_d_e_|@_n_o_d_e_> <https:\/\/twitter.com\/Synereo|@Synereo>",
                "author_name": "Yuval Adam",
                "author_link": "https:\/\/twitter.com\/yuvadm\/status\/596373672232820736",
                "author_icon": "https:\/\/pbs.twimg.com\/profile_images\/1748051622\/impossible_triangle_normal.jpg",
                "author_subname": "@yuvadm",
                "pretext": "<https:\/\/twitter.com\/yuvadm\/status\/596373672232820736>",
                "text": "<https:\/\/twitter.com\/_n_o_d_e_|@_n_o_d_e_> <https:\/\/twitter.com\/Synereo|@Synereo>",
                "service_name": "twitter",
                "service_url": "https:\/\/twitter.com\/",
                "id": 1
            }
        ],
        "type": "message",
        "subtype": "bot_message",
        "ts": "1431021538.000003"
    }
]