[
    {
        "type": "message",
        "user": "U04BMCE7Q",
        "text": "GUYS HANGOUT TIME IS 3 AM IN MY TIME ZONE PLEASE SET IN DIFFRENT TIME FRAME :disappointed:",
        "ts": "1432303232.000060"
    },
    {
        "bot_id": "B04FD5HLZ",
        "attachments": [
            {
                "fallback": "<https:\/\/twitter.com\/jimscarver|@jimscarver>: Join <http:\/\/FreeTrust.org> on LnkedIn <https:\/\/www.linkedin.com\/grp\/home?gid=6968859> <https:\/\/twitter.com\/Synereo|@Synereo> <https:\/\/twitter.com\/eris_ltd|@eris_ltd> <https:\/\/twitter.com\/provensecure|@provensecure> <https:\/\/twitter.com\/blockstarsio|@blockstarsio>",
                "author_name": "jimscarver",
                "author_link": "https:\/\/twitter.com\/jimscarver\/status\/601829865113935872",
                "author_icon": "https:\/\/pbs.twimg.com\/profile_images\/595050198033895425\/NgPmOdj6_normal.png",
                "author_subname": "@jimscarver",
                "pretext": "<https:\/\/twitter.com\/jimscarver\/status\/601829865113935872>",
                "text": "Join <http:\/\/FreeTrust.org> on LnkedIn <https:\/\/www.linkedin.com\/grp\/home?gid=6968859> <https:\/\/twitter.com\/Synereo|@Synereo> <https:\/\/twitter.com\/eris_ltd|@eris_ltd> <https:\/\/twitter.com\/provensecure|@provensecure> <https:\/\/twitter.com\/blockstarsio|@blockstarsio>",
                "service_name": "twitter",
                "service_url": "https:\/\/twitter.com\/",
                "id": 1
            }
        ],
        "type": "message",
        "subtype": "bot_message",
        "ts": "1432322396.000061"
    },
    {
        "type": "message",
        "user": "U0474AT8P",
        "text": "Theo do u mean the time we do the hangout on Wednesdays?",
        "ts": "1432345121.000062"
    },
    {
        "type": "message",
        "user": "U0474AT8P",
        "text": "It's at 9PM GMT\/UTC the team is spread between Europe, Israel and Greg is based in the US Pacific.",
        "edited": {
            "user": "U0474AT8P",
            "ts": "1432345215.000000"
        },
        "ts": "1432345178.000063"
    },
    {
        "type": "message",
        "user": "U0474AT8P",
        "text": "So need to find a time that caters for most timezones but also for the team to be around",
        "ts": "1432345244.000065"
    }
]