[
    {
        "bot_id": "B04FD5HLZ",
        "attachments": [
            {
                "fallback": "<https:\/\/twitter.com\/Synereo|@Synereo>: #Synereo update: Greg on <https:\/\/twitter.com\/lessig|@lessig>'s talk at #BlockchainSYD, a new QnA feature, and more: <http:\/\/tinyurl.com\/nsjpxy5> <https:\/\/pbs.twimg.com\/media\/CXM1WnTUsAASR3X.jpg>",
                "author_name": "Synereo",
                "author_link": "https:\/\/twitter.com\/Synereo\/status\/680946631840153600",
                "author_icon": "https:\/\/pbs.twimg.com\/profile_images\/522790259789025280\/FKRuSK66_normal.png",
                "author_subname": "@Synereo",
                "pretext": "<https:\/\/twitter.com\/Synereo\/status\/680946631840153600>",
                "text": "#Synereo update: Greg on <https:\/\/twitter.com\/lessig|@lessig>'s talk at #BlockchainSYD, a new QnA feature, and more: <http:\/\/tinyurl.com\/nsjpxy5> <https:\/\/pbs.twimg.com\/media\/CXM1WnTUsAASR3X.jpg>",
                "service_name": "twitter",
                "service_url": "https:\/\/twitter.com\/",
                "image_url": "https:\/\/pbs.twimg.com\/media\/CXM1WnTUsAASR3X.jpg",
                "image_width": 515,
                "image_height": 289,
                "image_bytes": 30029,
                "id": 1
            }
        ],
        "type": "message",
        "subtype": "bot_message",
        "ts": "1451185303.000097"
    }
]