[
    {
        "bot_id": "B04FD5HLZ",
        "attachments": [
            {
                "fallback": "<https:\/\/twitter.com\/jessecouch|@jessecouch>: I missed the <https:\/\/twitter.com\/Synereo|@Synereo> crowdsale! It was great value and not over sold. Maybe the future of social media.\n\n<http:\/\/crowdsale.synereo.com\/>\n\n#synereo",
                "author_name": "Jesse Couch",
                "author_link": "https:\/\/twitter.com\/jessecouch\/status\/633545509194461184",
                "author_icon": "https:\/\/pbs.twimg.com\/profile_images\/603832718753824768\/y0_-YoNy_normal.jpg",
                "author_subname": "@jessecouch",
                "pretext": "<https:\/\/twitter.com\/jessecouch\/status\/633545509194461184>",
                "text": "I missed the <https:\/\/twitter.com\/Synereo|@Synereo> crowdsale! It was great value and not over sold. Maybe the future of social media.\n\n<http:\/\/crowdsale.synereo.com\/>\n\n#synereo",
                "service_name": "twitter",
                "service_url": "https:\/\/twitter.com\/",
                "id": 1
            }
        ],
        "type": "message",
        "subtype": "bot_message",
        "ts": "1439883995.000043"
    },
    {
        "bot_id": "B04FD5HLZ",
        "attachments": [
            {
                "fallback": "<https:\/\/twitter.com\/FreeTrustOrg|@FreeTrustOrg>: <https:\/\/twitter.com\/robinhanson|@robinhanson> we can realize #privacy and #security if we monetize it and make <https:\/\/twitter.com\/provensecure|@provensecure> <https:\/\/twitter.com\/Synereo|@Synereo> contracts on <https:\/\/twitter.com\/eris_ltd|@eris_ltd> #blockchain",
                "author_name": "FreeTrust",
                "author_link": "https:\/\/twitter.com\/FreeTrustOrg\/status\/633586003522002944",
                "author_icon": "https:\/\/pbs.twimg.com\/profile_images\/606532062502391808\/mEJmLI_G_normal.png",
                "author_subname": "@FreeTrustOrg",
                "pretext": "<https:\/\/twitter.com\/FreeTrustOrg\/status\/633586003522002944>",
                "text": "<https:\/\/twitter.com\/robinhanson|@robinhanson> we can realize #privacy and #security if we monetize it and make <https:\/\/twitter.com\/provensecure|@provensecure> <https:\/\/twitter.com\/Synereo|@Synereo> contracts on <https:\/\/twitter.com\/eris_ltd|@eris_ltd> #blockchain",
                "service_name": "twitter",
                "service_url": "https:\/\/twitter.com\/",
                "id": 1
            }
        ],
        "type": "message",
        "subtype": "bot_message",
        "ts": "1439893649.000044"
    },
    {
        "bot_id": "B04FD5HLZ",
        "attachments": [
            {
                "fallback": "<https:\/\/twitter.com\/jessecouch|@jessecouch>: <https:\/\/twitter.com\/Synereo|@Synereo> Is there anyway you could run a 2CO, second crowd offering, to promote better user adoption? I would love to grab some AMPs.",
                "author_name": "Jesse Couch",
                "author_link": "https:\/\/twitter.com\/jessecouch\/status\/633771897801433088",
                "author_icon": "https:\/\/pbs.twimg.com\/profile_images\/603832718753824768\/y0_-YoNy_normal.jpg",
                "author_subname": "@jessecouch",
                "pretext": "<https:\/\/twitter.com\/jessecouch\/status\/633771897801433088>",
                "text": "<https:\/\/twitter.com\/Synereo|@Synereo> Is there anyway you could run a 2CO, second crowd offering, to promote better user adoption? I would love to grab some AMPs.",
                "service_name": "twitter",
                "service_url": "https:\/\/twitter.com\/",
                "id": 1
            }
        ],
        "type": "message",
        "subtype": "bot_message",
        "ts": "1439937970.000045"
    },
    {
        "bot_id": "B04FD5HLZ",
        "attachments": [
            {
                "fallback": "<https:\/\/twitter.com\/leithaus|@leithaus>: <https:\/\/twitter.com\/jessecouch|@jessecouch> <https:\/\/twitter.com\/Synereo|@Synereo> We hear you. Get 100 people committing to buying at least 1BTC worth of AMPs and we'll seriously consider it.",
                "author_name": "leithaus",
                "author_link": "https:\/\/twitter.com\/leithaus\/status\/633876891477282817",
                "author_icon": "https:\/\/pbs.twimg.com\/profile_images\/1184189540\/thefool1_normal.jpg",
                "author_subname": "@leithaus",
                "pretext": "<https:\/\/twitter.com\/leithaus\/status\/633876891477282817>",
                "text": "<https:\/\/twitter.com\/jessecouch|@jessecouch> <https:\/\/twitter.com\/Synereo|@Synereo> We hear you. Get 100 people committing to buying at least 1BTC worth of AMPs and we'll seriously consider it.",
                "service_name": "twitter",
                "service_url": "https:\/\/twitter.com\/",
                "id": 1
            }
        ],
        "type": "message",
        "subtype": "bot_message",
        "ts": "1439963002.000046"
    }
]