[
    {
        "bot_id": "B04FD5HLZ",
        "attachments": [
            {
                "fallback": "<https:\/\/twitter.com\/Synereo|@Synereo>: Join the <https:\/\/twitter.com\/Synereo|@Synereo> Community Hangout this Wednesday for the latest news and updates. <https:\/\/plus.google.com\/u\/0\/b\/109002904706315055045\/events\/crb5dujlcqf3kgi6so12bkce1vg> #bitcoin #startup #fintech",
                "author_name": "Synereo",
                "author_link": "https:\/\/twitter.com\/Synereo\/status\/605352935820787713",
                "author_icon": "https:\/\/pbs.twimg.com\/profile_images\/522790259789025280\/FKRuSK66_normal.png",
                "author_subname": "@Synereo",
                "pretext": "<https:\/\/twitter.com\/Synereo\/status\/605352935820787713>",
                "text": "Join the <https:\/\/twitter.com\/Synereo|@Synereo> Community Hangout this Wednesday for the latest news and updates. <https:\/\/plus.google.com\/u\/0\/b\/109002904706315055045\/events\/crb5dujlcqf3kgi6so12bkce1vg> #bitcoin #startup #fintech",
                "service_name": "twitter",
                "service_url": "https:\/\/twitter.com\/",
                "id": 1
            }
        ],
        "type": "message",
        "subtype": "bot_message",
        "ts": "1433162361.000028"
    }
]