[
    {
        "bot_id": "B04FD5HLZ",
        "attachments": [
            {
                "fallback": "<https:\/\/twitter.com\/kor3shan|@kor3shan>: Hi Fellas, hope y'all had a good weekend and fine start to the week. When do you go live? <https:\/\/twitter.com\/Synereo|@Synereo>",
                "author_name": "Crypto_Singularity",
                "author_link": "https:\/\/twitter.com\/kor3shan\/status\/596010334441308160",
                "author_icon": "https:\/\/pbs.twimg.com\/profile_images\/569838558920577024\/VR3hCEYj_normal.jpeg",
                "author_subname": "@kor3shan",
                "pretext": "<https:\/\/twitter.com\/kor3shan\/status\/596010334441308160>",
                "text": "Hi Fellas, hope y'all had a good weekend and fine start to the week. When do you go live? <https:\/\/twitter.com\/Synereo|@Synereo>",
                "service_name": "twitter",
                "service_url": "https:\/\/twitter.com\/",
                "id": 1
            }
        ],
        "type": "message",
        "subtype": "bot_message",
        "ts": "1430934911.000355"
    },
    {
        "bot_id": "B04FD5HLZ",
        "attachments": [
            {
                "fallback": "<https:\/\/twitter.com\/lapin7|@lapin7>: <https:\/\/twitter.com\/Falkvinge|@Falkvinge> #WhyPirate have you heard about <https:\/\/twitter.com\/Synereo|@Synereo> ? They prepare the reset of internet:-)",
                "author_name": "Hendrik J Hilbolling",
                "author_link": "https:\/\/twitter.com\/lapin7\/status\/596014591139835905",
                "author_icon": "https:\/\/pbs.twimg.com\/profile_images\/67314238\/elf_normal.jpg",
                "author_subname": "@lapin7",
                "pretext": "<https:\/\/twitter.com\/lapin7\/status\/596014591139835905>",
                "text": "<https:\/\/twitter.com\/Falkvinge|@Falkvinge> #WhyPirate have you heard about <https:\/\/twitter.com\/Synereo|@Synereo> ? They prepare the reset of internet:-)",
                "service_name": "twitter",
                "service_url": "https:\/\/twitter.com\/",
                "id": 1
            }
        ],
        "type": "message",
        "subtype": "bot_message",
        "ts": "1430935926.000356"
    },
    {
        "user": "U04HQMSAY",
        "type": "message",
        "subtype": "channel_join",
        "text": "<@U04HQMSAY|vladare> has joined the channel",
        "ts": "1430971609.000357"
    }
]