[
    {
        "bot_id": "B04FD5HLZ",
        "attachments": [
            {
                "fallback": "<https:\/\/twitter.com\/Elokane|@Elokane>: <https:\/\/twitter.com\/LittleSweetie4|@LittleSweetie4> <https:\/\/twitter.com\/Synereo|@Synereo> <https:\/\/twitter.com\/Bit451|@Bit451> <https:\/\/twitter.com\/HelloZeroNet|@HelloZeroNet> <https:\/\/twitter.com\/MediaGoblin|@MediaGoblin> We're working on a solution that doesn't require any coding or technical skills.",
                "author_name": "Dor Konforty",
                "author_link": "https:\/\/twitter.com\/Elokane\/status\/613636707208925184",
                "author_icon": "https:\/\/pbs.twimg.com\/profile_images\/372313688\/Red_Background_Cylon_Bust_Photo_normal.jpg",
                "author_subname": "@Elokane",
                "pretext": "<https:\/\/twitter.com\/Elokane\/status\/613636707208925184>",
                "text": "<https:\/\/twitter.com\/LittleSweetie4|@LittleSweetie4> <https:\/\/twitter.com\/Synereo|@Synereo> <https:\/\/twitter.com\/Bit451|@Bit451> <https:\/\/twitter.com\/HelloZeroNet|@HelloZeroNet> <https:\/\/twitter.com\/MediaGoblin|@MediaGoblin> We're working on a solution that doesn't require any coding or technical skills.",
                "service_name": "twitter",
                "service_url": "https:\/\/twitter.com\/",
                "id": 1
            }
        ],
        "type": "message",
        "subtype": "bot_message",
        "ts": "1435137366.000060"
    },
    {
        "bot_id": "B04FD5HLZ",
        "attachments": [
            {
                "fallback": "<https:\/\/twitter.com\/leithaus|@leithaus>: <https:\/\/twitter.com\/LittleSweetie4|@LittleSweetie4> <https:\/\/twitter.com\/Elokane|@Elokane> <https:\/\/twitter.com\/Synereo|@Synereo> <https:\/\/twitter.com\/MediaGoblin|@MediaGoblin> <https:\/\/twitter.com\/TwisterPtoP|@TwisterPtoP> <https:\/\/twitter.com\/yacy_search|@yacy_search> We agree! Synereo's next release has 1-click deployment.",
                "author_name": "leithaus",
                "author_link": "https:\/\/twitter.com\/leithaus\/status\/613698449947521024",
                "author_icon": "https:\/\/pbs.twimg.com\/profile_images\/1184189540\/thefool1_normal.jpg",
                "author_subname": "@leithaus",
                "pretext": "<https:\/\/twitter.com\/leithaus\/status\/613698449947521024>",
                "text": "<https:\/\/twitter.com\/LittleSweetie4|@LittleSweetie4> <https:\/\/twitter.com\/Elokane|@Elokane> <https:\/\/twitter.com\/Synereo|@Synereo> <https:\/\/twitter.com\/MediaGoblin|@MediaGoblin> <https:\/\/twitter.com\/TwisterPtoP|@TwisterPtoP> <https:\/\/twitter.com\/yacy_search|@yacy_search> We agree! Synereo's next release has 1-click deployment.",
                "service_name": "twitter",
                "service_url": "https:\/\/twitter.com\/",
                "id": 1
            }
        ],
        "type": "message",
        "subtype": "bot_message",
        "ts": "1435152087.000061"
    },
    {
        "bot_id": "B04FD5HLZ",
        "attachments": [
            {
                "fallback": "<https:\/\/twitter.com\/leithaus|@leithaus>: <https:\/\/twitter.com\/LittleSweetie4|@LittleSweetie4> <https:\/\/twitter.com\/Elokane|@Elokane> <https:\/\/twitter.com\/Synereo|@Synereo> <https:\/\/twitter.com\/MediaGoblin|@MediaGoblin> <https:\/\/twitter.com\/TwisterPtoP|@TwisterPtoP> <https:\/\/twitter.com\/yacy_search|@yacy_search> In the meantime we've made an AMI. So, you have 2-click deploy.",
                "author_name": "leithaus",
                "author_link": "https:\/\/twitter.com\/leithaus\/status\/613698715384049664",
                "author_icon": "https:\/\/pbs.twimg.com\/profile_images\/1184189540\/thefool1_normal.jpg",
                "author_subname": "@leithaus",
                "pretext": "<https:\/\/twitter.com\/leithaus\/status\/613698715384049664>",
                "text": "<https:\/\/twitter.com\/LittleSweetie4|@LittleSweetie4> <https:\/\/twitter.com\/Elokane|@Elokane> <https:\/\/twitter.com\/Synereo|@Synereo> <https:\/\/twitter.com\/MediaGoblin|@MediaGoblin> <https:\/\/twitter.com\/TwisterPtoP|@TwisterPtoP> <https:\/\/twitter.com\/yacy_search|@yacy_search> In the meantime we've made an AMI. So, you have 2-click deploy.",
                "service_name": "twitter",
                "service_url": "https:\/\/twitter.com\/",
                "id": 1
            }
        ],
        "type": "message",
        "subtype": "bot_message",
        "ts": "1435152150.000062"
    },
    {
        "bot_id": "B04FD5HLZ",
        "attachments": [
            {
                "fallback": "<https:\/\/twitter.com\/Synereo|@Synereo>: Don\u2019t forget our <https:\/\/twitter.com\/Synereo|@Synereo> Community Hangout TODAY with the latest updates from the team. <https:\/\/plus.google.com\/u\/0\/events\/cmmthfb0m1b4b25mdhvoclcrlq4> #bitcoin #social #fintech",
                "author_name": "Synereo",
                "author_link": "https:\/\/twitter.com\/Synereo\/status\/613703033759862789",
                "author_icon": "https:\/\/pbs.twimg.com\/profile_images\/522790259789025280\/FKRuSK66_normal.png",
                "author_subname": "@Synereo",
                "pretext": "<https:\/\/twitter.com\/Synereo\/status\/613703033759862789>",
                "text": "Don\u2019t forget our <https:\/\/twitter.com\/Synereo|@Synereo> Community Hangout TODAY with the latest updates from the team. <https:\/\/plus.google.com\/u\/0\/events\/cmmthfb0m1b4b25mdhvoclcrlq4> #bitcoin #social #fintech",
                "service_name": "twitter",
                "service_url": "https:\/\/twitter.com\/",
                "id": 1
            }
        ],
        "type": "message",
        "subtype": "bot_message",
        "ts": "1435153180.000063"
    },
    {
        "bot_id": "B04FD5HLZ",
        "attachments": [
            {
                "fallback": "<https:\/\/twitter.com\/Synereo|@Synereo>: The <https:\/\/twitter.com\/Synereo|@Synereo> Community Hangout is LIVE RIGHT NOW. Join for the latest news and updates from the team. <https:\/\/plus.google.com\/u\/0\/events\/cmmthfb0m1b4b25mdhvoclcrlq4> #bitcoin",
                "author_name": "Synereo",
                "author_link": "https:\/\/twitter.com\/Synereo\/status\/613803096611885056",
                "author_icon": "https:\/\/pbs.twimg.com\/profile_images\/522790259789025280\/FKRuSK66_normal.png",
                "author_subname": "@Synereo",
                "pretext": "<https:\/\/twitter.com\/Synereo\/status\/613803096611885056>",
                "text": "The <https:\/\/twitter.com\/Synereo|@Synereo> Community Hangout is LIVE RIGHT NOW. Join for the latest news and updates from the team. <https:\/\/plus.google.com\/u\/0\/events\/cmmthfb0m1b4b25mdhvoclcrlq4> #bitcoin",
                "service_name": "twitter",
                "service_url": "https:\/\/twitter.com\/",
                "id": 1
            }
        ],
        "type": "message",
        "subtype": "bot_message",
        "ts": "1435177037.000064"
    }
]