[
    {
        "bot_id": "B04FD5HLZ",
        "attachments": [
            {
                "fallback": "<https:\/\/twitter.com\/allenscottCT|@allenscottCT>: 5 Don\u2019ts for #Bitcoin #Startups <https:\/\/twitter.com\/CCEDK_|@CCEDK_> <https:\/\/twitter.com\/BankToTheFuture|@BankToTheFuture> <https:\/\/twitter.com\/Synereo|@Synereo> <https:\/\/twitter.com\/RibbitRewards|@RibbitRewards> #entrepreneur #btc #blockchain <http:\/\/cointelegraph.com\/news\/114731\/5-donts-for-bitcoin-startups>",
                "author_name": "allenscott",
                "author_link": "https:\/\/twitter.com\/allenscottCT\/status\/616831342786035713",
                "author_icon": "https:\/\/pbs.twimg.com\/profile_images\/466576925020794880\/JWBBlyoe_normal.png",
                "author_subname": "@allenscottCT",
                "pretext": "<https:\/\/twitter.com\/allenscottCT\/status\/616831342786035713>",
                "text": "5 Don\u2019ts for #Bitcoin #Startups <https:\/\/twitter.com\/CCEDK_|@CCEDK_> <https:\/\/twitter.com\/BankToTheFuture|@BankToTheFuture> <https:\/\/twitter.com\/Synereo|@Synereo> <https:\/\/twitter.com\/RibbitRewards|@RibbitRewards> #entrepreneur #btc #blockchain <http:\/\/cointelegraph.com\/news\/114731\/5-donts-for-bitcoin-startups>",
                "service_name": "twitter",
                "service_url": "https:\/\/twitter.com\/",
                "id": 1,
                "footer": "Retweeted by <https:\/\/twitter.com\/Synereo\/status\/616896698095431680|@Synereo>"
            }
        ],
        "type": "message",
        "subtype": "bot_message",
        "ts": "1435914609.000082"
    },
    {
        "bot_id": "B04FD5HLZ",
        "attachments": [
            {
                "fallback": "<https:\/\/twitter.com\/CCEDK_|@CCEDK_>: <https:\/\/twitter.com\/Synereo|@Synereo> \"Your new best friend - #NanoCard helps you fund your dreams, instantly!\" by <https:\/\/twitter.com\/CCEDK_|@CCEDK_> on <https:\/\/twitter.com\/LinkedIn|@LinkedIn> <https:\/\/www.linkedin.com\/pulse\/nanocard-fund-your-dreams-instantly-ronny-boesing> \u2026",
                "author_name": "CCEDK ApS",
                "author_link": "https:\/\/twitter.com\/CCEDK_\/status\/616897793408528384",
                "author_icon": "https:\/\/pbs.twimg.com\/profile_images\/530255175387078657\/OZtOmiM2_normal.jpeg",
                "author_subname": "@CCEDK_",
                "pretext": "<https:\/\/twitter.com\/CCEDK_\/status\/616897793408528384>",
                "text": "<https:\/\/twitter.com\/Synereo|@Synereo> \"Your new best friend - #NanoCard helps you fund your dreams, instantly!\" by <https:\/\/twitter.com\/CCEDK_|@CCEDK_> on <https:\/\/twitter.com\/LinkedIn|@LinkedIn> <https:\/\/www.linkedin.com\/pulse\/nanocard-fund-your-dreams-instantly-ronny-boesing> \u2026",
                "service_name": "twitter",
                "service_url": "https:\/\/twitter.com\/",
                "id": 1
            }
        ],
        "type": "message",
        "subtype": "bot_message",
        "ts": "1435914870.000083"
    },
    {
        "bot_id": "B04FD5HLZ",
        "attachments": [
            {
                "fallback": "<https:\/\/twitter.com\/provensecure|@provensecure>: What we're reading in Digital IDentity Today! <http:\/\/paper.li\/provensecure\/1424185768?edition_id=cb2167c0-21a6-11e5-99d4-002590a5ba2d> Highlighted Today: <https:\/\/twitter.com\/VerbalCare|@VerbalCare> <https:\/\/twitter.com\/Centrify|@Centrify> <https:\/\/twitter.com\/Synereo|@Synereo>",
                "author_name": "ProvenSecure",
                "author_link": "https:\/\/twitter.com\/provensecure\/status\/617018290699943936",
                "author_icon": "https:\/\/pbs.twimg.com\/profile_images\/557573566481186817\/H3j021y-_normal.jpeg",
                "author_subname": "@provensecure",
                "pretext": "<https:\/\/twitter.com\/provensecure\/status\/617018290699943936>",
                "text": "What we're reading in Digital IDentity Today! <http:\/\/paper.li\/provensecure\/1424185768?edition_id=cb2167c0-21a6-11e5-99d4-002590a5ba2d> Highlighted Today: <https:\/\/twitter.com\/VerbalCare|@VerbalCare> <https:\/\/twitter.com\/Centrify|@Centrify> <https:\/\/twitter.com\/Synereo|@Synereo>",
                "service_name": "twitter",
                "service_url": "https:\/\/twitter.com\/",
                "id": 1
            }
        ],
        "type": "message",
        "subtype": "bot_message",
        "ts": "1435943599.000084"
    }
]