[
    {
        "type": "message",
        "user": "U0474AT8P",
        "text": "<https:\/\/twitter.com\/Synereo\/status\/587976593299140609>",
        "attachments": [
            {
                "fallback": "<https:\/\/twitter.com\/Synereo|@Synereo>: Good read <https:\/\/twitter.com\/examinercom|@examinercom>: <https:\/\/twitter.com\/Synereo|@Synereo> builds the world's first decentralised #SocialNetwork. <http:\/\/www.examiner.com\/article\/synereo-builds-the-world-s-first-decentralized-social-network> #startup #bitcoin #B2B",
                "ts": 1429019518,
                "author_name": "Synereo",
                "author_link": "https:\/\/twitter.com\/Synereo\/status\/587976593299140609",
                "author_icon": "https:\/\/pbs.twimg.com\/profile_images\/522790259789025280\/FKRuSK66_normal.png",
                "author_subname": "@Synereo",
                "text": "Good read <https:\/\/twitter.com\/examinercom|@examinercom>: <https:\/\/twitter.com\/Synereo|@Synereo> builds the world's first decentralised #SocialNetwork. <http:\/\/www.examiner.com\/article\/synereo-builds-the-world-s-first-decentralized-social-network> #startup #bitcoin #B2B",
                "service_name": "twitter",
                "service_url": "https:\/\/twitter.com\/",
                "from_url": "https:\/\/twitter.com\/Synereo\/status\/587976593299140609",
                "id": 1
            }
        ],
        "ts": "1429019591.000038"
    },
    {
        "type": "message",
        "user": "U0474AT8P",
        "text": "<https:\/\/twitter.com\/Synereo\/status\/588008666407817217>",
        "attachments": [
            {
                "fallback": "<https:\/\/twitter.com\/Synereo|@Synereo>: Read more about <https:\/\/twitter.com\/Synereo|@Synereo> B2B Arms: Technology and Content on <https:\/\/twitter.com\/examinercom|@examinercom>: <http:\/\/www.examiner.com\/article\/synereo-builds-the-world-s-first-decentralized-social-network> #startup #bitcoin <https:\/\/pbs.twimg.com\/media\/CCkF-4kW8AICz6h.jpg>",
                "ts": 1429027165,
                "author_name": "Synereo",
                "author_link": "https:\/\/twitter.com\/Synereo\/status\/588008666407817217",
                "author_icon": "https:\/\/pbs.twimg.com\/profile_images\/522790259789025280\/FKRuSK66_normal.png",
                "author_subname": "@Synereo",
                "text": "Read more about <https:\/\/twitter.com\/Synereo|@Synereo> B2B Arms: Technology and Content on <https:\/\/twitter.com\/examinercom|@examinercom>: <http:\/\/www.examiner.com\/article\/synereo-builds-the-world-s-first-decentralized-social-network> #startup #bitcoin <https:\/\/pbs.twimg.com\/media\/CCkF-4kW8AICz6h.jpg>",
                "service_name": "twitter",
                "service_url": "https:\/\/twitter.com\/",
                "image_url": "https:\/\/pbs.twimg.com\/media\/CCkF-4kW8AICz6h.jpg",
                "image_width": 600,
                "image_height": 441,
                "image_bytes": 42384,
                "from_url": "https:\/\/twitter.com\/Synereo\/status\/588008666407817217",
                "id": 1
            }
        ],
        "ts": "1429027233.000040"
    },
    {
        "type": "message",
        "user": "U0474E4KZ",
        "text": "<http:\/\/www.reddit.com\/r\/Rad_Decentralization\/comments\/32l3li\/social_network_comparison\/>",
        "attachments": [
            {
                "service_name": "reddit",
                "title": "Social network comparison \u2022 \/r\/Rad_Decentralization",
                "title_link": "http:\/\/www.reddit.com\/r\/Rad_Decentralization\/comments\/32l3li\/social_network_comparison\/",
                "text": "20 points and 7 comments so far on reddit",
                "fallback": "reddit: Social network comparison \u2022 \/r\/Rad_Decentralization",
                "thumb_url": "http:\/\/b.thumbs.redditmedia.com\/3IQKs6ttVdv_JW8Xrez1Xb5qHGtL-4P96ptw2Lf-2vg.jpg",
                "from_url": "http:\/\/www.reddit.com\/r\/Rad_Decentralization\/comments\/32l3li\/social_network_comparison\/",
                "thumb_width": 140,
                "thumb_height": 93,
                "id": 1
            }
        ],
        "ts": "1429055501.000042"
    }
]