[
    {
        "bot_id": "B04FD5HLZ",
        "attachments": [
            {
                "fallback": "<https:\/\/twitter.com\/Synereo|@Synereo>: Join the <https:\/\/twitter.com\/Synereo|@Synereo> Community Hangout tonight, <https:\/\/twitter.com\/leithaus|@leithaus> will discuss how linear types can change the #blockchain. <https:\/\/plus.google.com\/u\/1\/b\/109002904706315055045\/events\/cmqejp6d43n5cqkdl3iu0582f4k>",
                "author_name": "Synereo",
                "author_link": "https:\/\/twitter.com\/Synereo\/status\/603475113112162304",
                "author_icon": "https:\/\/pbs.twimg.com\/profile_images\/522790259789025280\/FKRuSK66_normal.png",
                "author_subname": "@Synereo",
                "pretext": "<https:\/\/twitter.com\/Synereo\/status\/603475113112162304>",
                "text": "Join the <https:\/\/twitter.com\/Synereo|@Synereo> Community Hangout tonight, <https:\/\/twitter.com\/leithaus|@leithaus> will discuss how linear types can change the #blockchain. <https:\/\/plus.google.com\/u\/1\/b\/109002904706315055045\/events\/cmqejp6d43n5cqkdl3iu0582f4k>",
                "service_name": "twitter",
                "service_url": "https:\/\/twitter.com\/",
                "id": 1
            }
        ],
        "type": "message",
        "subtype": "bot_message",
        "ts": "1432714653.000006"
    },
    {
        "type": "message",
        "user": "U0474AYFT",
        "text": "Hey... guys... i'm double booked.",
        "ts": "1432715500.000007"
    },
    {
        "type": "message",
        "user": "U0474AYFT",
        "text": "An old friend -- who's been living in India for the past 25 years -- is visiting Seattle tomorrow.",
        "ts": "1432715533.000008"
    },
    {
        "type": "message",
        "user": "U0474AYFT",
        "text": "So, i'm making an executive decision to hold the SCH 2hrs earlier.",
        "ts": "1432715552.000009"
    },
    {
        "type": "message",
        "user": "U0474AYFT",
        "text": "i apologize for the short notice, but Life happens!",
        "ts": "1432715566.000010"
    },
    {
        "type": "message",
        "user": "U0474AYFT",
        "text": "<https:\/\/plus.google.com\/u\/0\/b\/109002904706315055045\/events\/c2h8b7ukur7usvs49gppdd36v64>",
        "attachments": [
            {
                "service_name": "Google+",
                "title": "Synereo Community Hangout - Linear Types Can Change the Blockchain - Google+",
                "title_link": "https:\/\/plus.google.com\/u\/0\/b\/109002904706315055045\/events\/c2h8b7ukur7usvs49gppdd36v64",
                "text": "On this week's SCH we'll talk about a new model for the blockchain -- based on linear logic!",
                "fallback": "Google+: Synereo Community Hangout - Linear Types Can Change the Blockchain - Google+",
                "image_url": "https:\/\/lh3.googleusercontent.com\/_tcY7QLx6X_8\/UY1_0TJEqGI\/AAAAAAAACLo\/Ls1BaI-xmIQ\/w940-h280-n\/06_hangouts_yellow.jpg.png",
                "from_url": "https:\/\/plus.google.com\/u\/0\/b\/109002904706315055045\/events\/c2h8b7ukur7usvs49gppdd36v64",
                "image_width": 839,
                "image_height": 250,
                "image_bytes": 201345,
                "id": 1
            }
        ],
        "ts": "1432715569.000011"
    },
    {
        "type": "message",
        "subtype": "file_share",
        "text": "<@U0474AYFT|leithaus> uploaded a file: <https:\/\/synereonet.slack.com\/files\/leithaus\/F0522BJ38\/lineartypescanchangetheblockchain.jpg|LinearTypesCanChangeTheBlockchain.jpg>",
        "file": {
            "id": "F0522BJ38",
            "created": 1432715601,
            "timestamp": 1432715601,
            "name": "LinearTypesCanChangeTheBlockchain.jpg",
            "title": "LinearTypesCanChangeTheBlockchain.jpg",
            "mimetype": "image\/jpeg",
            "filetype": "jpg",
            "pretty_type": "JPEG",
            "user": "U0474AYFT",
            "editable": false,
            "size": 509037,
            "mode": "hosted",
            "is_external": false,
            "external_type": "",
            "is_public": true,
            "public_url_shared": false,
            "display_as_bot": false,
            "username": "",
            "url_private": "https:\/\/files.slack.com\/files-pri\/T0474AT8K-F0522BJ38\/lineartypescanchangetheblockchain.jpg?t=xoxe-4242367291-30199722806-30156974547-d9aca652b4",
            "url_private_download": "https:\/\/files.slack.com\/files-pri\/T0474AT8K-F0522BJ38\/download\/lineartypescanchangetheblockchain.jpg?t=xoxe-4242367291-30199722806-30156974547-d9aca652b4",
            "thumb_64": "https:\/\/files.slack.com\/files-tmb\/T0474AT8K-F0522BJ38-18ced99a99\/lineartypescanchangetheblockchain_64.png?t=xoxe-4242367291-30199722806-30156974547-d9aca652b4",
            "thumb_80": "https:\/\/files.slack.com\/files-tmb\/T0474AT8K-F0522BJ38-18ced99a99\/lineartypescanchangetheblockchain_80.png?t=xoxe-4242367291-30199722806-30156974547-d9aca652b4",
            "thumb_360": "https:\/\/files.slack.com\/files-tmb\/T0474AT8K-F0522BJ38-18ced99a99\/lineartypescanchangetheblockchain_360.png?t=xoxe-4242367291-30199722806-30156974547-d9aca652b4",
            "thumb_360_w": 360,
            "thumb_360_h": 263,
            "thumb_480": "https:\/\/files.slack.com\/files-tmb\/T0474AT8K-F0522BJ38-18ced99a99\/lineartypescanchangetheblockchain_480.png?t=xoxe-4242367291-30199722806-30156974547-d9aca652b4",
            "thumb_480_w": 480,
            "thumb_480_h": 351,
            "thumb_160": "https:\/\/files.slack.com\/files-tmb\/T0474AT8K-F0522BJ38-18ced99a99\/lineartypescanchangetheblockchain_160.png?t=xoxe-4242367291-30199722806-30156974547-d9aca652b4",
            "thumb_720": "https:\/\/files.slack.com\/files-tmb\/T0474AT8K-F0522BJ38-18ced99a99\/lineartypescanchangetheblockchain_720.png?t=xoxe-4242367291-30199722806-30156974547-d9aca652b4",
            "thumb_720_w": 720,
            "thumb_720_h": 527,
            "thumb_960": "https:\/\/files.slack.com\/files-tmb\/T0474AT8K-F0522BJ38-18ced99a99\/lineartypescanchangetheblockchain_960.png?t=xoxe-4242367291-30199722806-30156974547-d9aca652b4",
            "thumb_960_w": 960,
            "thumb_960_h": 702,
            "thumb_1024": "https:\/\/files.slack.com\/files-tmb\/T0474AT8K-F0522BJ38-18ced99a99\/lineartypescanchangetheblockchain_1024.png?t=xoxe-4242367291-30199722806-30156974547-d9aca652b4",
            "thumb_1024_w": 1024,
            "thumb_1024_h": 749,
            "image_exif_rotation": 1,
            "original_w": 1493,
            "original_h": 1092,
            "permalink": "https:\/\/synereonet.slack.com\/files\/leithaus\/F0522BJ38\/lineartypescanchangetheblockchain.jpg",
            "permalink_public": "https:\/\/slack-files.com\/T0474AT8K-F0522BJ38-4129a28d60",
            "channels": [
                "C0483E0SC"
            ],
            "groups": [
    
            ],
            "ims": [
    
            ],
            "comments_count": 0
        },
        "user": "U0474AYFT",
        "upload": true,
        "display_as_bot": false,
        "username": "<@U0474AYFT|leithaus>",
        "bot_id": null,
        "ts": "1432715607.000013"
    },
    {
        "bot_id": "B04FD5HLZ",
        "attachments": [
            {
                "fallback": "<https:\/\/twitter.com\/leithaus|@leithaus>: <https:\/\/twitter.com\/Synereo|@Synereo> Hey! i'm double booked. Moving the SCH to 2hrs earlier. <http:\/\/tinyurl.com\/otgalk6>",
                "author_name": "leithaus",
                "author_link": "https:\/\/twitter.com\/leithaus\/status\/603480837351280640",
                "author_icon": "https:\/\/pbs.twimg.com\/profile_images\/1184189540\/thefool1_normal.jpg",
                "author_subname": "@leithaus",
                "pretext": "<https:\/\/twitter.com\/leithaus\/status\/603480837351280640>",
                "text": "<https:\/\/twitter.com\/Synereo|@Synereo> Hey! i'm double booked. Moving the SCH to 2hrs earlier. <http:\/\/tinyurl.com\/otgalk6>",
                "service_name": "twitter",
                "service_url": "https:\/\/twitter.com\/",
                "id": 1
            }
        ],
        "type": "message",
        "subtype": "bot_message",
        "ts": "1432716018.000014"
    },
    {
        "type": "message",
        "user": "U048X85UT",
        "text": "\"Oops! This event could not be found.  Your URL may be incorrect, or the event may have been deleted.\"",
        "ts": "1432730107.000015"
    },
    {
        "bot_id": "B04FD5HLZ",
        "attachments": [
            {
                "fallback": "<https:\/\/twitter.com\/jimscarver|@jimscarver>: <https:\/\/twitter.com\/Synereo|@Synereo> <https:\/\/twitter.com\/leithaus|@leithaus> The correct url for the hangout is <https:\/\/plus.google.com\/u\/0\/events\/cmqejp6d43n5cqkdl3iu0582f4k>",
                "author_name": "jimscarver",
                "author_link": "https:\/\/twitter.com\/jimscarver\/status\/603542205421195264",
                "author_icon": "https:\/\/pbs.twimg.com\/profile_images\/595050198033895425\/NgPmOdj6_normal.png",
                "author_subname": "@jimscarver",
                "pretext": "<https:\/\/twitter.com\/jimscarver\/status\/603542205421195264>",
                "text": "<https:\/\/twitter.com\/Synereo|@Synereo> <https:\/\/twitter.com\/leithaus|@leithaus> The correct url for the hangout is <https:\/\/plus.google.com\/u\/0\/events\/cmqejp6d43n5cqkdl3iu0582f4k>",
                "service_name": "twitter",
                "service_url": "https:\/\/twitter.com\/",
                "id": 1
            }
        ],
        "type": "message",
        "subtype": "bot_message",
        "ts": "1432730650.000016"
    },
    {
        "type": "message",
        "user": "U0474AYFT",
        "text": "Here's the participant's link for today's hangout: <https:\/\/plus.google.com\/hangouts\/_\/hoaevent\/AP36tYcDfTUtCjiJI5I119ff7IlP2fcMCFncqBPx3GECgcdggs6WLA?authuser=0&amp;eid=109002904706315055045&amp;hl=en>",
        "ts": "1432750027.000017"
    },
    {
        "bot_id": "B04FD5HLZ",
        "attachments": [
            {
                "fallback": "<https:\/\/twitter.com\/Synereo|@Synereo>: The <https:\/\/twitter.com\/Synereo|@Synereo> Community Hangout LIVE RIGHT NOW! <https:\/\/twitter.com\/leithaus|@leithaus> on linear types and how they can change the #blockchain.  <https:\/\/plus.google.com\/hangouts\/_\/hoaevent\/AP36tYcDfTUtCjiJI5I119ff7IlP2fcMCFncqBPx3GECgcdggs6WLA?authuser=0&amp;eid=109002904706315055045&amp;hl=en>",
                "author_name": "Synereo",
                "author_link": "https:\/\/twitter.com\/Synereo\/status\/603625161582063616",
                "author_icon": "https:\/\/pbs.twimg.com\/profile_images\/522790259789025280\/FKRuSK66_normal.png",
                "author_subname": "@Synereo",
                "pretext": "<https:\/\/twitter.com\/Synereo\/status\/603625161582063616>",
                "text": "The <https:\/\/twitter.com\/Synereo|@Synereo> Community Hangout LIVE RIGHT NOW! <https:\/\/twitter.com\/leithaus|@leithaus> on linear types and how they can change the #blockchain.  <https:\/\/plus.google.com\/hangouts\/_\/hoaevent\/AP36tYcDfTUtCjiJI5I119ff7IlP2fcMCFncqBPx3GECgcdggs6WLA?authuser=0&amp;eid=109002904706315055045&amp;hl=en>",
                "service_name": "twitter",
                "service_url": "https:\/\/twitter.com\/",
                "id": 1
            }
        ],
        "type": "message",
        "subtype": "bot_message",
        "ts": "1432750428.000018"
    },
    {
        "bot_id": "B04FD5HLZ",
        "attachments": [
            {
                "fallback": "<https:\/\/twitter.com\/Synereo|@Synereo>: The <https:\/\/twitter.com\/Synereo|@Synereo> Community Hangout LIVE RIGHT NOW! <https:\/\/twitter.com\/leithaus|@leithaus> on linear types and how they can change the #blockchain. <https:\/\/plus.google.com\/u\/1\/b\/109002904706315055045\/events\/cmqejp6d43n5cqkdl3iu0582f4k>",
                "author_name": "Synereo",
                "author_link": "https:\/\/twitter.com\/Synereo\/status\/603627086989893633",
                "author_icon": "https:\/\/pbs.twimg.com\/profile_images\/522790259789025280\/FKRuSK66_normal.png",
                "author_subname": "@Synereo",
                "pretext": "<https:\/\/twitter.com\/Synereo\/status\/603627086989893633>",
                "text": "The <https:\/\/twitter.com\/Synereo|@Synereo> Community Hangout LIVE RIGHT NOW! <https:\/\/twitter.com\/leithaus|@leithaus> on linear types and how they can change the #blockchain. <https:\/\/plus.google.com\/u\/1\/b\/109002904706315055045\/events\/cmqejp6d43n5cqkdl3iu0582f4k>",
                "service_name": "twitter",
                "service_url": "https:\/\/twitter.com\/",
                "id": 1
            }
        ],
        "type": "message",
        "subtype": "bot_message",
        "ts": "1432750887.000019"
    },
    {
        "bot_id": "B04FD5HLZ",
        "attachments": [
            {
                "fallback": "<https:\/\/twitter.com\/jimscarver|@jimscarver>: #blockchain reinvented at <https:\/\/twitter.com\/Synereo|@Synereo> hangout today employing proof of proof :-) <https:\/\/twitter.com\/provensecure|@provensecure> <https:\/\/twitter.com\/eris_ltd|@eris_ltd> <https:\/\/plus.google.com\/u\/0\/events\/cmqejp6d43n5cqkdl3iu0582f4k>",
                "author_name": "jimscarver",
                "author_link": "https:\/\/twitter.com\/jimscarver\/status\/603675119588909056",
                "author_icon": "https:\/\/pbs.twimg.com\/profile_images\/595050198033895425\/NgPmOdj6_normal.png",
                "author_subname": "@jimscarver",
                "pretext": "<https:\/\/twitter.com\/jimscarver\/status\/603675119588909056>",
                "text": "#blockchain reinvented at <https:\/\/twitter.com\/Synereo|@Synereo> hangout today employing proof of proof :-) <https:\/\/twitter.com\/provensecure|@provensecure> <https:\/\/twitter.com\/eris_ltd|@eris_ltd> <https:\/\/plus.google.com\/u\/0\/events\/cmqejp6d43n5cqkdl3iu0582f4k>",
                "service_name": "twitter",
                "service_url": "https:\/\/twitter.com\/",
                "id": 1
            }
        ],
        "type": "message",
        "subtype": "bot_message",
        "ts": "1432762339.000020"
    }
]