[
    {
        "bot_id": "B04FD5HLZ",
        "attachments": [
            {
                "fallback": "<https:\/\/twitter.com\/LivelyGig|@LivelyGig>: The LivelyGig and <https:\/\/twitter.com\/Synereo|@Synereo> community hangout is now live. We welcome new participants: <https:\/\/plus.google.com\/hangouts\/_\/hoaevent\/AP36tYf4-PafYOpGX8c2HGDUG-pBtg8YMuPUsQGYiRBR7njX0rS9Ug?eid=109002904706315055045&amp;hl=en&amp;authuser=1>",
                "author_name": "LivelyGig",
                "author_link": "https:\/\/twitter.com\/LivelyGig\/status\/674666671156494336",
                "author_icon": "https:\/\/pbs.twimg.com\/profile_images\/648546311331966976\/bL8zUktE_normal.png",
                "author_subname": "@LivelyGig",
                "pretext": "<https:\/\/twitter.com\/LivelyGig\/status\/674666671156494336>",
                "text": "The LivelyGig and <https:\/\/twitter.com\/Synereo|@Synereo> community hangout is now live. We welcome new participants: <https:\/\/plus.google.com\/hangouts\/_\/hoaevent\/AP36tYf4-PafYOpGX8c2HGDUG-pBtg8YMuPUsQGYiRBR7njX0rS9Ug?eid=109002904706315055045&amp;hl=en&amp;authuser=1>",
                "service_name": "twitter",
                "service_url": "https:\/\/twitter.com\/",
                "id": 1
            }
        ],
        "type": "message",
        "subtype": "bot_message",
        "ts": "1449688044.000062"
    },
    {
        "bot_id": "B04FD5HLZ",
        "attachments": [
            {
                "fallback": "<https:\/\/twitter.com\/Synereo|@Synereo>: Weekly hangout live NOW: participate: <http:\/\/tinyurl.com\/njcykbf>\nview: <http:\/\/tinyurl.com\/ok6pldo>",
                "author_name": "Synereo",
                "author_link": "https:\/\/twitter.com\/Synereo\/status\/674667298808979456",
                "author_icon": "https:\/\/pbs.twimg.com\/profile_images\/522790259789025280\/FKRuSK66_normal.png",
                "author_subname": "@Synereo",
                "pretext": "<https:\/\/twitter.com\/Synereo\/status\/674667298808979456>",
                "text": "Weekly hangout live NOW: participate: <http:\/\/tinyurl.com\/njcykbf>\nview: <http:\/\/tinyurl.com\/ok6pldo>",
                "service_name": "twitter",
                "service_url": "https:\/\/twitter.com\/",
                "id": 1
            }
        ],
        "type": "message",
        "subtype": "bot_message",
        "ts": "1449688193.000063"
    }
]