[
    {
        "bot_id": "B04FD5HLZ",
        "attachments": [
            {
                "fallback": "<https:\/\/twitter.com\/Synereo|@Synereo>: The <https:\/\/twitter.com\/Synereo|@Synereo> Community Hangout is TODAY at 19 GMT. Join the team for the latest news and updates. <https:\/\/plus.google.com\/u\/0\/b\/109002904706315055045\/events\/c7qopskh9ohpdf7j4gfsgpc4750> #bitcoin #fintech",
                "author_name": "Synereo",
                "author_link": "https:\/\/twitter.com\/Synereo\/status\/659420353031241728",
                "author_icon": "https:\/\/pbs.twimg.com\/profile_images\/522790259789025280\/FKRuSK66_normal.png",
                "author_subname": "@Synereo",
                "pretext": "<https:\/\/twitter.com\/Synereo\/status\/659420353031241728>",
                "text": "The <https:\/\/twitter.com\/Synereo|@Synereo> Community Hangout is TODAY at 19 GMT. Join the team for the latest news and updates. <https:\/\/plus.google.com\/u\/0\/b\/109002904706315055045\/events\/c7qopskh9ohpdf7j4gfsgpc4750> #bitcoin #fintech",
                "service_name": "twitter",
                "service_url": "https:\/\/twitter.com\/",
                "id": 1
            }
        ],
        "type": "message",
        "subtype": "bot_message",
        "ts": "1446053038.000017"
    },
    {
        "bot_id": "B04FD5HLZ",
        "attachments": [
            {
                "fallback": "<https:\/\/twitter.com\/Synereo|@Synereo>: An easy guide on how to transfer your AMPs from MasterXchange to <https:\/\/twitter.com\/omniwallet|@omniwallet>. Deadline November 17. <http:\/\/blog.synereo.com\/2015\/10\/27\/MasterXchange-closing-and-helping-AMPs\/> #social #bitcoin",
                "author_name": "Synereo",
                "author_link": "https:\/\/twitter.com\/Synereo\/status\/659421902214209537",
                "author_icon": "https:\/\/pbs.twimg.com\/profile_images\/522790259789025280\/FKRuSK66_normal.png",
                "author_subname": "@Synereo",
                "pretext": "<https:\/\/twitter.com\/Synereo\/status\/659421902214209537>",
                "text": "An easy guide on how to transfer your AMPs from MasterXchange to <https:\/\/twitter.com\/omniwallet|@omniwallet>. Deadline November 17. <http:\/\/blog.synereo.com\/2015\/10\/27\/MasterXchange-closing-and-helping-AMPs\/> #social #bitcoin",
                "service_name": "twitter",
                "service_url": "https:\/\/twitter.com\/",
                "id": 1
            }
        ],
        "type": "message",
        "subtype": "bot_message",
        "ts": "1446053408.000018"
    },
    {
        "bot_id": "B04FD5HLZ",
        "attachments": [
            {
                "fallback": "<https:\/\/twitter.com\/Synereo|@Synereo>: Our latest <https:\/\/twitter.com\/Synereo|@Synereo> News are out with the team in Seattle, development progress and more. <http:\/\/blog.synereo.com\/2015\/10\/28\/synereo-news\/> #bitcoin #social #startup",
                "author_name": "Synereo",
                "author_link": "https:\/\/twitter.com\/Synereo\/status\/659423964536700928",
                "author_icon": "https:\/\/pbs.twimg.com\/profile_images\/522790259789025280\/FKRuSK66_normal.png",
                "author_subname": "@Synereo",
                "pretext": "<https:\/\/twitter.com\/Synereo\/status\/659423964536700928>",
                "text": "Our latest <https:\/\/twitter.com\/Synereo|@Synereo> News are out with the team in Seattle, development progress and more. <http:\/\/blog.synereo.com\/2015\/10\/28\/synereo-news\/> #bitcoin #social #startup",
                "service_name": "twitter",
                "service_url": "https:\/\/twitter.com\/",
                "id": 1
            }
        ],
        "type": "message",
        "subtype": "bot_message",
        "ts": "1446053899.000019"
    },
    {
        "bot_id": "B04FD5HLZ",
        "attachments": [
            {
                "fallback": "<https:\/\/twitter.com\/Synereo|@Synereo>: LIVE RIGHT NOW! <https:\/\/twitter.com\/Synereo|@Synereo> Community Hangout. Join the team for the latest news and updates. <https:\/\/plus.google.com\/u\/0\/b\/109002904706315055045\/events\/c7qopskh9ohpdf7j4gfsgpc4750> #bitcoin #fintech #social",
                "author_name": "Synereo",
                "author_link": "https:\/\/twitter.com\/Synereo\/status\/659435241212252160",
                "author_icon": "https:\/\/pbs.twimg.com\/profile_images\/522790259789025280\/FKRuSK66_normal.png",
                "author_subname": "@Synereo",
                "pretext": "<https:\/\/twitter.com\/Synereo\/status\/659435241212252160>",
                "text": "LIVE RIGHT NOW! <https:\/\/twitter.com\/Synereo|@Synereo> Community Hangout. Join the team for the latest news and updates. <https:\/\/plus.google.com\/u\/0\/b\/109002904706315055045\/events\/c7qopskh9ohpdf7j4gfsgpc4750> #bitcoin #fintech #social",
                "service_name": "twitter",
                "service_url": "https:\/\/twitter.com\/",
                "id": 1
            }
        ],
        "type": "message",
        "subtype": "bot_message",
        "ts": "1446056588.000020"
    },
    {
        "bot_id": "B04FD5HLZ",
        "attachments": [
            {
                "fallback": "<https:\/\/twitter.com\/kor3shan|@kor3shan>: Yo <https:\/\/twitter.com\/Synereo|@Synereo> coin request submitted to <https:\/\/twitter.com\/Poloniex|@Poloniex> - good job on keeping the project on track #crypto great use case!",
                "author_name": "iProphet",
                "author_link": "https:\/\/twitter.com\/kor3shan\/status\/659436293869449217",
                "author_icon": "https:\/\/pbs.twimg.com\/profile_images\/612509849985904640\/TL0e3srK_normal.jpg",
                "author_subname": "@kor3shan",
                "pretext": "<https:\/\/twitter.com\/kor3shan\/status\/659436293869449217>",
                "text": "Yo <https:\/\/twitter.com\/Synereo|@Synereo> coin request submitted to <https:\/\/twitter.com\/Poloniex|@Poloniex> - good job on keeping the project on track #crypto great use case!",
                "service_name": "twitter",
                "service_url": "https:\/\/twitter.com\/",
                "id": 1
            }
        ],
        "type": "message",
        "subtype": "bot_message",
        "ts": "1446056839.000021"
    },
    {
        "bot_id": "B04FD5HLZ",
        "attachments": [
            {
                "fallback": "<https:\/\/twitter.com\/drlombardo|@drlombardo>: Decentralized Social Net <https:\/\/twitter.com\/Synereo|@Synereo> Gives UI Peak, Needs Exchanges as MasterXchange Closes <http:\/\/allcoinsnews.com\/2015\/10\/29\/facebook-of-the-blockchain-synereo-gives-ui-peak-looks-for-exchanges-as-masterxchange-closes\/> #Blockchain #Facebook",
                "author_name": "Dr. Lombardo",
                "author_link": "https:\/\/twitter.com\/drlombardo\/status\/659582000655937536",
                "author_icon": "https:\/\/pbs.twimg.com\/profile_images\/631395729777426432\/_CdFtTgC_normal.jpg",
                "author_subname": "@drlombardo",
                "pretext": "<https:\/\/twitter.com\/drlombardo\/status\/659582000655937536>",
                "text": "Decentralized Social Net <https:\/\/twitter.com\/Synereo|@Synereo> Gives UI Peak, Needs Exchanges as MasterXchange Closes <http:\/\/allcoinsnews.com\/2015\/10\/29\/facebook-of-the-blockchain-synereo-gives-ui-peak-looks-for-exchanges-as-masterxchange-closes\/> #Blockchain #Facebook",
                "service_name": "twitter",
                "service_url": "https:\/\/twitter.com\/",
                "id": 1
            }
        ],
        "type": "message",
        "subtype": "bot_message",
        "ts": "1446091578.000022"
    },
    {
        "bot_id": "B04FD5HLZ",
        "attachments": [
            {
                "fallback": "<https:\/\/twitter.com\/AllCoinsNews|@AllCoinsNews>: Decentralized Social Net <https:\/\/twitter.com\/Synereo|@Synereo> Gives UI Peak, Needs Exchanges as MasterXchange Closes <http:\/\/allcoinsnews.com\/2015\/10\/29\/facebook-of-the-blockchain-synereo-gives-ui-peak-looks-for-exchanges-as-masterxchange-closes\/> #Blockchain #Facebook",
                "author_name": "AllCoinsNews",
                "author_link": "https:\/\/twitter.com\/AllCoinsNews\/status\/659582000924401664",
                "author_icon": "https:\/\/pbs.twimg.com\/profile_images\/515000567408500736\/xthtM9tK_normal.jpeg",
                "author_subname": "@AllCoinsNews",
                "pretext": "<https:\/\/twitter.com\/AllCoinsNews\/status\/659582000924401664>",
                "text": "Decentralized Social Net <https:\/\/twitter.com\/Synereo|@Synereo> Gives UI Peak, Needs Exchanges as MasterXchange Closes <http:\/\/allcoinsnews.com\/2015\/10\/29\/facebook-of-the-blockchain-synereo-gives-ui-peak-looks-for-exchanges-as-masterxchange-closes\/> #Blockchain #Facebook",
                "service_name": "twitter",
                "service_url": "https:\/\/twitter.com\/",
                "id": 1
            }
        ],
        "type": "message",
        "subtype": "bot_message",
        "ts": "1446091578.000023"
    },
    {
        "bot_id": "B04FD5HLZ",
        "attachments": [
            {
                "fallback": "<https:\/\/twitter.com\/AllCoinsNews|@AllCoinsNews>: RT <https:\/\/twitter.com\/AllCoinsNews|@AllCoinsNews>: Decentralized Social Net <https:\/\/twitter.com\/Synereo|@Synereo> Gives UI Peek, Needs Exchanges as MasterXchange Closes <http:\/\/allcoinsnews.com\/2015\/10\/29\/facebook-of-the-blockchain-synereo-gives-ui-peak-looks-for-exchanges-as-masterxchange-closes\/>...",
                "author_name": "AllCoinsNews",
                "author_link": "https:\/\/twitter.com\/AllCoinsNews\/status\/659588568067784704",
                "author_icon": "https:\/\/pbs.twimg.com\/profile_images\/515000567408500736\/xthtM9tK_normal.jpeg",
                "author_subname": "@AllCoinsNews",
                "pretext": "<https:\/\/twitter.com\/AllCoinsNews\/status\/659588568067784704>",
                "text": "RT <https:\/\/twitter.com\/AllCoinsNews|@AllCoinsNews>: Decentralized Social Net <https:\/\/twitter.com\/Synereo|@Synereo> Gives UI Peek, Needs Exchanges as MasterXchange Closes <http:\/\/allcoinsnews.com\/2015\/10\/29\/facebook-of-the-blockchain-synereo-gives-ui-peak-looks-for-exchanges-as-masterxchange-closes\/>...",
                "service_name": "twitter",
                "service_url": "https:\/\/twitter.com\/",
                "id": 1
            }
        ],
        "type": "message",
        "subtype": "bot_message",
        "ts": "1446093143.000024"
    }
]