[
    {
        "bot_id": "B04FD5HLZ",
        "attachments": [
            {
                "fallback": "<https:\/\/twitter.com\/Synereo|@Synereo>: The <https:\/\/twitter.com\/Synereo|@Synereo> Community Hangout is TODAY at 19 GMT. Join the team for the latest news and updates. <https:\/\/plus.google.com\/u\/0\/b\/109002904706315055045\/events\/c6au41oode4r0ol3olgq4amnhi0> #bitcoin #fintech",
                "author_name": "Synereo",
                "author_link": "https:\/\/twitter.com\/Synereo\/status\/636589444611616768",
                "author_icon": "https:\/\/pbs.twimg.com\/profile_images\/522790259789025280\/FKRuSK66_normal.png",
                "author_subname": "@Synereo",
                "pretext": "<https:\/\/twitter.com\/Synereo\/status\/636589444611616768>",
                "text": "The <https:\/\/twitter.com\/Synereo|@Synereo> Community Hangout is TODAY at 19 GMT. Join the team for the latest news and updates. <https:\/\/plus.google.com\/u\/0\/b\/109002904706315055045\/events\/c6au41oode4r0ol3olgq4amnhi0> #bitcoin #fintech",
                "service_name": "twitter",
                "service_url": "https:\/\/twitter.com\/",
                "id": 1
            }
        ],
        "type": "message",
        "subtype": "bot_message",
        "ts": "1440609725.000002"
    },
    {
        "bot_id": "B04FD5HLZ",
        "attachments": [
            {
                "fallback": "<https:\/\/twitter.com\/Synereo|@Synereo>: LIVE RIGHT NOW! <https:\/\/twitter.com\/Synereo|@Synereo> Community Hangout. Join the team for the latest news and updates. <https:\/\/plus.google.com\/u\/0\/b\/109002904706315055045\/events\/c6au41oode4r0ol3olgq4amnhi0> #bitcoin #fintech #social",
                "author_name": "Synereo",
                "author_link": "https:\/\/twitter.com\/Synereo\/status\/636601516434960384",
                "author_icon": "https:\/\/pbs.twimg.com\/profile_images\/522790259789025280\/FKRuSK66_normal.png",
                "author_subname": "@Synereo",
                "pretext": "<https:\/\/twitter.com\/Synereo\/status\/636601516434960384>",
                "text": "LIVE RIGHT NOW! <https:\/\/twitter.com\/Synereo|@Synereo> Community Hangout. Join the team for the latest news and updates. <https:\/\/plus.google.com\/u\/0\/b\/109002904706315055045\/events\/c6au41oode4r0ol3olgq4amnhi0> #bitcoin #fintech #social",
                "service_name": "twitter",
                "service_url": "https:\/\/twitter.com\/",
                "id": 1
            }
        ],
        "type": "message",
        "subtype": "bot_message",
        "ts": "1440612604.000003"
    },
    {
        "bot_id": "B04FD5HLZ",
        "attachments": [
            {
                "fallback": "<https:\/\/twitter.com\/leithaus|@leithaus>: <https:\/\/twitter.com\/gah650|@gah650> Hey! Have you looked at <https:\/\/twitter.com\/Synereo|@Synereo>'s approach to a decentralized music service?",
                "author_name": "leithaus",
                "author_link": "https:\/\/twitter.com\/leithaus\/status\/636622823490883585",
                "author_icon": "https:\/\/pbs.twimg.com\/profile_images\/1184189540\/thefool1_normal.jpg",
                "author_subname": "@leithaus",
                "pretext": "<https:\/\/twitter.com\/leithaus\/status\/636622823490883585>",
                "text": "<https:\/\/twitter.com\/gah650|@gah650> Hey! Have you looked at <https:\/\/twitter.com\/Synereo|@Synereo>'s approach to a decentralized music service?",
                "service_name": "twitter",
                "service_url": "https:\/\/twitter.com\/",
                "id": 1
            }
        ],
        "type": "message",
        "subtype": "bot_message",
        "ts": "1440617683.000004"
    }
]