[
    {
        "type": "message",
        "user": "U0474AT8P",
        "text": "<https:\/\/twitter.com\/Synereo\/status\/585449399859474432>",
        "attachments": [
            {
                "fallback": "<https:\/\/twitter.com\/Synereo|@Synereo>: Community Hangout TOMORROW at 21 GMT: developing on the <https:\/\/twitter.com\/Synereo|@Synereo> platform and more. <https:\/\/plus.google.com\/u\/0\/b\/109002904706315055045\/events\/colr93mn6al4ubcvdkn6e8l4m8s> #bitcoin <https:\/\/pbs.twimg.com\/media\/CB_vIG0WEAAyecK.jpg>",
                "ts": 1428416988,
                "author_name": "Synereo",
                "author_link": "https:\/\/twitter.com\/Synereo\/status\/585449399859474432",
                "author_icon": "https:\/\/pbs.twimg.com\/profile_images\/522790259789025280\/FKRuSK66_normal.png",
                "author_subname": "@Synereo",
                "text": "Community Hangout TOMORROW at 21 GMT: developing on the <https:\/\/twitter.com\/Synereo|@Synereo> platform and more. <https:\/\/plus.google.com\/u\/0\/b\/109002904706315055045\/events\/colr93mn6al4ubcvdkn6e8l4m8s> #bitcoin <https:\/\/pbs.twimg.com\/media\/CB_vIG0WEAAyecK.jpg>",
                "service_name": "twitter",
                "service_url": "https:\/\/twitter.com\/",
                "image_url": "https:\/\/pbs.twimg.com\/media\/CB_vIG0WEAAyecK.jpg",
                "image_width": 599,
                "image_height": 313,
                "image_bytes": 22532,
                "from_url": "https:\/\/twitter.com\/Synereo\/status\/585449399859474432",
                "id": 1
            }
        ],
        "ts": "1428417017.000016"
    },
    {
        "type": "message",
        "user": "U0474AT8P",
        "text": "<https:\/\/twitter.com\/Synereo\/status\/585466607914323969>",
        "attachments": [
            {
                "fallback": "<https:\/\/twitter.com\/Synereo|@Synereo>: We are thrilled to announce a new BOUNTY on <https:\/\/twitter.com\/Synereo|@Synereo> MVP Features for a share of 50,000 AMPs. <http:\/\/blog.synereo.com\/2015\/04\/07\/mvp\/> #socialnetwork #bitcoin",
                "ts": 1428421091,
                "author_name": "Synereo",
                "author_link": "https:\/\/twitter.com\/Synereo\/status\/585466607914323969",
                "author_icon": "https:\/\/pbs.twimg.com\/profile_images\/522790259789025280\/FKRuSK66_normal.png",
                "author_subname": "@Synereo",
                "text": "We are thrilled to announce a new BOUNTY on <https:\/\/twitter.com\/Synereo|@Synereo> MVP Features for a share of 50,000 AMPs. <http:\/\/blog.synereo.com\/2015\/04\/07\/mvp\/> #socialnetwork #bitcoin",
                "service_name": "twitter",
                "service_url": "https:\/\/twitter.com\/",
                "from_url": "https:\/\/twitter.com\/Synereo\/status\/585466607914323969",
                "id": 1
            }
        ],
        "ts": "1428421178.000021"
    },
    {
        "user": "U049XP38G",
        "type": "message",
        "subtype": "channel_join",
        "text": "<@U049XP38G|cameron> has joined the channel",
        "ts": "1428438672.000023"
    },
    {
        "type": "message",
        "user": "U0474AT8P",
        "text": "<https:\/\/twitter.com\/Synereo\/status\/585627909534175234>",
        "attachments": [
            {
                "fallback": "<https:\/\/twitter.com\/Synereo|@Synereo>: We are featured on <https:\/\/twitter.com\/bravenewcoin|@bravenewcoin>: <https:\/\/twitter.com\/Synereo|@Synereo> Partners With Splicious: Crowdsale Update. <http:\/\/bravenewcoin.com\/news\/synereo-partners-with-splicious-crowdsale-update\/> #socialnetwork #bitcoin",
                "ts": 1428459548,
                "author_name": "Synereo",
                "author_link": "https:\/\/twitter.com\/Synereo\/status\/585627909534175234",
                "author_icon": "https:\/\/pbs.twimg.com\/profile_images\/522790259789025280\/FKRuSK66_normal.png",
                "author_subname": "@Synereo",
                "text": "We are featured on <https:\/\/twitter.com\/bravenewcoin|@bravenewcoin>: <https:\/\/twitter.com\/Synereo|@Synereo> Partners With Splicious: Crowdsale Update. <http:\/\/bravenewcoin.com\/news\/synereo-partners-with-splicious-crowdsale-update\/> #socialnetwork #bitcoin",
                "service_name": "twitter",
                "service_url": "https:\/\/twitter.com\/",
                "from_url": "https:\/\/twitter.com\/Synereo\/status\/585627909534175234",
                "id": 1
            }
        ],
        "ts": "1428459577.000024"
    },
    {
        "type": "message",
        "user": "U0474AT8P",
        "text": "<https:\/\/twitter.com\/Synereo\/status\/585629069175365632>",
        "attachments": [
            {
                "fallback": "<https:\/\/twitter.com\/Synereo|@Synereo>: Tell us what <https:\/\/twitter.com\/Synereo|@Synereo> MVP (Minimum Viable Product) features should be for a piece of the 50,000 AMPs BOUNTY.\n<http:\/\/blog.synereo.com\/2015\/04\/07\/mvp\/> #bitcoin",
                "ts": 1428459825,
                "author_name": "Synereo",
                "author_link": "https:\/\/twitter.com\/Synereo\/status\/585629069175365632",
                "author_icon": "https:\/\/pbs.twimg.com\/profile_images\/522790259789025280\/FKRuSK66_normal.png",
                "author_subname": "@Synereo",
                "text": "Tell us what <https:\/\/twitter.com\/Synereo|@Synereo> MVP (Minimum Viable Product) features should be for a piece of the 50,000 AMPs BOUNTY.\n<http:\/\/blog.synereo.com\/2015\/04\/07\/mvp\/> #bitcoin",
                "service_name": "twitter",
                "service_url": "https:\/\/twitter.com\/",
                "from_url": "https:\/\/twitter.com\/Synereo\/status\/585629069175365632",
                "id": 1
            }
        ],
        "ts": "1428459863.000026"
    },
    {
        "type": "message",
        "user": "U0474AT8P",
        "text": "<https:\/\/twitter.com\/Synereo\/status\/585632851451838464>",
        "attachments": [
            {
                "fallback": "<https:\/\/twitter.com\/Synereo|@Synereo>: We will be showing a live demo of a Synereo node during <https:\/\/twitter.com\/decentralvan|@decentralvan> Hangout on Thursday. <https:\/\/plus.google.com\/u\/0\/events\/c5oq1nta6rcmaub036l35mdck3s> #socialnetwork #bitcoin",
                "ts": 1428460726,
                "author_name": "Synereo",
                "author_link": "https:\/\/twitter.com\/Synereo\/status\/585632851451838464",
                "author_icon": "https:\/\/pbs.twimg.com\/profile_images\/522790259789025280\/FKRuSK66_normal.png",
                "author_subname": "@Synereo",
                "text": "We will be showing a live demo of a Synereo node during <https:\/\/twitter.com\/decentralvan|@decentralvan> Hangout on Thursday. <https:\/\/plus.google.com\/u\/0\/events\/c5oq1nta6rcmaub036l35mdck3s> #socialnetwork #bitcoin",
                "service_name": "twitter",
                "service_url": "https:\/\/twitter.com\/",
                "from_url": "https:\/\/twitter.com\/Synereo\/status\/585632851451838464",
                "id": 1
            }
        ],
        "ts": "1428460769.000028"
    },
    {
        "user": "U04A347DE",
        "type": "message",
        "subtype": "channel_join",
        "text": "<@U04A347DE|jmlubin> has joined the channel",
        "ts": "1428465539.000030"
    }
]