[
    {
        "bot_id": "B04FD5HLZ",
        "attachments": [
            {
                "fallback": "<https:\/\/twitter.com\/Synereo|@Synereo>: A reminder that MasterXchange is closing, you can store your <https:\/\/twitter.com\/Synereo|@Synereo> AMP Tokens <https:\/\/twitter.com\/omniwallet|@omniwallet> and <https:\/\/twitter.com\/holytransaction|@holytransaction> #social #bitcoin #startup",
                "author_name": "Synereo",
                "author_link": "https:\/\/twitter.com\/Synereo\/status\/664819972154130432",
                "author_icon": "https:\/\/pbs.twimg.com\/profile_images\/522790259789025280\/FKRuSK66_normal.png",
                "author_subname": "@Synereo",
                "pretext": "<https:\/\/twitter.com\/Synereo\/status\/664819972154130432>",
                "text": "A reminder that MasterXchange is closing, you can store your <https:\/\/twitter.com\/Synereo|@Synereo> AMP Tokens <https:\/\/twitter.com\/omniwallet|@omniwallet> and <https:\/\/twitter.com\/holytransaction|@holytransaction> #social #bitcoin #startup",
                "service_name": "twitter",
                "service_url": "https:\/\/twitter.com\/",
                "id": 1
            }
        ],
        "type": "message",
        "subtype": "bot_message",
        "ts": "1447340409.000004"
    },
    {
        "bot_id": "B04FD5HLZ",
        "attachments": [
            {
                "fallback": "<https:\/\/twitter.com\/terranozergus|@terranozergus>: Why <https:\/\/twitter.com\/Synereo|@Synereo> is so important #bitcoin #social #government  <https:\/\/twitter.com\/B2Community\/status\/664849305296089088>",
                "author_name": "Anderson Mccutcheon",
                "author_link": "https:\/\/twitter.com\/terranozergus\/status\/664850502862151681",
                "author_icon": "https:\/\/pbs.twimg.com\/profile_images\/125215812\/Png_HybridAdmiral_normal.png",
                "author_subname": "@terranozergus",
                "pretext": "<https:\/\/twitter.com\/terranozergus\/status\/664850502862151681>",
                "text": "Why <https:\/\/twitter.com\/Synereo|@Synereo> is so important #bitcoin #social #government  <https:\/\/twitter.com\/B2Community\/status\/664849305296089088>",
                "service_name": "twitter",
                "service_url": "https:\/\/twitter.com\/",
                "id": 1
            }
        ],
        "type": "message",
        "subtype": "bot_message",
        "ts": "1447347687.000005"
    }
]