[
    {
        "type": "message",
        "user": "U04MANNGL",
        "text": "hey guys, found this; might be an interesting read since it relates to some of the projects concepts:\n<http:\/\/www.cellphonecity.com\/blog\/izone\/getgems-messenger-hot-new-app-will-change-way-think-cryptocurrency>",
        "attachments": [
            {
                "service_name": "CellPhoneCity Blog",
                "title": "GetGems Messenger: Cryptocurrency for Everyone - CellPhoneCity Blog",
                "title_link": "http:\/\/www.cellphonecity.com\/blog\/izone\/getgems-messenger-hot-new-app-will-change-way-think-cryptocurrency",
                "text": "11121 \u201cIn March of 2014, the idea of combining Instant Messaging (IM) with e-commerce using Bitcoin\u2019s blockchain technology came to me after tossing a few ideas around with a good friend. There was an \u2018aha\u2019 moment when we both realized the technology had advanced quickly enough that this idea would be not only possible, but \u2026",
                "fallback": "CellPhoneCity Blog: GetGems Messenger: Cryptocurrency for Everyone - CellPhoneCity Blog",
                "image_url": "http:\/\/cpc.onejumpwebinc.netdna-cdn.com\/blog\/wp-content\/uploads\/2015\/06\/getGemsMessenger-CrypotcurrencyForEveryone_450x0_cellphoneCity_THUMB_markC.jpg",
                "ts": 1434620490,
                "from_url": "http:\/\/www.cellphonecity.com\/blog\/izone\/getgems-messenger-hot-new-app-will-change-way-think-cryptocurrency",
                "image_width": 450,
                "image_height": 200,
                "image_bytes": 54102,
                "id": 1
            }
        ],
        "ts": "1435649001.000072"
    },
    {
        "bot_id": "B04FD5HLZ",
        "attachments": [
            {
                "fallback": "<https:\/\/twitter.com\/FabriceLangue|@FabriceLangue>: Internet 2.0 will go without NSA : <https:\/\/www.youtube.com\/watch?v=_TN1rxmxXk0> <https:\/\/twitter.com\/minds|@minds> <https:\/\/twitter.com\/getgemsorg|@getgemsorg> <https:\/\/twitter.com\/ethereumproject|@ethereumproject> <https:\/\/twitter.com\/Synereo|@Synereo> <https:\/\/twitter.com\/DecentralizeAll|@DecentralizeAll> <https:\/\/twitter.com\/DecentralizeMag|@DecentralizeMag>",
                "author_name": "Fabrice Langue",
                "author_link": "https:\/\/twitter.com\/FabriceLangue\/status\/615907609468620800",
                "author_icon": "https:\/\/pbs.twimg.com\/profile_images\/613287835043516416\/taxTo_nH_normal.jpg",
                "author_subname": "@FabriceLangue",
                "pretext": "<https:\/\/twitter.com\/FabriceLangue\/status\/615907609468620800>",
                "text": "Internet 2.0 will go without NSA : <https:\/\/www.youtube.com\/watch?v=_TN1rxmxXk0> <https:\/\/twitter.com\/minds|@minds> <https:\/\/twitter.com\/getgemsorg|@getgemsorg> <https:\/\/twitter.com\/ethereumproject|@ethereumproject> <https:\/\/twitter.com\/Synereo|@Synereo> <https:\/\/twitter.com\/DecentralizeAll|@DecentralizeAll> <https:\/\/twitter.com\/DecentralizeMag|@DecentralizeMag>",
                "service_name": "twitter",
                "service_url": "https:\/\/twitter.com\/",
                "id": 1
            }
        ],
        "type": "message",
        "subtype": "bot_message",
        "ts": "1435678791.000074"
    },
    {
        "bot_id": "B04FD5HLZ",
        "attachments": [
            {
                "fallback": "<https:\/\/twitter.com\/Synereo|@Synereo>: The <https:\/\/twitter.com\/Synereo|@Synereo> Community Hangout each Wednesday starts 2 HOURS EARLIER from now on, 7PM UTC: <https:\/\/plus.google.com\/u\/0\/b\/109002904706315055045\/events\/ctd4vqvk2uq442o5i7npnfge3o8> #bitcoin #social #fintech",
                "author_name": "Synereo",
                "author_link": "https:\/\/twitter.com\/Synereo\/status\/615931801278676992",
                "author_icon": "https:\/\/pbs.twimg.com\/profile_images\/522790259789025280\/FKRuSK66_normal.png",
                "author_subname": "@Synereo",
                "pretext": "<https:\/\/twitter.com\/Synereo\/status\/615931801278676992>",
                "text": "The <https:\/\/twitter.com\/Synereo|@Synereo> Community Hangout each Wednesday starts 2 HOURS EARLIER from now on, 7PM UTC: <https:\/\/plus.google.com\/u\/0\/b\/109002904706315055045\/events\/ctd4vqvk2uq442o5i7npnfge3o8> #bitcoin #social #fintech",
                "service_name": "twitter",
                "service_url": "https:\/\/twitter.com\/",
                "id": 1
            }
        ],
        "type": "message",
        "subtype": "bot_message",
        "ts": "1435684559.000075"
    }
]