[
    {
        "bot_id": "B04FD5HLZ",
        "attachments": [
            {
                "fallback": "<https:\/\/twitter.com\/koqoo|@koqoo>: <https:\/\/twitter.com\/_arianna|@_arianna> Eventually all giants fall over due to their own weight. #FB is not any different; <https:\/\/twitter.com\/Synereo|@Synereo> is coming\u2026 :boom: $FB will be the new #AOL.",
                "author_name": "\u1d04\u1d3c\u1d3as\u1d1b\u1d00\u0274\u1d1b\u026a\u0274\u1d07",
                "author_link": "https:\/\/twitter.com\/koqoo\/status\/681810272063983618",
                "author_icon": "https:\/\/pbs.twimg.com\/profile_images\/607632017891708929\/I9YSWupC_normal.png",
                "author_subname": "@koqoo",
                "pretext": "<https:\/\/twitter.com\/koqoo\/status\/681810272063983618>",
                "text": "<https:\/\/twitter.com\/_arianna|@_arianna> Eventually all giants fall over due to their own weight. #FB is not any different; <https:\/\/twitter.com\/Synereo|@Synereo> is coming\u2026 :boom: $FB will be the new #AOL.",
                "service_name": "twitter",
                "service_url": "https:\/\/twitter.com\/",
                "id": 1
            }
        ],
        "type": "message",
        "subtype": "bot_message",
        "ts": "1451391211.000100"
    },
    {
        "bot_id": "B04FD5HLZ",
        "attachments": [
            {
                "fallback": "<https:\/\/twitter.com\/gorechristophe2|@gorechristophe2>: <https:\/\/twitter.com\/koqoo|@koqoo> <https:\/\/twitter.com\/_arianna|@_arianna> <https:\/\/twitter.com\/Synereo|@Synereo> lol idiot",
                "author_name": "Christopher Gore",
                "author_link": "https:\/\/twitter.com\/gorechristophe2\/status\/681821295592534016",
                "author_icon": "https:\/\/pbs.twimg.com\/profile_images\/567073284618207233\/yC95ONGu_normal.jpeg",
                "author_subname": "@gorechristophe2",
                "pretext": "<https:\/\/twitter.com\/gorechristophe2\/status\/681821295592534016>",
                "text": "<https:\/\/twitter.com\/koqoo|@koqoo> <https:\/\/twitter.com\/_arianna|@_arianna> <https:\/\/twitter.com\/Synereo|@Synereo> lol idiot",
                "service_name": "twitter",
                "service_url": "https:\/\/twitter.com\/",
                "id": 1
            }
        ],
        "type": "message",
        "subtype": "bot_message",
        "ts": "1451393839.000101"
    },
    {
        "bot_id": "B04FD5HLZ",
        "attachments": [
            {
                "fallback": "<https:\/\/twitter.com\/gorechristophe2|@gorechristophe2>: <https:\/\/twitter.com\/koqoo|@koqoo> <https:\/\/twitter.com\/_arianna|@_arianna> <https:\/\/twitter.com\/Synereo|@Synereo> if ur comparing FB to aol I definitely can't take u seriously",
                "author_name": "Christopher Gore",
                "author_link": "https:\/\/twitter.com\/gorechristophe2\/status\/681821702481948672",
                "author_icon": "https:\/\/pbs.twimg.com\/profile_images\/567073284618207233\/yC95ONGu_normal.jpeg",
                "author_subname": "@gorechristophe2",
                "pretext": "<https:\/\/twitter.com\/gorechristophe2\/status\/681821702481948672>",
                "text": "<https:\/\/twitter.com\/koqoo|@koqoo> <https:\/\/twitter.com\/_arianna|@_arianna> <https:\/\/twitter.com\/Synereo|@Synereo> if ur comparing FB to aol I definitely can't take u seriously",
                "service_name": "twitter",
                "service_url": "https:\/\/twitter.com\/",
                "id": 1
            }
        ],
        "type": "message",
        "subtype": "bot_message",
        "ts": "1451393936.000102"
    },
    {
        "bot_id": "B04FD5HLZ",
        "attachments": [
            {
                "fallback": "<https:\/\/twitter.com\/provensecure|@provensecure>: What we're reading in Digital IDentity Today! <http:\/\/paper.li\/provensecure\/1424185768?edition_id=96700660-ae57-11e5-b5fd-002590a5ba2d> Highlighted Today: <https:\/\/twitter.com\/4thibeau|@4thibeau> <https:\/\/twitter.com\/Synereo|@Synereo> <https:\/\/twitter.com\/jimfenton|@jimfenton>",
                "author_name": "ProvenSecure",
                "author_link": "https:\/\/twitter.com\/provensecure\/status\/681900378540105728",
                "author_icon": "https:\/\/pbs.twimg.com\/profile_images\/557573566481186817\/H3j021y-_normal.jpeg",
                "author_subname": "@provensecure",
                "pretext": "<https:\/\/twitter.com\/provensecure\/status\/681900378540105728>",
                "text": "What we're reading in Digital IDentity Today! <http:\/\/paper.li\/provensecure\/1424185768?edition_id=96700660-ae57-11e5-b5fd-002590a5ba2d> Highlighted Today: <https:\/\/twitter.com\/4thibeau|@4thibeau> <https:\/\/twitter.com\/Synereo|@Synereo> <https:\/\/twitter.com\/jimfenton|@jimfenton>",
                "service_name": "twitter",
                "service_url": "https:\/\/twitter.com\/",
                "id": 1
            }
        ],
        "type": "message",
        "subtype": "bot_message",
        "ts": "1451412694.000103"
    },
    {
        "bot_id": "B04FD5HLZ",
        "attachments": [
            {
                "fallback": "<https:\/\/twitter.com\/FreeTrustOrg|@FreeTrustOrg>: <https:\/\/twitter.com\/gorechristophe2|@gorechristophe2> <https:\/\/twitter.com\/koqoo|@koqoo> <https:\/\/twitter.com\/_arianna|@_arianna> FB already took over AOL dominance long ago, we can only hope <https:\/\/twitter.com\/Synereo|@Synereo> is next.",
                "author_name": "FreeTrust",
                "author_link": "https:\/\/twitter.com\/FreeTrustOrg\/status\/681902091074428928",
                "author_icon": "https:\/\/pbs.twimg.com\/profile_images\/606532062502391808\/mEJmLI_G_normal.png",
                "author_subname": "@FreeTrustOrg",
                "pretext": "<https:\/\/twitter.com\/FreeTrustOrg\/status\/681902091074428928>",
                "text": "<https:\/\/twitter.com\/gorechristophe2|@gorechristophe2> <https:\/\/twitter.com\/koqoo|@koqoo> <https:\/\/twitter.com\/_arianna|@_arianna> FB already took over AOL dominance long ago, we can only hope <https:\/\/twitter.com\/Synereo|@Synereo> is next.",
                "service_name": "twitter",
                "service_url": "https:\/\/twitter.com\/",
                "id": 1
            }
        ],
        "type": "message",
        "subtype": "bot_message",
        "ts": "1451413102.000104"
    },
    {
        "bot_id": "B04FD5HLZ",
        "attachments": [
            {
                "fallback": "<https:\/\/twitter.com\/martijnarets|@martijnarets>: A fully decentralized and distributed social platform: <https:\/\/twitter.com\/Synereo|@Synereo>. Interview with <https:\/\/twitter.com\/Elokane|@Elokane> <http:\/\/ow.ly\/Wr6uU>",
                "author_name": "Martijn Arets",
                "author_link": "https:\/\/twitter.com\/martijnarets\/status\/682106404732334080",
                "author_icon": "https:\/\/pbs.twimg.com\/profile_images\/616603037281325056\/A_A9wF-h_normal.jpg",
                "author_subname": "@martijnarets",
                "pretext": "<https:\/\/twitter.com\/martijnarets\/status\/682106404732334080>",
                "text": "A fully decentralized and distributed social platform: <https:\/\/twitter.com\/Synereo|@Synereo>. Interview with <https:\/\/twitter.com\/Elokane|@Elokane> <http:\/\/ow.ly\/Wr6uU>",
                "service_name": "twitter",
                "service_url": "https:\/\/twitter.com\/",
                "id": 1
            }
        ],
        "type": "message",
        "subtype": "bot_message",
        "ts": "1451461814.000105"
    },
    {
        "bot_id": "B04FD5HLZ",
        "attachments": [
            {
                "fallback": "<https:\/\/twitter.com\/crowdexpedition|@crowdexpedition>: A fully decentralized and distributed social platform: <https:\/\/twitter.com\/Synereo|@Synereo>. Interview with <https:\/\/twitter.com\/Elokane|@Elokane> <http:\/\/ow.ly\/Wr6oV>",
                "author_name": "Crowd Expedition",
                "author_link": "https:\/\/twitter.com\/crowdexpedition\/status\/682106405164314626",
                "author_icon": "https:\/\/pbs.twimg.com\/profile_images\/378800000481894123\/44f9a84c00f206045077d3006fe2d65a_normal.jpeg",
                "author_subname": "@crowdexpedition",
                "pretext": "<https:\/\/twitter.com\/crowdexpedition\/status\/682106405164314626>",
                "text": "A fully decentralized and distributed social platform: <https:\/\/twitter.com\/Synereo|@Synereo>. Interview with <https:\/\/twitter.com\/Elokane|@Elokane> <http:\/\/ow.ly\/Wr6oV>",
                "service_name": "twitter",
                "service_url": "https:\/\/twitter.com\/",
                "id": 1
            }
        ],
        "type": "message",
        "subtype": "bot_message",
        "ts": "1451461814.000106"
    }
]