[
    {
        "user": "U04BX31QM",
        "type": "message",
        "subtype": "channel_join",
        "text": "<@U04BX31QM|nenad> has joined the channel",
        "ts": "1428663191.000032"
    },
    {
        "type": "message",
        "user": "U0474E4KZ",
        "text": "<http:\/\/www.forbes.com\/sites\/ilyapozin\/2015\/04\/10\/meet-the-3-platforms-that-will-decentralize-the-web\/>",
        "attachments": [
            {
                "service_name": "Forbes",
                "title": "The 3 Platforms That Will Decentralize The Web",
                "title_link": "http:\/\/www.forbes.com\/sites\/ilyapozin\/2015\/04\/10\/meet-the-3-platforms-that-will-decentralize-the-web\/",
                "text": "Bitcoin is going mainstream, and the decentralized platform has tremendous potential to change the way people make payments and transfer money. Now industry leaders are looking at the technology used to create other decentralized services like peer-to-peer file sharing, made popular by Napster and BitTorrent, as a way to deliver content. Decentralization [...]",
                "fallback": "Forbes: The 3 Platforms That Will Decentralize The Web",
                "thumb_url": "https:\/\/farm6.staticflickr.com\/5033\/5825972240_6c2f4932aa_b.jpg",
                "ts": 1428649200,
                "from_url": "http:\/\/www.forbes.com\/sites\/ilyapozin\/2015\/04\/10\/meet-the-3-platforms-that-will-decentralize-the-web\/",
                "thumb_width": 1024,
                "thumb_height": 768,
                "id": 1
            }
        ],
        "ts": "1428684146.000033"
    }
]