[
    {
        "bot_id": "B04FD5HLZ",
        "attachments": [
            {
                "fallback": "<https:\/\/twitter.com\/Synereo|@Synereo>: Synereo CSO Lucius Gregory Meredith speaking about blockchain at #devcon1\n<http:\/\/tinyurl.com\/j44kyrq>",
                "author_name": "Synereo",
                "author_link": "https:\/\/twitter.com\/Synereo\/status\/674957751261368324",
                "author_icon": "https:\/\/pbs.twimg.com\/profile_images\/522790259789025280\/FKRuSK66_normal.png",
                "author_subname": "@Synereo",
                "pretext": "<https:\/\/twitter.com\/Synereo\/status\/674957751261368324>",
                "text": "Synereo CSO Lucius Gregory Meredith speaking about blockchain at #devcon1\n<http:\/\/tinyurl.com\/j44kyrq>",
                "service_name": "twitter",
                "service_url": "https:\/\/twitter.com\/",
                "id": 1
            }
        ],
        "type": "message",
        "subtype": "bot_message",
        "ts": "1449757443.000064"
    },
    {
        "bot_id": "B04FD5HLZ",
        "attachments": [
            {
                "fallback": "<https:\/\/twitter.com\/dlevy2013|@dlevy2013>: <https:\/\/twitter.com\/BandofLight|@BandofLight> I'm most excited about <https:\/\/twitter.com\/Synereo|@Synereo> hopefully by summer next year. It's owned by it's users and also taps the #attentioneconomy",
                "author_name": "Daniel Levy",
                "author_link": "https:\/\/twitter.com\/dlevy2013\/status\/675058061556494341",
                "author_icon": "https:\/\/pbs.twimg.com\/profile_images\/1894452000\/Head_Shot_normal.jpg",
                "author_subname": "@dlevy2013",
                "pretext": "<https:\/\/twitter.com\/dlevy2013\/status\/675058061556494341>",
                "text": "<https:\/\/twitter.com\/BandofLight|@BandofLight> I'm most excited about <https:\/\/twitter.com\/Synereo|@Synereo> hopefully by summer next year. It's owned by it's users and also taps the #attentioneconomy",
                "service_name": "twitter",
                "service_url": "https:\/\/twitter.com\/",
                "id": 1
            }
        ],
        "type": "message",
        "subtype": "bot_message",
        "ts": "1449781358.000065"
    }
]