[
    {
        "bot_id": "B04FD5HLZ",
        "attachments": [
            {
                "fallback": "<https:\/\/twitter.com\/Elokane|@Elokane>: <https:\/\/twitter.com\/PanteraCapital|@PanteraCapital> <https:\/\/twitter.com\/imogenheap|@imogenheap> Synereo offers a completely decentralized content  delivery network. <https:\/\/twitter.com\/Synereo|@Synereo>",
                "author_name": "Dor Konforty",
                "author_link": "https:\/\/twitter.com\/Elokane\/status\/614743314508611584",
                "author_icon": "https:\/\/pbs.twimg.com\/profile_images\/372313688\/Red_Background_Cylon_Bust_Photo_normal.jpg",
                "author_subname": "@Elokane",
                "pretext": "<https:\/\/twitter.com\/Elokane\/status\/614743314508611584>",
                "text": "<https:\/\/twitter.com\/PanteraCapital|@PanteraCapital> <https:\/\/twitter.com\/imogenheap|@imogenheap> Synereo offers a completely decentralized content  delivery network. <https:\/\/twitter.com\/Synereo|@Synereo>",
                "service_name": "twitter",
                "service_url": "https:\/\/twitter.com\/",
                "id": 1
            }
        ],
        "type": "message",
        "subtype": "bot_message",
        "ts": "1435401202.000067"
    }
]