[
    {
        "bot_id": "B04FD5HLZ",
        "attachments": [
            {
                "fallback": "<https:\/\/twitter.com\/FabriceLangue|@FabriceLangue>: <https:\/\/twitter.com\/Synereo|@Synereo> brings Crypto And Social Media On A Revolutionary Platform <http:\/\/themerkle.com\/news\/synereo-bringing-crypto-and-social-media-on-a-revolutionary-platform\/>",
                "author_name": "Fabrice Langue",
                "author_link": "https:\/\/twitter.com\/FabriceLangue\/status\/615468576368107520",
                "author_icon": "https:\/\/pbs.twimg.com\/profile_images\/613287835043516416\/taxTo_nH_normal.jpg",
                "author_subname": "@FabriceLangue",
                "pretext": "<https:\/\/twitter.com\/FabriceLangue\/status\/615468576368107520>",
                "text": "<https:\/\/twitter.com\/Synereo|@Synereo> brings Crypto And Social Media On A Revolutionary Platform <http:\/\/themerkle.com\/news\/synereo-bringing-crypto-and-social-media-on-a-revolutionary-platform\/>",
                "service_name": "twitter",
                "service_url": "https:\/\/twitter.com\/",
                "id": 1
            }
        ],
        "type": "message",
        "subtype": "bot_message",
        "ts": "1435574118.000069"
    },
    {
        "bot_id": "B04FD5HLZ",
        "attachments": [
            {
                "fallback": "<https:\/\/twitter.com\/jimscarver|@jimscarver>: <https:\/\/twitter.com\/Synereo|@Synereo>, Bringing Crypto And Social Media On A Revolutionary Platform - The Merkle <http:\/\/themerkle.com\/news\/synereo-bringing-crypto-and-social-media-on-a-revolutionary-platform\/> <https:\/\/twitter.com\/FreeTrustOrg|@FreeTrustOrg> <https:\/\/twitter.com\/provensecure|@provensecure>",
                "author_name": "jimscarver",
                "author_link": "https:\/\/twitter.com\/jimscarver\/status\/615481855933083648",
                "author_icon": "https:\/\/pbs.twimg.com\/profile_images\/595050198033895425\/NgPmOdj6_normal.png",
                "author_subname": "@jimscarver",
                "pretext": "<https:\/\/twitter.com\/jimscarver\/status\/615481855933083648>",
                "text": "<https:\/\/twitter.com\/Synereo|@Synereo>, Bringing Crypto And Social Media On A Revolutionary Platform - The Merkle <http:\/\/themerkle.com\/news\/synereo-bringing-crypto-and-social-media-on-a-revolutionary-platform\/> <https:\/\/twitter.com\/FreeTrustOrg|@FreeTrustOrg> <https:\/\/twitter.com\/provensecure|@provensecure>",
                "service_name": "twitter",
                "service_url": "https:\/\/twitter.com\/",
                "id": 1
            }
        ],
        "type": "message",
        "subtype": "bot_message",
        "ts": "1435577284.000070"
    },
    {
        "bot_id": "B04FD5HLZ",
        "attachments": [
            {
                "fallback": "<https:\/\/twitter.com\/FreeTrustOrg|@FreeTrustOrg>: We are re-enabling trust in a trustless environment with verifiable blockchain providence <https:\/\/twitter.com\/Synereo|@Synereo> <https:\/\/twitter.com\/eris_ltd|@eris_ltd> <https:\/\/twitter.com\/blockstarsio|@blockstarsio> <https:\/\/twitter.com\/provensecure|@provensecure>",
                "author_name": "FreeTrust",
                "author_link": "https:\/\/twitter.com\/FreeTrustOrg\/status\/615543288980971520",
                "author_icon": "https:\/\/pbs.twimg.com\/profile_images\/606532062502391808\/mEJmLI_G_normal.png",
                "author_subname": "@FreeTrustOrg",
                "pretext": "<https:\/\/twitter.com\/FreeTrustOrg\/status\/615543288980971520>",
                "text": "We are re-enabling trust in a trustless environment with verifiable blockchain providence <https:\/\/twitter.com\/Synereo|@Synereo> <https:\/\/twitter.com\/eris_ltd|@eris_ltd> <https:\/\/twitter.com\/blockstarsio|@blockstarsio> <https:\/\/twitter.com\/provensecure|@provensecure>",
                "service_name": "twitter",
                "service_url": "https:\/\/twitter.com\/",
                "id": 1
            }
        ],
        "type": "message",
        "subtype": "bot_message",
        "ts": "1435591931.000071"
    }
]