[
    {
        "bot_id": "B04FD5HLZ",
        "attachments": [
            {
                "fallback": "<https:\/\/twitter.com\/ethereumproject|@ethereumproject>: Lucius Greg Meredith of <https:\/\/twitter.com\/Synereo|@Synereo> presents on Monadic Design Patterns for the Blockchain  #devcon1 #Ethereum <https:\/\/pbs.twimg.com\/media\/CTXYsjDW4AAzF0G.jpg>",
                "author_name": "Ethereum",
                "author_link": "https:\/\/twitter.com\/ethereumproject\/status\/663674780701315072",
                "author_icon": "https:\/\/pbs.twimg.com\/profile_images\/626149701189042177\/LWpxKEv3_normal.png",
                "author_subname": "@ethereumproject",
                "pretext": "<https:\/\/twitter.com\/ethereumproject\/status\/663674780701315072>",
                "text": "Lucius Greg Meredith of <https:\/\/twitter.com\/Synereo|@Synereo> presents on Monadic Design Patterns for the Blockchain  #devcon1 #Ethereum <https:\/\/pbs.twimg.com\/media\/CTXYsjDW4AAzF0G.jpg>",
                "service_name": "twitter",
                "service_url": "https:\/\/twitter.com\/",
                "image_url": "https:\/\/pbs.twimg.com\/media\/CTXYsjDW4AAzF0G.jpg",
                "image_width": 600,
                "image_height": 450,
                "image_bytes": 41745,
                "id": 1
            }
        ],
        "type": "message",
        "subtype": "bot_message",
        "ts": "1447067373.000006"
    },
    {
        "bot_id": "B04FD5HLZ",
        "attachments": [
            {
                "fallback": "<https:\/\/twitter.com\/ethereumproject|@ethereumproject>: Lucius Greg Meredith of <https:\/\/twitter.com\/Synereo|@Synereo> presents on Monadic Design Patterns for the Blockchain  #devcon1 #Ethereum <https:\/\/pbs.twimg.com\/media\/CTXYsjDW4AAzF0G.jpg>",
                "author_name": "Ethereum",
                "author_link": "https:\/\/twitter.com\/ethereumproject\/status\/663674780701315072",
                "author_icon": "https:\/\/pbs.twimg.com\/profile_images\/626149701189042177\/LWpxKEv3_normal.png",
                "author_subname": "@ethereumproject",
                "pretext": "<https:\/\/twitter.com\/ethereumproject\/status\/663674780701315072>",
                "text": "Lucius Greg Meredith of <https:\/\/twitter.com\/Synereo|@Synereo> presents on Monadic Design Patterns for the Blockchain  #devcon1 #Ethereum <https:\/\/pbs.twimg.com\/media\/CTXYsjDW4AAzF0G.jpg>",
                "service_name": "twitter",
                "service_url": "https:\/\/twitter.com\/",
                "image_url": "https:\/\/pbs.twimg.com\/media\/CTXYsjDW4AAzF0G.jpg",
                "image_width": 600,
                "image_height": 450,
                "image_bytes": 41745,
                "id": 1,
                "footer": "Retweeted by <https:\/\/twitter.com\/Synereo\/status\/663678434309206017|@Synereo>"
            }
        ],
        "type": "message",
        "subtype": "bot_message",
        "ts": "1447068243.000007"
    },
    {
        "bot_id": "B04FD5HLZ",
        "attachments": [
            {
                "fallback": "<https:\/\/twitter.com\/cellabz|@cellabz>: Lucius Greg Meredith <https:\/\/twitter.com\/Synereo|@Synereo> on #Monadic #Design #Patterns #Compositionality &amp; #Comonads #Devcon1 <https:\/\/twitter.com\/ethereumproject|@ethereumproject> <https:\/\/pbs.twimg.com\/media\/CTXhLc_WoAETbEL.jpg>",
                "author_name": "Cellabz",
                "author_link": "https:\/\/twitter.com\/cellabz\/status\/663684120149688320",
                "author_icon": "https:\/\/pbs.twimg.com\/profile_images\/560229683577364480\/WlvjF0XX_normal.jpeg",
                "author_subname": "@cellabz",
                "pretext": "<https:\/\/twitter.com\/cellabz\/status\/663684120149688320>",
                "text": "Lucius Greg Meredith <https:\/\/twitter.com\/Synereo|@Synereo> on #Monadic #Design #Patterns #Compositionality &amp; #Comonads #Devcon1 <https:\/\/twitter.com\/ethereumproject|@ethereumproject> <https:\/\/pbs.twimg.com\/media\/CTXhLc_WoAETbEL.jpg>",
                "service_name": "twitter",
                "service_url": "https:\/\/twitter.com\/",
                "image_url": "https:\/\/pbs.twimg.com\/media\/CTXhLc_WoAETbEL.jpg",
                "image_width": 599,
                "image_height": 337,
                "image_bytes": 35508,
                "id": 1
            }
        ],
        "type": "message",
        "subtype": "bot_message",
        "ts": "1447069600.000008"
    },
    {
        "bot_id": "B04FD5HLZ",
        "attachments": [
            {
                "fallback": "<https:\/\/twitter.com\/LivelyGig|@LivelyGig>: Greg's design patterns are also core to LivelyGig. #bitcoin #freelance <https:\/\/twitter.com\/leithaus|@leithaus> <https:\/\/twitter.com\/ethereumproject|@ethereumproject>  <https:\/\/twitter.com\/Synereo|@Synereo>  <https:\/\/twitter.com\/ethereumproject\/status\/663674780701315072>",
                "author_name": "LivelyGig",
                "author_link": "https:\/\/twitter.com\/LivelyGig\/status\/663743067510321152",
                "author_icon": "https:\/\/pbs.twimg.com\/profile_images\/648546311331966976\/bL8zUktE_normal.png",
                "author_subname": "@LivelyGig",
                "pretext": "<https:\/\/twitter.com\/LivelyGig\/status\/663743067510321152>",
                "text": "Greg's design patterns are also core to LivelyGig. #bitcoin #freelance <https:\/\/twitter.com\/leithaus|@leithaus> <https:\/\/twitter.com\/ethereumproject|@ethereumproject>  <https:\/\/twitter.com\/Synereo|@Synereo>  <https:\/\/twitter.com\/ethereumproject\/status\/663674780701315072>",
                "service_name": "twitter",
                "service_url": "https:\/\/twitter.com\/",
                "id": 1
            }
        ],
        "type": "message",
        "subtype": "bot_message",
        "ts": "1447083653.000009"
    },
    {
        "bot_id": "B04FD5HLZ",
        "attachments": [
            {
                "fallback": "<https:\/\/twitter.com\/LivelyGig|@LivelyGig>: Greg's design patterns are also core to LivelyGig. #bitcoin #freelance <https:\/\/twitter.com\/leithaus|@leithaus> <https:\/\/twitter.com\/ethereumproject|@ethereumproject>  <https:\/\/twitter.com\/Synereo|@Synereo>  <https:\/\/twitter.com\/ethereumproject\/status\/663674780701315072>",
                "author_name": "LivelyGig",
                "author_link": "https:\/\/twitter.com\/LivelyGig\/status\/663743067510321152",
                "author_icon": "https:\/\/pbs.twimg.com\/profile_images\/648546311331966976\/bL8zUktE_normal.png",
                "author_subname": "@LivelyGig",
                "pretext": "<https:\/\/twitter.com\/LivelyGig\/status\/663743067510321152>",
                "text": "Greg's design patterns are also core to LivelyGig. #bitcoin #freelance <https:\/\/twitter.com\/leithaus|@leithaus> <https:\/\/twitter.com\/ethereumproject|@ethereumproject>  <https:\/\/twitter.com\/Synereo|@Synereo>  <https:\/\/twitter.com\/ethereumproject\/status\/663674780701315072>",
                "service_name": "twitter",
                "service_url": "https:\/\/twitter.com\/",
                "id": 1,
                "footer": "Retweeted by <https:\/\/twitter.com\/Synereo\/status\/663764227421814788|@Synereo>"
            }
        ],
        "type": "message",
        "subtype": "bot_message",
        "ts": "1447088698.000010"
    },
    {
        "bot_id": "B04FD5HLZ",
        "attachments": [
            {
                "fallback": "<https:\/\/twitter.com\/cellabz|@cellabz>: Lucius Greg Meredith <https:\/\/twitter.com\/Synereo|@Synereo> on #Monadic #Design #Patterns #Compositionality &amp; #Comonads #Devcon1 <https:\/\/twitter.com\/ethereumproject|@ethereumproject> <https:\/\/pbs.twimg.com\/media\/CTXhLc_WoAETbEL.jpg>",
                "author_name": "Cellabz",
                "author_link": "https:\/\/twitter.com\/cellabz\/status\/663684120149688320",
                "author_icon": "https:\/\/pbs.twimg.com\/profile_images\/560229683577364480\/WlvjF0XX_normal.jpeg",
                "author_subname": "@cellabz",
                "pretext": "<https:\/\/twitter.com\/cellabz\/status\/663684120149688320>",
                "text": "Lucius Greg Meredith <https:\/\/twitter.com\/Synereo|@Synereo> on #Monadic #Design #Patterns #Compositionality &amp; #Comonads #Devcon1 <https:\/\/twitter.com\/ethereumproject|@ethereumproject> <https:\/\/pbs.twimg.com\/media\/CTXhLc_WoAETbEL.jpg>",
                "service_name": "twitter",
                "service_url": "https:\/\/twitter.com\/",
                "image_url": "https:\/\/pbs.twimg.com\/media\/CTXhLc_WoAETbEL.jpg",
                "image_width": 599,
                "image_height": 337,
                "image_bytes": 35508,
                "id": 1,
                "footer": "Retweeted by <https:\/\/twitter.com\/Synereo\/status\/663774080085204992|@Synereo>"
            }
        ],
        "type": "message",
        "subtype": "bot_message",
        "ts": "1447091048.000011"
    }
]