[
    {
        "bot_id": "B04FD5HLZ",
        "attachments": [
            {
                "fallback": "<https:\/\/twitter.com\/FreeTrustOrg|@FreeTrustOrg>: <https:\/\/twitter.com\/NickSzabo4|@NickSzabo4> calls for integration of social networks, smarter contracts and blockchains. <https:\/\/twitter.com\/Synereo|@Synereo> is the way to go! <https:\/\/youtu.be\/cDO09EVFSmg>",
                "author_name": "FreeTrust",
                "author_link": "https:\/\/twitter.com\/FreeTrustOrg\/status\/660449999277465600",
                "author_icon": "https:\/\/pbs.twimg.com\/profile_images\/606532062502391808\/mEJmLI_G_normal.png",
                "author_subname": "@FreeTrustOrg",
                "pretext": "<https:\/\/twitter.com\/FreeTrustOrg\/status\/660449999277465600>",
                "text": "<https:\/\/twitter.com\/NickSzabo4|@NickSzabo4> calls for integration of social networks, smarter contracts and blockchains. <https:\/\/twitter.com\/Synereo|@Synereo> is the way to go! <https:\/\/youtu.be\/cDO09EVFSmg>",
                "service_name": "twitter",
                "service_url": "https:\/\/twitter.com\/",
                "id": 1
            }
        ],
        "type": "message",
        "subtype": "bot_message",
        "ts": "1446298525.000029"
    }
]