[
    {
        "bot_id": "B04FD5HLZ",
        "attachments": [
            {
                "fallback": "<https:\/\/twitter.com\/blockseven_|@blockseven_>: Scribe Notes For <https:\/\/twitter.com\/Synereo|@Synereo> Weekly Update: <http:\/\/blog.synereo.com\/2015\/12\/13\/Synereo-Update-09.12-Scribed\/> <https:\/\/pbs.twimg.com\/media\/CWMJBJoVEAA3OLR.png>",
                "author_name": "Blockseven",
                "author_link": "https:\/\/twitter.com\/blockseven_\/status\/676394284526866433",
                "author_icon": "https:\/\/pbs.twimg.com\/profile_images\/589064759263289344\/yX245kPh_normal.jpg",
                "author_subname": "@blockseven_",
                "pretext": "<https:\/\/twitter.com\/blockseven_\/status\/676394284526866433>",
                "text": "Scribe Notes For <https:\/\/twitter.com\/Synereo|@Synereo> Weekly Update: <http:\/\/blog.synereo.com\/2015\/12\/13\/Synereo-Update-09.12-Scribed\/> <https:\/\/pbs.twimg.com\/media\/CWMJBJoVEAA3OLR.png>",
                "service_name": "twitter",
                "service_url": "https:\/\/twitter.com\/",
                "image_url": "https:\/\/pbs.twimg.com\/media\/CWMJBJoVEAA3OLR.png",
                "image_width": 599,
                "image_height": 317,
                "image_bytes": 52880,
                "id": 1
            }
        ],
        "type": "message",
        "subtype": "bot_message",
        "ts": "1450099939.000068"
    },
    {
        "bot_id": "B04FD5HLZ",
        "attachments": [
            {
                "fallback": "<https:\/\/twitter.com\/svernali|@svernali>: #Ethereum is out! <http:\/\/paper.li\/svernali\/1425842793?edition_id=23a1c380-a277-11e5-8c21-0cc47a0d15fd> Stories via <https:\/\/twitter.com\/Synereo|@Synereo> <https:\/\/twitter.com\/ForumHaristan|@ForumHaristan> <https:\/\/twitter.com\/bmargaca|@bmargaca>",
                "author_name": "Salvatore Vernali",
                "author_link": "https:\/\/twitter.com\/svernali\/status\/676423190386733056",
                "author_icon": "https:\/\/pbs.twimg.com\/profile_images\/566371631455416321\/dkb0vVDu_normal.jpeg",
                "author_subname": "@svernali",
                "pretext": "<https:\/\/twitter.com\/svernali\/status\/676423190386733056>",
                "text": "#Ethereum is out! <http:\/\/paper.li\/svernali\/1425842793?edition_id=23a1c380-a277-11e5-8c21-0cc47a0d15fd> Stories via <https:\/\/twitter.com\/Synereo|@Synereo> <https:\/\/twitter.com\/ForumHaristan|@ForumHaristan> <https:\/\/twitter.com\/bmargaca|@bmargaca>",
                "service_name": "twitter",
                "service_url": "https:\/\/twitter.com\/",
                "id": 1
            }
        ],
        "type": "message",
        "subtype": "bot_message",
        "ts": "1450106830.000069"
    },
    {
        "bot_id": "B04FD5HLZ",
        "attachments": [
            {
                "fallback": "<https:\/\/twitter.com\/Synereo|@Synereo>: Daily #AMP trade volume peaks at 1000$ for <https:\/\/twitter.com\/Synereo|@Synereo>'s attention economy based cryptocurrency, at a 100% increase. <http:\/\/tinyurl.com\/qzn4p6v>",
                "author_name": "Synereo",
                "author_link": "https:\/\/twitter.com\/Synereo\/status\/676489517533106176",
                "author_icon": "https:\/\/pbs.twimg.com\/profile_images\/522790259789025280\/FKRuSK66_normal.png",
                "author_subname": "@Synereo",
                "pretext": "<https:\/\/twitter.com\/Synereo\/status\/676489517533106176>",
                "text": "Daily #AMP trade volume peaks at 1000$ for <https:\/\/twitter.com\/Synereo|@Synereo>'s attention economy based cryptocurrency, at a 100% increase. <http:\/\/tinyurl.com\/qzn4p6v>",
                "service_name": "twitter",
                "service_url": "https:\/\/twitter.com\/",
                "id": 1
            }
        ],
        "type": "message",
        "subtype": "bot_message",
        "ts": "1450122644.000070"
    },
    {
        "bot_id": "B04FD5HLZ",
        "attachments": [
            {
                "fallback": "<https:\/\/twitter.com\/FreeTrustOrg|@FreeTrustOrg>: Locking the Web Open, a Call for a Distributed Web. We can do it with #ipfs and <https:\/\/twitter.com\/Synereo|@Synereo> <http:\/\/blog.archive.org\/2015\/02\/11\/locking-the-web-open-a-call-for-a-distributed-web\/>",
                "author_name": "FreeTrust",
                "author_link": "https:\/\/twitter.com\/FreeTrustOrg\/status\/676494030642020354",
                "author_icon": "https:\/\/pbs.twimg.com\/profile_images\/606532062502391808\/mEJmLI_G_normal.png",
                "author_subname": "@FreeTrustOrg",
                "pretext": "<https:\/\/twitter.com\/FreeTrustOrg\/status\/676494030642020354>",
                "text": "Locking the Web Open, a Call for a Distributed Web. We can do it with #ipfs and <https:\/\/twitter.com\/Synereo|@Synereo> <http:\/\/blog.archive.org\/2015\/02\/11\/locking-the-web-open-a-call-for-a-distributed-web\/>",
                "service_name": "twitter",
                "service_url": "https:\/\/twitter.com\/",
                "id": 1
            }
        ],
        "type": "message",
        "subtype": "bot_message",
        "ts": "1450123720.000071"
    },
    {
        "bot_id": "B04FD5HLZ",
        "attachments": [
            {
                "fallback": "<https:\/\/twitter.com\/kor3shan|@kor3shan>: Synereo Community Hangout using media on <https:\/\/twitter.com\/Synereo|@Synereo>  <http:\/\/youtu.be\/mUF5hWVdxRQ>",
                "author_name": "Dynamic_Mantra",
                "author_link": "https:\/\/twitter.com\/kor3shan\/status\/676498759895883780",
                "author_icon": "https:\/\/pbs.twimg.com\/profile_images\/670859712250949632\/ojWALK91_normal.jpg",
                "author_subname": "@kor3shan",
                "pretext": "<https:\/\/twitter.com\/kor3shan\/status\/676498759895883780>",
                "text": "Synereo Community Hangout using media on <https:\/\/twitter.com\/Synereo|@Synereo>  <http:\/\/youtu.be\/mUF5hWVdxRQ>",
                "service_name": "twitter",
                "service_url": "https:\/\/twitter.com\/",
                "id": 1
            }
        ],
        "type": "message",
        "subtype": "bot_message",
        "ts": "1450124847.000072"
    },
    {
        "bot_id": "B04FD5HLZ",
        "attachments": [
            {
                "fallback": "<https:\/\/twitter.com\/Synereo|@Synereo>: Scribe Notes Update for <https:\/\/twitter.com\/Synereo|@Synereo> : Greg in Sydney, #ethereum &amp; Proof of Stake, new marketing member <https:\/\/twitter.com\/jedediahwalls|@jedediahwalls> <http:\/\/tinyurl.com\/pjlndez>",
                "author_name": "Synereo",
                "author_link": "https:\/\/twitter.com\/Synereo\/status\/676503509747892226",
                "author_icon": "https:\/\/pbs.twimg.com\/profile_images\/522790259789025280\/FKRuSK66_normal.png",
                "author_subname": "@Synereo",
                "pretext": "<https:\/\/twitter.com\/Synereo\/status\/676503509747892226>",
                "text": "Scribe Notes Update for <https:\/\/twitter.com\/Synereo|@Synereo> : Greg in Sydney, #ethereum &amp; Proof of Stake, new marketing member <https:\/\/twitter.com\/jedediahwalls|@jedediahwalls> <http:\/\/tinyurl.com\/pjlndez>",
                "service_name": "twitter",
                "service_url": "https:\/\/twitter.com\/",
                "id": 1
            }
        ],
        "type": "message",
        "subtype": "bot_message",
        "ts": "1450125980.000073"
    },
    {
        "bot_id": "B04FD5HLZ",
        "attachments": [
            {
                "fallback": "<https:\/\/twitter.com\/martijnarets|@martijnarets>: Goodmorning Tel Aviv! Today <https:\/\/twitter.com\/crowdexpedition|@crowdexpedition> interviews planned at <https:\/\/twitter.com\/fiverr|@fiverr> and <https:\/\/twitter.com\/Synereo|@Synereo>. Looking forward!",
                "author_name": "Martijn Arets",
                "author_link": "https:\/\/twitter.com\/martijnarets\/status\/676641081564491776",
                "author_icon": "https:\/\/pbs.twimg.com\/profile_images\/616603037281325056\/A_A9wF-h_normal.jpg",
                "author_subname": "@martijnarets",
                "pretext": "<https:\/\/twitter.com\/martijnarets\/status\/676641081564491776>",
                "text": "Goodmorning Tel Aviv! Today <https:\/\/twitter.com\/crowdexpedition|@crowdexpedition> interviews planned at <https:\/\/twitter.com\/fiverr|@fiverr> and <https:\/\/twitter.com\/Synereo|@Synereo>. Looking forward!",
                "service_name": "twitter",
                "service_url": "https:\/\/twitter.com\/",
                "id": 1
            }
        ],
        "type": "message",
        "subtype": "bot_message",
        "ts": "1450158780.000074"
    }
]