[
    {
        "bot_id": "B04FD5HLZ",
        "attachments": [
            {
                "fallback": "<https:\/\/twitter.com\/martijnarets|@martijnarets>: Just had an interview about <https:\/\/twitter.com\/Synereo|@Synereo>. Hugely interesting, really looking forward to their next steps. You should follow them to.",
                "author_name": "Martijn Arets",
                "author_link": "https:\/\/twitter.com\/martijnarets\/status\/676779908245430272",
                "author_icon": "https:\/\/pbs.twimg.com\/profile_images\/616603037281325056\/A_A9wF-h_normal.jpg",
                "author_subname": "@martijnarets",
                "pretext": "<https:\/\/twitter.com\/martijnarets\/status\/676779908245430272>",
                "text": "Just had an interview about <https:\/\/twitter.com\/Synereo|@Synereo>. Hugely interesting, really looking forward to their next steps. You should follow them to.",
                "service_name": "twitter",
                "service_url": "https:\/\/twitter.com\/",
                "id": 1
            }
        ],
        "type": "message",
        "subtype": "bot_message",
        "ts": "1450191878.000075"
    },
    {
        "bot_id": "B04FD5HLZ",
        "attachments": [
            {
                "fallback": "<https:\/\/twitter.com\/lapin7|@lapin7>: <https:\/\/twitter.com\/martijnarets|@martijnarets> <https:\/\/twitter.com\/Synereo|@Synereo> Where can we read that interview? You made me curious :-) <https:\/\/twitter.com\/BTCBoulevard|@BTCBoulevard>",
                "author_name": "HJ",
                "author_link": "https:\/\/twitter.com\/lapin7\/status\/676780364304678917",
                "author_icon": "https:\/\/pbs.twimg.com\/profile_images\/67314238\/elf_normal.jpg",
                "author_subname": "@lapin7",
                "pretext": "<https:\/\/twitter.com\/lapin7\/status\/676780364304678917>",
                "text": "<https:\/\/twitter.com\/martijnarets|@martijnarets> <https:\/\/twitter.com\/Synereo|@Synereo> Where can we read that interview? You made me curious :-) <https:\/\/twitter.com\/BTCBoulevard|@BTCBoulevard>",
                "service_name": "twitter",
                "service_url": "https:\/\/twitter.com\/",
                "id": 1
            }
        ],
        "type": "message",
        "subtype": "bot_message",
        "ts": "1450191987.000076"
    },
    {
        "bot_id": "B04FD5HLZ",
        "attachments": [
            {
                "fallback": "<https:\/\/twitter.com\/martijnarets|@martijnarets>: <https:\/\/twitter.com\/lapin7|@lapin7> <https:\/\/twitter.com\/Synereo|@Synereo> <https:\/\/twitter.com\/BTCBoulevard|@BTCBoulevard> video and podcast will be online end of next week ;-)",
                "author_name": "Martijn Arets",
                "author_link": "https:\/\/twitter.com\/martijnarets\/status\/676785045936435202",
                "author_icon": "https:\/\/pbs.twimg.com\/profile_images\/616603037281325056\/A_A9wF-h_normal.jpg",
                "author_subname": "@martijnarets",
                "pretext": "<https:\/\/twitter.com\/martijnarets\/status\/676785045936435202>",
                "text": "<https:\/\/twitter.com\/lapin7|@lapin7> <https:\/\/twitter.com\/Synereo|@Synereo> <https:\/\/twitter.com\/BTCBoulevard|@BTCBoulevard> video and podcast will be online end of next week ;-)",
                "service_name": "twitter",
                "service_url": "https:\/\/twitter.com\/",
                "id": 1
            }
        ],
        "type": "message",
        "subtype": "bot_message",
        "ts": "1450193104.000077"
    },
    {
        "bot_id": "B04FD5HLZ",
        "attachments": [
            {
                "fallback": "<https:\/\/twitter.com\/mjcdebie|@mjcdebie>: Synereo a fully decentralized and distributed social platform OWNED BY THE PEOPLE WHO USE IT. #blockchain <https:\/\/twitter.com\/Synereo|@Synereo> <http:\/\/www.synereo.com\/>",
                "author_name": "Martin de Bie",
                "author_link": "https:\/\/twitter.com\/mjcdebie\/status\/676846176382005250",
                "author_icon": "https:\/\/pbs.twimg.com\/profile_images\/3256750050\/fc74a725dfbacd4069650e1d001d0972_normal.jpeg",
                "author_subname": "@mjcdebie",
                "pretext": "<https:\/\/twitter.com\/mjcdebie\/status\/676846176382005250>",
                "text": "Synereo a fully decentralized and distributed social platform OWNED BY THE PEOPLE WHO USE IT. #blockchain <https:\/\/twitter.com\/Synereo|@Synereo> <http:\/\/www.synereo.com\/>",
                "service_name": "twitter",
                "service_url": "https:\/\/twitter.com\/",
                "id": 1
            }
        ],
        "type": "message",
        "subtype": "bot_message",
        "ts": "1450207678.000078"
    },
    {
        "type": "message",
        "user": "U0474E4KZ",
        "text": "^^ Martin interviewed me today. Will go up on his YouTube channel soon.",
        "ts": "1450210377.000079",
        "reactions": [
            {
                "name": "+1",
                "users": [
                    "U04BQ4FMC"
                ],
                "count": 1
            }
        ]
    }
]