[
    {
        "bot_id": "B04FD5HLZ",
        "attachments": [
            {
                "fallback": "<https:\/\/twitter.com\/LivelyGig|@LivelyGig>: Great to see our friends at <https:\/\/twitter.com\/Synereo|@Synereo> listed on VentureRadar's <http:\/\/blog.ventureradar.com\/2015\/09\/08\/top-25-non-financial-blockchain-startups> <https:\/\/pbs.twimg.com\/media\/CObC9LrVAAEwz-X.png>",
                "author_name": "LivelyGig",
                "author_link": "https:\/\/twitter.com\/LivelyGig\/status\/641414354009624576",
                "author_icon": "https:\/\/pbs.twimg.com\/profile_images\/626947753394896896\/kG-odpkd_normal.png",
                "author_subname": "@LivelyGig",
                "pretext": "<https:\/\/twitter.com\/LivelyGig\/status\/641414354009624576>",
                "text": "Great to see our friends at <https:\/\/twitter.com\/Synereo|@Synereo> listed on VentureRadar's <http:\/\/blog.ventureradar.com\/2015\/09\/08\/top-25-non-financial-blockchain-startups> <https:\/\/pbs.twimg.com\/media\/CObC9LrVAAEwz-X.png>",
                "service_name": "twitter",
                "service_url": "https:\/\/twitter.com\/",
                "image_url": "https:\/\/pbs.twimg.com\/media\/CObC9LrVAAEwz-X.png",
                "image_width": 599,
                "image_height": 337,
                "image_bytes": 142885,
                "id": 1
            }
        ],
        "type": "message",
        "subtype": "bot_message",
        "ts": "1441760074.000002"
    }
]