[
    {
        "type": "message",
        "user": "U0474AT8P",
        "text": "<http:\/\/blog.synereo.com\/2015\/04\/17\/twitter-bounties\/>",
        "attachments": [
            {
                "text": "[BOUNTY] Win 50,000 AMPs for Best Tweet - Ends April 22, 8:00PM GMT!",
                "fallback": "[BOUNTY] Win 50,000 AMPs for Best Tweet - Ends April 22, 8:00PM GMT!",
                "from_url": "http:\/\/blog.synereo.com\/2015\/04\/17\/twitter-bounties\/",
                "id": 1
            }
        ],
        "ts": "1429291731.000050"
    }
]