[
    {
        "bot_id": "B04FD5HLZ",
        "attachments": [
            {
                "fallback": "<https:\/\/twitter.com\/Synereo|@Synereo>: The <https:\/\/twitter.com\/Synereo|@Synereo> Twitter Bounty Winners have been chosen. A big thank you to every single participant. <https:\/\/discuss.synereo.com\/t\/twitter-bounties-winners\/56368> #bitcoin #startup",
                "author_name": "Synereo",
                "author_link": "https:\/\/twitter.com\/Synereo\/status\/593689975843102721",
                "author_icon": "https:\/\/pbs.twimg.com\/profile_images\/522790259789025280\/FKRuSK66_normal.png",
                "author_subname": "@Synereo",
                "pretext": "<https:\/\/twitter.com\/Synereo\/status\/593689975843102721>",
                "text": "The <https:\/\/twitter.com\/Synereo|@Synereo> Twitter Bounty Winners have been chosen. A big thank you to every single participant. <https:\/\/discuss.synereo.com\/t\/twitter-bounties-winners\/56368> #bitcoin #startup",
                "service_name": "twitter",
                "service_url": "https:\/\/twitter.com\/",
                "id": 1
            }
        ],
        "type": "message",
        "subtype": "bot_message",
        "ts": "1430381695.000341"
    },
    {
        "type": "message",
        "user": "U049CMCCZ",
        "text": "congratulations to the 5 :thumbsup:",
        "ts": "1430381992.000342"
    },
    {
        "type": "message",
        "user": "U04BMCE7Q",
        "text": "Wooooooooooo hoooooooooooooooo i WOn",
        "ts": "1430382596.000343"
    },
    {
        "type": "message",
        "user": "U04BMCE7Q",
        "text": "<http:\/\/i.imgur.com\/stUO0ET.png>",
        "attachments": [
            {
                "from_url": "http:\/\/i.imgur.com\/stUO0ET.png",
                "fallback": "560x315px image",
                "image_url": "http:\/\/i.imgur.com\/stUO0ET.png",
                "image_width": 560,
                "image_height": 315,
                "image_bytes": 192337,
                "id": 1
            }
        ],
        "ts": "1430382624.000344"
    },
    {
        "bot_id": "B04FD5HLZ",
        "attachments": [
            {
                "fallback": "<https:\/\/twitter.com\/Synereo|@Synereo>: Our <https:\/\/twitter.com\/Synereo|@Synereo> MVP Bounty Winners have been chosen. A big thank you for every submitted suggestions. <https:\/\/discuss.synereo.com\/t\/mvp-bounty-winners\/56369> #bitcoin #fintech",
                "author_name": "Synereo",
                "author_link": "https:\/\/twitter.com\/Synereo\/status\/593696943748030464",
                "author_icon": "https:\/\/pbs.twimg.com\/profile_images\/522790259789025280\/FKRuSK66_normal.png",
                "author_subname": "@Synereo",
                "pretext": "<https:\/\/twitter.com\/Synereo\/status\/593696943748030464>",
                "text": "Our <https:\/\/twitter.com\/Synereo|@Synereo> MVP Bounty Winners have been chosen. A big thank you for every submitted suggestions. <https:\/\/discuss.synereo.com\/t\/mvp-bounty-winners\/56369> #bitcoin #fintech",
                "service_name": "twitter",
                "service_url": "https:\/\/twitter.com\/",
                "id": 1
            }
        ],
        "type": "message",
        "subtype": "bot_message",
        "ts": "1430383356.000346"
    },
    {
        "bot_id": "B04FD5HLZ",
        "attachments": [
            {
                "fallback": "<https:\/\/twitter.com\/Synereo|@Synereo>: Our <https:\/\/twitter.com\/Synereo|@Synereo> MVP Bounty Winners have been chosen. A big thank you for every submitted suggestion. <https:\/\/discuss.synereo.com\/t\/mvp-bounty-winners\/56369> #bitcoin #fintech",
                "author_name": "Synereo",
                "author_link": "https:\/\/twitter.com\/Synereo\/status\/593697371344756736",
                "author_icon": "https:\/\/pbs.twimg.com\/profile_images\/522790259789025280\/FKRuSK66_normal.png",
                "author_subname": "@Synereo",
                "pretext": "<https:\/\/twitter.com\/Synereo\/status\/593697371344756736>",
                "text": "Our <https:\/\/twitter.com\/Synereo|@Synereo> MVP Bounty Winners have been chosen. A big thank you for every submitted suggestion. <https:\/\/discuss.synereo.com\/t\/mvp-bounty-winners\/56369> #bitcoin #fintech",
                "service_name": "twitter",
                "service_url": "https:\/\/twitter.com\/",
                "id": 1
            }
        ],
        "type": "message",
        "subtype": "bot_message",
        "ts": "1430383458.000347"
    },
    {
        "bot_id": "B04FD5HLZ",
        "attachments": [
            {
                "fallback": "<https:\/\/twitter.com\/msgilligan|@msgilligan>: Com'n <https:\/\/twitter.com\/twitter|@twitter>, please stay in business long enough so I can migrate to <https:\/\/twitter.com\/Synereo|@Synereo>!",
                "author_name": "Sean Gilligan",
                "author_link": "https:\/\/twitter.com\/msgilligan\/status\/593873582943379456",
                "author_icon": "https:\/\/pbs.twimg.com\/profile_images\/197701432\/SeanPlayground_normal.jpg",
                "author_subname": "@msgilligan",
                "pretext": "<https:\/\/twitter.com\/msgilligan\/status\/593873582943379456>",
                "text": "Com'n <https:\/\/twitter.com\/twitter|@twitter>, please stay in business long enough so I can migrate to <https:\/\/twitter.com\/Synereo|@Synereo>!",
                "service_name": "twitter",
                "service_url": "https:\/\/twitter.com\/",
                "id": 1
            }
        ],
        "type": "message",
        "subtype": "bot_message",
        "ts": "1430425470.000348"
    }
]