[
    {
        "bot_id": "B04FD5HLZ",
        "attachments": [
            {
                "fallback": "<https:\/\/twitter.com\/conches|@conches>: <https:\/\/twitter.com\/imogenheap|@imogenheap> please take a look at open source <https:\/\/twitter.com\/Synereo|@Synereo> <http:\/\/www.synereo.com\/> for your Mycelia project. And Synereo, vice versa, eh?",
                "author_name": "steve wright",
                "author_link": "https:\/\/twitter.com\/conches\/status\/650691819152408576",
                "author_icon": "https:\/\/pbs.twimg.com\/profile_images\/649639507604574213\/e2bM7K82_normal.jpg",
                "author_subname": "@conches",
                "pretext": "<https:\/\/twitter.com\/conches\/status\/650691819152408576>",
                "text": "<https:\/\/twitter.com\/imogenheap|@imogenheap> please take a look at open source <https:\/\/twitter.com\/Synereo|@Synereo> <http:\/\/www.synereo.com\/> for your Mycelia project. And Synereo, vice versa, eh?",
                "service_name": "twitter",
                "service_url": "https:\/\/twitter.com\/",
                "id": 1
            }
        ],
        "type": "message",
        "subtype": "bot_message",
        "ts": "1443971994.000002"
    },
    {
        "bot_id": "B04FD5HLZ",
        "attachments": [
            {
                "fallback": "<https:\/\/twitter.com\/leithaus|@leithaus>: <https:\/\/twitter.com\/conches|@conches> <https:\/\/twitter.com\/imogenheap|@imogenheap> <https:\/\/twitter.com\/Synereo|@Synereo> We've been attempting to coordinate! When she gets a moment, i'm sure we'll talk.",
                "author_name": "leithaus",
                "author_link": "https:\/\/twitter.com\/leithaus\/status\/650744452705685504",
                "author_icon": "https:\/\/pbs.twimg.com\/profile_images\/1184189540\/thefool1_normal.jpg",
                "author_subname": "@leithaus",
                "pretext": "<https:\/\/twitter.com\/leithaus\/status\/650744452705685504>",
                "text": "<https:\/\/twitter.com\/conches|@conches> <https:\/\/twitter.com\/imogenheap|@imogenheap> <https:\/\/twitter.com\/Synereo|@Synereo> We've been attempting to coordinate! When she gets a moment, i'm sure we'll talk.",
                "service_name": "twitter",
                "service_url": "https:\/\/twitter.com\/",
                "id": 1
            }
        ],
        "type": "message",
        "subtype": "bot_message",
        "ts": "1443984542.000003"
    },
    {
        "bot_id": "B04FD5HLZ",
        "attachments": [
            {
                "fallback": "<https:\/\/twitter.com\/conches|@conches>: <https:\/\/twitter.com\/leithaus|@leithaus> <https:\/\/twitter.com\/imogenheap|@imogenheap> <https:\/\/twitter.com\/Synereo|@Synereo> that is REALLY good news!",
                "author_name": "steve wright",
                "author_link": "https:\/\/twitter.com\/conches\/status\/650744629080420352",
                "author_icon": "https:\/\/pbs.twimg.com\/profile_images\/649639507604574213\/e2bM7K82_normal.jpg",
                "author_subname": "@conches",
                "pretext": "<https:\/\/twitter.com\/conches\/status\/650744629080420352>",
                "text": "<https:\/\/twitter.com\/leithaus|@leithaus> <https:\/\/twitter.com\/imogenheap|@imogenheap> <https:\/\/twitter.com\/Synereo|@Synereo> that is REALLY good news!",
                "service_name": "twitter",
                "service_url": "https:\/\/twitter.com\/",
                "id": 1
            }
        ],
        "type": "message",
        "subtype": "bot_message",
        "ts": "1443984584.000004"
    }
]