[
    {
        "bot_id": "B04FD5HLZ",
        "attachments": [
            {
                "fallback": "<https:\/\/twitter.com\/cryptofinancing|@cryptofinancing>: <https:\/\/twitter.com\/Synereo|@Synereo> <http:\/\/Startuphangar.com> has clients looking to invest in #bitcoin projects - please email <mailto:contact@startuphangar.com|contact@startuphangar.com>",
                "author_name": "Crypto Startups ",
                "author_link": "https:\/\/twitter.com\/cryptofinancing\/status\/604409947086954497",
                "author_icon": "https:\/\/pbs.twimg.com\/profile_images\/601565375281565696\/Lq5Abgsk_normal.png",
                "author_subname": "@cryptofinancing",
                "pretext": "<https:\/\/twitter.com\/cryptofinancing\/status\/604409947086954497>",
                "text": "<https:\/\/twitter.com\/Synereo|@Synereo> <http:\/\/Startuphangar.com> has clients looking to invest in #bitcoin projects - please email <mailto:contact@startuphangar.com|contact@startuphangar.com>",
                "service_name": "twitter",
                "service_url": "https:\/\/twitter.com\/",
                "id": 1
            }
        ],
        "type": "message",
        "subtype": "bot_message",
        "ts": "1432937535.000024"
    }
]