[
    {
        "bot_id": "B04FD5HLZ",
        "attachments": [
            {
                "fallback": "<https:\/\/twitter.com\/FreeTrustOrg|@FreeTrustOrg>: Data is program in user programmable FreeTrust. where the individual writes his own <https:\/\/twitter.com\/Synereo|@Synereo> #social #contracts with #blockchain #providence",
                "author_name": "FreeTrust",
                "author_link": "https:\/\/twitter.com\/FreeTrustOrg\/status\/672835895297445888",
                "author_icon": "https:\/\/pbs.twimg.com\/profile_images\/606532062502391808\/mEJmLI_G_normal.png",
                "author_subname": "@FreeTrustOrg",
                "pretext": "<https:\/\/twitter.com\/FreeTrustOrg\/status\/672835895297445888>",
                "text": "Data is program in user programmable FreeTrust. where the individual writes his own <https:\/\/twitter.com\/Synereo|@Synereo> #social #contracts with #blockchain #providence",
                "service_name": "twitter",
                "service_url": "https:\/\/twitter.com\/",
                "id": 1
            }
        ],
        "type": "message",
        "subtype": "bot_message",
        "ts": "1449251552.000044"
    },
    {
        "bot_id": "B04FD5HLZ",
        "attachments": [
            {
                "fallback": "<https:\/\/twitter.com\/jessecouch|@jessecouch>: <https:\/\/twitter.com\/Inc|@Inc> <https:\/\/twitter.com\/kevinolearytv|@kevinolearytv> Who will execute the blockchain idea? Satoshi ghosted us :ghost:.  <https:\/\/twitter.com\/VitalikButerin|@VitalikButerin> <https:\/\/twitter.com\/Synereo|@Synereo> <https:\/\/twitter.com\/bitcoinwhit|@bitcoinwhit> <https:\/\/twitter.com\/gavinandresen|@gavinandresen> ?",
                "author_name": "\uff2a\uff45\uff53\uff53\uff45\u2003\uff23\uff4f\uff55\uff43\uff48",
                "author_link": "https:\/\/twitter.com\/jessecouch\/status\/672933906333736960",
                "author_icon": "https:\/\/pbs.twimg.com\/profile_images\/603832718753824768\/y0_-YoNy_normal.jpg",
                "author_subname": "@jessecouch",
                "pretext": "<https:\/\/twitter.com\/jessecouch\/status\/672933906333736960>",
                "text": "<https:\/\/twitter.com\/Inc|@Inc> <https:\/\/twitter.com\/kevinolearytv|@kevinolearytv> Who will execute the blockchain idea? Satoshi ghosted us :ghost:.  <https:\/\/twitter.com\/VitalikButerin|@VitalikButerin> <https:\/\/twitter.com\/Synereo|@Synereo> <https:\/\/twitter.com\/bitcoinwhit|@bitcoinwhit> <https:\/\/twitter.com\/gavinandresen|@gavinandresen> ?",
                "service_name": "twitter",
                "service_url": "https:\/\/twitter.com\/",
                "id": 1
            }
        ],
        "type": "message",
        "subtype": "bot_message",
        "ts": "1449274920.000045"
    }
]