[
    {
        "bot_id": "B04FD5HLZ",
        "attachments": [
            {
                "fallback": "<https:\/\/twitter.com\/Synereo|@Synereo>: The <https:\/\/twitter.com\/Synereo|@Synereo> Community Hangout is TODAY at 19 GMT. Join the team for the latest news and updates. <https:\/\/plus.google.com\/b\/109002904706315055045\/events\/c3m87rf5c3qlm7vbroiguah6qb4> #bitcoin #fintech",
                "author_name": "Synereo",
                "author_link": "https:\/\/twitter.com\/Synereo\/status\/664412305287868416",
                "author_icon": "https:\/\/pbs.twimg.com\/profile_images\/522790259789025280\/FKRuSK66_normal.png",
                "author_subname": "@Synereo",
                "pretext": "<https:\/\/twitter.com\/Synereo\/status\/664412305287868416>",
                "text": "The <https:\/\/twitter.com\/Synereo|@Synereo> Community Hangout is TODAY at 19 GMT. Join the team for the latest news and updates. <https:\/\/plus.google.com\/b\/109002904706315055045\/events\/c3m87rf5c3qlm7vbroiguah6qb4> #bitcoin #fintech",
                "service_name": "twitter",
                "service_url": "https:\/\/twitter.com\/",
                "id": 1
            }
        ],
        "type": "message",
        "subtype": "bot_message",
        "ts": "1447243212.000014"
    },
    {
        "bot_id": "B04FD5HLZ",
        "attachments": [
            {
                "fallback": "<https:\/\/twitter.com\/Synereo|@Synereo>: LIVE RIGHT NOW! <https:\/\/twitter.com\/Synereo|@Synereo> Community Hangout. Join the team for the latest news and updates. <https:\/\/plus.google.com\/b\/109002904706315055045\/events\/c3m87rf5c3qlm7vbroiguah6qb4> #bitcoin #fintech #social",
                "author_name": "Synereo",
                "author_link": "https:\/\/twitter.com\/Synereo\/status\/664523014067777536",
                "author_icon": "https:\/\/pbs.twimg.com\/profile_images\/522790259789025280\/FKRuSK66_normal.png",
                "author_subname": "@Synereo",
                "pretext": "<https:\/\/twitter.com\/Synereo\/status\/664523014067777536>",
                "text": "LIVE RIGHT NOW! <https:\/\/twitter.com\/Synereo|@Synereo> Community Hangout. Join the team for the latest news and updates. <https:\/\/plus.google.com\/b\/109002904706315055045\/events\/c3m87rf5c3qlm7vbroiguah6qb4> #bitcoin #fintech #social",
                "service_name": "twitter",
                "service_url": "https:\/\/twitter.com\/",
                "id": 1
            }
        ],
        "type": "message",
        "subtype": "bot_message",
        "ts": "1447269607.000002"
    },
    {
        "bot_id": "B04FD5HLZ",
        "attachments": [
            {
                "fallback": "<https:\/\/twitter.com\/Socialapp4u|@Socialapp4u>: <https:\/\/twitter.com\/Synereo|@Synereo> Thanks for sharing that. You're featured on my <https:\/\/twitter.com\/RebelMouse|@RebelMouse> #askastoreaday <http:\/\/rbl.ms\/1Qjk5wT>",
                "author_name": "socialapp4u\u2122",
                "author_link": "https:\/\/twitter.com\/Socialapp4u\/status\/664611835883200512",
                "author_icon": "https:\/\/pbs.twimg.com\/profile_images\/535194120432533504\/ZE_36bP7_normal.jpeg",
                "author_subname": "@Socialapp4u",
                "pretext": "<https:\/\/twitter.com\/Socialapp4u\/status\/664611835883200512>",
                "text": "<https:\/\/twitter.com\/Synereo|@Synereo> Thanks for sharing that. You're featured on my <https:\/\/twitter.com\/RebelMouse|@RebelMouse> #askastoreaday <http:\/\/rbl.ms\/1Qjk5wT>",
                "service_name": "twitter",
                "service_url": "https:\/\/twitter.com\/",
                "id": 1
            }
        ],
        "type": "message",
        "subtype": "bot_message",
        "ts": "1447290784.000003"
    }
]