[
    {
        "bot_id": "B04FD5HLZ",
        "attachments": [
            {
                "fallback": "<https:\/\/twitter.com\/Synereo|@Synereo>: TODAY MasterXchange is closing, you can store your <https:\/\/twitter.com\/Synereo|@Synereo> AMP Tokens <https:\/\/twitter.com\/omniwallet|@omniwallet> and <https:\/\/twitter.com\/holytransaction|@holytransaction> #social #bitcoin #startup",
                "author_name": "Synereo",
                "author_link": "https:\/\/twitter.com\/Synereo\/status\/666586612071989249",
                "author_icon": "https:\/\/pbs.twimg.com\/profile_images\/522790259789025280\/FKRuSK66_normal.png",
                "author_subname": "@Synereo",
                "pretext": "<https:\/\/twitter.com\/Synereo\/status\/666586612071989249>",
                "text": "TODAY MasterXchange is closing, you can store your <https:\/\/twitter.com\/Synereo|@Synereo> AMP Tokens <https:\/\/twitter.com\/omniwallet|@omniwallet> and <https:\/\/twitter.com\/holytransaction|@holytransaction> #social #bitcoin #startup",
                "service_name": "twitter",
                "service_url": "https:\/\/twitter.com\/",
                "id": 1
            }
        ],
        "type": "message",
        "subtype": "bot_message",
        "ts": "1447761607.000019",
        "reactions": [
            {
                "name": "white_check_mark",
                "users": [
                    "U04BQ4FMC"
                ],
                "count": 1
            }
        ]
    }
]