[
    {
        "bot_id": "B04FD5HLZ",
        "attachments": [
            {
                "fallback": "<https:\/\/twitter.com\/jimscarver|@jimscarver>: <https:\/\/twitter.com\/FreeTrustOrg|@FreeTrustOrg> will employ #functional #distributed #objects on <https:\/\/twitter.com\/Synereo|@Synereo> for #scalability <https:\/\/twitter.com\/provensecure|@provensecure> <http:\/\/www.ccs.neu.edu\/home\/matthias\/Presentations\/ecoop2004.pdf>",
                "author_name": "jimscarver",
                "author_link": "https:\/\/twitter.com\/jimscarver\/status\/625707066632617986",
                "author_icon": "https:\/\/pbs.twimg.com\/profile_images\/595050198033895425\/NgPmOdj6_normal.png",
                "author_subname": "@jimscarver",
                "pretext": "<https:\/\/twitter.com\/jimscarver\/status\/625707066632617986>",
                "text": "<https:\/\/twitter.com\/FreeTrustOrg|@FreeTrustOrg> will employ #functional #distributed #objects on <https:\/\/twitter.com\/Synereo|@Synereo> for #scalability <https:\/\/twitter.com\/provensecure|@provensecure> <http:\/\/www.ccs.neu.edu\/home\/matthias\/Presentations\/ecoop2004.pdf>",
                "service_name": "twitter",
                "service_url": "https:\/\/twitter.com\/",
                "id": 1
            }
        ],
        "type": "message",
        "subtype": "bot_message",
        "ts": "1438015164.000019",
        "reactions": [
            {
                "name": "grinning",
                "users": [
                    "U048X85UT"
                ],
                "count": 1
            }
        ]
    },
    {
        "bot_id": "B04FD5HLZ",
        "attachments": [
            {
                "fallback": "<https:\/\/twitter.com\/AllCoinsNews|@AllCoinsNews>: Ethereum &amp; Synereo collaborate on #ProofofStake protocol \u201cCasper\u201d <http:\/\/allcoinsnews.com\/2015\/07\/25\/ethereum-synereo-collaborating-to-flest-out-proof-of-stake-protocol-casper\/> <https:\/\/twitter.com\/Synereo|@Synereo> <https:\/\/twitter.com\/ethereumproject|@ethereumproject> #fintech #blockchain",
                "author_name": "AllCoinsNews",
                "author_link": "https:\/\/twitter.com\/AllCoinsNews\/status\/625870979726745600",
                "author_icon": "https:\/\/pbs.twimg.com\/profile_images\/515000567408500736\/xthtM9tK_normal.jpeg",
                "author_subname": "@AllCoinsNews",
                "pretext": "<https:\/\/twitter.com\/AllCoinsNews\/status\/625870979726745600>",
                "text": "Ethereum &amp; Synereo collaborate on #ProofofStake protocol \u201cCasper\u201d <http:\/\/allcoinsnews.com\/2015\/07\/25\/ethereum-synereo-collaborating-to-flest-out-proof-of-stake-protocol-casper\/> <https:\/\/twitter.com\/Synereo|@Synereo> <https:\/\/twitter.com\/ethereumproject|@ethereumproject> #fintech #blockchain",
                "service_name": "twitter",
                "service_url": "https:\/\/twitter.com\/",
                "id": 1
            }
        ],
        "type": "message",
        "subtype": "bot_message",
        "ts": "1438054244.000020"
    }
]