[
    {
        "bot_id": "B04FD5HLZ",
        "attachments": [
            {
                "fallback": "<https:\/\/twitter.com\/Synereo|@Synereo>: <https:\/\/twitter.com\/Synereo|@Synereo> update: Greg reports from Sydney, developments with #ethereum, <https:\/\/twitter.com\/jedediahwalls|@jedediahwalls> joins marketing team, more: <http:\/\/tinyurl.com\/pjlndez>",
                "author_name": "Synereo",
                "author_link": "https:\/\/twitter.com\/Synereo\/status\/676232250699026433",
                "author_icon": "https:\/\/pbs.twimg.com\/profile_images\/522790259789025280\/FKRuSK66_normal.png",
                "author_subname": "@Synereo",
                "pretext": "<https:\/\/twitter.com\/Synereo\/status\/676232250699026433>",
                "text": "<https:\/\/twitter.com\/Synereo|@Synereo> update: Greg reports from Sydney, developments with #ethereum, <https:\/\/twitter.com\/jedediahwalls|@jedediahwalls> joins marketing team, more: <http:\/\/tinyurl.com\/pjlndez>",
                "service_name": "twitter",
                "service_url": "https:\/\/twitter.com\/",
                "id": 1
            }
        ],
        "type": "message",
        "subtype": "bot_message",
        "ts": "1450061307.000067"
    }
]