[
    {
        "bot_id": "B04FD5HLZ",
        "attachments": [
            {
                "fallback": "<https:\/\/twitter.com\/kor3shan|@kor3shan>: Hey, are <https:\/\/twitter.com\/Synereo|@Synereo> Amps going into <https:\/\/twitter.com\/ShapeShift_io|@ShapeShift_io> ?",
                "author_name": "Crypto_Singularity",
                "author_link": "https:\/\/twitter.com\/kor3shan\/status\/597742852492394497",
                "author_icon": "https:\/\/pbs.twimg.com\/profile_images\/569838558920577024\/VR3hCEYj_normal.jpeg",
                "author_subname": "@kor3shan",
                "pretext": "<https:\/\/twitter.com\/kor3shan\/status\/597742852492394497>",
                "text": "Hey, are <https:\/\/twitter.com\/Synereo|@Synereo> Amps going into <https:\/\/twitter.com\/ShapeShift_io|@ShapeShift_io> ?",
                "service_name": "twitter",
                "service_url": "https:\/\/twitter.com\/",
                "id": 1
            }
        ],
        "type": "message",
        "subtype": "bot_message",
        "ts": "1431347976.000018"
    },
    {
        "bot_id": "B04FD5HLZ",
        "attachments": [
            {
                "fallback": "<https:\/\/twitter.com\/kor3shan|@kor3shan>: Great news <https:\/\/twitter.com\/Synereo|@Synereo> Looking forward to each and every step :) <https:\/\/twitter.com\/synereo\/status\/597398250866487296>",
                "author_name": "Crypto_Singularity",
                "author_link": "https:\/\/twitter.com\/kor3shan\/status\/597875264127926273",
                "author_icon": "https:\/\/pbs.twimg.com\/profile_images\/569838558920577024\/VR3hCEYj_normal.jpeg",
                "author_subname": "@kor3shan",
                "pretext": "<https:\/\/twitter.com\/kor3shan\/status\/597875264127926273>",
                "text": "Great news <https:\/\/twitter.com\/Synereo|@Synereo> Looking forward to each and every step :) <https:\/\/twitter.com\/synereo\/status\/597398250866487296>",
                "service_name": "twitter",
                "service_url": "https:\/\/twitter.com\/",
                "id": 1
            }
        ],
        "type": "message",
        "subtype": "bot_message",
        "ts": "1431379545.000019"
    },
    {
        "bot_id": "B04FD5HLZ",
        "attachments": [
            {
                "fallback": "<https:\/\/twitter.com\/Theo_Bliss|@Theo_Bliss>: HOW I FEEL WITHOUT <https:\/\/twitter.com\/Synereo|@Synereo> #SynereoMeme <https:\/\/pbs.twimg.com\/media\/CExfOIvVIAEL-Bc.jpg>",
                "author_name": "Theo \u0e3fliss",
                "author_link": "https:\/\/twitter.com\/Theo_Bliss\/status\/597957549380349952",
                "author_icon": "https:\/\/pbs.twimg.com\/profile_images\/568636654286434304\/zjQP0Xn0_normal.jpeg",
                "author_subname": "@Theo_Bliss",
                "pretext": "<https:\/\/twitter.com\/Theo_Bliss\/status\/597957549380349952>",
                "text": "HOW I FEEL WITHOUT <https:\/\/twitter.com\/Synereo|@Synereo> #SynereoMeme <https:\/\/pbs.twimg.com\/media\/CExfOIvVIAEL-Bc.jpg>",
                "service_name": "twitter",
                "service_url": "https:\/\/twitter.com\/",
                "image_url": "https:\/\/pbs.twimg.com\/media\/CExfOIvVIAEL-Bc.jpg",
                "image_width": 500,
                "image_height": 375,
                "image_bytes": 40757,
                "id": 1
            }
        ],
        "type": "message",
        "subtype": "bot_message",
        "ts": "1431399164.000020"
    }
]