[
    {
        "bot_id": "B04FD5HLZ",
        "attachments": [
            {
                "fallback": "<https:\/\/twitter.com\/jasoncarleski|@jasoncarleski>: Looks like <https:\/\/twitter.com\/Synereo|@Synereo>'s pre-sale AMPs have been distributed.  Got my dollar's worth. At the rate these sorts of projects tend to go...",
                "author_name": "Jason Carleski",
                "author_link": "https:\/\/twitter.com\/jasoncarleski\/status\/598446390214287360",
                "author_icon": "https:\/\/pbs.twimg.com\/profile_images\/1101822697\/fillerimage_normal.jpg",
                "author_subname": "@jasoncarleski",
                "pretext": "<https:\/\/twitter.com\/jasoncarleski\/status\/598446390214287360>",
                "text": "Looks like <https:\/\/twitter.com\/Synereo|@Synereo>'s pre-sale AMPs have been distributed.  Got my dollar's worth. At the rate these sorts of projects tend to go...",
                "service_name": "twitter",
                "service_url": "https:\/\/twitter.com\/",
                "id": 1
            }
        ],
        "type": "message",
        "subtype": "bot_message",
        "ts": "1431515712.000033"
    },
    {
        "bot_id": "B04FD5HLZ",
        "attachments": [
            {
                "fallback": "<https:\/\/twitter.com\/BurntEloi|@BurntEloi>: <https:\/\/twitter.com\/Synereo|@Synereo> You may want to take down the #masterexchange link in your blog until its sorted. And an sit rep from you would be great.",
                "author_name": "BurntEloi",
                "author_link": "https:\/\/twitter.com\/BurntEloi\/status\/598451540689555456",
                "author_icon": "https:\/\/pbs.twimg.com\/profile_images\/596999903978639361\/WlSYTCqK_normal.png",
                "author_subname": "@BurntEloi",
                "pretext": "<https:\/\/twitter.com\/BurntEloi\/status\/598451540689555456>",
                "text": "<https:\/\/twitter.com\/Synereo|@Synereo> You may want to take down the #masterexchange link in your blog until its sorted. And an sit rep from you would be great.",
                "service_name": "twitter",
                "service_url": "https:\/\/twitter.com\/",
                "id": 1
            }
        ],
        "type": "message",
        "subtype": "bot_message",
        "ts": "1431516940.000034"
    },
    {
        "bot_id": "B04FD5HLZ",
        "attachments": [
            {
                "fallback": "<https:\/\/twitter.com\/BurntEloi|@BurntEloi>: <https:\/\/twitter.com\/Synereo|@Synereo> jfyi,  processed a small transfer (2015-05-11 13:46:01) so almost two days ago, thankfully it was a small test tx, Only lost 14 AMP",
                "author_name": "BurntEloi",
                "author_link": "https:\/\/twitter.com\/BurntEloi\/status\/598452404376436736",
                "author_icon": "https:\/\/pbs.twimg.com\/profile_images\/596999903978639361\/WlSYTCqK_normal.png",
                "author_subname": "@BurntEloi",
                "pretext": "<https:\/\/twitter.com\/BurntEloi\/status\/598452404376436736>",
                "text": "<https:\/\/twitter.com\/Synereo|@Synereo> jfyi,  processed a small transfer (2015-05-11 13:46:01) so almost two days ago, thankfully it was a small test tx, Only lost 14 AMP",
                "service_name": "twitter",
                "service_url": "https:\/\/twitter.com\/",
                "id": 1
            }
        ],
        "type": "message",
        "subtype": "bot_message",
        "ts": "1431517146.000035"
    }
]