[
    {
        "bot_id": "B04FD5HLZ",
        "attachments": [
            {
                "fallback": "<https:\/\/twitter.com\/jdebunt|@jdebunt>: Turkey Blocks Reddit Access - Decentralized Social Networks Are Needed <http:\/\/themerkle.com\/news\/turkey-blocks-reddit-access-decentralized-social-networks-are-needed\/> #bitcoin #blockchain <https:\/\/twitter.com\/Synereo|@Synereo> <https:\/\/twitter.com\/ryanxcharles|@ryanxcharles>",
                "author_name": "Jean-Pierre Buntinx",
                "author_link": "https:\/\/twitter.com\/jdebunt\/status\/665878236321210369",
                "author_icon": "https:\/\/pbs.twimg.com\/profile_images\/605799773719789569\/iqjk-lk8_normal.jpg",
                "author_subname": "@jdebunt",
                "pretext": "<https:\/\/twitter.com\/jdebunt\/status\/665878236321210369>",
                "text": "Turkey Blocks Reddit Access - Decentralized Social Networks Are Needed <http:\/\/themerkle.com\/news\/turkey-blocks-reddit-access-decentralized-social-networks-are-needed\/> #bitcoin #blockchain <https:\/\/twitter.com\/Synereo|@Synereo> <https:\/\/twitter.com\/ryanxcharles|@ryanxcharles>",
                "service_name": "twitter",
                "service_url": "https:\/\/twitter.com\/",
                "id": 1
            }
        ],
        "type": "message",
        "subtype": "bot_message",
        "ts": "1447592718.000007"
    },
    {
        "bot_id": "B04FD5HLZ",
        "attachments": [
            {
                "fallback": "<https:\/\/twitter.com\/btc_alex|@btc_alex>: <https:\/\/twitter.com\/jdebunt|@jdebunt> <https:\/\/twitter.com\/Synereo|@Synereo> <https:\/\/twitter.com\/ryanxcharles|@ryanxcharles> 2 year from now: \"turkey blocks decentralized social network nodes\"",
                "author_name": "Alex",
                "author_link": "https:\/\/twitter.com\/btc_alex\/status\/665881060652265472",
                "author_icon": "https:\/\/pbs.twimg.com\/profile_images\/555727645942353921\/q8g5rq2q_normal.jpeg",
                "author_subname": "@btc_alex",
                "pretext": "<https:\/\/twitter.com\/btc_alex\/status\/665881060652265472>",
                "text": "<https:\/\/twitter.com\/jdebunt|@jdebunt> <https:\/\/twitter.com\/Synereo|@Synereo> <https:\/\/twitter.com\/ryanxcharles|@ryanxcharles> 2 year from now: \"turkey blocks decentralized social network nodes\"",
                "service_name": "twitter",
                "service_url": "https:\/\/twitter.com\/",
                "id": 1
            }
        ],
        "type": "message",
        "subtype": "bot_message",
        "ts": "1447593391.000008"
    },
    {
        "bot_id": "B04FD5HLZ",
        "attachments": [
            {
                "fallback": "<https:\/\/twitter.com\/blkchninstitute|@blkchninstitute>: Turkey Blocks Reddit Access - Decentralized Social Networks Are Needed <http:\/\/themerkle.com\/news\/turkey-blocks-reddit-access-decentralized-social-networks-are-needed\/> #feminism #Beyonc\u00e9 <https:\/\/twitter.com\/Synereo|@Synereo> <https:\/\/twitter.com\/ryanxcharles|@ryanxcharles>",
                "author_name": "Beyonc\u00e9chain",
                "author_link": "https:\/\/twitter.com\/blkchninstitute\/status\/665882482009579520",
                "author_icon": "https:\/\/pbs.twimg.com\/profile_images\/659427552512114688\/VH8wFD-f_normal.jpg",
                "author_subname": "@blkchninstitute",
                "pretext": "<https:\/\/twitter.com\/blkchninstitute\/status\/665882482009579520>",
                "text": "Turkey Blocks Reddit Access - Decentralized Social Networks Are Needed <http:\/\/themerkle.com\/news\/turkey-blocks-reddit-access-decentralized-social-networks-are-needed\/> #feminism #Beyonc\u00e9 <https:\/\/twitter.com\/Synereo|@Synereo> <https:\/\/twitter.com\/ryanxcharles|@ryanxcharles>",
                "service_name": "twitter",
                "service_url": "https:\/\/twitter.com\/",
                "id": 1
            }
        ],
        "type": "message",
        "subtype": "bot_message",
        "ts": "1447593729.000009"
    },
    {
        "bot_id": "B04FD5HLZ",
        "attachments": [
            {
                "fallback": "<https:\/\/twitter.com\/ProTipHQ|@ProTipHQ>: <https:\/\/twitter.com\/btc_alex|@btc_alex> <https:\/\/twitter.com\/jdebunt|@jdebunt> <https:\/\/twitter.com\/Synereo|@Synereo> <https:\/\/twitter.com\/ryanxcharles|@ryanxcharles> time for Steganography",
                "author_name": "ProTip",
                "author_link": "https:\/\/twitter.com\/ProTipHQ\/status\/665909266629443585",
                "author_icon": "https:\/\/pbs.twimg.com\/profile_images\/650743438149820416\/TZaw5CS5_normal.png",
                "author_subname": "@ProTipHQ",
                "pretext": "<https:\/\/twitter.com\/ProTipHQ\/status\/665909266629443585>",
                "text": "<https:\/\/twitter.com\/btc_alex|@btc_alex> <https:\/\/twitter.com\/jdebunt|@jdebunt> <https:\/\/twitter.com\/Synereo|@Synereo> <https:\/\/twitter.com\/ryanxcharles|@ryanxcharles> time for Steganography",
                "service_name": "twitter",
                "service_url": "https:\/\/twitter.com\/",
                "id": 1
            }
        ],
        "type": "message",
        "subtype": "bot_message",
        "ts": "1447600116.000010"
    },
    {
        "bot_id": "B04FD5HLZ",
        "attachments": [
            {
                "fallback": "<https:\/\/twitter.com\/Synereo|@Synereo>: Turkey blocks Reddit access; <https:\/\/twitter.com\/Synereo|@Synereo> suggested as the alternative. <http:\/\/themerkle.com\/news\/turkey-blocks-reddit-access-decentralized-social-networks-are-needed\/> <https:\/\/twitter.com\/themerklenews|@themerklenews> #socialnetwork #bitcoin #startup",
                "author_name": "Synereo",
                "author_link": "https:\/\/twitter.com\/Synereo\/status\/665914668041568256",
                "author_icon": "https:\/\/pbs.twimg.com\/profile_images\/522790259789025280\/FKRuSK66_normal.png",
                "author_subname": "@Synereo",
                "pretext": "<https:\/\/twitter.com\/Synereo\/status\/665914668041568256>",
                "text": "Turkey blocks Reddit access; <https:\/\/twitter.com\/Synereo|@Synereo> suggested as the alternative. <http:\/\/themerkle.com\/news\/turkey-blocks-reddit-access-decentralized-social-networks-are-needed\/> <https:\/\/twitter.com\/themerklenews|@themerklenews> #socialnetwork #bitcoin #startup",
                "service_name": "twitter",
                "service_url": "https:\/\/twitter.com\/",
                "id": 1
            }
        ],
        "type": "message",
        "subtype": "bot_message",
        "ts": "1447601404.000011"
    },
    {
        "bot_id": "B04FD5HLZ",
        "attachments": [
            {
                "fallback": "<https:\/\/twitter.com\/jdebunt|@jdebunt>: <https:\/\/twitter.com\/ProTipHQ|@ProTipHQ> <https:\/\/twitter.com\/btc_alex|@btc_alex> <https:\/\/twitter.com\/Synereo|@Synereo> <https:\/\/twitter.com\/ryanxcharles|@ryanxcharles> you just gave me an idea for a future article :)",
                "author_name": "Jean-Pierre Buntinx",
                "author_link": "https:\/\/twitter.com\/jdebunt\/status\/665919823449358336",
                "author_icon": "https:\/\/pbs.twimg.com\/profile_images\/605799773719789569\/iqjk-lk8_normal.jpg",
                "author_subname": "@jdebunt",
                "pretext": "<https:\/\/twitter.com\/jdebunt\/status\/665919823449358336>",
                "text": "<https:\/\/twitter.com\/ProTipHQ|@ProTipHQ> <https:\/\/twitter.com\/btc_alex|@btc_alex> <https:\/\/twitter.com\/Synereo|@Synereo> <https:\/\/twitter.com\/ryanxcharles|@ryanxcharles> you just gave me an idea for a future article :)",
                "service_name": "twitter",
                "service_url": "https:\/\/twitter.com\/",
                "id": 1
            }
        ],
        "type": "message",
        "subtype": "bot_message",
        "ts": "1447602632.000012"
    },
    {
        "bot_id": "B04FD5HLZ",
        "attachments": [
            {
                "fallback": "<https:\/\/twitter.com\/ProTipHQ|@ProTipHQ>: <https:\/\/twitter.com\/jdebunt|@jdebunt> <https:\/\/twitter.com\/btc_alex|@btc_alex> <https:\/\/twitter.com\/Synereo|@Synereo> <https:\/\/twitter.com\/ryanxcharles|@ryanxcharles> great, make sure you put your Bitcoin address on it so people can pay you for your work",
                "author_name": "ProTip",
                "author_link": "https:\/\/twitter.com\/ProTipHQ\/status\/665931476828049408",
                "author_icon": "https:\/\/pbs.twimg.com\/profile_images\/650743438149820416\/TZaw5CS5_normal.png",
                "author_subname": "@ProTipHQ",
                "pretext": "<https:\/\/twitter.com\/ProTipHQ\/status\/665931476828049408>",
                "text": "<https:\/\/twitter.com\/jdebunt|@jdebunt> <https:\/\/twitter.com\/btc_alex|@btc_alex> <https:\/\/twitter.com\/Synereo|@Synereo> <https:\/\/twitter.com\/ryanxcharles|@ryanxcharles> great, make sure you put your Bitcoin address on it so people can pay you for your work",
                "service_name": "twitter",
                "service_url": "https:\/\/twitter.com\/",
                "id": 1
            }
        ],
        "type": "message",
        "subtype": "bot_message",
        "ts": "1447605411.000013"
    },
    {
        "bot_id": "B04FD5HLZ",
        "attachments": [
            {
                "fallback": "<https:\/\/twitter.com\/Xenderle|@Xenderle>: <https:\/\/twitter.com\/Synereo|@Synereo> <https:\/\/twitter.com\/holytransaction|@holytransaction> <https:\/\/twitter.com\/omniwallet|@omniwallet> high time to go for the real listing",
                "author_name": "Alexandre Bruneller",
                "author_link": "https:\/\/twitter.com\/Xenderle\/status\/665967796975771648",
                "author_icon": "https:\/\/pbs.twimg.com\/profile_images\/428707442269368320\/WY0bqmQz_normal.jpeg",
                "author_subname": "@Xenderle",
                "pretext": "<https:\/\/twitter.com\/Xenderle\/status\/665967796975771648>",
                "text": "<https:\/\/twitter.com\/Synereo|@Synereo> <https:\/\/twitter.com\/holytransaction|@holytransaction> <https:\/\/twitter.com\/omniwallet|@omniwallet> high time to go for the real listing",
                "service_name": "twitter",
                "service_url": "https:\/\/twitter.com\/",
                "id": 1
            }
        ],
        "type": "message",
        "subtype": "bot_message",
        "ts": "1447614070.000014"
    },
    {
        "bot_id": "B04FD5HLZ",
        "attachments": [
            {
                "fallback": "<https:\/\/twitter.com\/xbtbtc|@xbtbtc>: MT: Turkey blocks <https:\/\/twitter.com\/reddit|@reddit> access; <https:\/\/twitter.com\/Synereo|@Synereo> an alternative. <http:\/\/themerkle.com\/news\/turkey-blocks-reddit-access-decentralized-social-networks-are-needed\/> \u2026 <https:\/\/twitter.com\/themerklenews|@themerklenews> #socialnetwork #bitcoin #startup",
                "author_name": "xbtbtc",
                "author_link": "https:\/\/twitter.com\/xbtbtc\/status\/665989372823535616",
                "author_icon": "https:\/\/pbs.twimg.com\/profile_images\/534130011385516032\/Uqth_vxP_normal.jpeg",
                "author_subname": "@xbtbtc",
                "pretext": "<https:\/\/twitter.com\/xbtbtc\/status\/665989372823535616>",
                "text": "MT: Turkey blocks <https:\/\/twitter.com\/reddit|@reddit> access; <https:\/\/twitter.com\/Synereo|@Synereo> an alternative. <http:\/\/themerkle.com\/news\/turkey-blocks-reddit-access-decentralized-social-networks-are-needed\/> \u2026 <https:\/\/twitter.com\/themerklenews|@themerklenews> #socialnetwork #bitcoin #startup",
                "service_name": "twitter",
                "service_url": "https:\/\/twitter.com\/",
                "id": 1
            }
        ],
        "type": "message",
        "subtype": "bot_message",
        "ts": "1447619214.000015"
    },
    {
        "bot_id": "B04FD5HLZ",
        "attachments": [
            {
                "fallback": "<https:\/\/twitter.com\/BitcoinTopNews|@BitcoinTopNews>: Turkey Blocks Reddit Access - Decentralized Social Networks Are Needed <http:\/\/gettopical.com\/bitcoin\/5ad015b66c192a0ec2ab39ca50ecb901?src=twitter> via <https:\/\/twitter.com\/Synereo|@Synereo>",
                "author_name": "Bitcoin Top News",
                "author_link": "https:\/\/twitter.com\/BitcoinTopNews\/status\/666060225640697856",
                "author_icon": "https:\/\/pbs.twimg.com\/profile_images\/606387313984204800\/x-rhfZ-q_normal.png",
                "author_subname": "@BitcoinTopNews",
                "pretext": "<https:\/\/twitter.com\/BitcoinTopNews\/status\/666060225640697856>",
                "text": "Turkey Blocks Reddit Access - Decentralized Social Networks Are Needed <http:\/\/gettopical.com\/bitcoin\/5ad015b66c192a0ec2ab39ca50ecb901?src=twitter> via <https:\/\/twitter.com\/Synereo|@Synereo>",
                "service_name": "twitter",
                "service_url": "https:\/\/twitter.com\/",
                "id": 1
            }
        ],
        "type": "message",
        "subtype": "bot_message",
        "ts": "1447636107.000016"
    }
]