[
    {
        "bot_id": "B04FD5HLZ",
        "attachments": [
            {
                "fallback": "<https:\/\/twitter.com\/colortwits|@colortwits>: #whoissatoshi <https:\/\/twitter.com\/Synereo|@Synereo> #iwantSATOSHICARD <https:\/\/twitter.com\/SpellsofGenesis|@SpellsofGenesis>",
                "author_name": "Nicola Minichiello",
                "author_link": "https:\/\/twitter.com\/colortwits\/status\/623231071895728128",
                "author_icon": "https:\/\/pbs.twimg.com\/profile_images\/546943037377503232\/m99dhUqa_normal.jpeg",
                "author_subname": "@colortwits",
                "pretext": "<https:\/\/twitter.com\/colortwits\/status\/623231071895728128>",
                "text": "#whoissatoshi <https:\/\/twitter.com\/Synereo|@Synereo> #iwantSATOSHICARD <https:\/\/twitter.com\/SpellsofGenesis|@SpellsofGenesis>",
                "service_name": "twitter",
                "service_url": "https:\/\/twitter.com\/",
                "id": 1
            }
        ],
        "type": "message",
        "subtype": "bot_message",
        "ts": "1437424841.000002"
    }
]