[
    {
        "bot_id": "B04FD5HLZ",
        "attachments": [
            {
                "fallback": "<https:\/\/twitter.com\/Synereo|@Synereo>: You can now setup your own <https:\/\/twitter.com\/Synereo|@Synereo> Node using an Amazon Machine Image (AMI). <http:\/\/blog.synereo.com\/2015\/08\/12\/top-5-things-you-can-do-with-synereo-now\/> #bitcoin #fintech #startup #social",
                "author_name": "Synereo",
                "author_link": "https:\/\/twitter.com\/Synereo\/status\/636888762727989248",
                "author_icon": "https:\/\/pbs.twimg.com\/profile_images\/522790259789025280\/FKRuSK66_normal.png",
                "author_subname": "@Synereo",
                "pretext": "<https:\/\/twitter.com\/Synereo\/status\/636888762727989248>",
                "text": "You can now setup your own <https:\/\/twitter.com\/Synereo|@Synereo> Node using an Amazon Machine Image (AMI). <http:\/\/blog.synereo.com\/2015\/08\/12\/top-5-things-you-can-do-with-synereo-now\/> #bitcoin #fintech #startup #social",
                "service_name": "twitter",
                "service_url": "https:\/\/twitter.com\/",
                "id": 1
            }
        ],
        "type": "message",
        "subtype": "bot_message",
        "ts": "1440681088.000005"
    }
]