[
    {
        "bot_id": "B04FD5HLZ",
        "attachments": [
            {
                "fallback": "<https:\/\/twitter.com\/jimscarver|@jimscarver>: Cyberspace isn't safe without <http:\/\/Treetrust.org> <https:\/\/twitter.com\/provensecure|@provensecure> <https:\/\/twitter.com\/Synereo|@Synereo> <https:\/\/twitter.com\/eris_ltd|@eris_ltd> <https:\/\/twitter.com\/blockstarsio|@blockstarsio> #blockchain #privacy #identity #security",
                "author_name": "jimscarver",
                "author_link": "https:\/\/twitter.com\/jimscarver\/status\/602984727671365632",
                "author_icon": "https:\/\/pbs.twimg.com\/profile_images\/595050198033895425\/NgPmOdj6_normal.png",
                "author_subname": "@jimscarver",
                "pretext": "<https:\/\/twitter.com\/jimscarver\/status\/602984727671365632>",
                "text": "Cyberspace isn't safe without <http:\/\/Treetrust.org> <https:\/\/twitter.com\/provensecure|@provensecure> <https:\/\/twitter.com\/Synereo|@Synereo> <https:\/\/twitter.com\/eris_ltd|@eris_ltd> <https:\/\/twitter.com\/blockstarsio|@blockstarsio> #blockchain #privacy #identity #security",
                "service_name": "twitter",
                "service_url": "https:\/\/twitter.com\/",
                "id": 1
            }
        ],
        "type": "message",
        "subtype": "bot_message",
        "ts": "1432597736.000002"
    },
    {
        "bot_id": "B04FD5HLZ",
        "attachments": [
            {
                "fallback": "<https:\/\/twitter.com\/provensecure|@provensecure>: <https:\/\/twitter.com\/jimscarver|@jimscarver> <https:\/\/twitter.com\/Synereo|@Synereo> <https:\/\/twitter.com\/eris_ltd|@eris_ltd> <https:\/\/twitter.com\/blockstarsio|@blockstarsio> correction... <http:\/\/FreeTrust.org>",
                "author_name": "ProvenSecure",
                "author_link": "https:\/\/twitter.com\/provensecure\/status\/603032952365326339",
                "author_icon": "https:\/\/pbs.twimg.com\/profile_images\/557573566481186817\/H3j021y-_normal.jpeg",
                "author_subname": "@provensecure",
                "pretext": "<https:\/\/twitter.com\/provensecure\/status\/603032952365326339>",
                "text": "<https:\/\/twitter.com\/jimscarver|@jimscarver> <https:\/\/twitter.com\/Synereo|@Synereo> <https:\/\/twitter.com\/eris_ltd|@eris_ltd> <https:\/\/twitter.com\/blockstarsio|@blockstarsio> correction... <http:\/\/FreeTrust.org>",
                "service_name": "twitter",
                "service_url": "https:\/\/twitter.com\/",
                "id": 1
            }
        ],
        "type": "message",
        "subtype": "bot_message",
        "ts": "1432609234.000003"
    }
]