[
    {
        "bot_id": "B04FD5HLZ",
        "attachments": [
            {
                "fallback": "<https:\/\/twitter.com\/BTCBoulevard|@BTCBoulevard>: <https:\/\/twitter.com\/Synereo|@Synereo> <https:\/\/twitter.com\/Backfeed_cc|@Backfeed_cc> <https:\/\/twitter.com\/lazoozorg|@lazoozorg> Are you some how cooperating. Would be nice :-) <https:\/\/twitter.com\/lapin7|@lapin7>",
                "author_name": "\u0e3fitcoin \u0e3foulevard",
                "author_link": "https:\/\/twitter.com\/BTCBoulevard\/status\/651492392835657729",
                "author_icon": "https:\/\/pbs.twimg.com\/profile_images\/459345059473653760\/BWm6iGCF_normal.png",
                "author_subname": "@BTCBoulevard",
                "pretext": "<https:\/\/twitter.com\/BTCBoulevard\/status\/651492392835657729>",
                "text": "<https:\/\/twitter.com\/Synereo|@Synereo> <https:\/\/twitter.com\/Backfeed_cc|@Backfeed_cc> <https:\/\/twitter.com\/lazoozorg|@lazoozorg> Are you some how cooperating. Would be nice :-) <https:\/\/twitter.com\/lapin7|@lapin7>",
                "service_name": "twitter",
                "service_url": "https:\/\/twitter.com\/",
                "id": 1
            }
        ],
        "type": "message",
        "subtype": "bot_message",
        "ts": "1444162865.000005"
    },
    {
        "type": "message",
        "user": "U048XN527",
        "text": "What's the story behind that inquiry?",
        "ts": "1444182528.000006"
    }
]