[
    {
        "type": "message",
        "user": "U048X85UT",
        "text": "<https:\/\/synereonet.slack.com\/archives\/general\/p1450530468000313>",
        "attachments": [
            {
                "color": "4D394B",
                "from_url": "https:\/\/synereonet.slack.com\/archives\/general\/p1450530468000313",
                "fallback": "[December 19th, 2015 5:07 AM] jimscarver: A search on <http:\/\/minds.com|minds.com> for synereo finds nothing.  People who hope to profit from their participation are flocking there. A million so far.  I think we need an ambassador there.",
                "author_subname": "jimscarver",
                "ts": "1450530468.000313",
                "text": "A search on <http:\/\/minds.com|minds.com> for synereo finds nothing.  People who hope to profit from their participation are flocking there. A million so far.  I think we need an ambassador there.",
                "author_name": "Jim Whitescarver",
                "author_link": "https:\/\/synereonet.slack.com\/team\/jimscarver",
                "author_icon": "https:\/\/avatars.slack-edge.com\/2015-05-02\/4725102019_0a97b6ff933b149900c4_48.jpg",
                "mrkdwn_in": [
                    "text"
                ],
                "id": 1
            }
        ],
        "ts": "1450530526.000087",
        "reactions": [
            {
                "name": "+1",
                "users": [
                    "U0474E4KZ"
                ],
                "count": 1
            }
        ]
    },
    {
        "bot_id": "B04FD5HLZ",
        "attachments": [
            {
                "fallback": "<https:\/\/twitter.com\/FreeTrustOrg|@FreeTrustOrg>: Deja v\u00fa all over again: Thinking through law &amp; code, again  Think <https:\/\/twitter.com\/Synereo|@Synereo> #social #contracts <https:\/\/vimeo.com\/148665401> <https:\/\/twitter.com\/prestonjbyrne|@prestonjbyrne>",
                "author_name": "FreeTrust",
                "author_link": "https:\/\/twitter.com\/FreeTrustOrg\/status\/678203239897145344",
                "author_icon": "https:\/\/pbs.twimg.com\/profile_images\/606532062502391808\/mEJmLI_G_normal.png",
                "author_subname": "@FreeTrustOrg",
                "pretext": "<https:\/\/twitter.com\/FreeTrustOrg\/status\/678203239897145344>",
                "text": "Deja v\u00fa all over again: Thinking through law &amp; code, again  Think <https:\/\/twitter.com\/Synereo|@Synereo> #social #contracts <https:\/\/vimeo.com\/148665401> <https:\/\/twitter.com\/prestonjbyrne|@prestonjbyrne>",
                "service_name": "twitter",
                "service_url": "https:\/\/twitter.com\/",
                "id": 1
            }
        ],
        "type": "message",
        "subtype": "bot_message",
        "ts": "1450531227.000089"
    }
]