[
    {
        "user": "U0HG5G2PL",
        "type": "message",
        "subtype": "channel_join",
        "text": "<@U0HG5G2PL|ore4444> has joined the channel",
        "ts": "1451468498.000107"
    },
    {
        "type": "message",
        "user": "U048X85UT",
        "text": "there is just the invite I got for 5 hours from now",
        "ts": "1451503073.000108"
    },
    {
        "bot_id": "B04FD5HLZ",
        "attachments": [
            {
                "fallback": "<https:\/\/twitter.com\/LivelyGig|@LivelyGig>: The <https:\/\/twitter.com\/Synereo|@Synereo> and LivelyGig weekly community hangout is just starting <https:\/\/plus.google.com\/hangouts\/_\/hoaevent\/AP36tYfiNNYtPbxW5YEjnwrje79rsY59WqsV109y5J4noxo4cqVHmA?hl=en&amp;authuser=1>",
                "author_name": "LivelyGig",
                "author_link": "https:\/\/twitter.com\/LivelyGig\/status\/682280860352024576",
                "author_icon": "https:\/\/pbs.twimg.com\/profile_images\/648546311331966976\/bL8zUktE_normal.png",
                "author_subname": "@LivelyGig",
                "pretext": "<https:\/\/twitter.com\/LivelyGig\/status\/682280860352024576>",
                "text": "The <https:\/\/twitter.com\/Synereo|@Synereo> and LivelyGig weekly community hangout is just starting <https:\/\/plus.google.com\/hangouts\/_\/hoaevent\/AP36tYfiNNYtPbxW5YEjnwrje79rsY59WqsV109y5J4noxo4cqVHmA?hl=en&amp;authuser=1>",
                "service_name": "twitter",
                "service_url": "https:\/\/twitter.com\/",
                "id": 1
            }
        ],
        "type": "message",
        "subtype": "bot_message",
        "ts": "1451503407.000109"
    },
    {
        "bot_id": "B04FD5HLZ",
        "attachments": [
            {
                "fallback": "<https:\/\/twitter.com\/drlombardo|@drlombardo>: Decentral Social Platform <https:\/\/twitter.com\/Synereo|@Synereo> Plans Pre-Sale on <https:\/\/twitter.com\/BnkToTheFuture|@BnkToTheFuture>\n<http:\/\/allcoinsnews.com\/2015\/12\/31\/decentralized-social-platform-synereo-plans-pre-sale-on-bnktothefuture\/> #Blockchain #Crowdfund <https:\/\/pbs.twimg.com\/media\/CXh2D-oWwAAJDoE.jpg>",
                "author_name": "Dr. Lombardo",
                "author_link": "https:\/\/twitter.com\/drlombardo\/status\/682425154480259073",
                "author_icon": "https:\/\/pbs.twimg.com\/profile_images\/631395729777426432\/_CdFtTgC_normal.jpg",
                "author_subname": "@drlombardo",
                "pretext": "<https:\/\/twitter.com\/drlombardo\/status\/682425154480259073>",
                "text": "Decentral Social Platform <https:\/\/twitter.com\/Synereo|@Synereo> Plans Pre-Sale on <https:\/\/twitter.com\/BnkToTheFuture|@BnkToTheFuture>\n<http:\/\/allcoinsnews.com\/2015\/12\/31\/decentralized-social-platform-synereo-plans-pre-sale-on-bnktothefuture\/> #Blockchain #Crowdfund <https:\/\/pbs.twimg.com\/media\/CXh2D-oWwAAJDoE.jpg>",
                "service_name": "twitter",
                "service_url": "https:\/\/twitter.com\/",
                "image_url": "https:\/\/pbs.twimg.com\/media\/CXh2D-oWwAAJDoE.jpg",
                "image_width": 599,
                "image_height": 281,
                "image_bytes": 23880,
                "id": 1
            }
        ],
        "type": "message",
        "subtype": "bot_message",
        "ts": "1451537810.000110"
    },
    {
        "bot_id": "B04FD5HLZ",
        "attachments": [
            {
                "fallback": "<https:\/\/twitter.com\/AllCoinsNews|@AllCoinsNews>: Decentral Social Platform <https:\/\/twitter.com\/Synereo|@Synereo> Plans Pre-Sale on <https:\/\/twitter.com\/BnkToTheFuture|@BnkToTheFuture>\n<http:\/\/allcoinsnews.com\/2015\/12\/31\/decentralized-social-platform-synereo-plans-pre-sale-on-bnktothefuture\/> #Blockchain #Crowdfund <https:\/\/pbs.twimg.com\/media\/CXh2D_IWEAEaz47.jpg>",
                "author_name": "AllCoinsNews",
                "author_link": "https:\/\/twitter.com\/AllCoinsNews\/status\/682425154870325250",
                "author_icon": "https:\/\/pbs.twimg.com\/profile_images\/515000567408500736\/xthtM9tK_normal.jpeg",
                "author_subname": "@AllCoinsNews",
                "pretext": "<https:\/\/twitter.com\/AllCoinsNews\/status\/682425154870325250>",
                "text": "Decentral Social Platform <https:\/\/twitter.com\/Synereo|@Synereo> Plans Pre-Sale on <https:\/\/twitter.com\/BnkToTheFuture|@BnkToTheFuture>\n<http:\/\/allcoinsnews.com\/2015\/12\/31\/decentralized-social-platform-synereo-plans-pre-sale-on-bnktothefuture\/> #Blockchain #Crowdfund <https:\/\/pbs.twimg.com\/media\/CXh2D_IWEAEaz47.jpg>",
                "service_name": "twitter",
                "service_url": "https:\/\/twitter.com\/",
                "image_url": "https:\/\/pbs.twimg.com\/media\/CXh2D_IWEAEaz47.jpg",
                "image_width": 599,
                "image_height": 281,
                "image_bytes": 23880,
                "id": 1
            }
        ],
        "type": "message",
        "subtype": "bot_message",
        "ts": "1451537810.000111"
    },
    {
        "bot_id": "B04FD5HLZ",
        "attachments": [
            {
                "fallback": "<https:\/\/twitter.com\/LittleSweetie4|@LittleSweetie4>: <https:\/\/twitter.com\/leithaus|@leithaus> <https:\/\/twitter.com\/Elokane|@Elokane> <https:\/\/twitter.com\/Synereo|@Synereo> <https:\/\/twitter.com\/MediaGoblin|@MediaGoblin> <https:\/\/twitter.com\/TwisterPtoP|@TwisterPtoP> <https:\/\/twitter.com\/yacy_search|@yacy_search> Any updates about the 1 -click deployment?",
                "author_name": "Enemy of the State",
                "author_link": "https:\/\/twitter.com\/LittleSweetie4\/status\/682428611203182592",
                "author_icon": "https:\/\/pbs.twimg.com\/profile_images\/378800000365082840\/d369621f7afc7574c322a2e150fc0180_normal.jpeg",
                "author_subname": "@LittleSweetie4",
                "pretext": "<https:\/\/twitter.com\/LittleSweetie4\/status\/682428611203182592>",
                "text": "<https:\/\/twitter.com\/leithaus|@leithaus> <https:\/\/twitter.com\/Elokane|@Elokane> <https:\/\/twitter.com\/Synereo|@Synereo> <https:\/\/twitter.com\/MediaGoblin|@MediaGoblin> <https:\/\/twitter.com\/TwisterPtoP|@TwisterPtoP> <https:\/\/twitter.com\/yacy_search|@yacy_search> Any updates about the 1 -click deployment?",
                "service_name": "twitter",
                "service_url": "https:\/\/twitter.com\/",
                "id": 1
            }
        ],
        "type": "message",
        "subtype": "bot_message",
        "ts": "1451538634.000112"
    },
    {
        "bot_id": "B04FD5HLZ",
        "attachments": [
            {
                "fallback": "<https:\/\/twitter.com\/blkchninstitute|@blkchninstitute>: Decentral Social Platform <https:\/\/twitter.com\/Synereo|@Synereo> Plans Pre-Sale on <https:\/\/twitter.com\/BnkToTheFuture|@BnkToTheFuture> <http:\/\/allcoinsnews.com\/2015\/12\/31\/decentralized-social-platform-synereo-plans-pre-sale-on-bnktothefuture\/> #Beyonc\u00e9 #Crowdfund <https:\/\/pbs.twimg.com\/media\/CXh2D_IWEAEaz47.jpg>",
                "author_name": "Beyonc\u00e9chain",
                "author_link": "https:\/\/twitter.com\/blkchninstitute\/status\/682437319677325312",
                "author_icon": "https:\/\/pbs.twimg.com\/profile_images\/659427552512114688\/VH8wFD-f_normal.jpg",
                "author_subname": "@blkchninstitute",
                "pretext": "<https:\/\/twitter.com\/blkchninstitute\/status\/682437319677325312>",
                "text": "Decentral Social Platform <https:\/\/twitter.com\/Synereo|@Synereo> Plans Pre-Sale on <https:\/\/twitter.com\/BnkToTheFuture|@BnkToTheFuture> <http:\/\/allcoinsnews.com\/2015\/12\/31\/decentralized-social-platform-synereo-plans-pre-sale-on-bnktothefuture\/> #Beyonc\u00e9 #Crowdfund <https:\/\/pbs.twimg.com\/media\/CXh2D_IWEAEaz47.jpg>",
                "service_name": "twitter",
                "service_url": "https:\/\/twitter.com\/",
                "image_url": "https:\/\/pbs.twimg.com\/media\/CXh2D_IWEAEaz47.jpg",
                "image_width": 599,
                "image_height": 281,
                "image_bytes": 23880,
                "id": 1
            }
        ],
        "type": "message",
        "subtype": "bot_message",
        "ts": "1451540710.000113"
    }
]