[
    {
        "bot_id": "B04FD5HLZ",
        "attachments": [
            {
                "fallback": "<https:\/\/twitter.com\/jimscarver|@jimscarver>: <https:\/\/twitter.com\/Synereo|@Synereo> is next. <https:\/\/twitter.com\/FreeTrustOrg\/status\/654614263735152640>",
                "author_name": "jimscarver",
                "author_link": "https:\/\/twitter.com\/jimscarver\/status\/655051108029722624",
                "author_icon": "https:\/\/pbs.twimg.com\/profile_images\/595050198033895425\/NgPmOdj6_normal.png",
                "author_subname": "@jimscarver",
                "pretext": "<https:\/\/twitter.com\/jimscarver\/status\/655051108029722624>",
                "text": "<https:\/\/twitter.com\/Synereo|@Synereo> is next. <https:\/\/twitter.com\/FreeTrustOrg\/status\/654614263735152640>",
                "service_name": "twitter",
                "service_url": "https:\/\/twitter.com\/",
                "id": 1
            }
        ],
        "type": "message",
        "subtype": "bot_message",
        "ts": "1445011329.000011"
    }
]