[
    {
        "bot_id": "B04FD5HLZ",
        "attachments": [
            {
                "fallback": "<https:\/\/twitter.com\/cyberfundio|@cyberfundio>: <https:\/\/twitter.com\/Synereo|@Synereo> <https:\/\/twitter.com\/lazoozorg|@lazoozorg> <https:\/\/twitter.com\/AugurProject|@AugurProject> and <https:\/\/twitter.com\/storjproject|@storjproject> in weekly Invest News by <https:\/\/twitter.com\/VitalyLvov|@VitalyLvov> <http:\/\/buff.ly\/1HiyWRJ>",
                "author_name": "cyber \u2022 Fund",
                "author_link": "https:\/\/twitter.com\/cyberfundio\/status\/599298391126970368",
                "author_icon": "https:\/\/pbs.twimg.com\/profile_images\/566693986027331585\/gTu0pD17_normal.png",
                "author_subname": "@cyberfundio",
                "pretext": "<https:\/\/twitter.com\/cyberfundio\/status\/599298391126970368>",
                "text": "<https:\/\/twitter.com\/Synereo|@Synereo> <https:\/\/twitter.com\/lazoozorg|@lazoozorg> <https:\/\/twitter.com\/AugurProject|@AugurProject> and <https:\/\/twitter.com\/storjproject|@storjproject> in weekly Invest News by <https:\/\/twitter.com\/VitalyLvov|@VitalyLvov> <http:\/\/buff.ly\/1HiyWRJ>",
                "service_name": "twitter",
                "service_url": "https:\/\/twitter.com\/",
                "id": 1
            }
        ],
        "type": "message",
        "subtype": "bot_message",
        "ts": "1431718847.000043"
    },
    {
        "bot_id": "B04FD5HLZ",
        "attachments": [
            {
                "fallback": "<https:\/\/twitter.com\/AllCoinsNews|@AllCoinsNews>: \u201cBlockchain Facebook\u201d <https:\/\/twitter.com\/Synereo|@Synereo> Raises $126k in Crowdsale, Reports Double Token Allocation Error <http:\/\/allcoinsnews.com\/2015\/05\/15\/blockchain-facebook-synereo-raises-126023-in-crowdsale-reports-double-token-allocation-error\/> <https:\/\/twitter.com\/Omni_Layer|@Omni_Layer>",
                "author_name": "AllCoinsNews",
                "author_link": "https:\/\/twitter.com\/AllCoinsNews\/status\/599318364423585793",
                "author_icon": "https:\/\/pbs.twimg.com\/profile_images\/515000567408500736\/xthtM9tK_normal.jpeg",
                "author_subname": "@AllCoinsNews",
                "pretext": "<https:\/\/twitter.com\/AllCoinsNews\/status\/599318364423585793>",
                "text": "\u201cBlockchain Facebook\u201d <https:\/\/twitter.com\/Synereo|@Synereo> Raises $126k in Crowdsale, Reports Double Token Allocation Error <http:\/\/allcoinsnews.com\/2015\/05\/15\/blockchain-facebook-synereo-raises-126023-in-crowdsale-reports-double-token-allocation-error\/> <https:\/\/twitter.com\/Omni_Layer|@Omni_Layer>",
                "service_name": "twitter",
                "service_url": "https:\/\/twitter.com\/",
                "id": 1
            }
        ],
        "type": "message",
        "subtype": "bot_message",
        "ts": "1431723612.000044"
    },
    {
        "bot_id": "B04FD5HLZ",
        "attachments": [
            {
                "fallback": "<https:\/\/twitter.com\/drlombardo|@drlombardo>: \u201cBlockchain Facebook\u201d <https:\/\/twitter.com\/Synereo|@Synereo> Raises $126k in Crowdsale, Reports Double Token Allocation Error <http:\/\/allcoinsnews.com\/2015\/05\/15\/blockchain-facebook-synereo-raises-126023-in-crowdsale-reports-double-token-allocation-error\/> <https:\/\/twitter.com\/Omni_Layer|@Omni_Layer>",
                "author_name": "Dr. Lombardo",
                "author_link": "https:\/\/twitter.com\/drlombardo\/status\/599318364742393856",
                "author_icon": "https:\/\/pbs.twimg.com\/profile_images\/546877351682768899\/4kDJ6ZuB_normal.jpeg",
                "author_subname": "@drlombardo",
                "pretext": "<https:\/\/twitter.com\/drlombardo\/status\/599318364742393856>",
                "text": "\u201cBlockchain Facebook\u201d <https:\/\/twitter.com\/Synereo|@Synereo> Raises $126k in Crowdsale, Reports Double Token Allocation Error <http:\/\/allcoinsnews.com\/2015\/05\/15\/blockchain-facebook-synereo-raises-126023-in-crowdsale-reports-double-token-allocation-error\/> <https:\/\/twitter.com\/Omni_Layer|@Omni_Layer>",
                "service_name": "twitter",
                "service_url": "https:\/\/twitter.com\/",
                "id": 1
            }
        ],
        "type": "message",
        "subtype": "bot_message",
        "ts": "1431723612.000045"
    }
]