[
    {
        "bot_id": "B04FD5HLZ",
        "attachments": [
            {
                "fallback": "<https:\/\/twitter.com\/cyberfundio|@cyberfundio>: #cyberep 2015 H1: DApps Rating Change <http:\/\/cyberep.cyber.fund> <https:\/\/twitter.com\/CounterpartyXCP|@CounterpartyXCP> <https:\/\/twitter.com\/factomproject|@factomproject> <https:\/\/twitter.com\/Synereo|@Synereo> <https:\/\/twitter.com\/getgemsorg|@getgemsorg> <https:\/\/pbs.twimg.com\/media\/CMx30UKW8AArmRJ.png>",
                "author_name": "cyber \u2022 Fund",
                "author_link": "https:\/\/twitter.com\/cyberfundio\/status\/634013388255924224",
                "author_icon": "https:\/\/pbs.twimg.com\/profile_images\/566693986027331585\/gTu0pD17_normal.png",
                "author_subname": "@cyberfundio",
                "pretext": "<https:\/\/twitter.com\/cyberfundio\/status\/634013388255924224>",
                "text": "#cyberep 2015 H1: DApps Rating Change <http:\/\/cyberep.cyber.fund> <https:\/\/twitter.com\/CounterpartyXCP|@CounterpartyXCP> <https:\/\/twitter.com\/factomproject|@factomproject> <https:\/\/twitter.com\/Synereo|@Synereo> <https:\/\/twitter.com\/getgemsorg|@getgemsorg> <https:\/\/pbs.twimg.com\/media\/CMx30UKW8AArmRJ.png>",
                "service_name": "twitter",
                "service_url": "https:\/\/twitter.com\/",
                "image_url": "https:\/\/pbs.twimg.com\/media\/CMx30UKW8AArmRJ.png",
                "image_width": 599,
                "image_height": 337,
                "image_bytes": 72295,
                "id": 1
            }
        ],
        "type": "message",
        "subtype": "bot_message",
        "ts": "1439995546.000047"
    },
    {
        "bot_id": "B04FD5HLZ",
        "attachments": [
            {
                "fallback": "<https:\/\/twitter.com\/Synereo|@Synereo>: The <https:\/\/twitter.com\/Synereo|@Synereo> Community Hangout is TODAY at 19 GMT. Join the team for the latest news and updates. <https:\/\/plus.google.com\/u\/0\/b\/109002904706315055045\/events\/c8kibm683jmmadlvunh83bf34tk> #bitcoin #fintech",
                "author_name": "Synereo",
                "author_link": "https:\/\/twitter.com\/Synereo\/status\/634015605683822593",
                "author_icon": "https:\/\/pbs.twimg.com\/profile_images\/522790259789025280\/FKRuSK66_normal.png",
                "author_subname": "@Synereo",
                "pretext": "<https:\/\/twitter.com\/Synereo\/status\/634015605683822593>",
                "text": "The <https:\/\/twitter.com\/Synereo|@Synereo> Community Hangout is TODAY at 19 GMT. Join the team for the latest news and updates. <https:\/\/plus.google.com\/u\/0\/b\/109002904706315055045\/events\/c8kibm683jmmadlvunh83bf34tk> #bitcoin #fintech",
                "service_name": "twitter",
                "service_url": "https:\/\/twitter.com\/",
                "id": 1
            }
        ],
        "type": "message",
        "subtype": "bot_message",
        "ts": "1439996074.000048"
    },
    {
        "bot_id": "B04FD5HLZ",
        "attachments": [
            {
                "fallback": "<https:\/\/twitter.com\/cyberfundio|@cyberfundio>: #cyberep: DApps \u272a\u272a\u272a\u272a - <https:\/\/twitter.com\/CounterpartyXCP|@CounterpartyXCP>, <https:\/\/twitter.com\/factomproject|@factomproject>, <https:\/\/twitter.com\/getgemsorg|@getgemsorg>, <https:\/\/twitter.com\/Synereo|@Synereo>, <https:\/\/twitter.com\/storjproject|@storjproject> <https:\/\/cyberep.cyber.fund> <https:\/\/pbs.twimg.com\/media\/CMyXuGjWEAAwHyo.png>",
                "author_name": "cyber \u2022 Fund",
                "author_link": "https:\/\/twitter.com\/cyberfundio\/status\/634048465904009216",
                "author_icon": "https:\/\/pbs.twimg.com\/profile_images\/566693986027331585\/gTu0pD17_normal.png",
                "author_subname": "@cyberfundio",
                "pretext": "<https:\/\/twitter.com\/cyberfundio\/status\/634048465904009216>",
                "text": "#cyberep: DApps \u272a\u272a\u272a\u272a - <https:\/\/twitter.com\/CounterpartyXCP|@CounterpartyXCP>, <https:\/\/twitter.com\/factomproject|@factomproject>, <https:\/\/twitter.com\/getgemsorg|@getgemsorg>, <https:\/\/twitter.com\/Synereo|@Synereo>, <https:\/\/twitter.com\/storjproject|@storjproject> <https:\/\/cyberep.cyber.fund> <https:\/\/pbs.twimg.com\/media\/CMyXuGjWEAAwHyo.png>",
                "service_name": "twitter",
                "service_url": "https:\/\/twitter.com\/",
                "image_url": "https:\/\/pbs.twimg.com\/media\/CMyXuGjWEAAwHyo.png",
                "image_width": 599,
                "image_height": 337,
                "image_bytes": 74043,
                "id": 1
            }
        ],
        "type": "message",
        "subtype": "bot_message",
        "ts": "1440003909.000049"
    },
    {
        "bot_id": "B04FD5HLZ",
        "attachments": [
            {
                "fallback": "<https:\/\/twitter.com\/Synereo|@Synereo>: LIVE RIGHT NOW! <https:\/\/twitter.com\/Synereo|@Synereo> Community Hangout. Join the team for the latest news and updates. <https:\/\/plus.google.com\/u\/0\/b\/109002904706315055045\/events\/c8kibm683jmmadlvunh83bf34tk> #bitcoin #fintech #social",
                "author_name": "Synereo",
                "author_link": "https:\/\/twitter.com\/Synereo\/status\/634064797986779136",
                "author_icon": "https:\/\/pbs.twimg.com\/profile_images\/522790259789025280\/FKRuSK66_normal.png",
                "author_subname": "@Synereo",
                "pretext": "<https:\/\/twitter.com\/Synereo\/status\/634064797986779136>",
                "text": "LIVE RIGHT NOW! <https:\/\/twitter.com\/Synereo|@Synereo> Community Hangout. Join the team for the latest news and updates. <https:\/\/plus.google.com\/u\/0\/b\/109002904706315055045\/events\/c8kibm683jmmadlvunh83bf34tk> #bitcoin #fintech #social",
                "service_name": "twitter",
                "service_url": "https:\/\/twitter.com\/",
                "id": 1
            }
        ],
        "type": "message",
        "subtype": "bot_message",
        "ts": "1440007804.000050"
    },
    {
        "type": "message",
        "user": "U048X85UT",
        "text": "no it is not!",
        "ts": "1440007857.000051"
    },
    {
        "type": "message",
        "user": "U0474AYFT",
        "text": "Here's the participants' link <https:\/\/plus.google.com\/hangouts\/_\/hoaevent\/AP36tYekZMScuhQ1Ofr--6H5TnRRH7XTa8uVF6bwMTuP9rqcSheJyw?eid=109002904706315055045&amp;hl=en&amp;authuser=0>",
        "attachments": [
            {
                "id": 1
            }
        ],
        "ts": "1440008677.000052"
    },
    {
        "type": "message",
        "user": "U04BQ4FMC",
        "text": "We (always) need the other link too, so we can watch if we missed it!",
        "ts": "1440012559.000054"
    },
    {
        "type": "message",
        "user": "U048X85UT",
        "text": "the non-participant link given first gets you there.",
        "ts": "1440013073.000055"
    },
    {
        "type": "message",
        "user": "U048X85UT",
        "text": "the youtube link today is <https:\/\/youtu.be\/MZBMocTQyPI?t=1m30s>",
        "attachments": [
            {
                "service_name": "YouTube",
                "service_url": "https:\/\/www.youtube.com\/",
                "title": "Synereo Community Hangout",
                "title_link": "https:\/\/youtu.be\/MZBMocTQyPI?t=1m30s",
                "author_name": "Synereo",
                "author_link": "https:\/\/www.youtube.com\/channel\/UCU5CBbxAeFYnodf32w3ahOQ",
                "fallback": "YouTube Video: Synereo Community Hangout",
                "video_html": "<iframe width=\"400\" height=\"225\" src=\"https:\/\/www.youtube.com\/embed\/MZBMocTQyPI?start=90&feature=oembed&start=90\" frameborder=\"0\" allowfullscreen><\/iframe>",
                "video_html_width": 400,
                "video_html_height": 225,
                "from_url": "https:\/\/youtu.be\/MZBMocTQyPI?t=1m30s",
                "id": 1
            }
        ],
        "ts": "1440013291.000056"
    }
]