[
    {
        "bot_id": "B04FD5HLZ",
        "attachments": [
            {
                "fallback": "<https:\/\/twitter.com\/Synereo|@Synereo>: Our June update with the latest news from the <https:\/\/twitter.com\/Synereo|@Synereo> team is out: <http:\/\/blog.synereo.com\/2015\/06\/23\/synereo-june-update\/> #bitcoin #socialnetwork #fintech #startup",
                "author_name": "Synereo",
                "author_link": "https:\/\/twitter.com\/Synereo\/status\/613270321215332352",
                "author_icon": "https:\/\/pbs.twimg.com\/profile_images\/522790259789025280\/FKRuSK66_normal.png",
                "author_subname": "@Synereo",
                "pretext": "<https:\/\/twitter.com\/Synereo\/status\/613270321215332352>",
                "text": "Our June update with the latest news from the <https:\/\/twitter.com\/Synereo|@Synereo> team is out: <http:\/\/blog.synereo.com\/2015\/06\/23\/synereo-june-update\/> #bitcoin #socialnetwork #fintech #startup",
                "service_name": "twitter",
                "service_url": "https:\/\/twitter.com\/",
                "id": 1
            }
        ],
        "type": "message",
        "subtype": "bot_message",
        "ts": "1435050014.000052"
    },
    {
        "bot_id": "B04FD5HLZ",
        "attachments": [
            {
                "fallback": "<https:\/\/twitter.com\/LittleSweetie4|@LittleSweetie4>: No one will use these #Decentralized programs if you have to mess with coding to get them to run <https:\/\/twitter.com\/Synereo|@Synereo> <https:\/\/twitter.com\/Bit451|@Bit451> <https:\/\/twitter.com\/HelloZeroNet|@HelloZeroNet> <https:\/\/twitter.com\/MediaGoblin|@MediaGoblin>",
                "author_name": "Enemy of the State",
                "author_link": "https:\/\/twitter.com\/LittleSweetie4\/status\/613371550583156737",
                "author_icon": "https:\/\/pbs.twimg.com\/profile_images\/378800000365082840\/d369621f7afc7574c322a2e150fc0180_normal.jpeg",
                "author_subname": "@LittleSweetie4",
                "pretext": "<https:\/\/twitter.com\/LittleSweetie4\/status\/613371550583156737>",
                "text": "No one will use these #Decentralized programs if you have to mess with coding to get them to run <https:\/\/twitter.com\/Synereo|@Synereo> <https:\/\/twitter.com\/Bit451|@Bit451> <https:\/\/twitter.com\/HelloZeroNet|@HelloZeroNet> <https:\/\/twitter.com\/MediaGoblin|@MediaGoblin>",
                "service_name": "twitter",
                "service_url": "https:\/\/twitter.com\/",
                "id": 1
            }
        ],
        "type": "message",
        "subtype": "bot_message",
        "ts": "1435074148.000053"
    },
    {
        "bot_id": "B04FD5HLZ",
        "attachments": [
            {
                "fallback": "<https:\/\/twitter.com\/Elokane|@Elokane>: <https:\/\/twitter.com\/LittleSweetie4|@LittleSweetie4> <https:\/\/twitter.com\/Synereo|@Synereo> <https:\/\/twitter.com\/Bit451|@Bit451> <https:\/\/twitter.com\/HelloZeroNet|@HelloZeroNet> <https:\/\/twitter.com\/MediaGoblin|@MediaGoblin> Why would you have to mess with coding?",
                "author_name": "Dor Konforty",
                "author_link": "https:\/\/twitter.com\/Elokane\/status\/613380932779638784",
                "author_icon": "https:\/\/pbs.twimg.com\/profile_images\/372313688\/Red_Background_Cylon_Bust_Photo_normal.jpg",
                "author_subname": "@Elokane",
                "pretext": "<https:\/\/twitter.com\/Elokane\/status\/613380932779638784>",
                "text": "<https:\/\/twitter.com\/LittleSweetie4|@LittleSweetie4> <https:\/\/twitter.com\/Synereo|@Synereo> <https:\/\/twitter.com\/Bit451|@Bit451> <https:\/\/twitter.com\/HelloZeroNet|@HelloZeroNet> <https:\/\/twitter.com\/MediaGoblin|@MediaGoblin> Why would you have to mess with coding?",
                "service_name": "twitter",
                "service_url": "https:\/\/twitter.com\/",
                "id": 1
            }
        ],
        "type": "message",
        "subtype": "bot_message",
        "ts": "1435076386.000054"
    },
    {
        "bot_id": "B04FD5HLZ",
        "attachments": [
            {
                "fallback": "<https:\/\/twitter.com\/LittleSweetie4|@LittleSweetie4>: <https:\/\/twitter.com\/Elokane|@Elokane> <https:\/\/twitter.com\/Synereo|@Synereo> <https:\/\/twitter.com\/Bit451|@Bit451> <https:\/\/twitter.com\/HelloZeroNet|@HelloZeroNet> <https:\/\/twitter.com\/MediaGoblin|@MediaGoblin> Look at what you have to do to get <https:\/\/twitter.com\/MediaGoblin|@MediaGoblin> running. <https:\/\/mediagoblin.readthedocs.org\/en\/stable\/>",
                "author_name": "Enemy of the State",
                "author_link": "https:\/\/twitter.com\/LittleSweetie4\/status\/613536331956908032",
                "author_icon": "https:\/\/pbs.twimg.com\/profile_images\/378800000365082840\/d369621f7afc7574c322a2e150fc0180_normal.jpeg",
                "author_subname": "@LittleSweetie4",
                "pretext": "<https:\/\/twitter.com\/LittleSweetie4\/status\/613536331956908032>",
                "text": "<https:\/\/twitter.com\/Elokane|@Elokane> <https:\/\/twitter.com\/Synereo|@Synereo> <https:\/\/twitter.com\/Bit451|@Bit451> <https:\/\/twitter.com\/HelloZeroNet|@HelloZeroNet> <https:\/\/twitter.com\/MediaGoblin|@MediaGoblin> Look at what you have to do to get <https:\/\/twitter.com\/MediaGoblin|@MediaGoblin> running. <https:\/\/mediagoblin.readthedocs.org\/en\/stable\/>",
                "service_name": "twitter",
                "service_url": "https:\/\/twitter.com\/",
                "id": 1
            }
        ],
        "type": "message",
        "subtype": "bot_message",
        "ts": "1435113435.000055"
    },
    {
        "bot_id": "B04FD5HLZ",
        "attachments": [
            {
                "fallback": "<https:\/\/twitter.com\/LittleSweetie4|@LittleSweetie4>: <https:\/\/twitter.com\/Elokane|@Elokane> <https:\/\/twitter.com\/Synereo|@Synereo> <https:\/\/twitter.com\/Bit451|@Bit451> <https:\/\/twitter.com\/HelloZeroNet|@HelloZeroNet> <https:\/\/twitter.com\/MediaGoblin|@MediaGoblin> I've tired for months to get it running with no luck.",
                "author_name": "Enemy of the State",
                "author_link": "https:\/\/twitter.com\/LittleSweetie4\/status\/613536566414282753",
                "author_icon": "https:\/\/pbs.twimg.com\/profile_images\/378800000365082840\/d369621f7afc7574c322a2e150fc0180_normal.jpeg",
                "author_subname": "@LittleSweetie4",
                "pretext": "<https:\/\/twitter.com\/LittleSweetie4\/status\/613536566414282753>",
                "text": "<https:\/\/twitter.com\/Elokane|@Elokane> <https:\/\/twitter.com\/Synereo|@Synereo> <https:\/\/twitter.com\/Bit451|@Bit451> <https:\/\/twitter.com\/HelloZeroNet|@HelloZeroNet> <https:\/\/twitter.com\/MediaGoblin|@MediaGoblin> I've tired for months to get it running with no luck.",
                "service_name": "twitter",
                "service_url": "https:\/\/twitter.com\/",
                "id": 1
            }
        ],
        "type": "message",
        "subtype": "bot_message",
        "ts": "1435113491.000056"
    },
    {
        "bot_id": "B04FD5HLZ",
        "attachments": [
            {
                "fallback": "<https:\/\/twitter.com\/LittleSweetie4|@LittleSweetie4>: <https:\/\/twitter.com\/Elokane|@Elokane> <https:\/\/twitter.com\/Synereo|@Synereo> <https:\/\/twitter.com\/Bit451|@Bit451> <https:\/\/twitter.com\/HelloZeroNet|@HelloZeroNet> <https:\/\/twitter.com\/MediaGoblin|@MediaGoblin> With Decentralized programs, you have to copy codes and change this and that.",
                "author_name": "Enemy of the State",
                "author_link": "https:\/\/twitter.com\/LittleSweetie4\/status\/613536905725124608",
                "author_icon": "https:\/\/pbs.twimg.com\/profile_images\/378800000365082840\/d369621f7afc7574c322a2e150fc0180_normal.jpeg",
                "author_subname": "@LittleSweetie4",
                "pretext": "<https:\/\/twitter.com\/LittleSweetie4\/status\/613536905725124608>",
                "text": "<https:\/\/twitter.com\/Elokane|@Elokane> <https:\/\/twitter.com\/Synereo|@Synereo> <https:\/\/twitter.com\/Bit451|@Bit451> <https:\/\/twitter.com\/HelloZeroNet|@HelloZeroNet> <https:\/\/twitter.com\/MediaGoblin|@MediaGoblin> With Decentralized programs, you have to copy codes and change this and that.",
                "service_name": "twitter",
                "service_url": "https:\/\/twitter.com\/",
                "id": 1
            }
        ],
        "type": "message",
        "subtype": "bot_message",
        "ts": "1435113572.000057"
    },
    {
        "bot_id": "B04FD5HLZ",
        "attachments": [
            {
                "fallback": "<https:\/\/twitter.com\/LittleSweetie4|@LittleSweetie4>: <https:\/\/twitter.com\/Elokane|@Elokane> <https:\/\/twitter.com\/Synereo|@Synereo> <https:\/\/twitter.com\/Bit451|@Bit451> <https:\/\/twitter.com\/HelloZeroNet|@HelloZeroNet> <https:\/\/twitter.com\/MediaGoblin|@MediaGoblin> No one like to do all that stuff &amp; that's why people don't use Decentralized networks",
                "author_name": "Enemy of the State",
                "author_link": "https:\/\/twitter.com\/LittleSweetie4\/status\/613537396517433344",
                "author_icon": "https:\/\/pbs.twimg.com\/profile_images\/378800000365082840\/d369621f7afc7574c322a2e150fc0180_normal.jpeg",
                "author_subname": "@LittleSweetie4",
                "pretext": "<https:\/\/twitter.com\/LittleSweetie4\/status\/613537396517433344>",
                "text": "<https:\/\/twitter.com\/Elokane|@Elokane> <https:\/\/twitter.com\/Synereo|@Synereo> <https:\/\/twitter.com\/Bit451|@Bit451> <https:\/\/twitter.com\/HelloZeroNet|@HelloZeroNet> <https:\/\/twitter.com\/MediaGoblin|@MediaGoblin> No one like to do all that stuff &amp; that's why people don't use Decentralized networks",
                "service_name": "twitter",
                "service_url": "https:\/\/twitter.com\/",
                "id": 1
            }
        ],
        "type": "message",
        "subtype": "bot_message",
        "ts": "1435113688.000058"
    },
    {
        "bot_id": "B04FD5HLZ",
        "attachments": [
            {
                "fallback": "<https:\/\/twitter.com\/LittleSweetie4|@LittleSweetie4>: <https:\/\/twitter.com\/Elokane|@Elokane> <https:\/\/twitter.com\/Synereo|@Synereo> <https:\/\/twitter.com\/Bit451|@Bit451> <https:\/\/twitter.com\/HelloZeroNet|@HelloZeroNet> <https:\/\/twitter.com\/MediaGoblin|@MediaGoblin> I've only had luck installing <https:\/\/twitter.com\/TwisterPtoP|@TwisterPtoP> &amp; <https:\/\/twitter.com\/yacy_search|@yacy_search>",
                "author_name": "Enemy of the State",
                "author_link": "https:\/\/twitter.com\/LittleSweetie4\/status\/613538000010657792",
                "author_icon": "https:\/\/pbs.twimg.com\/profile_images\/378800000365082840\/d369621f7afc7574c322a2e150fc0180_normal.jpeg",
                "author_subname": "@LittleSweetie4",
                "pretext": "<https:\/\/twitter.com\/LittleSweetie4\/status\/613538000010657792>",
                "text": "<https:\/\/twitter.com\/Elokane|@Elokane> <https:\/\/twitter.com\/Synereo|@Synereo> <https:\/\/twitter.com\/Bit451|@Bit451> <https:\/\/twitter.com\/HelloZeroNet|@HelloZeroNet> <https:\/\/twitter.com\/MediaGoblin|@MediaGoblin> I've only had luck installing <https:\/\/twitter.com\/TwisterPtoP|@TwisterPtoP> &amp; <https:\/\/twitter.com\/yacy_search|@yacy_search>",
                "service_name": "twitter",
                "service_url": "https:\/\/twitter.com\/",
                "id": 1
            }
        ],
        "type": "message",
        "subtype": "bot_message",
        "ts": "1435113833.000059"
    }
]