[
    {
        "bot_id": "B04FD5HLZ",
        "attachments": [
            {
                "fallback": "<https:\/\/twitter.com\/LivelyGig|@LivelyGig>: LivelyGig and <https:\/\/twitter.com\/Synereo|@Synereo> community hangout starts in 15 minutes, at 19:00 UTC. I'll retweet participants link just prior. #freelance #social",
                "author_name": "LivelyGig",
                "author_link": "https:\/\/twitter.com\/LivelyGig\/status\/669586876597047296",
                "author_icon": "https:\/\/pbs.twimg.com\/profile_images\/648546311331966976\/bL8zUktE_normal.png",
                "author_subname": "@LivelyGig",
                "pretext": "<https:\/\/twitter.com\/LivelyGig\/status\/669586876597047296>",
                "text": "LivelyGig and <https:\/\/twitter.com\/Synereo|@Synereo> community hangout starts in 15 minutes, at 19:00 UTC. I'll retweet participants link just prior. #freelance #social",
                "service_name": "twitter",
                "service_url": "https:\/\/twitter.com\/",
                "id": 1
            }
        ],
        "type": "message",
        "subtype": "bot_message",
        "ts": "1448476926.000026"
    },
    {
        "bot_id": "B04FD5HLZ",
        "attachments": [
            {
                "fallback": "<https:\/\/twitter.com\/LivelyGig|@LivelyGig>: LivelyGig and <https:\/\/twitter.com\/Synereo|@Synereo> hangout just started: <https:\/\/plus.google.com\/hangouts\/_\/hoaevent\/AP36tYce_VgVZ-72Qd-2YATE0yHlCYGZo8GtXzzijpZEbh1dHSP7vA?eid=109002904706315055045&amp;hl=en&amp;authuser=1>",
                "author_name": "LivelyGig",
                "author_link": "https:\/\/twitter.com\/LivelyGig\/status\/669591564214136832",
                "author_icon": "https:\/\/pbs.twimg.com\/profile_images\/648546311331966976\/bL8zUktE_normal.png",
                "author_subname": "@LivelyGig",
                "pretext": "<https:\/\/twitter.com\/LivelyGig\/status\/669591564214136832>",
                "text": "LivelyGig and <https:\/\/twitter.com\/Synereo|@Synereo> hangout just started: <https:\/\/plus.google.com\/hangouts\/_\/hoaevent\/AP36tYce_VgVZ-72Qd-2YATE0yHlCYGZo8GtXzzijpZEbh1dHSP7vA?eid=109002904706315055045&amp;hl=en&amp;authuser=1>",
                "service_name": "twitter",
                "service_url": "https:\/\/twitter.com\/",
                "id": 1
            }
        ],
        "type": "message",
        "subtype": "bot_message",
        "ts": "1448478044.000027"
    }
]