[
    {
        "user": "U04MGR1RP",
        "type": "message",
        "subtype": "channel_join",
        "text": "<@U04MGR1RP|rb> has joined the channel",
        "ts": "1430670284.000351"
    },
    {
        "bot_id": "B04FD5HLZ",
        "attachments": [
            {
                "fallback": "<https:\/\/twitter.com\/jimscarver|@jimscarver>: help create the identity layer of blockchain 2.0 <http:\/\/freetrust.net> <https:\/\/twitter.com\/provensecure|@provensecure> <https:\/\/twitter.com\/Synereo|@Synereo> <https:\/\/twitter.com\/eris_ltd|@eris_ltd> <https:\/\/twitter.com\/NSTICNPO|@NSTICNPO> <https:\/\/twitter.com\/IdentityWoman|@IdentityWoman>",
                "author_name": "jimscarver",
                "author_link": "https:\/\/twitter.com\/jimscarver\/status\/594972310433636354",
                "author_icon": "https:\/\/pbs.twimg.com\/profile_images\/64612480\/P9130088_normal.JPG",
                "author_subname": "@jimscarver",
                "pretext": "<https:\/\/twitter.com\/jimscarver\/status\/594972310433636354>",
                "text": "help create the identity layer of blockchain 2.0 <http:\/\/freetrust.net> <https:\/\/twitter.com\/provensecure|@provensecure> <https:\/\/twitter.com\/Synereo|@Synereo> <https:\/\/twitter.com\/eris_ltd|@eris_ltd> <https:\/\/twitter.com\/NSTICNPO|@NSTICNPO> <https:\/\/twitter.com\/IdentityWoman|@IdentityWoman>",
                "service_name": "twitter",
                "service_url": "https:\/\/twitter.com\/",
                "id": 1
            }
        ],
        "type": "message",
        "subtype": "bot_message",
        "ts": "1430687427.000352"
    }
]