[
    {
        "bot_id": "B04FD5HLZ",
        "attachments": [
            {
                "fallback": "<https:\/\/twitter.com\/FreeTrustOrg|@FreeTrustOrg>: You have no privacy (or security), so get over it or build #freetrust <https:\/\/twitter.com\/provensecure|@provensecure> on <https:\/\/twitter.com\/Synereo|@Synereo>  <http:\/\/goo.gl\/ogVpjO>",
                "author_name": "FreeTrust",
                "author_link": "https:\/\/twitter.com\/FreeTrustOrg\/status\/623844770931187713",
                "author_icon": "https:\/\/pbs.twimg.com\/profile_images\/606532062502391808\/mEJmLI_G_normal.png",
                "author_subname": "@FreeTrustOrg",
                "pretext": "<https:\/\/twitter.com\/FreeTrustOrg\/status\/623844770931187713>",
                "text": "You have no privacy (or security), so get over it or build #freetrust <https:\/\/twitter.com\/provensecure|@provensecure> on <https:\/\/twitter.com\/Synereo|@Synereo>  <http:\/\/goo.gl\/ogVpjO>",
                "service_name": "twitter",
                "service_url": "https:\/\/twitter.com\/",
                "id": 1
            }
        ],
        "type": "message",
        "subtype": "bot_message",
        "ts": "1437571158.000003"
    },
    {
        "bot_id": "B04FD5HLZ",
        "attachments": [
            {
                "fallback": "<https:\/\/twitter.com\/jimscarver|@jimscarver>: <https:\/\/twitter.com\/colortwits|@colortwits> nice article on <https:\/\/twitter.com\/CounterpartyXCP|@CounterpartyXCP>! #freetrade will also need <https:\/\/twitter.com\/FreeTrustOrg|@FreeTrustOrg> on <https:\/\/twitter.com\/Synereo|@Synereo> <https:\/\/twitter.com\/provensecure|@provensecure> <http:\/\/bravenewcoin.com\/news\/openbazaar-and-ob1-to-launch-by-thanksgiving-2015\/>",
                "author_name": "jimscarver",
                "author_link": "https:\/\/twitter.com\/jimscarver\/status\/623851246320021504",
                "author_icon": "https:\/\/pbs.twimg.com\/profile_images\/595050198033895425\/NgPmOdj6_normal.png",
                "author_subname": "@jimscarver",
                "pretext": "<https:\/\/twitter.com\/jimscarver\/status\/623851246320021504>",
                "text": "<https:\/\/twitter.com\/colortwits|@colortwits> nice article on <https:\/\/twitter.com\/CounterpartyXCP|@CounterpartyXCP>! #freetrade will also need <https:\/\/twitter.com\/FreeTrustOrg|@FreeTrustOrg> on <https:\/\/twitter.com\/Synereo|@Synereo> <https:\/\/twitter.com\/provensecure|@provensecure> <http:\/\/bravenewcoin.com\/news\/openbazaar-and-ob1-to-launch-by-thanksgiving-2015\/>",
                "service_name": "twitter",
                "service_url": "https:\/\/twitter.com\/",
                "id": 1
            }
        ],
        "type": "message",
        "subtype": "bot_message",
        "ts": "1437572703.000004"
    },
    {
        "bot_id": "B04FD5HLZ",
        "attachments": [
            {
                "fallback": "<https:\/\/twitter.com\/Synereo|@Synereo>: The <https:\/\/twitter.com\/Synereo|@Synereo> Community Hangout is TODAY at 19:00 UTC. Tune in for the latest news and updates. <https:\/\/plus.google.com\/u\/0\/b\/109002904706315055045\/events\/ckjh82sbfp4n1sbdk4pp6vu5se0> #bitcoin #fintech",
                "author_name": "Synereo",
                "author_link": "https:\/\/twitter.com\/Synereo\/status\/623855171295166465",
                "author_icon": "https:\/\/pbs.twimg.com\/profile_images\/522790259789025280\/FKRuSK66_normal.png",
                "author_subname": "@Synereo",
                "pretext": "<https:\/\/twitter.com\/Synereo\/status\/623855171295166465>",
                "text": "The <https:\/\/twitter.com\/Synereo|@Synereo> Community Hangout is TODAY at 19:00 UTC. Tune in for the latest news and updates. <https:\/\/plus.google.com\/u\/0\/b\/109002904706315055045\/events\/ckjh82sbfp4n1sbdk4pp6vu5se0> #bitcoin #fintech",
                "service_name": "twitter",
                "service_url": "https:\/\/twitter.com\/",
                "id": 1
            }
        ],
        "type": "message",
        "subtype": "bot_message",
        "ts": "1437573638.000005"
    },
    {
        "bot_id": "B04FD5HLZ",
        "attachments": [
            {
                "fallback": "<https:\/\/twitter.com\/jimscarver|@jimscarver>: #brockchain is free. But #trust is valued by <https:\/\/twitter.com\/FreeTrustOrg|@FreeTrustOrg> on <https:\/\/twitter.com\/Synereo|@Synereo> <https:\/\/twitter.com\/provensecure|@provensecure> <https:\/\/twitter.com\/nathanwosnack|@nathanwosnack> <https:\/\/twitter.com\/eris_ltd|@eris_ltd> <https:\/\/twitter.com\/aantonop|@aantonop> <https:\/\/twitter.com\/BLR13|@BLR13> <https:\/\/twitter.com\/ChrisPacia|@ChrisPacia>",
                "author_name": "jimscarver",
                "author_link": "https:\/\/twitter.com\/jimscarver\/status\/623857568692207617",
                "author_icon": "https:\/\/pbs.twimg.com\/profile_images\/595050198033895425\/NgPmOdj6_normal.png",
                "author_subname": "@jimscarver",
                "pretext": "<https:\/\/twitter.com\/jimscarver\/status\/623857568692207617>",
                "text": "#brockchain is free. But #trust is valued by <https:\/\/twitter.com\/FreeTrustOrg|@FreeTrustOrg> on <https:\/\/twitter.com\/Synereo|@Synereo> <https:\/\/twitter.com\/provensecure|@provensecure> <https:\/\/twitter.com\/nathanwosnack|@nathanwosnack> <https:\/\/twitter.com\/eris_ltd|@eris_ltd> <https:\/\/twitter.com\/aantonop|@aantonop> <https:\/\/twitter.com\/BLR13|@BLR13> <https:\/\/twitter.com\/ChrisPacia|@ChrisPacia>",
                "service_name": "twitter",
                "service_url": "https:\/\/twitter.com\/",
                "id": 1
            }
        ],
        "type": "message",
        "subtype": "bot_message",
        "ts": "1437574210.000006"
    },
    {
        "bot_id": "B04FD5HLZ",
        "attachments": [
            {
                "fallback": "<https:\/\/twitter.com\/FreeTrustOrg|@FreeTrustOrg>: <https:\/\/twitter.com\/MikeC211|@MikeC211> #trust will be the the greatest #accelerator of #innovation with #freetrust on <https:\/\/twitter.com\/Synereo|@Synereo> <https:\/\/twitter.com\/provensecure|@provensecure>",
                "author_name": "FreeTrust",
                "author_link": "https:\/\/twitter.com\/FreeTrustOrg\/status\/623902929158828032",
                "author_icon": "https:\/\/pbs.twimg.com\/profile_images\/606532062502391808\/mEJmLI_G_normal.png",
                "author_subname": "@FreeTrustOrg",
                "pretext": "<https:\/\/twitter.com\/FreeTrustOrg\/status\/623902929158828032>",
                "text": "<https:\/\/twitter.com\/MikeC211|@MikeC211> #trust will be the the greatest #accelerator of #innovation with #freetrust on <https:\/\/twitter.com\/Synereo|@Synereo> <https:\/\/twitter.com\/provensecure|@provensecure>",
                "service_name": "twitter",
                "service_url": "https:\/\/twitter.com\/",
                "id": 1
            }
        ],
        "type": "message",
        "subtype": "bot_message",
        "ts": "1437585024.000007"
    },
    {
        "bot_id": "B04FD5HLZ",
        "attachments": [
            {
                "fallback": "<https:\/\/twitter.com\/Synereo|@Synereo>: LIVE RIGHT NOW the <https:\/\/twitter.com\/Synereo|@Synereo> Community Hangout. Tune in for the latest updates from the team. <https:\/\/plus.google.com\/u\/0\/b\/109002904706315055045\/events\/ckjh82sbfp4n1sbdk4pp6vu5se0> #bitcoin #fintech",
                "author_name": "Synereo",
                "author_link": "https:\/\/twitter.com\/Synereo\/status\/623919238655295488",
                "author_icon": "https:\/\/pbs.twimg.com\/profile_images\/522790259789025280\/FKRuSK66_normal.png",
                "author_subname": "@Synereo",
                "pretext": "<https:\/\/twitter.com\/Synereo\/status\/623919238655295488>",
                "text": "LIVE RIGHT NOW the <https:\/\/twitter.com\/Synereo|@Synereo> Community Hangout. Tune in for the latest updates from the team. <https:\/\/plus.google.com\/u\/0\/b\/109002904706315055045\/events\/ckjh82sbfp4n1sbdk4pp6vu5se0> #bitcoin #fintech",
                "service_name": "twitter",
                "service_url": "https:\/\/twitter.com\/",
                "id": 1
            }
        ],
        "type": "message",
        "subtype": "bot_message",
        "ts": "1437588913.000008"
    }
]