[
    {
        "bot_id": "B04FD5HLZ",
        "attachments": [
            {
                "fallback": "<https:\/\/twitter.com\/jimscarver|@jimscarver>: Trustworthy #identity with #privacy <http:\/\/FreeTrust.org\/> building on <https:\/\/twitter.com\/Synereo|@Synereo> survive #cyberwar.  Be a #FreeTrust pilot. <https:\/\/twitter.com\/provensecure|@provensecure>",
                "author_name": "jimscarver",
                "author_link": "https:\/\/twitter.com\/jimscarver\/status\/592359298740539392",
                "author_icon": "https:\/\/pbs.twimg.com\/profile_images\/64612480\/P9130088_normal.JPG",
                "author_subname": "@jimscarver",
                "pretext": "<https:\/\/twitter.com\/jimscarver\/status\/592359298740539392>",
                "text": "Trustworthy #identity with #privacy <http:\/\/FreeTrust.org\/> building on <https:\/\/twitter.com\/Synereo|@Synereo> survive #cyberwar.  Be a #FreeTrust pilot. <https:\/\/twitter.com\/provensecure|@provensecure>",
                "service_name": "twitter",
                "service_url": "https:\/\/twitter.com\/",
                "id": 1
            }
        ],
        "type": "message",
        "subtype": "bot_message",
        "ts": "1430064437.000336"
    }
]