[
    {
        "user": "U048T3M8W",
        "type": "message",
        "subtype": "channel_join",
        "text": "<@U048T3M8W|lapin7> has joined the channel",
        "ts": "1432142882.000054"
    },
    {
        "bot_id": "B04FD5HLZ",
        "attachments": [
            {
                "fallback": "<https:\/\/twitter.com\/Synereo|@Synereo>: LIVE RIGHT NOW <https:\/\/twitter.com\/Synereo|@Synereo> Community Hangout, about possible features for the upcoming MVP release. <https:\/\/plus.google.com\/hangouts\/_\/hoaevent\/AP36tYexHjUzMDqAmAnMlDxuLY3-y1A1uI4S5e2IxTrS7xezq8ymgw?authuser=0&amp;eid=109002904706315055045&amp;hl=en> #bitcoin #fintech",
                "author_name": "Synereo",
                "author_link": "https:\/\/twitter.com\/Synereo\/status\/601120735441068035",
                "author_icon": "https:\/\/pbs.twimg.com\/profile_images\/522790259789025280\/FKRuSK66_normal.png",
                "author_subname": "@Synereo",
                "pretext": "<https:\/\/twitter.com\/Synereo\/status\/601120735441068035>",
                "text": "LIVE RIGHT NOW <https:\/\/twitter.com\/Synereo|@Synereo> Community Hangout, about possible features for the upcoming MVP release. <https:\/\/plus.google.com\/hangouts\/_\/hoaevent\/AP36tYexHjUzMDqAmAnMlDxuLY3-y1A1uI4S5e2IxTrS7xezq8ymgw?authuser=0&amp;eid=109002904706315055045&amp;hl=en> #bitcoin #fintech",
                "service_name": "twitter",
                "service_url": "https:\/\/twitter.com\/",
                "id": 1
            }
        ],
        "type": "message",
        "subtype": "bot_message",
        "ts": "1432153326.000055"
    },
    {
        "bot_id": "B04FD5HLZ",
        "attachments": [
            {
                "fallback": "<https:\/\/twitter.com\/jimscarver|@jimscarver>: The guts of the #TAO of <https:\/\/twitter.com\/Synereo|@Synereo> and #freetrust was exposed in today's hangout :-) <https:\/\/pbs.twimg.com\/media\/CFep3ArVEAAXPMl.png>",
                "author_name": "jimscarver",
                "author_link": "https:\/\/twitter.com\/jimscarver\/status\/601135838387404800",
                "author_icon": "https:\/\/pbs.twimg.com\/profile_images\/595050198033895425\/NgPmOdj6_normal.png",
                "author_subname": "@jimscarver",
                "pretext": "<https:\/\/twitter.com\/jimscarver\/status\/601135838387404800>",
                "text": "The guts of the #TAO of <https:\/\/twitter.com\/Synereo|@Synereo> and #freetrust was exposed in today's hangout :-) <https:\/\/pbs.twimg.com\/media\/CFep3ArVEAAXPMl.png>",
                "service_name": "twitter",
                "service_url": "https:\/\/twitter.com\/",
                "image_url": "https:\/\/pbs.twimg.com\/media\/CFep3ArVEAAXPMl.png",
                "image_width": 500,
                "image_height": 493,
                "image_bytes": 185006,
                "id": 1
            }
        ],
        "type": "message",
        "subtype": "bot_message",
        "ts": "1432156928.000056"
    },
    {
        "type": "message",
        "user": "U048X85UT",
        "text": "<@U0474AYFT> inked the <#C04BLQ4CX> privacy coin.",
        "edited": {
            "user": "U048X85UT",
            "ts": "1432158077.000000"
        },
        "ts": "1432157942.000057"
    },
    {
        "user": "U0474AYFT",
        "inviter": "U048X85UT",
        "type": "message",
        "subtype": "channel_join",
        "text": "<@U0474AYFT|leithaus> has joined the channel",
        "ts": "1432157985.000058"
    }
]