[
    {
        "bot_id": "B04FD5HLZ",
        "attachments": [
            {
                "fallback": "<https:\/\/twitter.com\/jimscarver|@jimscarver>: with <https:\/\/twitter.com\/Synereo|@Synereo> we become our own product <https:\/\/twitter.com\/provensecure|@provensecure> #privacy <https:\/\/twitter.com\/dabeard\/status\/599948087398965248>",
                "author_name": "jimscarver",
                "author_link": "https:\/\/twitter.com\/jimscarver\/status\/599952227495780353",
                "author_icon": "https:\/\/pbs.twimg.com\/profile_images\/595050198033895425\/NgPmOdj6_normal.png",
                "author_subname": "@jimscarver",
                "pretext": "<https:\/\/twitter.com\/jimscarver\/status\/599952227495780353>",
                "text": "with <https:\/\/twitter.com\/Synereo|@Synereo> we become our own product <https:\/\/twitter.com\/provensecure|@provensecure> #privacy <https:\/\/twitter.com\/dabeard\/status\/599948087398965248>",
                "service_name": "twitter",
                "service_url": "https:\/\/twitter.com\/",
                "id": 1
            }
        ],
        "type": "message",
        "subtype": "bot_message",
        "ts": "1431874732.000047"
    },
    {
        "bot_id": "B04FD5HLZ",
        "attachments": [
            {
                "fallback": "<https:\/\/twitter.com\/jimscarver|@jimscarver>: Yes! #freetrust plans to integrate #identifi with <https:\/\/twitter.com\/Synereo|@Synereo> and <https:\/\/twitter.com\/eris_ltd|@eris_ltd> <https:\/\/twitter.com\/provensecure|@provensecure> <http:\/\/FreeTrust.org> <https:\/\/twitter.com\/timpastoor\/status\/599731492521123840>",
                "author_name": "jimscarver",
                "author_link": "https:\/\/twitter.com\/jimscarver\/status\/600062014870925312",
                "author_icon": "https:\/\/pbs.twimg.com\/profile_images\/595050198033895425\/NgPmOdj6_normal.png",
                "author_subname": "@jimscarver",
                "pretext": "<https:\/\/twitter.com\/jimscarver\/status\/600062014870925312>",
                "text": "Yes! #freetrust plans to integrate #identifi with <https:\/\/twitter.com\/Synereo|@Synereo> and <https:\/\/twitter.com\/eris_ltd|@eris_ltd> <https:\/\/twitter.com\/provensecure|@provensecure> <http:\/\/FreeTrust.org> <https:\/\/twitter.com\/timpastoor\/status\/599731492521123840>",
                "service_name": "twitter",
                "service_url": "https:\/\/twitter.com\/",
                "id": 1
            }
        ],
        "type": "message",
        "subtype": "bot_message",
        "ts": "1431900908.000048"
    },
    {
        "bot_id": "B04FD5HLZ",
        "attachments": [
            {
                "fallback": "<https:\/\/twitter.com\/jimscarver|@jimscarver>: Facebook Tramples on Privacy Laws, Watchdog Says <https:\/\/twitter.com\/Synereo|@Synereo> is the answer. <http:\/\/www.topix.com\/news\/privacy\/2015\/05\/150517LF9DQ2> via <https:\/\/twitter.com\/Topix|@Topix>",
                "author_name": "jimscarver",
                "author_link": "https:\/\/twitter.com\/jimscarver\/status\/600075289528524800",
                "author_icon": "https:\/\/pbs.twimg.com\/profile_images\/595050198033895425\/NgPmOdj6_normal.png",
                "author_subname": "@jimscarver",
                "pretext": "<https:\/\/twitter.com\/jimscarver\/status\/600075289528524800>",
                "text": "Facebook Tramples on Privacy Laws, Watchdog Says <https:\/\/twitter.com\/Synereo|@Synereo> is the answer. <http:\/\/www.topix.com\/news\/privacy\/2015\/05\/150517LF9DQ2> via <https:\/\/twitter.com\/Topix|@Topix>",
                "service_name": "twitter",
                "service_url": "https:\/\/twitter.com\/",
                "id": 1
            }
        ],
        "type": "message",
        "subtype": "bot_message",
        "ts": "1431904072.000049"
    }
]