[
    {
        "bot_id": "B04FD5HLZ",
        "attachments": [
            {
                "fallback": "<https:\/\/twitter.com\/Synereo|@Synereo>: Join us TODAY for <https:\/\/twitter.com\/Synereo|@Synereo> Community Hangout we will be discussing our MVP with <https:\/\/twitter.com\/leithaus|@leithaus>, our CSO <https:\/\/plus.google.com\/u\/0\/b\/109002904706315055045\/events\/ca7aqe3nndd814fd2nepg74f98s> #bitcoin #fintech",
                "author_name": "Synereo",
                "author_link": "https:\/\/twitter.com\/Synereo\/status\/608608088430665729",
                "author_icon": "https:\/\/pbs.twimg.com\/profile_images\/522790259789025280\/FKRuSK66_normal.png",
                "author_subname": "@Synereo",
                "pretext": "<https:\/\/twitter.com\/Synereo\/status\/608608088430665729>",
                "text": "Join us TODAY for <https:\/\/twitter.com\/Synereo|@Synereo> Community Hangout we will be discussing our MVP with <https:\/\/twitter.com\/leithaus|@leithaus>, our CSO <https:\/\/plus.google.com\/u\/0\/b\/109002904706315055045\/events\/ca7aqe3nndd814fd2nepg74f98s> #bitcoin #fintech",
                "service_name": "twitter",
                "service_url": "https:\/\/twitter.com\/",
                "id": 1
            }
        ],
        "type": "message",
        "subtype": "bot_message",
        "ts": "1433938450.000032"
    },
    {
        "bot_id": "B04FD5HLZ",
        "attachments": [
            {
                "fallback": "<https:\/\/twitter.com\/Synereo|@Synereo>: The <https:\/\/twitter.com\/Synereo|@Synereo> Community Hangout starts now. Join us to discuss the MVP with our CSO <https:\/\/twitter.com\/leithaus|@leithaus>. <https:\/\/plus.google.com\/u\/0\/b\/109002904706315055045\/events\/ca7aqe3nndd814fd2nepg74f98s> #bitcoin #social",
                "author_name": "Synereo",
                "author_link": "https:\/\/twitter.com\/Synereo\/status\/608726356608843776",
                "author_icon": "https:\/\/pbs.twimg.com\/profile_images\/522790259789025280\/FKRuSK66_normal.png",
                "author_subname": "@Synereo",
                "pretext": "<https:\/\/twitter.com\/Synereo\/status\/608726356608843776>",
                "text": "The <https:\/\/twitter.com\/Synereo|@Synereo> Community Hangout starts now. Join us to discuss the MVP with our CSO <https:\/\/twitter.com\/leithaus|@leithaus>. <https:\/\/plus.google.com\/u\/0\/b\/109002904706315055045\/events\/ca7aqe3nndd814fd2nepg74f98s> #bitcoin #social",
                "service_name": "twitter",
                "service_url": "https:\/\/twitter.com\/",
                "id": 1
            }
        ],
        "type": "message",
        "subtype": "bot_message",
        "ts": "1433966648.000033"
    }
]