[
    {
        "bot_id": "B04FD5HLZ",
        "attachments": [
            {
                "fallback": "<https:\/\/twitter.com\/FreeTrustOrg|@FreeTrustOrg>: <https:\/\/twitter.com\/BittrexExchange|@BittrexExchange> support trading of <https:\/\/twitter.com\/Synereo|@Synereo> AMPs which monetize attention in decentralized social networking with formal social contracts",
                "author_name": "FreeTrust",
                "author_link": "https:\/\/twitter.com\/FreeTrustOrg\/status\/661161596262182914",
                "author_icon": "https:\/\/pbs.twimg.com\/profile_images\/606532062502391808\/mEJmLI_G_normal.png",
                "author_subname": "@FreeTrustOrg",
                "pretext": "<https:\/\/twitter.com\/FreeTrustOrg\/status\/661161596262182914>",
                "text": "<https:\/\/twitter.com\/BittrexExchange|@BittrexExchange> support trading of <https:\/\/twitter.com\/Synereo|@Synereo> AMPs which monetize attention in decentralized social networking with formal social contracts",
                "service_name": "twitter",
                "service_url": "https:\/\/twitter.com\/",
                "id": 1
            }
        ],
        "type": "message",
        "subtype": "bot_message",
        "ts": "1446468183.000030"
    },
    {
        "type": "message",
        "user": "U048X85UT",
        "text": "The above favorited by <https:\/\/twitter.com\/KUBE_is>",
        "attachments": [
            {
                "text": "The latest Tweets from KUBE (@KUBE_is). #Privacy can't be trust based. KUBE is a peer to peer social network. We have no access to YOUR data. Store, stream, share and connect easily &amp; on your terms",
                "fallback": "The latest Tweets from KUBE (@KUBE_is). #Privacy can't be trust based. KUBE is a peer to peer social network. We have no access to YOUR data. Store, stream, share and connect easily &amp; on your terms",
                "from_url": "https:\/\/twitter.com\/KUBE_is",
                "id": 1
            }
        ],
        "ts": "1446471206.000031"
    }
]