[
    {
        "bot_id": "B04FD5HLZ",
        "attachments": [
            {
                "fallback": "<https:\/\/twitter.com\/Synereo|@Synereo>: A reminder that MasterXchange is closing, you can store your <https:\/\/twitter.com\/Synereo|@Synereo> AMP Tokens <https:\/\/twitter.com\/omniwallet|@omniwallet> and <https:\/\/twitter.com\/holytransaction|@holytransaction> #social #bitcoin #startup",
                "author_name": "Synereo",
                "author_link": "https:\/\/twitter.com\/Synereo\/status\/662645659200196608",
                "author_icon": "https:\/\/pbs.twimg.com\/profile_images\/522790259789025280\/FKRuSK66_normal.png",
                "author_subname": "@Synereo",
                "pretext": "<https:\/\/twitter.com\/Synereo\/status\/662645659200196608>",
                "text": "A reminder that MasterXchange is closing, you can store your <https:\/\/twitter.com\/Synereo|@Synereo> AMP Tokens <https:\/\/twitter.com\/omniwallet|@omniwallet> and <https:\/\/twitter.com\/holytransaction|@holytransaction> #social #bitcoin #startup",
                "service_name": "twitter",
                "service_url": "https:\/\/twitter.com\/",
                "id": 1
            }
        ],
        "type": "message",
        "subtype": "bot_message",
        "ts": "1446822011.000002"
    },
    {
        "bot_id": "B04FD5HLZ",
        "attachments": [
            {
                "fallback": "<https:\/\/twitter.com\/BitcoinRTs|@BitcoinRTs>: #Synereo $AMP | \u03a4\u03bf \u03bd\u03cc\u03bc\u03b9\u03c3\u03bc\u03b1 \u03c0\u03bf\u03c5 \u03b5\u03c0\u03b9\u03b2\u03c1\u03b1\u03b2\u03ad\u03b2\u03b5\u03b9 \u03c4\u03b7\u03bd \u03c0\u03c1\u03bf\u03c3\u03bf\u03c7\u03ae \u03c3\u03b1\u03c2 \u03c3\u03c4\u03bf S <http:\/\/bitcoingarden.tk\/forum\/index.php?topic=5380.0> tnx <https:\/\/twitter.com\/Synereo|@Synereo> <https:\/\/pbs.twimg.com\/media\/CTJBCInWcAAwFRU.png>",
                "author_name": "Bitcoin Retweets",
                "author_link": "https:\/\/twitter.com\/BitcoinRTs\/status\/662663601900113920",
                "author_icon": "https:\/\/pbs.twimg.com\/profile_images\/511548596542386176\/hQGGBLFg_normal.png",
                "author_subname": "@BitcoinRTs",
                "pretext": "<https:\/\/twitter.com\/BitcoinRTs\/status\/662663601900113920>",
                "text": "#Synereo $AMP | \u03a4\u03bf \u03bd\u03cc\u03bc\u03b9\u03c3\u03bc\u03b1 \u03c0\u03bf\u03c5 \u03b5\u03c0\u03b9\u03b2\u03c1\u03b1\u03b2\u03ad\u03b2\u03b5\u03b9 \u03c4\u03b7\u03bd \u03c0\u03c1\u03bf\u03c3\u03bf\u03c7\u03ae \u03c3\u03b1\u03c2 \u03c3\u03c4\u03bf S <http:\/\/bitcoingarden.tk\/forum\/index.php?topic=5380.0> tnx <https:\/\/twitter.com\/Synereo|@Synereo> <https:\/\/pbs.twimg.com\/media\/CTJBCInWcAAwFRU.png>",
                "service_name": "twitter",
                "service_url": "https:\/\/twitter.com\/",
                "image_url": "https:\/\/pbs.twimg.com\/media\/CTJBCInWcAAwFRU.png",
                "image_width": 600,
                "image_height": 348,
                "image_bytes": 318544,
                "id": 1
            }
        ],
        "type": "message",
        "subtype": "bot_message",
        "ts": "1446826289.000003"
    },
    {
        "bot_id": "B04FD5HLZ",
        "attachments": [
            {
                "fallback": "<https:\/\/twitter.com\/CRYPT0N1TE|@CRYPT0N1TE>: <https:\/\/twitter.com\/BitcoinRTs|@BitcoinRTs> <https:\/\/twitter.com\/Synereo|@Synereo>  Save 15%-50% off any Amazon items by paying with #btc  use #Amazon &amp; #bitcoin at <https:\/\/app.purse.io\/?_r=crypto>",
                "author_name": "CRYPT0N1TE Bitcoin",
                "author_link": "https:\/\/twitter.com\/CRYPT0N1TE\/status\/662696851775164416",
                "author_icon": "https:\/\/pbs.twimg.com\/profile_images\/647859962119479296\/w2V3dpFQ_normal.jpg",
                "author_subname": "@CRYPT0N1TE",
                "pretext": "<https:\/\/twitter.com\/CRYPT0N1TE\/status\/662696851775164416>",
                "text": "<https:\/\/twitter.com\/BitcoinRTs|@BitcoinRTs> <https:\/\/twitter.com\/Synereo|@Synereo>  Save 15%-50% off any Amazon items by paying with #btc  use #Amazon &amp; #bitcoin at <https:\/\/app.purse.io\/?_r=crypto>",
                "service_name": "twitter",
                "service_url": "https:\/\/twitter.com\/",
                "id": 1
            }
        ],
        "type": "message",
        "subtype": "bot_message",
        "ts": "1446834216.000004"
    }
]