[
    {
        "bot_id": "B04FD5HLZ",
        "attachments": [
            {
                "fallback": "<https:\/\/twitter.com\/leithaus|@leithaus>: <https:\/\/twitter.com\/kor3shan|@kor3shan> <https:\/\/twitter.com\/Synereo|@Synereo> <https:\/\/twitter.com\/CoinMKTCap|@CoinMKTCap> Thanks!",
                "author_name": "leithaus",
                "author_link": "https:\/\/twitter.com\/leithaus\/status\/677519110251540480",
                "author_icon": "https:\/\/pbs.twimg.com\/profile_images\/1184189540\/thefool1_normal.jpg",
                "author_subname": "@leithaus",
                "pretext": "<https:\/\/twitter.com\/leithaus\/status\/677519110251540480>",
                "text": "<https:\/\/twitter.com\/kor3shan|@kor3shan> <https:\/\/twitter.com\/Synereo|@Synereo> <https:\/\/twitter.com\/CoinMKTCap|@CoinMKTCap> Thanks!",
                "service_name": "twitter",
                "service_url": "https:\/\/twitter.com\/",
                "id": 1
            }
        ],
        "type": "message",
        "subtype": "bot_message",
        "ts": "1450368118.000083"
    },
    {
        "bot_id": "B04FD5HLZ",
        "attachments": [
            {
                "fallback": "<https:\/\/twitter.com\/lapin7|@lapin7>: Tel Aviv expedition update <https:\/\/youtu.be\/A9TbFsTrycA> via <https:\/\/twitter.com\/YouTube|@YouTube>\n<https:\/\/twitter.com\/Lazooz|@Lazooz> <https:\/\/twitter.com\/backfeed|@backfeed> <https:\/\/twitter.com\/Synereo|@Synereo> <https:\/\/twitter.com\/BTCBoulevard|@BTCBoulevard> <https:\/\/twitter.com\/paulbuitink|@paulbuitink>",
                "author_name": "HJ",
                "author_link": "https:\/\/twitter.com\/lapin7\/status\/677752995392659456",
                "author_icon": "https:\/\/pbs.twimg.com\/profile_images\/67314238\/elf_normal.jpg",
                "author_subname": "@lapin7",
                "pretext": "<https:\/\/twitter.com\/lapin7\/status\/677752995392659456>",
                "text": "Tel Aviv expedition update <https:\/\/youtu.be\/A9TbFsTrycA> via <https:\/\/twitter.com\/YouTube|@YouTube>\n<https:\/\/twitter.com\/Lazooz|@Lazooz> <https:\/\/twitter.com\/backfeed|@backfeed> <https:\/\/twitter.com\/Synereo|@Synereo> <https:\/\/twitter.com\/BTCBoulevard|@BTCBoulevard> <https:\/\/twitter.com\/paulbuitink|@paulbuitink>",
                "service_name": "twitter",
                "service_url": "https:\/\/twitter.com\/",
                "id": 1
            }
        ],
        "type": "message",
        "subtype": "bot_message",
        "ts": "1450423880.000084"
    }
]