[
    {
        "bot_id": "B04FD5HLZ",
        "attachments": [
            {
                "fallback": "<https:\/\/twitter.com\/ProEleutheria|@ProEleutheria>: <https:\/\/twitter.com\/Synereo|@Synereo> I've heared about Synereo and I like the idea a lot!",
                "author_name": "Salvo Summa",
                "author_link": "https:\/\/twitter.com\/ProEleutheria\/status\/629548014001070080",
                "author_icon": "https:\/\/pbs.twimg.com\/profile_images\/622801001452556288\/vnwDJKY__normal.jpg",
                "author_subname": "@ProEleutheria",
                "pretext": "<https:\/\/twitter.com\/ProEleutheria\/status\/629548014001070080>",
                "text": "<https:\/\/twitter.com\/Synereo|@Synereo> I've heared about Synereo and I like the idea a lot!",
                "service_name": "twitter",
                "service_url": "https:\/\/twitter.com\/",
                "id": 1
            }
        ],
        "type": "message",
        "subtype": "bot_message",
        "ts": "1438930917.000028"
    },
    {
        "user": "U04BB1PCG",
        "type": "message",
        "subtype": "channel_join",
        "text": "<@U04BB1PCG|cryptkeeper> has joined the channel",
        "ts": "1438959889.000029"
    },
    {
        "bot_id": "B04FD5HLZ",
        "attachments": [
            {
                "fallback": "<https:\/\/twitter.com\/Synereo|@Synereo>: <https:\/\/twitter.com\/ProEleutheria|@ProEleutheria> we thank you for the support.",
                "author_name": "Synereo",
                "author_link": "https:\/\/twitter.com\/Synereo\/status\/629725422100606976",
                "author_icon": "https:\/\/pbs.twimg.com\/profile_images\/522790259789025280\/FKRuSK66_normal.png",
                "author_subname": "@Synereo",
                "pretext": "<https:\/\/twitter.com\/Synereo\/status\/629725422100606976>",
                "text": "<https:\/\/twitter.com\/ProEleutheria|@ProEleutheria> we thank you for the support.",
                "service_name": "twitter",
                "service_url": "https:\/\/twitter.com\/",
                "id": 1
            }
        ],
        "type": "message",
        "subtype": "bot_message",
        "ts": "1438973215.000030"
    },
    {
        "bot_id": "B04FD5HLZ",
        "attachments": [
            {
                "fallback": "<https:\/\/twitter.com\/ProEleutheria|@ProEleutheria>: <https:\/\/twitter.com\/Synereo|@Synereo> I'm pretty optimistic about your project and my support will be to spread the word. In medium-term it's a reason to shut down FB.",
                "author_name": "Salvo Summa",
                "author_link": "https:\/\/twitter.com\/ProEleutheria\/status\/629739287802736640",
                "author_icon": "https:\/\/pbs.twimg.com\/profile_images\/622801001452556288\/vnwDJKY__normal.jpg",
                "author_subname": "@ProEleutheria",
                "pretext": "<https:\/\/twitter.com\/ProEleutheria\/status\/629739287802736640>",
                "text": "<https:\/\/twitter.com\/Synereo|@Synereo> I'm pretty optimistic about your project and my support will be to spread the word. In medium-term it's a reason to shut down FB.",
                "service_name": "twitter",
                "service_url": "https:\/\/twitter.com\/",
                "id": 1
            }
        ],
        "type": "message",
        "subtype": "bot_message",
        "ts": "1438976521.000031"
    }
]