[
    {
        "bot_id": "B04FD5HLZ",
        "attachments": [
            {
                "fallback": "<https:\/\/twitter.com\/via_koqoo|@via_koqoo>: Facebook DOES collect the txt you decided against posting <http:\/\/x.koqoo.uk\/1DlUp8h> Time for <https:\/\/twitter.com\/Synereo|@Synereo>,built for the community-by the community",
                "author_name": "c\u1d3c\u1d3astantine",
                "author_link": "https:\/\/twitter.com\/via_koqoo\/status\/591194596476059648",
                "author_icon": "https:\/\/pbs.twimg.com\/profile_images\/2836743948\/0907b6b66262d3d4936d6380e9857428_normal.png",
                "author_subname": "@via_koqoo",
                "pretext": "<https:\/\/twitter.com\/via_koqoo\/status\/591194596476059648>",
                "text": "Facebook DOES collect the txt you decided against posting <http:\/\/x.koqoo.uk\/1DlUp8h> Time for <https:\/\/twitter.com\/Synereo|@Synereo>,built for the community-by the community",
                "service_name": "twitter",
                "service_url": "https:\/\/twitter.com\/",
                "id": 1
            }
        ],
        "type": "message",
        "subtype": "bot_message",
        "ts": "1429786750.000323"
    },
    {
        "bot_id": "B04FD5HLZ",
        "attachments": [
            {
                "fallback": "<https:\/\/twitter.com\/_itsula|@_itsula>: The Vlandra's Post is out! <http:\/\/paper.li\/vlandra\/1292723004?edition_id=61539050-e9e0-11e4-82e4-0cc47a0d164b> Stories via <https:\/\/twitter.com\/Synereo|@Synereo> <https:\/\/twitter.com\/IrenePagnini|@IrenePagnini> <https:\/\/twitter.com\/suxsonica|@suxsonica>",
                "author_name": "I n c e  A c h m a d",
                "author_link": "https:\/\/twitter.com\/_itsula\/status\/591296396155867136",
                "author_icon": "https:\/\/pbs.twimg.com\/profile_images\/378800000304080622\/4a97ce1ed786c5c0d9df281826131667_normal.jpeg",
                "author_subname": "@_itsula",
                "pretext": "<https:\/\/twitter.com\/_itsula\/status\/591296396155867136>",
                "text": "The Vlandra's Post is out! <http:\/\/paper.li\/vlandra\/1292723004?edition_id=61539050-e9e0-11e4-82e4-0cc47a0d164b> Stories via <https:\/\/twitter.com\/Synereo|@Synereo> <https:\/\/twitter.com\/IrenePagnini|@IrenePagnini> <https:\/\/twitter.com\/suxsonica|@suxsonica>",
                "service_name": "twitter",
                "service_url": "https:\/\/twitter.com\/",
                "id": 1
            }
        ],
        "type": "message",
        "subtype": "bot_message",
        "ts": "1429811021.000324"
    },
    {
        "bot_id": "B04FD5HLZ",
        "attachments": [
            {
                "fallback": "<https:\/\/twitter.com\/jimscarver|@jimscarver>: and \"936 million surrender their privacy\". <https:\/\/twitter.com\/Synereo|@Synereo> <https:\/\/twitter.com\/provensecure|@provensecure>  <https:\/\/twitter.com\/kor3shan\/status\/591103997198659584>",
                "author_name": "jimscarver",
                "author_link": "https:\/\/twitter.com\/jimscarver\/status\/591299020674494466",
                "author_icon": "https:\/\/pbs.twimg.com\/profile_images\/64612480\/P9130088_normal.JPG",
                "author_subname": "@jimscarver",
                "pretext": "<https:\/\/twitter.com\/jimscarver\/status\/591299020674494466>",
                "text": "and \"936 million surrender their privacy\". <https:\/\/twitter.com\/Synereo|@Synereo> <https:\/\/twitter.com\/provensecure|@provensecure>  <https:\/\/twitter.com\/kor3shan\/status\/591103997198659584>",
                "service_name": "twitter",
                "service_url": "https:\/\/twitter.com\/",
                "id": 1
            }
        ],
        "type": "message",
        "subtype": "bot_message",
        "ts": "1429811647.000325"
    },
    {
        "bot_id": "B04FD5HLZ",
        "attachments": [
            {
                "fallback": "<https:\/\/twitter.com\/Synereo|@Synereo>: The <https:\/\/twitter.com\/Synereo|@Synereo> crowdsale is over, a massive thank you to our supporters. Find an update on our blog: <http:\/\/blog.synereo.com\/2015\/04\/23\/the-synereo-crowdsale-has-ended\/> #bitcoin #fintech",
                "author_name": "Synereo",
                "author_link": "https:\/\/twitter.com\/Synereo\/status\/591310086078918656",
                "author_icon": "https:\/\/pbs.twimg.com\/profile_images\/522790259789025280\/FKRuSK66_normal.png",
                "author_subname": "@Synereo",
                "pretext": "<https:\/\/twitter.com\/Synereo\/status\/591310086078918656>",
                "text": "The <https:\/\/twitter.com\/Synereo|@Synereo> crowdsale is over, a massive thank you to our supporters. Find an update on our blog: <http:\/\/blog.synereo.com\/2015\/04\/23\/the-synereo-crowdsale-has-ended\/> #bitcoin #fintech",
                "service_name": "twitter",
                "service_url": "https:\/\/twitter.com\/",
                "id": 1
            }
        ],
        "type": "message",
        "subtype": "bot_message",
        "ts": "1429814285.000326"
    },
    {
        "user": "U04H0VBF8",
        "type": "message",
        "subtype": "channel_join",
        "text": "<@U04H0VBF8|andrew> has joined the channel",
        "ts": "1429838296.000327"
    },
    {
        "type": "message",
        "user": "U048XN527",
        "text": "One step closer to a better place.",
        "ts": "1429841575.000328"
    },
    {
        "type": "message",
        "user": "U0474AT8P",
        "text": "thanks for the support adam",
        "ts": "1429842083.000329"
    },
    {
        "user": "U04GKV3TC",
        "type": "message",
        "subtype": "channel_join",
        "text": "<@U04GKV3TC|mcftdwhorrappuss> has joined the channel",
        "ts": "1429854237.000330"
    }
]