[
    {
        "user": "U049CMBV9",
        "type": "message",
        "subtype": "channel_join",
        "text": "<@U049CMBV9|pythagoras> has joined the channel",
        "ts": "1428096867.000009"
    },
    {
        "user": "U048QD6CG",
        "type": "message",
        "subtype": "channel_join",
        "text": "<@U048QD6CG|ryan> has joined the channel",
        "ts": "1428103889.000010"
    },
    {
        "user": "U049F88PR",
        "type": "message",
        "subtype": "channel_join",
        "text": "<@U049F88PR|calem> has joined the channel",
        "ts": "1428113968.000011"
    },
    {
        "user": "U048RGH9N",
        "type": "message",
        "subtype": "channel_join",
        "text": "<@U048RGH9N|aki> has joined the channel",
        "ts": "1428117149.000012"
    }
]