[
    {
        "bot_id": "B04FD5HLZ",
        "attachments": [
            {
                "fallback": "<https:\/\/twitter.com\/Synereo|@Synereo>: 15.5 Million AMPs sold, $11,538 until the next cost increase. 1 DAY, 11 HOURS to the crowdsale end. #bitcoin #social <https:\/\/pbs.twimg.com\/media\/CDGdpO1UgAA89aO.png>",
                "author_name": "Synereo",
                "author_link": "https:\/\/twitter.com\/Synereo\/status\/590427110843396096",
                "author_icon": "https:\/\/pbs.twimg.com\/profile_images\/522790259789025280\/FKRuSK66_normal.png",
                "author_subname": "@Synereo",
                "pretext": "<https:\/\/twitter.com\/Synereo\/status\/590427110843396096>",
                "text": "15.5 Million AMPs sold, $11,538 until the next cost increase. 1 DAY, 11 HOURS to the crowdsale end. #bitcoin #social <https:\/\/pbs.twimg.com\/media\/CDGdpO1UgAA89aO.png>",
                "service_name": "twitter",
                "service_url": "https:\/\/twitter.com\/",
                "image_url": "https:\/\/pbs.twimg.com\/media\/CDGdpO1UgAA89aO.png",
                "image_width": 568,
                "image_height": 336,
                "image_bytes": 196817,
                "id": 1
            }
        ],
        "type": "message",
        "subtype": "bot_message",
        "ts": "1429603768.000188"
    },
    {
        "user": "U046F1278",
        "type": "message",
        "subtype": "channel_join",
        "text": "<@U046F1278|yuvadm> has joined the channel",
        "ts": "1429606369.000189"
    },
    {
        "bot_id": "B04FD5HLZ",
        "attachments": [
            {
                "fallback": "<https:\/\/twitter.com\/MindyZimm101|@MindyZimm101>: how to join <https:\/\/twitter.com\/Synereo|@Synereo>  ?",
                "author_name": "Mindy Zimmerman",
                "author_link": "https:\/\/twitter.com\/MindyZimm101\/status\/590457148435378176",
                "author_icon": "https:\/\/pbs.twimg.com\/profile_images\/590453443501797377\/NkVnxco7_normal.jpg",
                "author_subname": "@MindyZimm101",
                "pretext": "<https:\/\/twitter.com\/MindyZimm101\/status\/590457148435378176>",
                "text": "how to join <https:\/\/twitter.com\/Synereo|@Synereo>  ?",
                "service_name": "twitter",
                "service_url": "https:\/\/twitter.com\/",
                "id": 1
            }
        ],
        "type": "message",
        "subtype": "bot_message",
        "ts": "1429610929.000190"
    },
    {
        "bot_id": "B04FD5HLZ",
        "attachments": [
            {
                "fallback": "<https:\/\/twitter.com\/Theo_Bliss|@Theo_Bliss>: <https:\/\/twitter.com\/MindyZimm101|@MindyZimm101> <https:\/\/twitter.com\/Synereo|@Synereo> Go here <http:\/\/Synereo.com> for Join Distributed and Decentralized Social Network :)",
                "author_name": "Theo \u0e3fliss",
                "author_link": "https:\/\/twitter.com\/Theo_Bliss\/status\/590459198002958336",
                "author_icon": "https:\/\/pbs.twimg.com\/profile_images\/568636654286434304\/zjQP0Xn0_normal.jpeg",
                "author_subname": "@Theo_Bliss",
                "pretext": "<https:\/\/twitter.com\/Theo_Bliss\/status\/590459198002958336>",
                "text": "<https:\/\/twitter.com\/MindyZimm101|@MindyZimm101> <https:\/\/twitter.com\/Synereo|@Synereo> Go here <http:\/\/Synereo.com> for Join Distributed and Decentralized Social Network :)",
                "service_name": "twitter",
                "service_url": "https:\/\/twitter.com\/",
                "id": 1
            }
        ],
        "type": "message",
        "subtype": "bot_message",
        "ts": "1429611417.000191"
    },
    {
        "bot_id": "B04FD5HLZ",
        "attachments": [
            {
                "fallback": "<https:\/\/twitter.com\/Theo_Bliss|@Theo_Bliss>: <https:\/\/twitter.com\/Synereo|@Synereo> #SyenereoMeme (Before&amp;After) <https:\/\/pbs.twimg.com\/media\/CDHDnpXVAAA4NfK.jpg>",
                "author_name": "Theo \u0e3fliss",
                "author_link": "https:\/\/twitter.com\/Theo_Bliss\/status\/590468113881149440",
                "author_icon": "https:\/\/pbs.twimg.com\/profile_images\/568636654286434304\/zjQP0Xn0_normal.jpeg",
                "author_subname": "@Theo_Bliss",
                "pretext": "<https:\/\/twitter.com\/Theo_Bliss\/status\/590468113881149440>",
                "text": "<https:\/\/twitter.com\/Synereo|@Synereo> #SyenereoMeme (Before&amp;After) <https:\/\/pbs.twimg.com\/media\/CDHDnpXVAAA4NfK.jpg>",
                "service_name": "twitter",
                "service_url": "https:\/\/twitter.com\/",
                "image_url": "https:\/\/pbs.twimg.com\/media\/CDHDnpXVAAA4NfK.jpg",
                "image_width": 599,
                "image_height": 371,
                "image_bytes": 51380,
                "id": 1
            }
        ],
        "type": "message",
        "subtype": "bot_message",
        "ts": "1429613543.000192"
    },
    {
        "bot_id": "B04FD5HLZ",
        "attachments": [
            {
                "fallback": "<https:\/\/twitter.com\/Synereo|@Synereo>: Feeling like tweeting? Do it for AMPs <https:\/\/twitter.com\/Synereo|@Synereo> bounties. 1 DAY LEFT!  <http:\/\/blog.synereo.com\/2015\/04\/17\/twitter-bounties\/> #bitcoin #SocialNetwork <https:\/\/pbs.twimg.com\/media\/CC_T58yUgAAoD_l.jpg>",
                "author_name": "Synereo",
                "author_link": "https:\/\/twitter.com\/Synereo\/status\/590470047283294208",
                "author_icon": "https:\/\/pbs.twimg.com\/profile_images\/522790259789025280\/FKRuSK66_normal.png",
                "author_subname": "@Synereo",
                "pretext": "<https:\/\/twitter.com\/Synereo\/status\/590470047283294208>",
                "text": "Feeling like tweeting? Do it for AMPs <https:\/\/twitter.com\/Synereo|@Synereo> bounties. 1 DAY LEFT!  <http:\/\/blog.synereo.com\/2015\/04\/17\/twitter-bounties\/> #bitcoin #SocialNetwork <https:\/\/pbs.twimg.com\/media\/CC_T58yUgAAoD_l.jpg>",
                "service_name": "twitter",
                "service_url": "https:\/\/twitter.com\/",
                "image_url": "https:\/\/pbs.twimg.com\/media\/CC_T58yUgAAoD_l.jpg",
                "image_width": 599,
                "image_height": 313,
                "image_bytes": 32511,
                "id": 1
            }
        ],
        "type": "message",
        "subtype": "bot_message",
        "ts": "1429614004.000193"
    },
    {
        "bot_id": "B04FD5HLZ",
        "attachments": [
            {
                "fallback": "<https:\/\/twitter.com\/jimscarver|@jimscarver>: Goodbye FaceBook. Hello <https:\/\/twitter.com\/Synereo|@Synereo>!.  @SynereoSlogan <https:\/\/twitter.com\/provensecure|@provensecure>",
                "author_name": "jimscarver",
                "author_link": "https:\/\/twitter.com\/jimscarver\/status\/590497372993507328",
                "author_icon": "https:\/\/pbs.twimg.com\/profile_images\/64612480\/P9130088_normal.JPG",
                "author_subname": "@jimscarver",
                "pretext": "<https:\/\/twitter.com\/jimscarver\/status\/590497372993507328>",
                "text": "Goodbye FaceBook. Hello <https:\/\/twitter.com\/Synereo|@Synereo>!.  @SynereoSlogan <https:\/\/twitter.com\/provensecure|@provensecure>",
                "service_name": "twitter",
                "service_url": "https:\/\/twitter.com\/",
                "id": 1
            }
        ],
        "type": "message",
        "subtype": "bot_message",
        "ts": "1429620519.000194"
    },
    {
        "bot_id": "B04FD5HLZ",
        "attachments": [
            {
                "fallback": "<https:\/\/twitter.com\/jimscarver|@jimscarver>: Better than a website, <https:\/\/twitter.com\/Synereo|@Synereo> .  #SynereoSlogan <https:\/\/twitter.com\/provensecure|@provensecure>",
                "author_name": "jimscarver",
                "author_link": "https:\/\/twitter.com\/jimscarver\/status\/590498712910102528",
                "author_icon": "https:\/\/pbs.twimg.com\/profile_images\/64612480\/P9130088_normal.JPG",
                "author_subname": "@jimscarver",
                "pretext": "<https:\/\/twitter.com\/jimscarver\/status\/590498712910102528>",
                "text": "Better than a website, <https:\/\/twitter.com\/Synereo|@Synereo> .  #SynereoSlogan <https:\/\/twitter.com\/provensecure|@provensecure>",
                "service_name": "twitter",
                "service_url": "https:\/\/twitter.com\/",
                "id": 1
            }
        ],
        "type": "message",
        "subtype": "bot_message",
        "ts": "1429620839.000195"
    },
    {
        "bot_id": "B04FD5HLZ",
        "attachments": [
            {
                "fallback": "<https:\/\/twitter.com\/Theo_Bliss|@Theo_Bliss>: <https:\/\/twitter.com\/Synereo|@Synereo>\u2019s information flow is based on neural networks. #SynereoOps #bitcoin",
                "author_name": "Theo \u0e3fliss",
                "author_link": "https:\/\/twitter.com\/Theo_Bliss\/status\/590556231053508608",
                "author_icon": "https:\/\/pbs.twimg.com\/profile_images\/568636654286434304\/zjQP0Xn0_normal.jpeg",
                "author_subname": "@Theo_Bliss",
                "pretext": "<https:\/\/twitter.com\/Theo_Bliss\/status\/590556231053508608>",
                "text": "<https:\/\/twitter.com\/Synereo|@Synereo>\u2019s information flow is based on neural networks. #SynereoOps #bitcoin",
                "service_name": "twitter",
                "service_url": "https:\/\/twitter.com\/",
                "id": 1
            }
        ],
        "type": "message",
        "subtype": "bot_message",
        "ts": "1429634552.000196"
    },
    {
        "bot_id": "B04FD5HLZ",
        "attachments": [
            {
                "fallback": "<https:\/\/twitter.com\/jimscarver|@jimscarver>: Your \"FaceUnBooked\", <https:\/\/twitter.com\/Synereo|@Synereo> #SynereoSlogan #SynereoMeme <https:\/\/twitter.com\/provensecure|@provensecure>",
                "author_name": "jimscarver",
                "author_link": "https:\/\/twitter.com\/jimscarver\/status\/590557698460114947",
                "author_icon": "https:\/\/pbs.twimg.com\/profile_images\/64612480\/P9130088_normal.JPG",
                "author_subname": "@jimscarver",
                "pretext": "<https:\/\/twitter.com\/jimscarver\/status\/590557698460114947>",
                "text": "Your \"FaceUnBooked\", <https:\/\/twitter.com\/Synereo|@Synereo> #SynereoSlogan #SynereoMeme <https:\/\/twitter.com\/provensecure|@provensecure>",
                "service_name": "twitter",
                "service_url": "https:\/\/twitter.com\/",
                "id": 1
            }
        ],
        "type": "message",
        "subtype": "bot_message",
        "ts": "1429634902.000197"
    },
    {
        "bot_id": "B04FD5HLZ",
        "attachments": [
            {
                "fallback": "<https:\/\/twitter.com\/Theo_Bliss|@Theo_Bliss>: We build smiles\nto feel free\nto hell with the rest.\nas good as it gets\nLife is  beautiful \n<https:\/\/twitter.com\/Synereo|@Synereo> is the only way to be happy. #SynereoKu",
                "author_name": "Theo \u0e3fliss",
                "author_link": "https:\/\/twitter.com\/Theo_Bliss\/status\/590565394638856194",
                "author_icon": "https:\/\/pbs.twimg.com\/profile_images\/568636654286434304\/zjQP0Xn0_normal.jpeg",
                "author_subname": "@Theo_Bliss",
                "pretext": "<https:\/\/twitter.com\/Theo_Bliss\/status\/590565394638856194>",
                "text": "We build smiles\nto feel free\nto hell with the rest.\nas good as it gets\nLife is  beautiful \n<https:\/\/twitter.com\/Synereo|@Synereo> is the only way to be happy. #SynereoKu",
                "service_name": "twitter",
                "service_url": "https:\/\/twitter.com\/",
                "id": 1
            }
        ],
        "type": "message",
        "subtype": "bot_message",
        "ts": "1429636737.000198"
    },
    {
        "bot_id": "B04FD5HLZ",
        "attachments": [
            {
                "fallback": "<https:\/\/twitter.com\/Theo_Bliss|@Theo_Bliss>: <https:\/\/twitter.com\/Synereo|@Synereo> #SynereoSlogan is a never ending story.where success is at home.",
                "author_name": "Theo \u0e3fliss",
                "author_link": "https:\/\/twitter.com\/Theo_Bliss\/status\/590565986098622465",
                "author_icon": "https:\/\/pbs.twimg.com\/profile_images\/568636654286434304\/zjQP0Xn0_normal.jpeg",
                "author_subname": "@Theo_Bliss",
                "pretext": "<https:\/\/twitter.com\/Theo_Bliss\/status\/590565986098622465>",
                "text": "<https:\/\/twitter.com\/Synereo|@Synereo> #SynereoSlogan is a never ending story.where success is at home.",
                "service_name": "twitter",
                "service_url": "https:\/\/twitter.com\/",
                "id": 1
            }
        ],
        "type": "message",
        "subtype": "bot_message",
        "ts": "1429636878.000199"
    },
    {
        "bot_id": "B04FD5HLZ",
        "attachments": [
            {
                "fallback": "<https:\/\/twitter.com\/Ahmed_1803|@Ahmed_1803>: <https:\/\/twitter.com\/Synereo|@Synereo> The power, in the network #SynereoSlogan",
                "author_name": "Ahmed Ashraf",
                "author_link": "https:\/\/twitter.com\/Ahmed_1803\/status\/590575664992018432",
                "author_icon": "https:\/\/pbs.twimg.com\/profile_images\/525294862426337280\/agowOvXx_normal.jpeg",
                "author_subname": "@Ahmed_1803",
                "pretext": "<https:\/\/twitter.com\/Ahmed_1803\/status\/590575664992018432>",
                "text": "<https:\/\/twitter.com\/Synereo|@Synereo> The power, in the network #SynereoSlogan",
                "service_name": "twitter",
                "service_url": "https:\/\/twitter.com\/",
                "id": 1
            }
        ],
        "type": "message",
        "subtype": "bot_message",
        "ts": "1429639185.000200"
    },
    {
        "bot_id": "B04FD5HLZ",
        "attachments": [
            {
                "fallback": "<https:\/\/twitter.com\/Ahmed_1803|@Ahmed_1803>: <https:\/\/twitter.com\/Synereo|@Synereo> Socialize, Anonymize #SynereoSlogan",
                "author_name": "Ahmed Ashraf",
                "author_link": "https:\/\/twitter.com\/Ahmed_1803\/status\/590576919067918337",
                "author_icon": "https:\/\/pbs.twimg.com\/profile_images\/525294862426337280\/agowOvXx_normal.jpeg",
                "author_subname": "@Ahmed_1803",
                "pretext": "<https:\/\/twitter.com\/Ahmed_1803\/status\/590576919067918337>",
                "text": "<https:\/\/twitter.com\/Synereo|@Synereo> Socialize, Anonymize #SynereoSlogan",
                "service_name": "twitter",
                "service_url": "https:\/\/twitter.com\/",
                "id": 1
            }
        ],
        "type": "message",
        "subtype": "bot_message",
        "ts": "1429639484.000201"
    },
    {
        "bot_id": "B04FD5HLZ",
        "attachments": [
            {
                "fallback": "<https:\/\/twitter.com\/Ahmed_1803|@Ahmed_1803>: <https:\/\/twitter.com\/Synereo|@Synereo> Why publicize, when you can anonymize ? #SynereoSlogan",
                "author_name": "Ahmed Ashraf",
                "author_link": "https:\/\/twitter.com\/Ahmed_1803\/status\/590577398837547010",
                "author_icon": "https:\/\/pbs.twimg.com\/profile_images\/525294862426337280\/agowOvXx_normal.jpeg",
                "author_subname": "@Ahmed_1803",
                "pretext": "<https:\/\/twitter.com\/Ahmed_1803\/status\/590577398837547010>",
                "text": "<https:\/\/twitter.com\/Synereo|@Synereo> Why publicize, when you can anonymize ? #SynereoSlogan",
                "service_name": "twitter",
                "service_url": "https:\/\/twitter.com\/",
                "id": 1
            }
        ],
        "type": "message",
        "subtype": "bot_message",
        "ts": "1429639599.000202"
    },
    {
        "bot_id": "B04FD5HLZ",
        "attachments": [
            {
                "fallback": "<https:\/\/twitter.com\/Ahmed_1803|@Ahmed_1803>: <https:\/\/twitter.com\/Synereo|@Synereo> You're born free, so share free. #SynereoSlogan",
                "author_name": "Ahmed Ashraf",
                "author_link": "https:\/\/twitter.com\/Ahmed_1803\/status\/590577550772023296",
                "author_icon": "https:\/\/pbs.twimg.com\/profile_images\/525294862426337280\/agowOvXx_normal.jpeg",
                "author_subname": "@Ahmed_1803",
                "pretext": "<https:\/\/twitter.com\/Ahmed_1803\/status\/590577550772023296>",
                "text": "<https:\/\/twitter.com\/Synereo|@Synereo> You're born free, so share free. #SynereoSlogan",
                "service_name": "twitter",
                "service_url": "https:\/\/twitter.com\/",
                "id": 1
            }
        ],
        "type": "message",
        "subtype": "bot_message",
        "ts": "1429639635.000203"
    },
    {
        "bot_id": "B04FD5HLZ",
        "attachments": [
            {
                "fallback": "<https:\/\/twitter.com\/Synereo|@Synereo>: 24 HOURS LEFT. Tweet your entries <https:\/\/twitter.com\/Synereo|@Synereo> bounties to win 50K AMPs. <http:\/\/blog.synereo.com\/2015\/04\/17\/twitter-bounties\/> #bitcoin #SocialNetwork <https:\/\/pbs.twimg.com\/media\/CC_UFCqUUAAwOVx.jpg>",
                "author_name": "Synereo",
                "author_link": "https:\/\/twitter.com\/Synereo\/status\/590591205873831936",
                "author_icon": "https:\/\/pbs.twimg.com\/profile_images\/522790259789025280\/FKRuSK66_normal.png",
                "author_subname": "@Synereo",
                "pretext": "<https:\/\/twitter.com\/Synereo\/status\/590591205873831936>",
                "text": "24 HOURS LEFT. Tweet your entries <https:\/\/twitter.com\/Synereo|@Synereo> bounties to win 50K AMPs. <http:\/\/blog.synereo.com\/2015\/04\/17\/twitter-bounties\/> #bitcoin #SocialNetwork <https:\/\/pbs.twimg.com\/media\/CC_UFCqUUAAwOVx.jpg>",
                "service_name": "twitter",
                "service_url": "https:\/\/twitter.com\/",
                "image_url": "https:\/\/pbs.twimg.com\/media\/CC_UFCqUUAAwOVx.jpg",
                "image_width": 599,
                "image_height": 313,
                "image_bytes": 32511,
                "id": 1
            }
        ],
        "type": "message",
        "subtype": "bot_message",
        "ts": "1429642891.000204"
    },
    {
        "bot_id": "B04FD5HLZ",
        "attachments": [
            {
                "fallback": "<https:\/\/twitter.com\/Coin_and_Peace|@Coin_and_Peace>: <https:\/\/twitter.com\/Synereo|@Synereo> Own yourself  #SynereoSlogan",
                "author_name": "Koji Higashi",
                "author_link": "https:\/\/twitter.com\/Coin_and_Peace\/status\/590592724895686656",
                "author_icon": "https:\/\/pbs.twimg.com\/profile_images\/551374918323941378\/JNoSPxQb_normal.jpeg",
                "author_subname": "@Coin_and_Peace",
                "pretext": "<https:\/\/twitter.com\/Coin_and_Peace\/status\/590592724895686656>",
                "text": "<https:\/\/twitter.com\/Synereo|@Synereo> Own yourself  #SynereoSlogan",
                "service_name": "twitter",
                "service_url": "https:\/\/twitter.com\/",
                "id": 1
            }
        ],
        "type": "message",
        "subtype": "bot_message",
        "ts": "1429643253.000205"
    },
    {
        "bot_id": "B04FD5HLZ",
        "attachments": [
            {
                "fallback": "<https:\/\/twitter.com\/sandroieva|@sandroieva>: so check <https:\/\/twitter.com\/Synereo|@Synereo> Logo Animation #SynereoOps #bitcoin <https:\/\/vimeo.com\/125353301> last chance for the crowdsale on <http:\/\/www.synero.com>",
                "author_name": "Sandro Ieva",
                "author_link": "https:\/\/twitter.com\/sandroieva\/status\/590604725034360832",
                "author_icon": "https:\/\/pbs.twimg.com\/profile_images\/570212571630669824\/0Usn472U_normal.png",
                "author_subname": "@sandroieva",
                "pretext": "<https:\/\/twitter.com\/sandroieva\/status\/590604725034360832>",
                "text": "so check <https:\/\/twitter.com\/Synereo|@Synereo> Logo Animation #SynereoOps #bitcoin <https:\/\/vimeo.com\/125353301> last chance for the crowdsale on <http:\/\/www.synero.com>",
                "service_name": "twitter",
                "service_url": "https:\/\/twitter.com\/",
                "id": 1
            }
        ],
        "type": "message",
        "subtype": "bot_message",
        "ts": "1429646114.000206"
    },
    {
        "bot_id": "B04FD5HLZ",
        "attachments": [
            {
                "fallback": "<https:\/\/twitter.com\/sandroieva|@sandroieva>: so check <https:\/\/twitter.com\/Synereo|@Synereo> Logo Animation #SynereoOps #bitcoin <https:\/\/vimeo.com\/125353301>  last chance for the crowdsale on <http:\/\/www.synereo.com>",
                "author_name": "Sandro Ieva",
                "author_link": "https:\/\/twitter.com\/sandroieva\/status\/590605024704749568",
                "author_icon": "https:\/\/pbs.twimg.com\/profile_images\/570212571630669824\/0Usn472U_normal.png",
                "author_subname": "@sandroieva",
                "pretext": "<https:\/\/twitter.com\/sandroieva\/status\/590605024704749568>",
                "text": "so check <https:\/\/twitter.com\/Synereo|@Synereo> Logo Animation #SynereoOps #bitcoin <https:\/\/vimeo.com\/125353301>  last chance for the crowdsale on <http:\/\/www.synereo.com>",
                "service_name": "twitter",
                "service_url": "https:\/\/twitter.com\/",
                "id": 1
            }
        ],
        "type": "message",
        "subtype": "bot_message",
        "ts": "1429646185.000207"
    },
    {
        "bot_id": "B04FD5HLZ",
        "attachments": [
            {
                "fallback": "<https:\/\/twitter.com\/Synereo|@Synereo>: \u201c24 Hours to go\u201d 16 Million AMPs sold. <https:\/\/crowdsale.synereo.com> #lastchance #bitcoin #decentralize #startup #fintech <https:\/\/pbs.twimg.com\/media\/CDJBCIyW8AAmLkj.png>",
                "author_name": "Synereo",
                "author_link": "https:\/\/twitter.com\/Synereo\/status\/590607464028069888",
                "author_icon": "https:\/\/pbs.twimg.com\/profile_images\/522790259789025280\/FKRuSK66_normal.png",
                "author_subname": "@Synereo",
                "pretext": "<https:\/\/twitter.com\/Synereo\/status\/590607464028069888>",
                "text": "\u201c24 Hours to go\u201d 16 Million AMPs sold. <https:\/\/crowdsale.synereo.com> #lastchance #bitcoin #decentralize #startup #fintech <https:\/\/pbs.twimg.com\/media\/CDJBCIyW8AAmLkj.png>",
                "service_name": "twitter",
                "service_url": "https:\/\/twitter.com\/",
                "image_url": "https:\/\/pbs.twimg.com\/media\/CDJBCIyW8AAmLkj.png",
                "image_width": 575,
                "image_height": 337,
                "image_bytes": 198893,
                "id": 1
            }
        ],
        "type": "message",
        "subtype": "bot_message",
        "ts": "1429646767.000208"
    },
    {
        "bot_id": "B04FD5HLZ",
        "attachments": [
            {
                "fallback": "<https:\/\/twitter.com\/Synereo|@Synereo>: <https:\/\/twitter.com\/MindyZimm101|@MindyZimm101> We haven\u2019t launched yet, stay tuned and join our Slack at <https:\/\/slack.synereo.com> to keep up to date.",
                "author_name": "Synereo",
                "author_link": "https:\/\/twitter.com\/Synereo\/status\/590610001246420993",
                "author_icon": "https:\/\/pbs.twimg.com\/profile_images\/522790259789025280\/FKRuSK66_normal.png",
                "author_subname": "@Synereo",
                "pretext": "<https:\/\/twitter.com\/Synereo\/status\/590610001246420993>",
                "text": "<https:\/\/twitter.com\/MindyZimm101|@MindyZimm101> We haven\u2019t launched yet, stay tuned and join our Slack at <https:\/\/slack.synereo.com> to keep up to date.",
                "service_name": "twitter",
                "service_url": "https:\/\/twitter.com\/",
                "id": 1
            }
        ],
        "type": "message",
        "subtype": "bot_message",
        "ts": "1429647372.000209"
    },
    {
        "bot_id": "B04FD5HLZ",
        "attachments": [
            {
                "fallback": "<https:\/\/twitter.com\/drlombardo|@drlombardo>: The \u201cBlockchain\u2019s Facebook\u201d Synereo Forms Partnerships With LivelyGig, Factom <http:\/\/allcoinsnews.com\/2015\/04\/21\/the-blockchains-facebook-synereo-forms-partnerships-with-livelygig-factom\/> <https:\/\/twitter.com\/factomproject|@factomproject> <https:\/\/twitter.com\/Synereo|@Synereo> #Blockchain2.0",
                "author_name": "Dr. Lombardo",
                "author_link": "https:\/\/twitter.com\/drlombardo\/status\/590614742051487745",
                "author_icon": "https:\/\/pbs.twimg.com\/profile_images\/546877351682768899\/4kDJ6ZuB_normal.jpeg",
                "author_subname": "@drlombardo",
                "pretext": "<https:\/\/twitter.com\/drlombardo\/status\/590614742051487745>",
                "text": "The \u201cBlockchain\u2019s Facebook\u201d Synereo Forms Partnerships With LivelyGig, Factom <http:\/\/allcoinsnews.com\/2015\/04\/21\/the-blockchains-facebook-synereo-forms-partnerships-with-livelygig-factom\/> <https:\/\/twitter.com\/factomproject|@factomproject> <https:\/\/twitter.com\/Synereo|@Synereo> #Blockchain2.0",
                "service_name": "twitter",
                "service_url": "https:\/\/twitter.com\/",
                "id": 1
            }
        ],
        "type": "message",
        "subtype": "bot_message",
        "ts": "1429648502.000210"
    },
    {
        "bot_id": "B04FD5HLZ",
        "attachments": [
            {
                "fallback": "<https:\/\/twitter.com\/AllCoinsNews|@AllCoinsNews>: The \u201cBlockchain\u2019s Facebook\u201d Synereo Forms Partnerships With LivelyGig, Factom <http:\/\/allcoinsnews.com\/2015\/04\/21\/the-blockchains-facebook-synereo-forms-partnerships-with-livelygig-factom\/> <https:\/\/twitter.com\/factomproject|@factomproject> <https:\/\/twitter.com\/Synereo|@Synereo> #Blockchain2.0",
                "author_name": "AllCoinsNews",
                "author_link": "https:\/\/twitter.com\/AllCoinsNews\/status\/590614742257037312",
                "author_icon": "https:\/\/pbs.twimg.com\/profile_images\/515000567408500736\/xthtM9tK_normal.jpeg",
                "author_subname": "@AllCoinsNews",
                "pretext": "<https:\/\/twitter.com\/AllCoinsNews\/status\/590614742257037312>",
                "text": "The \u201cBlockchain\u2019s Facebook\u201d Synereo Forms Partnerships With LivelyGig, Factom <http:\/\/allcoinsnews.com\/2015\/04\/21\/the-blockchains-facebook-synereo-forms-partnerships-with-livelygig-factom\/> <https:\/\/twitter.com\/factomproject|@factomproject> <https:\/\/twitter.com\/Synereo|@Synereo> #Blockchain2.0",
                "service_name": "twitter",
                "service_url": "https:\/\/twitter.com\/",
                "id": 1
            }
        ],
        "type": "message",
        "subtype": "bot_message",
        "ts": "1429648502.000211"
    },
    {
        "bot_id": "B04FD5HLZ",
        "attachments": [
            {
                "fallback": "<https:\/\/twitter.com\/kor3shan|@kor3shan>: Giving you ownership of your life on line <https:\/\/twitter.com\/Synereo|@Synereo>. #SynereoSlogan",
                "author_name": "Crypto_Singularity",
                "author_link": "https:\/\/twitter.com\/kor3shan\/status\/590618195406495745",
                "author_icon": "https:\/\/pbs.twimg.com\/profile_images\/569838558920577024\/VR3hCEYj_normal.jpeg",
                "author_subname": "@kor3shan",
                "pretext": "<https:\/\/twitter.com\/kor3shan\/status\/590618195406495745>",
                "text": "Giving you ownership of your life on line <https:\/\/twitter.com\/Synereo|@Synereo>. #SynereoSlogan",
                "service_name": "twitter",
                "service_url": "https:\/\/twitter.com\/",
                "id": 1
            }
        ],
        "type": "message",
        "subtype": "bot_message",
        "ts": "1429649325.000212"
    },
    {
        "bot_id": "B04FD5HLZ",
        "attachments": [
            {
                "fallback": "<https:\/\/twitter.com\/kor3shan|@kor3shan>: Give your life on line the respect it deserves with <https:\/\/twitter.com\/Synereo|@Synereo>. #SynereoSlogan",
                "author_name": "Crypto_Singularity",
                "author_link": "https:\/\/twitter.com\/kor3shan\/status\/590619345287565315",
                "author_icon": "https:\/\/pbs.twimg.com\/profile_images\/569838558920577024\/VR3hCEYj_normal.jpeg",
                "author_subname": "@kor3shan",
                "pretext": "<https:\/\/twitter.com\/kor3shan\/status\/590619345287565315>",
                "text": "Give your life on line the respect it deserves with <https:\/\/twitter.com\/Synereo|@Synereo>. #SynereoSlogan",
                "service_name": "twitter",
                "service_url": "https:\/\/twitter.com\/",
                "id": 1
            }
        ],
        "type": "message",
        "subtype": "bot_message",
        "ts": "1429649600.000213"
    },
    {
        "bot_id": "B04FD5HLZ",
        "attachments": [
            {
                "fallback": "<https:\/\/twitter.com\/kor3shan|@kor3shan>: Profiles aren't products with <https:\/\/twitter.com\/Synereo|@Synereo>. #SynereoSlogan",
                "author_name": "Crypto_Singularity",
                "author_link": "https:\/\/twitter.com\/kor3shan\/status\/590620616623071234",
                "author_icon": "https:\/\/pbs.twimg.com\/profile_images\/569838558920577024\/VR3hCEYj_normal.jpeg",
                "author_subname": "@kor3shan",
                "pretext": "<https:\/\/twitter.com\/kor3shan\/status\/590620616623071234>",
                "text": "Profiles aren't products with <https:\/\/twitter.com\/Synereo|@Synereo>. #SynereoSlogan",
                "service_name": "twitter",
                "service_url": "https:\/\/twitter.com\/",
                "id": 1
            }
        ],
        "type": "message",
        "subtype": "bot_message",
        "ts": "1429649903.000214"
    },
    {
        "bot_id": "B04FD5HLZ",
        "attachments": [
            {
                "fallback": "<https:\/\/twitter.com\/kor3shan|@kor3shan>: In a world where profiles have price tags and your presence is a product refresh the paradigm with <https:\/\/twitter.com\/Synereo|@Synereo>. #SynereoMeme",
                "author_name": "Crypto_Singularity",
                "author_link": "https:\/\/twitter.com\/kor3shan\/status\/590622113205190657",
                "author_icon": "https:\/\/pbs.twimg.com\/profile_images\/569838558920577024\/VR3hCEYj_normal.jpeg",
                "author_subname": "@kor3shan",
                "pretext": "<https:\/\/twitter.com\/kor3shan\/status\/590622113205190657>",
                "text": "In a world where profiles have price tags and your presence is a product refresh the paradigm with <https:\/\/twitter.com\/Synereo|@Synereo>. #SynereoMeme",
                "service_name": "twitter",
                "service_url": "https:\/\/twitter.com\/",
                "id": 1
            }
        ],
        "type": "message",
        "subtype": "bot_message",
        "ts": "1429650259.000215"
    },
    {
        "bot_id": "B04FD5HLZ",
        "attachments": [
            {
                "fallback": "<https:\/\/twitter.com\/kor3shan|@kor3shan>: Refreshing online profiles <https:\/\/twitter.com\/Synereo|@Synereo>. #SynereoSlogan",
                "author_name": "Crypto_Singularity",
                "author_link": "https:\/\/twitter.com\/kor3shan\/status\/590622879856926720",
                "author_icon": "https:\/\/pbs.twimg.com\/profile_images\/569838558920577024\/VR3hCEYj_normal.jpeg",
                "author_subname": "@kor3shan",
                "pretext": "<https:\/\/twitter.com\/kor3shan\/status\/590622879856926720>",
                "text": "Refreshing online profiles <https:\/\/twitter.com\/Synereo|@Synereo>. #SynereoSlogan",
                "service_name": "twitter",
                "service_url": "https:\/\/twitter.com\/",
                "id": 1
            }
        ],
        "type": "message",
        "subtype": "bot_message",
        "ts": "1429650442.000216"
    },
    {
        "bot_id": "B04FD5HLZ",
        "attachments": [
            {
                "fallback": "<https:\/\/twitter.com\/factomproject|@factomproject>: From <https:\/\/twitter.com\/AllCoinsNews|@AllCoinsNews>: The \u201cBlockchain\u2019s Facebook\u201d <https:\/\/twitter.com\/Synereo|@Synereo> Forms Partnerships With <https:\/\/twitter.com\/LivelyGig|@LivelyGig>, <https:\/\/twitter.com\/factomproject|@factomproject>. #bitcoin <http:\/\/allcoinsnews.com\/2015\/04\/21\/the-blockchains-facebook-synereo-forms-partnerships-with-livelygig-factom\/>",
                "author_name": "Factom",
                "author_link": "https:\/\/twitter.com\/factomproject\/status\/590636533121703936",
                "author_icon": "https:\/\/pbs.twimg.com\/profile_images\/587656495535411200\/3Rn2DQw0_normal.png",
                "author_subname": "@factomproject",
                "pretext": "<https:\/\/twitter.com\/factomproject\/status\/590636533121703936>",
                "text": "From <https:\/\/twitter.com\/AllCoinsNews|@AllCoinsNews>: The \u201cBlockchain\u2019s Facebook\u201d <https:\/\/twitter.com\/Synereo|@Synereo> Forms Partnerships With <https:\/\/twitter.com\/LivelyGig|@LivelyGig>, <https:\/\/twitter.com\/factomproject|@factomproject>. #bitcoin <http:\/\/allcoinsnews.com\/2015\/04\/21\/the-blockchains-facebook-synereo-forms-partnerships-with-livelygig-factom\/>",
                "service_name": "twitter",
                "service_url": "https:\/\/twitter.com\/",
                "id": 1
            }
        ],
        "type": "message",
        "subtype": "bot_message",
        "ts": "1429653697.000217"
    },
    {
        "bot_id": "B04FD5HLZ",
        "attachments": [
            {
                "fallback": "<https:\/\/twitter.com\/factomproject|@factomproject>: From <https:\/\/twitter.com\/AllCoinsNews|@AllCoinsNews>: The \u201cBlockchain\u2019s Facebook\u201d <https:\/\/twitter.com\/Synereo|@Synereo> Forms Partnerships With <https:\/\/twitter.com\/LivelyGig|@LivelyGig>, <https:\/\/twitter.com\/factomproject|@factomproject>. #bitcoin <http:\/\/allcoinsnews.com\/2015\/04\/21\/the-blockchains-facebook-synereo-forms-partnerships-with-livelygig-factom\/>",
                "author_name": "Factom",
                "author_link": "https:\/\/twitter.com\/factomproject\/status\/590636533121703936",
                "author_icon": "https:\/\/pbs.twimg.com\/profile_images\/587656495535411200\/3Rn2DQw0_normal.png",
                "author_subname": "@factomproject",
                "pretext": "<https:\/\/twitter.com\/factomproject\/status\/590636533121703936>",
                "text": "From <https:\/\/twitter.com\/AllCoinsNews|@AllCoinsNews>: The \u201cBlockchain\u2019s Facebook\u201d <https:\/\/twitter.com\/Synereo|@Synereo> Forms Partnerships With <https:\/\/twitter.com\/LivelyGig|@LivelyGig>, <https:\/\/twitter.com\/factomproject|@factomproject>. #bitcoin <http:\/\/allcoinsnews.com\/2015\/04\/21\/the-blockchains-facebook-synereo-forms-partnerships-with-livelygig-factom\/>",
                "service_name": "twitter",
                "service_url": "https:\/\/twitter.com\/",
                "id": 1,
                "footer": "Retweeted by <https:\/\/twitter.com\/Synereo\/status\/590637087222853635|@Synereo>"
            }
        ],
        "type": "message",
        "subtype": "bot_message",
        "ts": "1429653829.000218"
    },
    {
        "bot_id": "B04FD5HLZ",
        "attachments": [
            {
                "fallback": "<https:\/\/twitter.com\/Engzig|@Engzig>: Just bought into the <https:\/\/twitter.com\/Synereo|@Synereo> crowdsale. Wishing you all the best in executing such an ambitious project",
                "author_name": "Engzig.com",
                "author_link": "https:\/\/twitter.com\/Engzig\/status\/590651212724318214",
                "author_icon": "https:\/\/pbs.twimg.com\/profile_images\/566642088234598400\/sh8wWTHl_normal.png",
                "author_subname": "@Engzig",
                "pretext": "<https:\/\/twitter.com\/Engzig\/status\/590651212724318214>",
                "text": "Just bought into the <https:\/\/twitter.com\/Synereo|@Synereo> crowdsale. Wishing you all the best in executing such an ambitious project",
                "service_name": "twitter",
                "service_url": "https:\/\/twitter.com\/",
                "id": 1
            }
        ],
        "type": "message",
        "subtype": "bot_message",
        "ts": "1429657198.000219"
    },
    {
        "bot_id": "B04FD5HLZ",
        "attachments": [
            {
                "fallback": "<https:\/\/twitter.com\/jimscarver|@jimscarver>: <https:\/\/twitter.com\/Synereo|@Synereo> pays the piper. #SynereoSlogan <https:\/\/twitter.com\/provensecure|@provensecure>",
                "author_name": "jimscarver",
                "author_link": "https:\/\/twitter.com\/jimscarver\/status\/590657316015497217",
                "author_icon": "https:\/\/pbs.twimg.com\/profile_images\/64612480\/P9130088_normal.JPG",
                "author_subname": "@jimscarver",
                "pretext": "<https:\/\/twitter.com\/jimscarver\/status\/590657316015497217>",
                "text": "<https:\/\/twitter.com\/Synereo|@Synereo> pays the piper. #SynereoSlogan <https:\/\/twitter.com\/provensecure|@provensecure>",
                "service_name": "twitter",
                "service_url": "https:\/\/twitter.com\/",
                "id": 1
            }
        ],
        "type": "message",
        "subtype": "bot_message",
        "ts": "1429658652.000220"
    },
    {
        "bot_id": "B04FD5HLZ",
        "attachments": [
            {
                "fallback": "<https:\/\/twitter.com\/provensecure|@provensecure>: the piper pays <https:\/\/twitter.com\/Synereo|@Synereo> pays the piped <https:\/\/twitter.com\/jimscarver\/status\/590657316015497217>",
                "author_name": "ProvenSecure",
                "author_link": "https:\/\/twitter.com\/provensecure\/status\/590659844010573825",
                "author_icon": "https:\/\/pbs.twimg.com\/profile_images\/557573566481186817\/H3j021y-_normal.jpeg",
                "author_subname": "@provensecure",
                "pretext": "<https:\/\/twitter.com\/provensecure\/status\/590659844010573825>",
                "text": "the piper pays <https:\/\/twitter.com\/Synereo|@Synereo> pays the piped <https:\/\/twitter.com\/jimscarver\/status\/590657316015497217>",
                "service_name": "twitter",
                "service_url": "https:\/\/twitter.com\/",
                "id": 1
            }
        ],
        "type": "message",
        "subtype": "bot_message",
        "ts": "1429659255.000221"
    },
    {
        "bot_id": "B04FD5HLZ",
        "attachments": [
            {
                "fallback": "<https:\/\/twitter.com\/provensecure|@provensecure>: the piper pays <https:\/\/twitter.com\/Synereo|@Synereo> pays the piped #SynereoSlogan <https:\/\/twitter.com\/jimscarver|@jimscarver>",
                "author_name": "ProvenSecure",
                "author_link": "https:\/\/twitter.com\/provensecure\/status\/590660220382248960",
                "author_icon": "https:\/\/pbs.twimg.com\/profile_images\/557573566481186817\/H3j021y-_normal.jpeg",
                "author_subname": "@provensecure",
                "pretext": "<https:\/\/twitter.com\/provensecure\/status\/590660220382248960>",
                "text": "the piper pays <https:\/\/twitter.com\/Synereo|@Synereo> pays the piped #SynereoSlogan <https:\/\/twitter.com\/jimscarver|@jimscarver>",
                "service_name": "twitter",
                "service_url": "https:\/\/twitter.com\/",
                "id": 1
            }
        ],
        "type": "message",
        "subtype": "bot_message",
        "ts": "1429659345.000222"
    },
    {
        "bot_id": "B04FD5HLZ",
        "attachments": [
            {
                "fallback": "<https:\/\/twitter.com\/NickJamesBtc|@NickJamesBtc>: Together, we are the solution. <https:\/\/twitter.com\/Synereo|@Synereo>. #SynereoSlogan",
                "author_name": "Nick Higgins",
                "author_link": "https:\/\/twitter.com\/NickJamesBtc\/status\/590671898729668611",
                "author_icon": "https:\/\/pbs.twimg.com\/profile_images\/586386681374224384\/2dYpstLR_normal.jpg",
                "author_subname": "@NickJamesBtc",
                "pretext": "<https:\/\/twitter.com\/NickJamesBtc\/status\/590671898729668611>",
                "text": "Together, we are the solution. <https:\/\/twitter.com\/Synereo|@Synereo>. #SynereoSlogan",
                "service_name": "twitter",
                "service_url": "https:\/\/twitter.com\/",
                "id": 1
            }
        ],
        "type": "message",
        "subtype": "bot_message",
        "ts": "1429662129.000223"
    },
    {
        "bot_id": "B04FD5HLZ",
        "attachments": [
            {
                "fallback": "<https:\/\/twitter.com\/NickJamesBtc|@NickJamesBtc>: We can be the change we desire with <https:\/\/twitter.com\/Synereo|@Synereo>. #SynereoSlogan",
                "author_name": "Nick Higgins",
                "author_link": "https:\/\/twitter.com\/NickJamesBtc\/status\/590672557587755010",
                "author_icon": "https:\/\/pbs.twimg.com\/profile_images\/586386681374224384\/2dYpstLR_normal.jpg",
                "author_subname": "@NickJamesBtc",
                "pretext": "<https:\/\/twitter.com\/NickJamesBtc\/status\/590672557587755010>",
                "text": "We can be the change we desire with <https:\/\/twitter.com\/Synereo|@Synereo>. #SynereoSlogan",
                "service_name": "twitter",
                "service_url": "https:\/\/twitter.com\/",
                "id": 1
            }
        ],
        "type": "message",
        "subtype": "bot_message",
        "ts": "1429662286.000224"
    },
    {
        "bot_id": "B04FD5HLZ",
        "attachments": [
            {
                "fallback": "<https:\/\/twitter.com\/kor3shan|@kor3shan>: Pay attention <https:\/\/twitter.com\/Synereo|@Synereo>. #SynereoSlogan",
                "author_name": "Crypto_Singularity",
                "author_link": "https:\/\/twitter.com\/kor3shan\/status\/590737852021022720",
                "author_icon": "https:\/\/pbs.twimg.com\/profile_images\/569838558920577024\/VR3hCEYj_normal.jpeg",
                "author_subname": "@kor3shan",
                "pretext": "<https:\/\/twitter.com\/kor3shan\/status\/590737852021022720>",
                "text": "Pay attention <https:\/\/twitter.com\/Synereo|@Synereo>. #SynereoSlogan",
                "service_name": "twitter",
                "service_url": "https:\/\/twitter.com\/",
                "id": 1
            }
        ],
        "type": "message",
        "subtype": "bot_message",
        "ts": "1429677853.000225"
    },
    {
        "bot_id": "B04FD5HLZ",
        "attachments": [
            {
                "fallback": "<https:\/\/twitter.com\/kor3shan|@kor3shan>: Pay attention, 1984 is behind us <https:\/\/twitter.com\/Synereo|@Synereo>. #SynereoSlogan",
                "author_name": "Crypto_Singularity",
                "author_link": "https:\/\/twitter.com\/kor3shan\/status\/590738112042655744",
                "author_icon": "https:\/\/pbs.twimg.com\/profile_images\/569838558920577024\/VR3hCEYj_normal.jpeg",
                "author_subname": "@kor3shan",
                "pretext": "<https:\/\/twitter.com\/kor3shan\/status\/590738112042655744>",
                "text": "Pay attention, 1984 is behind us <https:\/\/twitter.com\/Synereo|@Synereo>. #SynereoSlogan",
                "service_name": "twitter",
                "service_url": "https:\/\/twitter.com\/",
                "id": 1
            }
        ],
        "type": "message",
        "subtype": "bot_message",
        "ts": "1429677916.000226"
    },
    {
        "bot_id": "B04FD5HLZ",
        "attachments": [
            {
                "fallback": "<https:\/\/twitter.com\/kor3shan|@kor3shan>: In our dream social media profiles reflect the content of people's characters not routes to returns on investment <https:\/\/twitter.com\/Synereo|@Synereo>. #SynereoMeme",
                "author_name": "Crypto_Singularity",
                "author_link": "https:\/\/twitter.com\/kor3shan\/status\/590741170810159104",
                "author_icon": "https:\/\/pbs.twimg.com\/profile_images\/569838558920577024\/VR3hCEYj_normal.jpeg",
                "author_subname": "@kor3shan",
                "pretext": "<https:\/\/twitter.com\/kor3shan\/status\/590741170810159104>",
                "text": "In our dream social media profiles reflect the content of people's characters not routes to returns on investment <https:\/\/twitter.com\/Synereo|@Synereo>. #SynereoMeme",
                "service_name": "twitter",
                "service_url": "https:\/\/twitter.com\/",
                "id": 1
            }
        ],
        "type": "message",
        "subtype": "bot_message",
        "ts": "1429678645.000227"
    },
    {
        "bot_id": "B04FD5HLZ",
        "attachments": [
            {
                "fallback": "<https:\/\/twitter.com\/kor3shan|@kor3shan>: Prosumer? <https:\/\/twitter.com\/Synereo|@Synereo>. #SynereoSlogan",
                "author_name": "Crypto_Singularity",
                "author_link": "https:\/\/twitter.com\/kor3shan\/status\/590741574788763649",
                "author_icon": "https:\/\/pbs.twimg.com\/profile_images\/569838558920577024\/VR3hCEYj_normal.jpeg",
                "author_subname": "@kor3shan",
                "pretext": "<https:\/\/twitter.com\/kor3shan\/status\/590741574788763649>",
                "text": "Prosumer? <https:\/\/twitter.com\/Synereo|@Synereo>. #SynereoSlogan",
                "service_name": "twitter",
                "service_url": "https:\/\/twitter.com\/",
                "id": 1
            }
        ],
        "type": "message",
        "subtype": "bot_message",
        "ts": "1429678741.000228"
    },
    {
        "bot_id": "B04FD5HLZ",
        "attachments": [
            {
                "fallback": "<https:\/\/twitter.com\/kor3shan|@kor3shan>: We provide the platform. You control the content. Rediscover social media with <https:\/\/twitter.com\/Synereo|@Synereo>. #SynereoMeme",
                "author_name": "Crypto_Singularity",
                "author_link": "https:\/\/twitter.com\/kor3shan\/status\/590748331049103360",
                "author_icon": "https:\/\/pbs.twimg.com\/profile_images\/569838558920577024\/VR3hCEYj_normal.jpeg",
                "author_subname": "@kor3shan",
                "pretext": "<https:\/\/twitter.com\/kor3shan\/status\/590748331049103360>",
                "text": "We provide the platform. You control the content. Rediscover social media with <https:\/\/twitter.com\/Synereo|@Synereo>. #SynereoMeme",
                "service_name": "twitter",
                "service_url": "https:\/\/twitter.com\/",
                "id": 1
            }
        ],
        "type": "message",
        "subtype": "bot_message",
        "ts": "1429680352.000229"
    }
]