[
    {
        "user": "U04DJ5PUP",
        "type": "message",
        "subtype": "channel_join",
        "text": "<@U04DJ5PUP|jankei> has joined the channel",
        "ts": "1429097393.000044"
    },
    {
        "type": "message",
        "user": "U0474AT8P",
        "text": "Community Hangout in 1 HOUR: LivelyGig Partnership + How to build apps on top of Synereo. <https:\/\/twitter.com\/Synereo\/status\/588416183235260417>\n\nHangout: <https:\/\/plus.google.com\/u\/1\/b\/109002904706315055045\/events\/c9oi6biisaghei9dt950p0imfsg>",
        "attachments": [
            {
                "fallback": "<https:\/\/twitter.com\/Synereo|@Synereo>: 1 HOUR to our Community Hangout: <https:\/\/twitter.com\/LivelyGig|@LivelyGig> partnership announcement + how to build apps on top of <https:\/\/twitter.com\/Synereo|@Synereo> <https:\/\/plus.google.com\/u\/1\/b\/109002904706315055045\/events\/c9oi6biisaghei9dt950p0imfsg> #bitcoin",
                "ts": 1429124324,
                "author_name": "Synereo",
                "author_link": "https:\/\/twitter.com\/Synereo\/status\/588416183235260417",
                "author_icon": "https:\/\/pbs.twimg.com\/profile_images\/522790259789025280\/FKRuSK66_normal.png",
                "author_subname": "@Synereo",
                "text": "1 HOUR to our Community Hangout: <https:\/\/twitter.com\/LivelyGig|@LivelyGig> partnership announcement + how to build apps on top of <https:\/\/twitter.com\/Synereo|@Synereo> <https:\/\/plus.google.com\/u\/1\/b\/109002904706315055045\/events\/c9oi6biisaghei9dt950p0imfsg> #bitcoin",
                "service_name": "twitter",
                "service_url": "https:\/\/twitter.com\/",
                "from_url": "https:\/\/twitter.com\/Synereo\/status\/588416183235260417",
                "id": 1
            },
            {
                "service_name": "Google+",
                "title": "Synereo Community Hangout - LivelyGig partnership announcement! - Google+",
                "title_link": "https:\/\/plus.google.com\/u\/1\/b\/109002904706315055045\/events\/c9oi6biisaghei9dt950p0imfsg",
                "text": "Come join LivelyGig founder, Ed Eykholt, and the Synereo team to talk about this new collaboration.",
                "fallback": "Google+: Synereo Community Hangout - LivelyGig partnership announcement! - Google+",
                "image_url": "https:\/\/lh3.googleusercontent.com\/-aTY2MzJd1G4\/VS6zzSSdvmI\/AAAAAAAAAAA\/ktOW8IeXarM\/w940-h280-n\/event_theme.jpg",
                "from_url": "https:\/\/plus.google.com\/u\/1\/b\/109002904706315055045\/events\/c9oi6biisaghei9dt950p0imfsg",
                "image_width": 839,
                "image_height": 250,
                "image_bytes": 32822,
                "id": 2
            }
        ],
        "ts": "1429124468.000045"
    },
    {
        "type": "message",
        "user": "U0474AT8P",
        "text": "<https:\/\/twitter.com\/Synereo\/status\/588448962417266688>",
        "attachments": [
            {
                "fallback": "<https:\/\/twitter.com\/Synereo|@Synereo>: We are thrilled to announce a partnership between <https:\/\/twitter.com\/LivelyGig|@LivelyGig> + <https:\/\/twitter.com\/Synereo|@Synereo> <http:\/\/blog.synereo.com\/2015\/04\/15\/livelygig-synereo> <http:\/\/www.livelygig.com> <https:\/\/pbs.twimg.com\/media\/CCqWje6UsAAVosh.png>",
                "ts": 1429132140,
                "author_name": "Synereo",
                "author_link": "https:\/\/twitter.com\/Synereo\/status\/588448962417266688",
                "author_icon": "https:\/\/pbs.twimg.com\/profile_images\/522790259789025280\/FKRuSK66_normal.png",
                "author_subname": "@Synereo",
                "text": "We are thrilled to announce a partnership between <https:\/\/twitter.com\/LivelyGig|@LivelyGig> + <https:\/\/twitter.com\/Synereo|@Synereo> <http:\/\/blog.synereo.com\/2015\/04\/15\/livelygig-synereo> <http:\/\/www.livelygig.com> <https:\/\/pbs.twimg.com\/media\/CCqWje6UsAAVosh.png>",
                "service_name": "twitter",
                "service_url": "https:\/\/twitter.com\/",
                "image_url": "https:\/\/pbs.twimg.com\/media\/CCqWje6UsAAVosh.png",
                "image_width": 600,
                "image_height": 371,
                "image_bytes": 111752,
                "from_url": "https:\/\/twitter.com\/Synereo\/status\/588448962417266688",
                "id": 1
            }
        ],
        "ts": "1429132213.000047"
    },
    {
        "user": "U049ZG924",
        "type": "message",
        "subtype": "channel_join",
        "text": "<@U049ZG924|vax> has joined the channel",
        "ts": "1429145442.000049"
    }
]