[
    {
        "user": "U0474AT8P",
        "type": "message",
        "subtype": "channel_join",
        "text": "<@U0474AT8P|nic> has joined the channel",
        "ts": "1427988301.000002"
    },
    {
        "user": "U0474AT8P",
        "purpose": "For all Synereo news",
        "type": "message",
        "subtype": "channel_purpose",
        "text": "<@U0474AT8P|nic> set the channel purpose: For all Synereo news",
        "ts": "1427988302.000003"
    },
    {
        "user": "U0474E4KZ",
        "type": "message",
        "subtype": "channel_join",
        "text": "<@U0474E4KZ|dor> has joined the channel",
        "ts": "1428004920.000004"
    },
    {
        "type": "message",
        "user": "U0474E4KZ",
        "text": "<http:\/\/www.reddit.com\/r\/Bitcoin\/comments\/3188vk\/working_prototype_of_fully_decentralized_and\/>",
        "attachments": [
            {
                "service_name": "reddit",
                "title": "Working prototype of fully decentralized and... \u2022 \/r\/Bitcoin",
                "title_link": "http:\/\/www.reddit.com\/r\/Bitcoin\/comments\/3188vk\/working_prototype_of_fully_decentralized_and\/",
                "text": "1 points and 0 comments so far on reddit",
                "fallback": "reddit: Working prototype of fully decentralized and... \u2022 \/r\/Bitcoin",
                "thumb_url": "http:\/\/b.thumbs.redditmedia.com\/j-ybT1KbmfLmlcvWmBl685MDECcWYsa7s4T8WgAs67o.jpg",
                "from_url": "http:\/\/www.reddit.com\/r\/Bitcoin\/comments\/3188vk\/working_prototype_of_fully_decentralized_and\/",
                "thumb_width": 140,
                "thumb_height": 93,
                "id": 1
            }
        ],
        "ts": "1428004923.000005"
    },
    {
        "user": "U048X85UT",
        "type": "message",
        "subtype": "channel_join",
        "text": "<@U048X85UT|jimscarver> has joined the channel",
        "ts": "1428014875.000007"
    },
    {
        "user": "U04910F4Z",
        "type": "message",
        "subtype": "channel_join",
        "text": "<@U04910F4Z|jsgalt> has joined the channel",
        "ts": "1428028114.000008"
    }
]