[
    {
        "bot_id": "B04FD5HLZ",
        "attachments": [
            {
                "fallback": "<https:\/\/twitter.com\/LivelyGig|@LivelyGig>: Great to see our friends at <https:\/\/twitter.com\/Synereo|@Synereo> listed on VentureRadar's <http:\/\/blog.ventureradar.com\/2015\/09\/08\/top-25-non-financial-blockchain-startups> <https:\/\/pbs.twimg.com\/media\/CObC9LrVAAEwz-X.png>",
                "author_name": "LivelyGig",
                "author_link": "https:\/\/twitter.com\/LivelyGig\/status\/641414354009624576",
                "author_icon": "https:\/\/pbs.twimg.com\/profile_images\/626947753394896896\/kG-odpkd_normal.png",
                "author_subname": "@LivelyGig",
                "pretext": "<https:\/\/twitter.com\/LivelyGig\/status\/641414354009624576>",
                "text": "Great to see our friends at <https:\/\/twitter.com\/Synereo|@Synereo> listed on VentureRadar's <http:\/\/blog.ventureradar.com\/2015\/09\/08\/top-25-non-financial-blockchain-startups> <https:\/\/pbs.twimg.com\/media\/CObC9LrVAAEwz-X.png>",
                "service_name": "twitter",
                "service_url": "https:\/\/twitter.com\/",
                "image_url": "https:\/\/pbs.twimg.com\/media\/CObC9LrVAAEwz-X.png",
                "image_width": 599,
                "image_height": 337,
                "image_bytes": 142885,
                "id": 1,
                "footer": "Retweeted by <https:\/\/twitter.com\/Synereo\/status\/641618402839298048|@Synereo>"
            }
        ],
        "type": "message",
        "subtype": "bot_message",
        "ts": "1441808722.000003"
    },
    {
        "bot_id": "B04FD5HLZ",
        "attachments": [
            {
                "fallback": "<https:\/\/twitter.com\/Synereo|@Synereo>: We are on <https:\/\/twitter.com\/venture_radar|@venture_radar> top 25 #startups among those disrupting non-financial markets.  <http:\/\/blog.ventureradar.com\/2015\/09\/08\/top-25-non-financial-blockchain-startups> #bitcoin #social #fintech",
                "author_name": "Synereo",
                "author_link": "https:\/\/twitter.com\/Synereo\/status\/641619236868255744",
                "author_icon": "https:\/\/pbs.twimg.com\/profile_images\/522790259789025280\/FKRuSK66_normal.png",
                "author_subname": "@Synereo",
                "pretext": "<https:\/\/twitter.com\/Synereo\/status\/641619236868255744>",
                "text": "We are on <https:\/\/twitter.com\/venture_radar|@venture_radar> top 25 #startups among those disrupting non-financial markets.  <http:\/\/blog.ventureradar.com\/2015\/09\/08\/top-25-non-financial-blockchain-startups> #bitcoin #social #fintech",
                "service_name": "twitter",
                "service_url": "https:\/\/twitter.com\/",
                "id": 1
            }
        ],
        "type": "message",
        "subtype": "bot_message",
        "ts": "1441808921.000004"
    },
    {
        "bot_id": "B04FD5HLZ",
        "attachments": [
            {
                "fallback": "<https:\/\/twitter.com\/Synereo|@Synereo>: The <https:\/\/twitter.com\/Synereo|@Synereo> Community Hangout is TODAY at 19 GMT. Join the team for the latest news and updates. <https:\/\/plus.google.com\/u\/0\/b\/109002904706315055045\/events\/clif2ohs68dckqe486rh3l3n0e0> #bitcoin #social",
                "author_name": "Synereo",
                "author_link": "https:\/\/twitter.com\/Synereo\/status\/641619608571674624",
                "author_icon": "https:\/\/pbs.twimg.com\/profile_images\/522790259789025280\/FKRuSK66_normal.png",
                "author_subname": "@Synereo",
                "pretext": "<https:\/\/twitter.com\/Synereo\/status\/641619608571674624>",
                "text": "The <https:\/\/twitter.com\/Synereo|@Synereo> Community Hangout is TODAY at 19 GMT. Join the team for the latest news and updates. <https:\/\/plus.google.com\/u\/0\/b\/109002904706315055045\/events\/clif2ohs68dckqe486rh3l3n0e0> #bitcoin #social",
                "service_name": "twitter",
                "service_url": "https:\/\/twitter.com\/",
                "id": 1
            }
        ],
        "type": "message",
        "subtype": "bot_message",
        "ts": "1441809010.000005"
    },
    {
        "bot_id": "B04FD5HLZ",
        "attachments": [
            {
                "fallback": "<https:\/\/twitter.com\/Synereo|@Synereo>: LIVE RIGHT NOW! <https:\/\/twitter.com\/Synereo|@Synereo> Community Hangout. Join the team for the latest news and updates. <https:\/\/plus.google.com\/u\/0\/b\/109002904706315055045\/events\/clif2ohs68dckqe486rh3l3n0e0> #bitcoin #fintech #social",
                "author_name": "Synereo",
                "author_link": "https:\/\/twitter.com\/Synereo\/status\/641674945378955264",
                "author_icon": "https:\/\/pbs.twimg.com\/profile_images\/522790259789025280\/FKRuSK66_normal.png",
                "author_subname": "@Synereo",
                "pretext": "<https:\/\/twitter.com\/Synereo\/status\/641674945378955264>",
                "text": "LIVE RIGHT NOW! <https:\/\/twitter.com\/Synereo|@Synereo> Community Hangout. Join the team for the latest news and updates. <https:\/\/plus.google.com\/u\/0\/b\/109002904706315055045\/events\/clif2ohs68dckqe486rh3l3n0e0> #bitcoin #fintech #social",
                "service_name": "twitter",
                "service_url": "https:\/\/twitter.com\/",
                "id": 1
            }
        ],
        "type": "message",
        "subtype": "bot_message",
        "ts": "1441822204.000006"
    }
]