[
    {
        "bot_id": "B04FD5HLZ",
        "attachments": [
            {
                "fallback": "<https:\/\/twitter.com\/namjar|@namjar>: <https:\/\/twitter.com\/Synereo|@Synereo> need a good Chinese name, I named <https:\/\/twitter.com\/Synereo|@Synereo> be \"\u534f\u8bfa\" ( Xie Nuo), \u534f \uff1d \"cooperation\", \"synergistic\",   \u8bfa = yes, promise #Synereo\u534f\u8bfa",
                "author_name": "namjar",
                "author_link": "https:\/\/twitter.com\/namjar\/status\/590079186422738944",
                "author_icon": "https:\/\/pbs.twimg.com\/profile_images\/477473270296371200\/FPutweAx_normal.jpeg",
                "author_subname": "@namjar",
                "pretext": "<https:\/\/twitter.com\/namjar\/status\/590079186422738944>",
                "text": "<https:\/\/twitter.com\/Synereo|@Synereo> need a good Chinese name, I named <https:\/\/twitter.com\/Synereo|@Synereo> be \"\u534f\u8bfa\" ( Xie Nuo), \u534f \uff1d \"cooperation\", \"synergistic\",   \u8bfa = yes, promise #Synereo\u534f\u8bfa",
                "service_name": "twitter",
                "service_url": "https:\/\/twitter.com\/",
                "id": 1
            }
        ],
        "type": "message",
        "subtype": "bot_message",
        "ts": "1429520816.000111"
    },
    {
        "bot_id": "B04FD5HLZ",
        "attachments": [
            {
                "fallback": "<https:\/\/twitter.com\/namjar|@namjar>: <https:\/\/twitter.com\/Synereo|@Synereo> need a good Chinese name, I named <https:\/\/twitter.com\/Synereo|@Synereo> be \"\u534f\u8bfa\" ( Xie Nuo), \u534f \uff1d \"cooperation\", \"synergistic\",   \u8bfa = \"yes\", \"promise\" #Synereo\u534f\u8bfa",
                "author_name": "namjar",
                "author_link": "https:\/\/twitter.com\/namjar\/status\/590080600305860609",
                "author_icon": "https:\/\/pbs.twimg.com\/profile_images\/477473270296371200\/FPutweAx_normal.jpeg",
                "author_subname": "@namjar",
                "pretext": "<https:\/\/twitter.com\/namjar\/status\/590080600305860609>",
                "text": "<https:\/\/twitter.com\/Synereo|@Synereo> need a good Chinese name, I named <https:\/\/twitter.com\/Synereo|@Synereo> be \"\u534f\u8bfa\" ( Xie Nuo), \u534f \uff1d \"cooperation\", \"synergistic\",   \u8bfa = \"yes\", \"promise\" #Synereo\u534f\u8bfa",
                "service_name": "twitter",
                "service_url": "https:\/\/twitter.com\/",
                "id": 1
            }
        ],
        "type": "message",
        "subtype": "bot_message",
        "ts": "1429521153.000112"
    },
    {
        "bot_id": "B04FD5HLZ",
        "attachments": [
            {
                "fallback": "<https:\/\/twitter.com\/CoinFeedNet|@CoinFeedNet>: <https:\/\/twitter.com\/Synereo|@Synereo> will be closed the 1st round crowdfunding soon, the URL is <https:\/\/crowdsale.synereo.com|https:\/\/crowdsale.synereo.com> #SynereoCool #Synereo\u534f\u8bfa #\u534f\u8bfa",
                "author_name": "Coin Feed",
                "author_link": "https:\/\/twitter.com\/CoinFeedNet\/status\/590082591530749952",
                "author_icon": "https:\/\/pbs.twimg.com\/profile_images\/378800000532763423\/c703bf29da503acbaa7ff57d21402a1e_normal.png",
                "author_subname": "@CoinFeedNet",
                "pretext": "<https:\/\/twitter.com\/CoinFeedNet\/status\/590082591530749952>",
                "text": "<https:\/\/twitter.com\/Synereo|@Synereo> will be closed the 1st round crowdfunding soon, the URL is <https:\/\/crowdsale.synereo.com|https:\/\/crowdsale.synereo.com> #SynereoCool #Synereo\u534f\u8bfa #\u534f\u8bfa",
                "service_name": "twitter",
                "service_url": "https:\/\/twitter.com\/",
                "id": 1
            }
        ],
        "type": "message",
        "subtype": "bot_message",
        "ts": "1429521627.000113"
    },
    {
        "bot_id": "B04FD5HLZ",
        "attachments": [
            {
                "fallback": "<https:\/\/twitter.com\/Synereo|@Synereo>: Would you like 50K AMPs? There\u2019s a bounty for that. Submit your entries <https:\/\/twitter.com\/Synereo|@Synereo> NOW! <http:\/\/blog.synereo.com\/2015\/04\/17\/twitter-bounties\/> #bitcoin <https:\/\/pbs.twimg.com\/media\/CC_Tj3rVAAAF0lA.jpg>",
                "author_name": "Synereo",
                "author_link": "https:\/\/twitter.com\/Synereo\/status\/590107757744754688",
                "author_icon": "https:\/\/pbs.twimg.com\/profile_images\/522790259789025280\/FKRuSK66_normal.png",
                "author_subname": "@Synereo",
                "pretext": "<https:\/\/twitter.com\/Synereo\/status\/590107757744754688>",
                "text": "Would you like 50K AMPs? There\u2019s a bounty for that. Submit your entries <https:\/\/twitter.com\/Synereo|@Synereo> NOW! <http:\/\/blog.synereo.com\/2015\/04\/17\/twitter-bounties\/> #bitcoin <https:\/\/pbs.twimg.com\/media\/CC_Tj3rVAAAF0lA.jpg>",
                "service_name": "twitter",
                "service_url": "https:\/\/twitter.com\/",
                "image_url": "https:\/\/pbs.twimg.com\/media\/CC_Tj3rVAAAF0lA.jpg",
                "image_width": 599,
                "image_height": 313,
                "image_bytes": 32511,
                "id": 1
            }
        ],
        "type": "message",
        "subtype": "bot_message",
        "ts": "1429527628.000114"
    },
    {
        "bot_id": "B04FD5HLZ",
        "attachments": [
            {
                "fallback": "<https:\/\/twitter.com\/Theo_Bliss|@Theo_Bliss>: <https:\/\/twitter.com\/Synereo|@Synereo> #SyenereoMeme (Gratitude) <https:\/\/pbs.twimg.com\/media\/CDCDy4WUMAAAEfw.jpg>",
                "author_name": "Theo \u0e3fliss",
                "author_link": "https:\/\/twitter.com\/Theo_Bliss\/status\/590116463232462848",
                "author_icon": "https:\/\/pbs.twimg.com\/profile_images\/568636654286434304\/zjQP0Xn0_normal.jpeg",
                "author_subname": "@Theo_Bliss",
                "pretext": "<https:\/\/twitter.com\/Theo_Bliss\/status\/590116463232462848>",
                "text": "<https:\/\/twitter.com\/Synereo|@Synereo> #SyenereoMeme (Gratitude) <https:\/\/pbs.twimg.com\/media\/CDCDy4WUMAAAEfw.jpg>",
                "service_name": "twitter",
                "service_url": "https:\/\/twitter.com\/",
                "image_url": "https:\/\/pbs.twimg.com\/media\/CDCDy4WUMAAAEfw.jpg",
                "image_width": 600,
                "image_height": 770,
                "image_bytes": 57571,
                "id": 1
            }
        ],
        "type": "message",
        "subtype": "bot_message",
        "ts": "1429529703.000115"
    },
    {
        "bot_id": "B04FD5HLZ",
        "attachments": [
            {
                "fallback": "<https:\/\/twitter.com\/SuRAJ_iMAX|@SuRAJ_iMAX>: Privacy ????? LOL <https:\/\/twitter.com\/Synereo|@Synereo> #SyenereoMeme (Privacy Overrated) <https:\/\/pbs.twimg.com\/media\/CDCIOonVAAATKbP.jpg>",
                "author_name": "SURAJ PATEL",
                "author_link": "https:\/\/twitter.com\/SuRAJ_iMAX\/status\/590121338053898240",
                "author_icon": "https:\/\/pbs.twimg.com\/profile_images\/589729270022307840\/PCbIRgbu_normal.jpg",
                "author_subname": "@SuRAJ_iMAX",
                "pretext": "<https:\/\/twitter.com\/SuRAJ_iMAX\/status\/590121338053898240>",
                "text": "Privacy ????? LOL <https:\/\/twitter.com\/Synereo|@Synereo> #SyenereoMeme (Privacy Overrated) <https:\/\/pbs.twimg.com\/media\/CDCIOonVAAATKbP.jpg>",
                "service_name": "twitter",
                "service_url": "https:\/\/twitter.com\/",
                "image_url": "https:\/\/pbs.twimg.com\/media\/CDCIOonVAAATKbP.jpg",
                "image_width": 510,
                "image_height": 383,
                "image_bytes": 33099,
                "id": 1
            }
        ],
        "type": "message",
        "subtype": "bot_message",
        "ts": "1429530865.000116"
    },
    {
        "bot_id": "B04FD5HLZ",
        "attachments": [
            {
                "fallback": "<https:\/\/twitter.com\/SuRAJ_iMAX|@SuRAJ_iMAX>: Reach your audience on internet Directly Without any 3rd Party With next generation Social Network <https:\/\/twitter.com\/Synereo|@Synereo> #SynereoHunt <https:\/\/twitter.com\/ClaudiaLeitte|@ClaudiaLeitte>",
                "author_name": "SURAJ PATEL",
                "author_link": "https:\/\/twitter.com\/SuRAJ_iMAX\/status\/590121872169172992",
                "author_icon": "https:\/\/pbs.twimg.com\/profile_images\/589729270022307840\/PCbIRgbu_normal.jpg",
                "author_subname": "@SuRAJ_iMAX",
                "pretext": "<https:\/\/twitter.com\/SuRAJ_iMAX\/status\/590121872169172992>",
                "text": "Reach your audience on internet Directly Without any 3rd Party With next generation Social Network <https:\/\/twitter.com\/Synereo|@Synereo> #SynereoHunt <https:\/\/twitter.com\/ClaudiaLeitte|@ClaudiaLeitte>",
                "service_name": "twitter",
                "service_url": "https:\/\/twitter.com\/",
                "id": 1
            }
        ],
        "type": "message",
        "subtype": "bot_message",
        "ts": "1429530993.000117"
    },
    {
        "bot_id": "B04FD5HLZ",
        "attachments": [
            {
                "fallback": "<https:\/\/twitter.com\/Theo_Bliss|@Theo_Bliss>: <https:\/\/twitter.com\/Synereo|@Synereo> #SyenereoMeme (I am Just Saying) <https:\/\/pbs.twimg.com\/media\/CDCJY7vVAAAwc0Z.jpg>",
                "author_name": "Theo \u0e3fliss",
                "author_link": "https:\/\/twitter.com\/Theo_Bliss\/status\/590122614409965568",
                "author_icon": "https:\/\/pbs.twimg.com\/profile_images\/568636654286434304\/zjQP0Xn0_normal.jpeg",
                "author_subname": "@Theo_Bliss",
                "pretext": "<https:\/\/twitter.com\/Theo_Bliss\/status\/590122614409965568>",
                "text": "<https:\/\/twitter.com\/Synereo|@Synereo> #SyenereoMeme (I am Just Saying) <https:\/\/pbs.twimg.com\/media\/CDCJY7vVAAAwc0Z.jpg>",
                "service_name": "twitter",
                "service_url": "https:\/\/twitter.com\/",
                "image_url": "https:\/\/pbs.twimg.com\/media\/CDCJY7vVAAAwc0Z.jpg",
                "image_width": 600,
                "image_height": 428,
                "image_bytes": 40403,
                "id": 1
            }
        ],
        "type": "message",
        "subtype": "bot_message",
        "ts": "1429531170.000118"
    },
    {
        "bot_id": "B04FD5HLZ",
        "attachments": [
            {
                "fallback": "<https:\/\/twitter.com\/Synereo|@Synereo>: We will host a Reddit AMA TONIGHT at 21:00 GMT. Ask the <https:\/\/twitter.com\/Synereo|@Synereo> Founders ANYTHING. <http:\/\/www.reddit.com\/r\/Synereo\/comments\/3388l7\/synereo_team_ama_tonight_at_2100_gmt_come_ask_us\/> #bitcoin <https:\/\/pbs.twimg.com\/media\/CDCWdLlVEAAsmZ4.jpg>",
                "author_name": "Synereo",
                "author_link": "https:\/\/twitter.com\/Synereo\/status\/590137223904890880",
                "author_icon": "https:\/\/pbs.twimg.com\/profile_images\/522790259789025280\/FKRuSK66_normal.png",
                "author_subname": "@Synereo",
                "pretext": "<https:\/\/twitter.com\/Synereo\/status\/590137223904890880>",
                "text": "We will host a Reddit AMA TONIGHT at 21:00 GMT. Ask the <https:\/\/twitter.com\/Synereo|@Synereo> Founders ANYTHING. <http:\/\/www.reddit.com\/r\/Synereo\/comments\/3388l7\/synereo_team_ama_tonight_at_2100_gmt_come_ask_us\/> #bitcoin <https:\/\/pbs.twimg.com\/media\/CDCWdLlVEAAsmZ4.jpg>",
                "service_name": "twitter",
                "service_url": "https:\/\/twitter.com\/",
                "image_url": "https:\/\/pbs.twimg.com\/media\/CDCWdLlVEAAsmZ4.jpg",
                "image_width": 599,
                "image_height": 313,
                "image_bytes": 26421,
                "id": 1
            }
        ],
        "type": "message",
        "subtype": "bot_message",
        "ts": "1429534653.000119"
    },
    {
        "type": "message",
        "user": "U048X85UT",
        "text": "Wow! There's a winner :simple_smile:",
        "ts": "1429534748.000120"
    },
    {
        "type": "message",
        "user": "U048X85UT",
        "text": "Oops. the einstein meme  is gone, guess it is already a winner :stuck_out_tongue:",
        "ts": "1429534961.000121"
    },
    {
        "bot_id": "B04FD5HLZ",
        "attachments": [
            {
                "fallback": "<https:\/\/twitter.com\/CryptoSavvy|@CryptoSavvy>: <https:\/\/twitter.com\/Synereo|@Synereo> #SyenereoMeme (new facebookprivacy policy) <https:\/\/pbs.twimg.com\/media\/CDCZ1R5UUAAzp8s.jpg>",
                "author_name": "CryptoSavvy",
                "author_link": "https:\/\/twitter.com\/CryptoSavvy\/status\/590140694016069632",
                "author_icon": "https:\/\/pbs.twimg.com\/profile_images\/589800300606664704\/oZIA9ixV_normal.png",
                "author_subname": "@CryptoSavvy",
                "pretext": "<https:\/\/twitter.com\/CryptoSavvy\/status\/590140694016069632>",
                "text": "<https:\/\/twitter.com\/Synereo|@Synereo> #SyenereoMeme (new facebookprivacy policy) <https:\/\/pbs.twimg.com\/media\/CDCZ1R5UUAAzp8s.jpg>",
                "service_name": "twitter",
                "service_url": "https:\/\/twitter.com\/",
                "image_url": "https:\/\/pbs.twimg.com\/media\/CDCZ1R5UUAAzp8s.jpg",
                "image_width": 600,
                "image_height": 450,
                "image_bytes": 48158,
                "id": 1
            }
        ],
        "type": "message",
        "subtype": "bot_message",
        "ts": "1429535480.000122"
    },
    {
        "bot_id": "B04FD5HLZ",
        "attachments": [
            {
                "fallback": "<https:\/\/twitter.com\/jimscarver|@jimscarver>: \"Your way\", <https:\/\/twitter.com\/Synereo|@Synereo>,  not the FaceBook way. The \"anti-FaceBook.\" #FreeTrust <https:\/\/twitter.com\/provensecure|@provensecure> #SynereoMeme #SynereoSlogan",
                "author_name": "jimscarver",
                "author_link": "https:\/\/twitter.com\/jimscarver\/status\/590146846313553920",
                "author_icon": "https:\/\/pbs.twimg.com\/profile_images\/64612480\/P9130088_normal.JPG",
                "author_subname": "@jimscarver",
                "pretext": "<https:\/\/twitter.com\/jimscarver\/status\/590146846313553920>",
                "text": "\"Your way\", <https:\/\/twitter.com\/Synereo|@Synereo>,  not the FaceBook way. The \"anti-FaceBook.\" #FreeTrust <https:\/\/twitter.com\/provensecure|@provensecure> #SynereoMeme #SynereoSlogan",
                "service_name": "twitter",
                "service_url": "https:\/\/twitter.com\/",
                "id": 1
            }
        ],
        "type": "message",
        "subtype": "bot_message",
        "ts": "1429536947.000123"
    },
    {
        "bot_id": "B04FD5HLZ",
        "attachments": [
            {
                "fallback": "<https:\/\/twitter.com\/ZyWesieMatz|@ZyWesieMatz>: Make a difference, use Synereo <https:\/\/twitter.com\/Synereo|@Synereo>. #SynereoSlogan",
                "author_name": "Wes Iema",
                "author_link": "https:\/\/twitter.com\/ZyWesieMatz\/status\/590153303406878721",
                "author_icon": "https:\/\/abs.twimg.com\/sticky\/default_profile_images\/default_profile_2_normal.png",
                "author_subname": "@ZyWesieMatz",
                "pretext": "<https:\/\/twitter.com\/ZyWesieMatz\/status\/590153303406878721>",
                "text": "Make a difference, use Synereo <https:\/\/twitter.com\/Synereo|@Synereo>. #SynereoSlogan",
                "service_name": "twitter",
                "service_url": "https:\/\/twitter.com\/",
                "id": 1
            }
        ],
        "type": "message",
        "subtype": "bot_message",
        "ts": "1429538496.000124"
    },
    {
        "bot_id": "B04FD5HLZ",
        "attachments": [
            {
                "fallback": "<https:\/\/twitter.com\/Theo_Bliss|@Theo_Bliss>: Don't think much about the future.Just be here now. \n<https:\/\/twitter.com\/Synereo|@Synereo> #SynereoKu",
                "author_name": "Theo \u0e3fliss",
                "author_link": "https:\/\/twitter.com\/Theo_Bliss\/status\/590157259432337410",
                "author_icon": "https:\/\/pbs.twimg.com\/profile_images\/568636654286434304\/zjQP0Xn0_normal.jpeg",
                "author_subname": "@Theo_Bliss",
                "pretext": "<https:\/\/twitter.com\/Theo_Bliss\/status\/590157259432337410>",
                "text": "Don't think much about the future.Just be here now. \n<https:\/\/twitter.com\/Synereo|@Synereo> #SynereoKu",
                "service_name": "twitter",
                "service_url": "https:\/\/twitter.com\/",
                "id": 1
            }
        ],
        "type": "message",
        "subtype": "bot_message",
        "ts": "1429539430.000125"
    },
    {
        "bot_id": "B04FD5HLZ",
        "attachments": [
            {
                "fallback": "<https:\/\/twitter.com\/CryptoSavvy|@CryptoSavvy>: <https:\/\/twitter.com\/DavidChilderley|@DavidChilderley> Share your Wisdom With Open Decentralized Social Network <https:\/\/twitter.com\/Synereo|@Synereo>  #SynereoOps",
                "author_name": "CryptoSavvy",
                "author_link": "https:\/\/twitter.com\/CryptoSavvy\/status\/590157879220441088",
                "author_icon": "https:\/\/pbs.twimg.com\/profile_images\/589800300606664704\/oZIA9ixV_normal.png",
                "author_subname": "@CryptoSavvy",
                "pretext": "<https:\/\/twitter.com\/CryptoSavvy\/status\/590157879220441088>",
                "text": "<https:\/\/twitter.com\/DavidChilderley|@DavidChilderley> Share your Wisdom With Open Decentralized Social Network <https:\/\/twitter.com\/Synereo|@Synereo>  #SynereoOps",
                "service_name": "twitter",
                "service_url": "https:\/\/twitter.com\/",
                "id": 1
            }
        ],
        "type": "message",
        "subtype": "bot_message",
        "ts": "1429539577.000126"
    },
    {
        "bot_id": "B04FD5HLZ",
        "attachments": [
            {
                "fallback": "<https:\/\/twitter.com\/Theo_Bliss|@Theo_Bliss>: <https:\/\/twitter.com\/Synereo|@Synereo>  #SyenereoMeme (What if I told) <https:\/\/pbs.twimg.com\/media\/CDCrZPwUUAAqUm3.jpg>",
                "author_name": "Theo \u0e3fliss",
                "author_link": "https:\/\/twitter.com\/Theo_Bliss\/status\/590160003404734465",
                "author_icon": "https:\/\/pbs.twimg.com\/profile_images\/568636654286434304\/zjQP0Xn0_normal.jpeg",
                "author_subname": "@Theo_Bliss",
                "pretext": "<https:\/\/twitter.com\/Theo_Bliss\/status\/590160003404734465>",
                "text": "<https:\/\/twitter.com\/Synereo|@Synereo>  #SyenereoMeme (What if I told) <https:\/\/pbs.twimg.com\/media\/CDCrZPwUUAAqUm3.jpg>",
                "service_name": "twitter",
                "service_url": "https:\/\/twitter.com\/",
                "image_url": "https:\/\/pbs.twimg.com\/media\/CDCrZPwUUAAqUm3.jpg",
                "image_width": 600,
                "image_height": 543,
                "image_bytes": 49074,
                "id": 1
            }
        ],
        "type": "message",
        "subtype": "bot_message",
        "ts": "1429540084.000127"
    },
    {
        "type": "message",
        "user": "U048X85UT",
        "text": "nice!",
        "ts": "1429546159.000128"
    },
    {
        "bot_id": "B04FD5HLZ",
        "attachments": [
            {
                "fallback": "<https:\/\/twitter.com\/Theo_Bliss|@Theo_Bliss>: <https:\/\/twitter.com\/Synereo|@Synereo>  #SyenereoMeme (Be Anything) <https:\/\/pbs.twimg.com\/media\/CDDDY6pUMAARkjM.jpg>",
                "author_name": "Theo \u0e3fliss",
                "author_link": "https:\/\/twitter.com\/Theo_Bliss\/status\/590186386004660224",
                "author_icon": "https:\/\/pbs.twimg.com\/profile_images\/568636654286434304\/zjQP0Xn0_normal.jpeg",
                "author_subname": "@Theo_Bliss",
                "pretext": "<https:\/\/twitter.com\/Theo_Bliss\/status\/590186386004660224>",
                "text": "<https:\/\/twitter.com\/Synereo|@Synereo>  #SyenereoMeme (Be Anything) <https:\/\/pbs.twimg.com\/media\/CDDDY6pUMAARkjM.jpg>",
                "service_name": "twitter",
                "service_url": "https:\/\/twitter.com\/",
                "image_url": "https:\/\/pbs.twimg.com\/media\/CDDDY6pUMAARkjM.jpg",
                "image_width": 600,
                "image_height": 789,
                "image_bytes": 62402,
                "id": 1
            }
        ],
        "type": "message",
        "subtype": "bot_message",
        "ts": "1429546374.000129"
    },
    {
        "bot_id": "B04FD5HLZ",
        "attachments": [
            {
                "fallback": "<https:\/\/twitter.com\/Quantigic|@Quantigic>: <https:\/\/twitter.com\/Synereo|@Synereo> Paper <http:\/\/www.iijournals.com\/doi\/pdfplus\/10.3905\/jpm.2015.41.3.004> proposes novel use for algorithmic currency, J. Portfolio Management, 2015, 41(3): 4-6",
                "author_name": "Quantigic Solutions",
                "author_link": "https:\/\/twitter.com\/Quantigic\/status\/590194134905921536",
                "author_icon": "https:\/\/pbs.twimg.com\/profile_images\/1552331291\/QRM-TRM_normal.jpg",
                "author_subname": "@Quantigic",
                "pretext": "<https:\/\/twitter.com\/Quantigic\/status\/590194134905921536>",
                "text": "<https:\/\/twitter.com\/Synereo|@Synereo> Paper <http:\/\/www.iijournals.com\/doi\/pdfplus\/10.3905\/jpm.2015.41.3.004> proposes novel use for algorithmic currency, J. Portfolio Management, 2015, 41(3): 4-6",
                "service_name": "twitter",
                "service_url": "https:\/\/twitter.com\/",
                "id": 1
            }
        ],
        "type": "message",
        "subtype": "bot_message",
        "ts": "1429548221.000130"
    },
    {
        "bot_id": "B04FD5HLZ",
        "attachments": [
            {
                "fallback": "<https:\/\/twitter.com\/Theo_Bliss|@Theo_Bliss>: <https:\/\/twitter.com\/Synereo|@Synereo> #SyenereoMeme (XOXO) <https:\/\/pbs.twimg.com\/media\/CDDKuhJVEAEThzO.png>",
                "author_name": "Theo \u0e3fliss",
                "author_link": "https:\/\/twitter.com\/Theo_Bliss\/status\/590194453849051138",
                "author_icon": "https:\/\/pbs.twimg.com\/profile_images\/568636654286434304\/zjQP0Xn0_normal.jpeg",
                "author_subname": "@Theo_Bliss",
                "pretext": "<https:\/\/twitter.com\/Theo_Bliss\/status\/590194453849051138>",
                "text": "<https:\/\/twitter.com\/Synereo|@Synereo> #SyenereoMeme (XOXO) <https:\/\/pbs.twimg.com\/media\/CDDKuhJVEAEThzO.png>",
                "service_name": "twitter",
                "service_url": "https:\/\/twitter.com\/",
                "image_url": "https:\/\/pbs.twimg.com\/media\/CDDKuhJVEAEThzO.png",
                "image_width": 600,
                "image_height": 550,
                "image_bytes": 85783,
                "id": 1
            }
        ],
        "type": "message",
        "subtype": "bot_message",
        "ts": "1429548298.000131"
    },
    {
        "bot_id": "B04FD5HLZ",
        "attachments": [
            {
                "fallback": "<https:\/\/twitter.com\/CryptoSavvy|@CryptoSavvy>: Privacy problems can only be solved by <https:\/\/twitter.com\/Synereo|@Synereo> #SynereoSlogan",
                "author_name": "CryptoSavvy",
                "author_link": "https:\/\/twitter.com\/CryptoSavvy\/status\/590195765538000896",
                "author_icon": "https:\/\/pbs.twimg.com\/profile_images\/589800300606664704\/oZIA9ixV_normal.png",
                "author_subname": "@CryptoSavvy",
                "pretext": "<https:\/\/twitter.com\/CryptoSavvy\/status\/590195765538000896>",
                "text": "Privacy problems can only be solved by <https:\/\/twitter.com\/Synereo|@Synereo> #SynereoSlogan",
                "service_name": "twitter",
                "service_url": "https:\/\/twitter.com\/",
                "id": 1
            }
        ],
        "type": "message",
        "subtype": "bot_message",
        "ts": "1429548610.000132"
    },
    {
        "bot_id": "B04FD5HLZ",
        "attachments": [
            {
                "fallback": "<https:\/\/twitter.com\/CryptoSavvy|@CryptoSavvy>: <https:\/\/twitter.com\/Synereo|@Synereo> The miracles of decentralized World #SynereoSlogan",
                "author_name": "CryptoSavvy",
                "author_link": "https:\/\/twitter.com\/CryptoSavvy\/status\/590197382760955905",
                "author_icon": "https:\/\/pbs.twimg.com\/profile_images\/589800300606664704\/oZIA9ixV_normal.png",
                "author_subname": "@CryptoSavvy",
                "pretext": "<https:\/\/twitter.com\/CryptoSavvy\/status\/590197382760955905>",
                "text": "<https:\/\/twitter.com\/Synereo|@Synereo> The miracles of decentralized World #SynereoSlogan",
                "service_name": "twitter",
                "service_url": "https:\/\/twitter.com\/",
                "id": 1
            }
        ],
        "type": "message",
        "subtype": "bot_message",
        "ts": "1429548996.000133"
    },
    {
        "bot_id": "B04FD5HLZ",
        "attachments": [
            {
                "fallback": "<https:\/\/twitter.com\/CryptoSavvy|@CryptoSavvy>: <https:\/\/twitter.com\/Synereo|@Synereo> Pleasing people the world over decentralized Social network #SynereoSlogan",
                "author_name": "CryptoSavvy",
                "author_link": "https:\/\/twitter.com\/CryptoSavvy\/status\/590197992130420736",
                "author_icon": "https:\/\/pbs.twimg.com\/profile_images\/589800300606664704\/oZIA9ixV_normal.png",
                "author_subname": "@CryptoSavvy",
                "pretext": "<https:\/\/twitter.com\/CryptoSavvy\/status\/590197992130420736>",
                "text": "<https:\/\/twitter.com\/Synereo|@Synereo> Pleasing people the world over decentralized Social network #SynereoSlogan",
                "service_name": "twitter",
                "service_url": "https:\/\/twitter.com\/",
                "id": 1
            }
        ],
        "type": "message",
        "subtype": "bot_message",
        "ts": "1429549141.000134"
    },
    {
        "bot_id": "B04FD5HLZ",
        "attachments": [
            {
                "fallback": "<https:\/\/twitter.com\/CryptoSavvy|@CryptoSavvy>: <https:\/\/twitter.com\/Synereo|@Synereo> :- The happiest Social place on earth. #SynereoSlogan",
                "author_name": "CryptoSavvy",
                "author_link": "https:\/\/twitter.com\/CryptoSavvy\/status\/590198533367566338",
                "author_icon": "https:\/\/pbs.twimg.com\/profile_images\/589800300606664704\/oZIA9ixV_normal.png",
                "author_subname": "@CryptoSavvy",
                "pretext": "<https:\/\/twitter.com\/CryptoSavvy\/status\/590198533367566338>",
                "text": "<https:\/\/twitter.com\/Synereo|@Synereo> :- The happiest Social place on earth. #SynereoSlogan",
                "service_name": "twitter",
                "service_url": "https:\/\/twitter.com\/",
                "id": 1
            }
        ],
        "type": "message",
        "subtype": "bot_message",
        "ts": "1429549274.000135"
    },
    {
        "bot_id": "B04FD5HLZ",
        "attachments": [
            {
                "fallback": "<https:\/\/twitter.com\/CryptoSavvy|@CryptoSavvy>: <https:\/\/twitter.com\/Synereo|@Synereo> :- Connecting people without selling them. #SynereoSlogan",
                "author_name": "CryptoSavvy",
                "author_link": "https:\/\/twitter.com\/CryptoSavvy\/status\/590199099942572032",
                "author_icon": "https:\/\/pbs.twimg.com\/profile_images\/589800300606664704\/oZIA9ixV_normal.png",
                "author_subname": "@CryptoSavvy",
                "pretext": "<https:\/\/twitter.com\/CryptoSavvy\/status\/590199099942572032>",
                "text": "<https:\/\/twitter.com\/Synereo|@Synereo> :- Connecting people without selling them. #SynereoSlogan",
                "service_name": "twitter",
                "service_url": "https:\/\/twitter.com\/",
                "id": 1
            }
        ],
        "type": "message",
        "subtype": "bot_message",
        "ts": "1429549405.000136"
    },
    {
        "bot_id": "B04FD5HLZ",
        "attachments": [
            {
                "fallback": "<https:\/\/twitter.com\/getclef|@getclef>: Dor Konforty <https:\/\/twitter.com\/Synereo|@Synereo>'s CEO feeling when he logged in to <https:\/\/twitter.com\/BitsparkBTC|@BitsparkBTC> with <https:\/\/twitter.com\/getclef|@getclef>...",
                "author_name": "Clef",
                "author_link": "https:\/\/twitter.com\/getclef\/status\/590199834419863552",
                "author_icon": "https:\/\/pbs.twimg.com\/profile_images\/555171061658943488\/7woMoQ1Y_normal.png",
                "author_subname": "@getclef",
                "pretext": "<https:\/\/twitter.com\/getclef\/status\/590199834419863552>",
                "text": "Dor Konforty <https:\/\/twitter.com\/Synereo|@Synereo>'s CEO feeling when he logged in to <https:\/\/twitter.com\/BitsparkBTC|@BitsparkBTC> with <https:\/\/twitter.com\/getclef|@getclef>...",
                "service_name": "twitter",
                "service_url": "https:\/\/twitter.com\/",
                "id": 1
            }
        ],
        "type": "message",
        "subtype": "bot_message",
        "ts": "1429549580.000137"
    },
    {
        "bot_id": "B04FD5HLZ",
        "attachments": [
            {
                "fallback": "<https:\/\/twitter.com\/CryptoSavvy|@CryptoSavvy>: Share moments. Share life. on your own social network <https:\/\/twitter.com\/Synereo|@Synereo> #SynereoSlogan",
                "author_name": "CryptoSavvy",
                "author_link": "https:\/\/twitter.com\/CryptoSavvy\/status\/590199919203340289",
                "author_icon": "https:\/\/pbs.twimg.com\/profile_images\/589800300606664704\/oZIA9ixV_normal.png",
                "author_subname": "@CryptoSavvy",
                "pretext": "<https:\/\/twitter.com\/CryptoSavvy\/status\/590199919203340289>",
                "text": "Share moments. Share life. on your own social network <https:\/\/twitter.com\/Synereo|@Synereo> #SynereoSlogan",
                "service_name": "twitter",
                "service_url": "https:\/\/twitter.com\/",
                "id": 1
            }
        ],
        "type": "message",
        "subtype": "bot_message",
        "ts": "1429549600.000138"
    },
    {
        "bot_id": "B04FD5HLZ",
        "attachments": [
            {
                "fallback": "<https:\/\/twitter.com\/getclef|@getclef>: I made a GIF!Dor Konforty <https:\/\/twitter.com\/Synereo|@Synereo>'s CEO feeling when he logged in to <https:\/\/twitter.com\/BitsparkBTC|@BitsparkBTC> with <https:\/\/twitter.com\/getclef|@getclef>... <https:\/\/getclef.com\/share\/reaction\/1ccfd1f861\/?_ga=1.251825423.720955144.1429392836> <https:\/\/twitter.com\/Elokane|@Elokane>",
                "author_name": "Clef",
                "author_link": "https:\/\/twitter.com\/getclef\/status\/590200773881028609",
                "author_icon": "https:\/\/pbs.twimg.com\/profile_images\/555171061658943488\/7woMoQ1Y_normal.png",
                "author_subname": "@getclef",
                "pretext": "<https:\/\/twitter.com\/getclef\/status\/590200773881028609>",
                "text": "I made a GIF!Dor Konforty <https:\/\/twitter.com\/Synereo|@Synereo>'s CEO feeling when he logged in to <https:\/\/twitter.com\/BitsparkBTC|@BitsparkBTC> with <https:\/\/twitter.com\/getclef|@getclef>... <https:\/\/getclef.com\/share\/reaction\/1ccfd1f861\/?_ga=1.251825423.720955144.1429392836> <https:\/\/twitter.com\/Elokane|@Elokane>",
                "service_name": "twitter",
                "service_url": "https:\/\/twitter.com\/",
                "id": 1
            }
        ],
        "type": "message",
        "subtype": "bot_message",
        "ts": "1429549804.000139"
    },
    {
        "bot_id": "B04FD5HLZ",
        "attachments": [
            {
                "fallback": "<https:\/\/twitter.com\/getclef|@getclef>: I made a GIF! How Dor Konforty <https:\/\/twitter.com\/Synereo|@Synereo> CEO felt when he logged in to <https:\/\/twitter.com\/BitsparkBTC|@BitsparkBTC> with <https:\/\/twitter.com\/getclef|@getclef>... <https:\/\/getclef.com\/share\/reaction\/1ccfd1f861\/?_ga=1.251825423.720955144.1429392836> <https:\/\/twitter.com\/Elokane|@Elokane>",
                "author_name": "Clef",
                "author_link": "https:\/\/twitter.com\/getclef\/status\/590201351797399553",
                "author_icon": "https:\/\/pbs.twimg.com\/profile_images\/555171061658943488\/7woMoQ1Y_normal.png",
                "author_subname": "@getclef",
                "pretext": "<https:\/\/twitter.com\/getclef\/status\/590201351797399553>",
                "text": "I made a GIF! How Dor Konforty <https:\/\/twitter.com\/Synereo|@Synereo> CEO felt when he logged in to <https:\/\/twitter.com\/BitsparkBTC|@BitsparkBTC> with <https:\/\/twitter.com\/getclef|@getclef>... <https:\/\/getclef.com\/share\/reaction\/1ccfd1f861\/?_ga=1.251825423.720955144.1429392836> <https:\/\/twitter.com\/Elokane|@Elokane>",
                "service_name": "twitter",
                "service_url": "https:\/\/twitter.com\/",
                "id": 1
            }
        ],
        "type": "message",
        "subtype": "bot_message",
        "ts": "1429549942.000140"
    },
    {
        "bot_id": "B04FD5HLZ",
        "attachments": [
            {
                "fallback": "<https:\/\/twitter.com\/getclef|@getclef>: I made a GIF! How Dor Konforty <https:\/\/twitter.com\/Synereo|@Synereo> CEO felt when he logged in to <https:\/\/twitter.com\/BitsparkBTC|@BitsparkBTC> with <https:\/\/twitter.com\/getclef|@getclef>... <https:\/\/getclef.com\/share\/reaction\/1ccfd1f861\/?_ga=1.251825423.720955144.1429392836> <https:\/\/twitter.com\/Elokane|@Elokane>",
                "author_name": "Clef",
                "author_link": "https:\/\/twitter.com\/getclef\/status\/590201351797399553",
                "author_icon": "https:\/\/pbs.twimg.com\/profile_images\/555171061658943488\/7woMoQ1Y_normal.png",
                "author_subname": "@getclef",
                "pretext": "<https:\/\/twitter.com\/getclef\/status\/590201351797399553>",
                "text": "I made a GIF! How Dor Konforty <https:\/\/twitter.com\/Synereo|@Synereo> CEO felt when he logged in to <https:\/\/twitter.com\/BitsparkBTC|@BitsparkBTC> with <https:\/\/twitter.com\/getclef|@getclef>... <https:\/\/getclef.com\/share\/reaction\/1ccfd1f861\/?_ga=1.251825423.720955144.1429392836> <https:\/\/twitter.com\/Elokane|@Elokane>",
                "service_name": "twitter",
                "service_url": "https:\/\/twitter.com\/",
                "id": 1,
                "footer": "Retweeted by <https:\/\/twitter.com\/Synereo\/status\/590201816823955458|@Synereo>"
            }
        ],
        "type": "message",
        "subtype": "bot_message",
        "ts": "1429550053.000141"
    },
    {
        "bot_id": "B04FD5HLZ",
        "attachments": [
            {
                "fallback": "<https:\/\/twitter.com\/getclef|@getclef>: Awesome Gif of Dor Konforty, <https:\/\/twitter.com\/Synereo|@Synereo> CEO logging into <https:\/\/twitter.com\/BitsparkBTC|@BitsparkBTC> :) \n\n<https:\/\/getclef.com\/share\/reaction\/1ccfd1f861\/>",
                "author_name": "Clef",
                "author_link": "https:\/\/twitter.com\/getclef\/status\/590202196450365441",
                "author_icon": "https:\/\/pbs.twimg.com\/profile_images\/555171061658943488\/7woMoQ1Y_normal.png",
                "author_subname": "@getclef",
                "pretext": "<https:\/\/twitter.com\/getclef\/status\/590202196450365441>",
                "text": "Awesome Gif of Dor Konforty, <https:\/\/twitter.com\/Synereo|@Synereo> CEO logging into <https:\/\/twitter.com\/BitsparkBTC|@BitsparkBTC> :) \n\n<https:\/\/getclef.com\/share\/reaction\/1ccfd1f861\/>",
                "service_name": "twitter",
                "service_url": "https:\/\/twitter.com\/",
                "id": 1
            }
        ],
        "type": "message",
        "subtype": "bot_message",
        "ts": "1429550143.000142"
    },
    {
        "bot_id": "B04FD5HLZ",
        "attachments": [
            {
                "fallback": "<https:\/\/twitter.com\/SuRAJ_iMAX|@SuRAJ_iMAX>: <https:\/\/twitter.com\/Synereo|@Synereo> Solutions for a smart planet. #SynereoKu",
                "author_name": "SURAJ PATEL",
                "author_link": "https:\/\/twitter.com\/SuRAJ_iMAX\/status\/590202932915634176",
                "author_icon": "https:\/\/pbs.twimg.com\/profile_images\/589729270022307840\/PCbIRgbu_normal.jpg",
                "author_subname": "@SuRAJ_iMAX",
                "pretext": "<https:\/\/twitter.com\/SuRAJ_iMAX\/status\/590202932915634176>",
                "text": "<https:\/\/twitter.com\/Synereo|@Synereo> Solutions for a smart planet. #SynereoKu",
                "service_name": "twitter",
                "service_url": "https:\/\/twitter.com\/",
                "id": 1
            }
        ],
        "type": "message",
        "subtype": "bot_message",
        "ts": "1429550319.000143"
    },
    {
        "bot_id": "B04FD5HLZ",
        "attachments": [
            {
                "fallback": "<https:\/\/twitter.com\/getclef|@getclef>: Awesome Gif of Dor Konforty, <https:\/\/twitter.com\/Synereo|@Synereo> CEO logging into <https:\/\/twitter.com\/BitsparkBTC|@BitsparkBTC> :) \n\n<https:\/\/getclef.com\/share\/reaction\/1ccfd1f861\/>",
                "author_name": "Clef",
                "author_link": "https:\/\/twitter.com\/getclef\/status\/590202196450365441",
                "author_icon": "https:\/\/pbs.twimg.com\/profile_images\/555171061658943488\/7woMoQ1Y_normal.png",
                "author_subname": "@getclef",
                "pretext": "<https:\/\/twitter.com\/getclef\/status\/590202196450365441>",
                "text": "Awesome Gif of Dor Konforty, <https:\/\/twitter.com\/Synereo|@Synereo> CEO logging into <https:\/\/twitter.com\/BitsparkBTC|@BitsparkBTC> :) \n\n<https:\/\/getclef.com\/share\/reaction\/1ccfd1f861\/>",
                "service_name": "twitter",
                "service_url": "https:\/\/twitter.com\/",
                "id": 1,
                "footer": "Retweeted by <https:\/\/twitter.com\/Synereo\/status\/590205352139886593|@Synereo>"
            }
        ],
        "type": "message",
        "subtype": "bot_message",
        "ts": "1429550896.000144"
    },
    {
        "bot_id": "B04FD5HLZ",
        "attachments": [
            {
                "fallback": "<https:\/\/twitter.com\/SuRAJ_iMAX|@SuRAJ_iMAX>: <https:\/\/twitter.com\/Synereo|@Synereo> #SyenereoMeme (Welcome Smile) <https:\/\/pbs.twimg.com\/media\/CDDU0A_VAAAWQ8P.jpg>",
                "author_name": "SURAJ PATEL",
                "author_link": "https:\/\/twitter.com\/SuRAJ_iMAX\/status\/590205542951297024",
                "author_icon": "https:\/\/pbs.twimg.com\/profile_images\/589729270022307840\/PCbIRgbu_normal.jpg",
                "author_subname": "@SuRAJ_iMAX",
                "pretext": "<https:\/\/twitter.com\/SuRAJ_iMAX\/status\/590205542951297024>",
                "text": "<https:\/\/twitter.com\/Synereo|@Synereo> #SyenereoMeme (Welcome Smile) <https:\/\/pbs.twimg.com\/media\/CDDU0A_VAAAWQ8P.jpg>",
                "service_name": "twitter",
                "service_url": "https:\/\/twitter.com\/",
                "image_url": "https:\/\/pbs.twimg.com\/media\/CDDU0A_VAAAWQ8P.jpg",
                "image_width": 599,
                "image_height": 337,
                "image_bytes": 39094,
                "id": 1
            }
        ],
        "type": "message",
        "subtype": "bot_message",
        "ts": "1429550942.000145"
    },
    {
        "bot_id": "B04FD5HLZ",
        "attachments": [
            {
                "fallback": "<https:\/\/twitter.com\/Theo_Bliss|@Theo_Bliss>: <https:\/\/twitter.com\/Synereo|@Synereo> #SyenereoMeme (CountDown) <https:\/\/pbs.twimg.com\/media\/CDDW7xBUgAAmRQQ.jpg>",
                "author_name": "Theo \u0e3fliss",
                "author_link": "https:\/\/twitter.com\/Theo_Bliss\/status\/590207875449913345",
                "author_icon": "https:\/\/pbs.twimg.com\/profile_images\/568636654286434304\/zjQP0Xn0_normal.jpeg",
                "author_subname": "@Theo_Bliss",
                "pretext": "<https:\/\/twitter.com\/Theo_Bliss\/status\/590207875449913345>",
                "text": "<https:\/\/twitter.com\/Synereo|@Synereo> #SyenereoMeme (CountDown) <https:\/\/pbs.twimg.com\/media\/CDDW7xBUgAAmRQQ.jpg>",
                "service_name": "twitter",
                "service_url": "https:\/\/twitter.com\/",
                "image_url": "https:\/\/pbs.twimg.com\/media\/CDDW7xBUgAAmRQQ.jpg",
                "image_width": 599,
                "image_height": 400,
                "image_bytes": 42256,
                "id": 1
            }
        ],
        "type": "message",
        "subtype": "bot_message",
        "ts": "1429551498.000146"
    },
    {
        "bot_id": "B04FD5HLZ",
        "attachments": [
            {
                "fallback": "<https:\/\/twitter.com\/CryptoSavvy|@CryptoSavvy>: Do u care about \"Privacy\" ??? <https:\/\/twitter.com\/Synereo|@Synereo> #SyenereoMeme <https:\/\/pbs.twimg.com\/media\/CDDXt3VUUAER7HP.jpg>",
                "author_name": "CryptoSavvy",
                "author_link": "https:\/\/twitter.com\/CryptoSavvy\/status\/590208738633633792",
                "author_icon": "https:\/\/pbs.twimg.com\/profile_images\/589800300606664704\/oZIA9ixV_normal.png",
                "author_subname": "@CryptoSavvy",
                "pretext": "<https:\/\/twitter.com\/CryptoSavvy\/status\/590208738633633792>",
                "text": "Do u care about \"Privacy\" ??? <https:\/\/twitter.com\/Synereo|@Synereo> #SyenereoMeme <https:\/\/pbs.twimg.com\/media\/CDDXt3VUUAER7HP.jpg>",
                "service_name": "twitter",
                "service_url": "https:\/\/twitter.com\/",
                "image_url": "https:\/\/pbs.twimg.com\/media\/CDDXt3VUUAER7HP.jpg",
                "image_width": 600,
                "image_height": 400,
                "image_bytes": 36449,
                "id": 1
            }
        ],
        "type": "message",
        "subtype": "bot_message",
        "ts": "1429551703.000147"
    },
    {
        "bot_id": "B04FD5HLZ",
        "attachments": [
            {
                "fallback": "<https:\/\/twitter.com\/namjar|@namjar>: <https:\/\/twitter.com\/Synereo|@Synereo> I will join the Reddit AMA. #SynereoOps",
                "author_name": "namjar",
                "author_link": "https:\/\/twitter.com\/namjar\/status\/590208806467932160",
                "author_icon": "https:\/\/pbs.twimg.com\/profile_images\/477473270296371200\/FPutweAx_normal.jpeg",
                "author_subname": "@namjar",
                "pretext": "<https:\/\/twitter.com\/namjar\/status\/590208806467932160>",
                "text": "<https:\/\/twitter.com\/Synereo|@Synereo> I will join the Reddit AMA. #SynereoOps",
                "service_name": "twitter",
                "service_url": "https:\/\/twitter.com\/",
                "id": 1
            }
        ],
        "type": "message",
        "subtype": "bot_message",
        "ts": "1429551719.000148"
    },
    {
        "bot_id": "B04FD5HLZ",
        "attachments": [
            {
                "fallback": "<https:\/\/twitter.com\/CoinFeedNet|@CoinFeedNet>: Are there some news from <https:\/\/twitter.com\/Synereo|@Synereo>? #SynereoKu",
                "author_name": "Coin Feed",
                "author_link": "https:\/\/twitter.com\/CoinFeedNet\/status\/590209262862733312",
                "author_icon": "https:\/\/pbs.twimg.com\/profile_images\/378800000532763423\/c703bf29da503acbaa7ff57d21402a1e_normal.png",
                "author_subname": "@CoinFeedNet",
                "pretext": "<https:\/\/twitter.com\/CoinFeedNet\/status\/590209262862733312>",
                "text": "Are there some news from <https:\/\/twitter.com\/Synereo|@Synereo>? #SynereoKu",
                "service_name": "twitter",
                "service_url": "https:\/\/twitter.com\/",
                "id": 1
            }
        ],
        "type": "message",
        "subtype": "bot_message",
        "ts": "1429551828.000149"
    },
    {
        "bot_id": "B04FD5HLZ",
        "attachments": [
            {
                "fallback": "<https:\/\/twitter.com\/CoinFeedNet|@CoinFeedNet>: Are there any news from <https:\/\/twitter.com\/Synereo|@Synereo>? #SynereoKu",
                "author_name": "Coin Feed",
                "author_link": "https:\/\/twitter.com\/CoinFeedNet\/status\/590209393439821824",
                "author_icon": "https:\/\/pbs.twimg.com\/profile_images\/378800000532763423\/c703bf29da503acbaa7ff57d21402a1e_normal.png",
                "author_subname": "@CoinFeedNet",
                "pretext": "<https:\/\/twitter.com\/CoinFeedNet\/status\/590209393439821824>",
                "text": "Are there any news from <https:\/\/twitter.com\/Synereo|@Synereo>? #SynereoKu",
                "service_name": "twitter",
                "service_url": "https:\/\/twitter.com\/",
                "id": 1
            }
        ],
        "type": "message",
        "subtype": "bot_message",
        "ts": "1429551859.000150"
    },
    {
        "bot_id": "B04FD5HLZ",
        "attachments": [
            {
                "fallback": "<https:\/\/twitter.com\/SuRAJ_iMAX|@SuRAJ_iMAX>: <https:\/\/twitter.com\/Synereo|@Synereo> Synereo will be completely by using blockchain technology. #SynereoOps #bitcoin",
                "author_name": "SURAJ PATEL",
                "author_link": "https:\/\/twitter.com\/SuRAJ_iMAX\/status\/590210344066232320",
                "author_icon": "https:\/\/pbs.twimg.com\/profile_images\/589729270022307840\/PCbIRgbu_normal.jpg",
                "author_subname": "@SuRAJ_iMAX",
                "pretext": "<https:\/\/twitter.com\/SuRAJ_iMAX\/status\/590210344066232320>",
                "text": "<https:\/\/twitter.com\/Synereo|@Synereo> Synereo will be completely by using blockchain technology. #SynereoOps #bitcoin",
                "service_name": "twitter",
                "service_url": "https:\/\/twitter.com\/",
                "id": 1
            }
        ],
        "type": "message",
        "subtype": "bot_message",
        "ts": "1429552086.000151"
    },
    {
        "bot_id": "B04FD5HLZ",
        "attachments": [
            {
                "fallback": "<https:\/\/twitter.com\/Theo_Bliss|@Theo_Bliss>: Make the world a better place with <https:\/\/twitter.com\/Synereo|@Synereo> #SynereoSlogan",
                "author_name": "Theo \u0e3fliss",
                "author_link": "https:\/\/twitter.com\/Theo_Bliss\/status\/590215508294664192",
                "author_icon": "https:\/\/pbs.twimg.com\/profile_images\/568636654286434304\/zjQP0Xn0_normal.jpeg",
                "author_subname": "@Theo_Bliss",
                "pretext": "<https:\/\/twitter.com\/Theo_Bliss\/status\/590215508294664192>",
                "text": "Make the world a better place with <https:\/\/twitter.com\/Synereo|@Synereo> #SynereoSlogan",
                "service_name": "twitter",
                "service_url": "https:\/\/twitter.com\/",
                "id": 1
            }
        ],
        "type": "message",
        "subtype": "bot_message",
        "ts": "1429553318.000152"
    },
    {
        "bot_id": "B04FD5HLZ",
        "attachments": [
            {
                "fallback": "<https:\/\/twitter.com\/SuRAJ_iMAX|@SuRAJ_iMAX>: Nobody doesn't like <https:\/\/twitter.com\/Synereo|@Synereo> #SynereoKu",
                "author_name": "SURAJ PATEL",
                "author_link": "https:\/\/twitter.com\/SuRAJ_iMAX\/status\/590216333494595584",
                "author_icon": "https:\/\/pbs.twimg.com\/profile_images\/589729270022307840\/PCbIRgbu_normal.jpg",
                "author_subname": "@SuRAJ_iMAX",
                "pretext": "<https:\/\/twitter.com\/SuRAJ_iMAX\/status\/590216333494595584>",
                "text": "Nobody doesn't like <https:\/\/twitter.com\/Synereo|@Synereo> #SynereoKu",
                "service_name": "twitter",
                "service_url": "https:\/\/twitter.com\/",
                "id": 1
            }
        ],
        "type": "message",
        "subtype": "bot_message",
        "ts": "1429553514.000153"
    },
    {
        "bot_id": "B04FD5HLZ",
        "attachments": [
            {
                "fallback": "<https:\/\/twitter.com\/Theo_Bliss|@Theo_Bliss>: Think different, think <https:\/\/twitter.com\/Synereo|@Synereo>. #SynereoOps #bitcoin",
                "author_name": "Theo \u0e3fliss",
                "author_link": "https:\/\/twitter.com\/Theo_Bliss\/status\/590219069678223360",
                "author_icon": "https:\/\/pbs.twimg.com\/profile_images\/568636654286434304\/zjQP0Xn0_normal.jpeg",
                "author_subname": "@Theo_Bliss",
                "pretext": "<https:\/\/twitter.com\/Theo_Bliss\/status\/590219069678223360>",
                "text": "Think different, think <https:\/\/twitter.com\/Synereo|@Synereo>. #SynereoOps #bitcoin",
                "service_name": "twitter",
                "service_url": "https:\/\/twitter.com\/",
                "id": 1
            }
        ],
        "type": "message",
        "subtype": "bot_message",
        "ts": "1429554166.000154"
    },
    {
        "bot_id": "B04FD5HLZ",
        "attachments": [
            {
                "fallback": "<https:\/\/twitter.com\/Theo_Bliss|@Theo_Bliss>: <https:\/\/twitter.com\/Synereo|@Synereo>... whatever you want free to do #SynereoKu",
                "author_name": "Theo \u0e3fliss",
                "author_link": "https:\/\/twitter.com\/Theo_Bliss\/status\/590220443300208641",
                "author_icon": "https:\/\/pbs.twimg.com\/profile_images\/568636654286434304\/zjQP0Xn0_normal.jpeg",
                "author_subname": "@Theo_Bliss",
                "pretext": "<https:\/\/twitter.com\/Theo_Bliss\/status\/590220443300208641>",
                "text": "<https:\/\/twitter.com\/Synereo|@Synereo>... whatever you want free to do #SynereoKu",
                "service_name": "twitter",
                "service_url": "https:\/\/twitter.com\/",
                "id": 1
            }
        ],
        "type": "message",
        "subtype": "bot_message",
        "ts": "1429554494.000155"
    },
    {
        "bot_id": "B04FD5HLZ",
        "attachments": [
            {
                "fallback": "<https:\/\/twitter.com\/Theo_Bliss|@Theo_Bliss>: <https:\/\/twitter.com\/Synereo|@Synereo> is what the world was waiting for. #SynereoSlogan",
                "author_name": "Theo \u0e3fliss",
                "author_link": "https:\/\/twitter.com\/Theo_Bliss\/status\/590222266903859200",
                "author_icon": "https:\/\/pbs.twimg.com\/profile_images\/568636654286434304\/zjQP0Xn0_normal.jpeg",
                "author_subname": "@Theo_Bliss",
                "pretext": "<https:\/\/twitter.com\/Theo_Bliss\/status\/590222266903859200>",
                "text": "<https:\/\/twitter.com\/Synereo|@Synereo> is what the world was waiting for. #SynereoSlogan",
                "service_name": "twitter",
                "service_url": "https:\/\/twitter.com\/",
                "id": 1
            }
        ],
        "type": "message",
        "subtype": "bot_message",
        "ts": "1429554929.000156"
    },
    {
        "bot_id": "B04FD5HLZ",
        "attachments": [
            {
                "fallback": "<https:\/\/twitter.com\/Theo_Bliss|@Theo_Bliss>: <https:\/\/twitter.com\/Synereo|@Synereo> - it's like heaven! #SynereoKu",
                "author_name": "Theo \u0e3fliss",
                "author_link": "https:\/\/twitter.com\/Theo_Bliss\/status\/590223146508111872",
                "author_icon": "https:\/\/pbs.twimg.com\/profile_images\/568636654286434304\/zjQP0Xn0_normal.jpeg",
                "author_subname": "@Theo_Bliss",
                "pretext": "<https:\/\/twitter.com\/Theo_Bliss\/status\/590223146508111872>",
                "text": "<https:\/\/twitter.com\/Synereo|@Synereo> - it's like heaven! #SynereoKu",
                "service_name": "twitter",
                "service_url": "https:\/\/twitter.com\/",
                "id": 1
            }
        ],
        "type": "message",
        "subtype": "bot_message",
        "ts": "1429555138.000157"
    },
    {
        "bot_id": "B04FD5HLZ",
        "attachments": [
            {
                "fallback": "<https:\/\/twitter.com\/Synereo|@Synereo>: Get your hands on 50K AMPs by submitting your entries to our bounties. <http:\/\/blog.synereo.com\/2015\/04\/17\/twitter-bounties\/> #bitcoin #SocialNetwork <https:\/\/pbs.twimg.com\/media\/CC_TwYZUMAAwsOA.jpg>",
                "author_name": "Synereo",
                "author_link": "https:\/\/twitter.com\/Synereo\/status\/590243618725597184",
                "author_icon": "https:\/\/pbs.twimg.com\/profile_images\/522790259789025280\/FKRuSK66_normal.png",
                "author_subname": "@Synereo",
                "pretext": "<https:\/\/twitter.com\/Synereo\/status\/590243618725597184>",
                "text": "Get your hands on 50K AMPs by submitting your entries to our bounties. <http:\/\/blog.synereo.com\/2015\/04\/17\/twitter-bounties\/> #bitcoin #SocialNetwork <https:\/\/pbs.twimg.com\/media\/CC_TwYZUMAAwsOA.jpg>",
                "service_name": "twitter",
                "service_url": "https:\/\/twitter.com\/",
                "image_url": "https:\/\/pbs.twimg.com\/media\/CC_TwYZUMAAwsOA.jpg",
                "image_width": 599,
                "image_height": 313,
                "image_bytes": 32511,
                "id": 1
            }
        ],
        "type": "message",
        "subtype": "bot_message",
        "ts": "1429560020.000158"
    },
    {
        "bot_id": "B04FD5HLZ",
        "attachments": [
            {
                "fallback": "<https:\/\/twitter.com\/Synereo|@Synereo>: Our Reddit AMA is LIVE right now! Come and ask us anything! <http:\/\/www.reddit.com\/r\/Synereo\/comments\/339u2f\/ama_with_synereo_founders_ask_us_anything_live_now\/> #SocialNetwork #bitcoin #AMA <https:\/\/pbs.twimg.com\/media\/CDD72r2UgAAiudg.jpg>",
                "author_name": "Synereo",
                "author_link": "https:\/\/twitter.com\/Synereo\/status\/590248741900144640",
                "author_icon": "https:\/\/pbs.twimg.com\/profile_images\/522790259789025280\/FKRuSK66_normal.png",
                "author_subname": "@Synereo",
                "pretext": "<https:\/\/twitter.com\/Synereo\/status\/590248741900144640>",
                "text": "Our Reddit AMA is LIVE right now! Come and ask us anything! <http:\/\/www.reddit.com\/r\/Synereo\/comments\/339u2f\/ama_with_synereo_founders_ask_us_anything_live_now\/> #SocialNetwork #bitcoin #AMA <https:\/\/pbs.twimg.com\/media\/CDD72r2UgAAiudg.jpg>",
                "service_name": "twitter",
                "service_url": "https:\/\/twitter.com\/",
                "image_url": "https:\/\/pbs.twimg.com\/media\/CDD72r2UgAAiudg.jpg",
                "image_width": 599,
                "image_height": 313,
                "image_bytes": 26421,
                "id": 1
            }
        ],
        "type": "message",
        "subtype": "bot_message",
        "ts": "1429561241.000159"
    },
    {
        "bot_id": "B04FD5HLZ",
        "attachments": [
            {
                "fallback": "<https:\/\/twitter.com\/sandroieva|@sandroieva>: The power of People <https:\/\/twitter.com\/Synereo|@Synereo> #SynereoSlogan",
                "author_name": "Sandro Ieva",
                "author_link": "https:\/\/twitter.com\/sandroieva\/status\/590256207182614528",
                "author_icon": "https:\/\/pbs.twimg.com\/profile_images\/570212571630669824\/0Usn472U_normal.png",
                "author_subname": "@sandroieva",
                "pretext": "<https:\/\/twitter.com\/sandroieva\/status\/590256207182614528>",
                "text": "The power of People <https:\/\/twitter.com\/Synereo|@Synereo> #SynereoSlogan",
                "service_name": "twitter",
                "service_url": "https:\/\/twitter.com\/",
                "id": 1
            }
        ],
        "type": "message",
        "subtype": "bot_message",
        "ts": "1429563021.000160"
    },
    {
        "bot_id": "B04FD5HLZ",
        "attachments": [
            {
                "fallback": "<https:\/\/twitter.com\/Synereo|@Synereo>: Our Reddit AMA is LIVE! Some very interesting questions already, ask yours now! <http:\/\/www.reddit.com\/r\/Synereo\/comments\/339u2f\/ama_with_synereo_founders_ask_us_anything_live_now\/> #bitcoin <https:\/\/pbs.twimg.com\/media\/CDEHZdrUkAAnInr.jpg>",
                "author_name": "Synereo",
                "author_link": "https:\/\/twitter.com\/Synereo\/status\/590261408685654016",
                "author_icon": "https:\/\/pbs.twimg.com\/profile_images\/522790259789025280\/FKRuSK66_normal.png",
                "author_subname": "@Synereo",
                "pretext": "<https:\/\/twitter.com\/Synereo\/status\/590261408685654016>",
                "text": "Our Reddit AMA is LIVE! Some very interesting questions already, ask yours now! <http:\/\/www.reddit.com\/r\/Synereo\/comments\/339u2f\/ama_with_synereo_founders_ask_us_anything_live_now\/> #bitcoin <https:\/\/pbs.twimg.com\/media\/CDEHZdrUkAAnInr.jpg>",
                "service_name": "twitter",
                "service_url": "https:\/\/twitter.com\/",
                "image_url": "https:\/\/pbs.twimg.com\/media\/CDEHZdrUkAAnInr.jpg",
                "image_width": 599,
                "image_height": 313,
                "image_bytes": 26421,
                "id": 1
            }
        ],
        "type": "message",
        "subtype": "bot_message",
        "ts": "1429564261.000161"
    },
    {
        "bot_id": "B04FD5HLZ",
        "attachments": [
            {
                "fallback": "<https:\/\/twitter.com\/leithaus|@leithaus>: The <https:\/\/twitter.com\/Synereo|@Synereo> team is AMA'ing away on <http:\/\/www.reddit.com\/r\/Synereo\/comments\/339u2f\/ama_with_synereo_founders_ask_us_anything_live_now\/> as we tweet. Join us my decentralites!",
                "author_name": "leithaus",
                "author_link": "https:\/\/twitter.com\/leithaus\/status\/590262364789837824",
                "author_icon": "https:\/\/pbs.twimg.com\/profile_images\/1184189540\/thefool1_normal.jpg",
                "author_subname": "@leithaus",
                "pretext": "<https:\/\/twitter.com\/leithaus\/status\/590262364789837824>",
                "text": "The <https:\/\/twitter.com\/Synereo|@Synereo> team is AMA'ing away on <http:\/\/www.reddit.com\/r\/Synereo\/comments\/339u2f\/ama_with_synereo_founders_ask_us_anything_live_now\/> as we tweet. Join us my decentralites!",
                "service_name": "twitter",
                "service_url": "https:\/\/twitter.com\/",
                "id": 1
            }
        ],
        "type": "message",
        "subtype": "bot_message",
        "ts": "1429564489.000162"
    },
    {
        "bot_id": "B04FD5HLZ",
        "attachments": [
            {
                "fallback": "<https:\/\/twitter.com\/Synereo|@Synereo>: We can have features on <https:\/\/twitter.com\/Synereo|@Synereo> that aren't accessible to Facebook due to monetization constraints. \n<http:\/\/cointelegraph.com\/news\/114021\/facelift-how-decentralized-social-networks-could-make-crypto-cool> <https:\/\/twitter.com\/CoinTelegraph|@CoinTelegraph>",
                "author_name": "Synereo",
                "author_link": "https:\/\/twitter.com\/Synereo\/status\/590273096260526080",
                "author_icon": "https:\/\/pbs.twimg.com\/profile_images\/522790259789025280\/FKRuSK66_normal.png",
                "author_subname": "@Synereo",
                "pretext": "<https:\/\/twitter.com\/Synereo\/status\/590273096260526080>",
                "text": "We can have features on <https:\/\/twitter.com\/Synereo|@Synereo> that aren't accessible to Facebook due to monetization constraints. \n<http:\/\/cointelegraph.com\/news\/114021\/facelift-how-decentralized-social-networks-could-make-crypto-cool> <https:\/\/twitter.com\/CoinTelegraph|@CoinTelegraph>",
                "service_name": "twitter",
                "service_url": "https:\/\/twitter.com\/",
                "id": 1
            }
        ],
        "type": "message",
        "subtype": "bot_message",
        "ts": "1429567047.000163"
    },
    {
        "bot_id": "B04FD5HLZ",
        "attachments": [
            {
                "fallback": "<https:\/\/twitter.com\/DamianGomezS|@DamianGomezS>: <https:\/\/twitter.com\/Synereo|@Synereo> <https:\/\/twitter.com\/CoinTelegraph|@CoinTelegraph> This platform is extensible. I'm still interested to know if there are plans for a btc sidechain?",
                "author_name": "Damian Gomez ",
                "author_link": "https:\/\/twitter.com\/DamianGomezS\/status\/590275374652633089",
                "author_icon": "https:\/\/pbs.twimg.com\/profile_images\/560166883949699072\/-jBuX9kp_normal.jpeg",
                "author_subname": "@DamianGomezS",
                "pretext": "<https:\/\/twitter.com\/DamianGomezS\/status\/590275374652633089>",
                "text": "<https:\/\/twitter.com\/Synereo|@Synereo> <https:\/\/twitter.com\/CoinTelegraph|@CoinTelegraph> This platform is extensible. I'm still interested to know if there are plans for a btc sidechain?",
                "service_name": "twitter",
                "service_url": "https:\/\/twitter.com\/",
                "id": 1
            }
        ],
        "type": "message",
        "subtype": "bot_message",
        "ts": "1429567590.000164"
    },
    {
        "bot_id": "B04FD5HLZ",
        "attachments": [
            {
                "fallback": "<https:\/\/twitter.com\/Bitcoin_Altcoin|@Bitcoin_Altcoin>: Bitcoin Daily Review is out! <http:\/\/paper.li\/Bitcoin_Altcoin\/1372373566?edition_id=346ac3b0-e7b0-11e4-a40f-0cc47a0d1605> Todays Stories via <https:\/\/twitter.com\/Synereo|@Synereo> <https:\/\/twitter.com\/cryptobizmag|@cryptobizmag> <https:\/\/twitter.com\/BitcoinWorker|@BitcoinWorker>",
                "author_name": "Bitcoin_Altcoin",
                "author_link": "https:\/\/twitter.com\/Bitcoin_Altcoin\/status\/590287124110409728",
                "author_icon": "https:\/\/pbs.twimg.com\/profile_images\/431973602104066049\/o77kU9zG_normal.jpeg",
                "author_subname": "@Bitcoin_Altcoin",
                "pretext": "<https:\/\/twitter.com\/Bitcoin_Altcoin\/status\/590287124110409728>",
                "text": "Bitcoin Daily Review is out! <http:\/\/paper.li\/Bitcoin_Altcoin\/1372373566?edition_id=346ac3b0-e7b0-11e4-a40f-0cc47a0d1605> Todays Stories via <https:\/\/twitter.com\/Synereo|@Synereo> <https:\/\/twitter.com\/cryptobizmag|@cryptobizmag> <https:\/\/twitter.com\/BitcoinWorker|@BitcoinWorker>",
                "service_name": "twitter",
                "service_url": "https:\/\/twitter.com\/",
                "id": 1
            }
        ],
        "type": "message",
        "subtype": "bot_message",
        "ts": "1429570392.000165"
    },
    {
        "bot_id": "B04FD5HLZ",
        "attachments": [
            {
                "fallback": "<https:\/\/twitter.com\/Elokane|@Elokane>: <https:\/\/twitter.com\/DamianGomezS|@DamianGomezS> <https:\/\/twitter.com\/Synereo|@Synereo> <https:\/\/twitter.com\/CoinTelegraph|@CoinTelegraph> We have no use for a sidechain at the moment. Do you have a specific idea in mind?",
                "author_name": "Dor Konforty",
                "author_link": "https:\/\/twitter.com\/Elokane\/status\/590287175196938240",
                "author_icon": "https:\/\/pbs.twimg.com\/profile_images\/372313688\/Red_Background_Cylon_Bust_Photo_normal.jpg",
                "author_subname": "@Elokane",
                "pretext": "<https:\/\/twitter.com\/Elokane\/status\/590287175196938240>",
                "text": "<https:\/\/twitter.com\/DamianGomezS|@DamianGomezS> <https:\/\/twitter.com\/Synereo|@Synereo> <https:\/\/twitter.com\/CoinTelegraph|@CoinTelegraph> We have no use for a sidechain at the moment. Do you have a specific idea in mind?",
                "service_name": "twitter",
                "service_url": "https:\/\/twitter.com\/",
                "id": 1
            }
        ],
        "type": "message",
        "subtype": "bot_message",
        "ts": "1429570404.000166"
    },
    {
        "bot_id": "B04FD5HLZ",
        "attachments": [
            {
                "fallback": "<https:\/\/twitter.com\/476f61|@476f61>: Synereo: Log on, Stream in, Cash out. <https:\/\/twitter.com\/Synereo|@Synereo> #SynereoSlogan",
                "author_name": "Roswell Night ",
                "author_link": "https:\/\/twitter.com\/476f61\/status\/590288658399297536",
                "author_icon": "https:\/\/pbs.twimg.com\/profile_images\/576877248839610368\/F_DU3Q1T_normal.jpeg",
                "author_subname": "@476f61",
                "pretext": "<https:\/\/twitter.com\/476f61\/status\/590288658399297536>",
                "text": "Synereo: Log on, Stream in, Cash out. <https:\/\/twitter.com\/Synereo|@Synereo> #SynereoSlogan",
                "service_name": "twitter",
                "service_url": "https:\/\/twitter.com\/",
                "id": 1
            }
        ],
        "type": "message",
        "subtype": "bot_message",
        "ts": "1429570758.000167"
    },
    {
        "bot_id": "B04FD5HLZ",
        "attachments": [
            {
                "fallback": "<https:\/\/twitter.com\/DamianGomezS|@DamianGomezS>: <https:\/\/twitter.com\/Elokane|@Elokane> <https:\/\/twitter.com\/Synereo|@Synereo> <https:\/\/twitter.com\/CoinTelegraph|@CoinTelegraph> I believe so. (To not market). I want to test an in-app reinforcement network that makes use of btc rewards",
                "author_name": "Damian Gomez ",
                "author_link": "https:\/\/twitter.com\/DamianGomezS\/status\/590294621147648001",
                "author_icon": "https:\/\/pbs.twimg.com\/profile_images\/560166883949699072\/-jBuX9kp_normal.jpeg",
                "author_subname": "@DamianGomezS",
                "pretext": "<https:\/\/twitter.com\/DamianGomezS\/status\/590294621147648001>",
                "text": "<https:\/\/twitter.com\/Elokane|@Elokane> <https:\/\/twitter.com\/Synereo|@Synereo> <https:\/\/twitter.com\/CoinTelegraph|@CoinTelegraph> I believe so. (To not market). I want to test an in-app reinforcement network that makes use of btc rewards",
                "service_name": "twitter",
                "service_url": "https:\/\/twitter.com\/",
                "id": 1
            }
        ],
        "type": "message",
        "subtype": "bot_message",
        "ts": "1429572179.000168"
    },
    {
        "bot_id": "B04FD5HLZ",
        "attachments": [
            {
                "fallback": "<https:\/\/twitter.com\/PeteEyre|@PeteEyre>: New social network \/ open source, distributed \/ connect and evolve <https:\/\/twitter.com\/Synereo|@Synereo> #SynereoKu",
                "author_name": "Pete Eyre",
                "author_link": "https:\/\/twitter.com\/PeteEyre\/status\/590323225323819009",
                "author_icon": "https:\/\/pbs.twimg.com\/profile_images\/64890364\/PeteEyrecalf_normal.jpg",
                "author_subname": "@PeteEyre",
                "pretext": "<https:\/\/twitter.com\/PeteEyre\/status\/590323225323819009>",
                "text": "New social network \/ open source, distributed \/ connect and evolve <https:\/\/twitter.com\/Synereo|@Synereo> #SynereoKu",
                "service_name": "twitter",
                "service_url": "https:\/\/twitter.com\/",
                "id": 1
            }
        ],
        "type": "message",
        "subtype": "bot_message",
        "ts": "1429578999.000169"
    },
    {
        "bot_id": "B04FD5HLZ",
        "attachments": [
            {
                "fallback": "<https:\/\/twitter.com\/Elokane|@Elokane>: <https:\/\/twitter.com\/DamianGomezS|@DamianGomezS> <https:\/\/twitter.com\/Synereo|@Synereo> <https:\/\/twitter.com\/CoinTelegraph|@CoinTelegraph> Join our slack channel at <http:\/\/slack.synereo.com> and come talk to us about it.",
                "author_name": "Dor Konforty",
                "author_link": "https:\/\/twitter.com\/Elokane\/status\/590323996568125441",
                "author_icon": "https:\/\/pbs.twimg.com\/profile_images\/372313688\/Red_Background_Cylon_Bust_Photo_normal.jpg",
                "author_subname": "@Elokane",
                "pretext": "<https:\/\/twitter.com\/Elokane\/status\/590323996568125441>",
                "text": "<https:\/\/twitter.com\/DamianGomezS|@DamianGomezS> <https:\/\/twitter.com\/Synereo|@Synereo> <https:\/\/twitter.com\/CoinTelegraph|@CoinTelegraph> Join our slack channel at <http:\/\/slack.synereo.com> and come talk to us about it.",
                "service_name": "twitter",
                "service_url": "https:\/\/twitter.com\/",
                "id": 1
            }
        ],
        "type": "message",
        "subtype": "bot_message",
        "ts": "1429579183.000170"
    },
    {
        "bot_id": "B04FD5HLZ",
        "attachments": [
            {
                "fallback": "<https:\/\/twitter.com\/PeteEyre|@PeteEyre>: Centralized social media outlets are obsolete. Control your privacy &amp; content w\/ <https:\/\/twitter.com\/Synereo|@Synereo>, the first fully-decentralized network #SynereoOps",
                "author_name": "Pete Eyre",
                "author_link": "https:\/\/twitter.com\/PeteEyre\/status\/590335069363003392",
                "author_icon": "https:\/\/pbs.twimg.com\/profile_images\/64890364\/PeteEyrecalf_normal.jpg",
                "author_subname": "@PeteEyre",
                "pretext": "<https:\/\/twitter.com\/PeteEyre\/status\/590335069363003392>",
                "text": "Centralized social media outlets are obsolete. Control your privacy &amp; content w\/ <https:\/\/twitter.com\/Synereo|@Synereo>, the first fully-decentralized network #SynereoOps",
                "service_name": "twitter",
                "service_url": "https:\/\/twitter.com\/",
                "id": 1
            }
        ],
        "type": "message",
        "subtype": "bot_message",
        "ts": "1429581823.000171"
    },
    {
        "bot_id": "B04FD5HLZ",
        "attachments": [
            {
                "fallback": "<https:\/\/twitter.com\/Theo_Bliss|@Theo_Bliss>: <https:\/\/twitter.com\/Synereo|@Synereo>, :-  \"Created by Nature.\" #SynereoSlogan",
                "author_name": "Theo \u0e3fliss",
                "author_link": "https:\/\/twitter.com\/Theo_Bliss\/status\/590352897264648193",
                "author_icon": "https:\/\/pbs.twimg.com\/profile_images\/568636654286434304\/zjQP0Xn0_normal.jpeg",
                "author_subname": "@Theo_Bliss",
                "pretext": "<https:\/\/twitter.com\/Theo_Bliss\/status\/590352897264648193>",
                "text": "<https:\/\/twitter.com\/Synereo|@Synereo>, :-  \"Created by Nature.\" #SynereoSlogan",
                "service_name": "twitter",
                "service_url": "https:\/\/twitter.com\/",
                "id": 1
            }
        ],
        "type": "message",
        "subtype": "bot_message",
        "ts": "1429586073.000172"
    },
    {
        "bot_id": "B04FD5HLZ",
        "attachments": [
            {
                "fallback": "<https:\/\/twitter.com\/Theo_Bliss|@Theo_Bliss>: <https:\/\/twitter.com\/Synereo|@Synereo> #SyenereoMeme (AMPs) <https:\/\/pbs.twimg.com\/media\/CDFeALBVIAA1U7D.jpg>",
                "author_name": "Theo \u0e3fliss",
                "author_link": "https:\/\/twitter.com\/Theo_Bliss\/status\/590356385344270336",
                "author_icon": "https:\/\/pbs.twimg.com\/profile_images\/568636654286434304\/zjQP0Xn0_normal.jpeg",
                "author_subname": "@Theo_Bliss",
                "pretext": "<https:\/\/twitter.com\/Theo_Bliss\/status\/590356385344270336>",
                "text": "<https:\/\/twitter.com\/Synereo|@Synereo> #SyenereoMeme (AMPs) <https:\/\/pbs.twimg.com\/media\/CDFeALBVIAA1U7D.jpg>",
                "service_name": "twitter",
                "service_url": "https:\/\/twitter.com\/",
                "image_url": "https:\/\/pbs.twimg.com\/media\/CDFeALBVIAA1U7D.jpg",
                "image_width": 600,
                "image_height": 381,
                "image_bytes": 33875,
                "id": 1
            }
        ],
        "type": "message",
        "subtype": "bot_message",
        "ts": "1429586905.000173"
    },
    {
        "bot_id": "B04FD5HLZ",
        "attachments": [
            {
                "fallback": "<https:\/\/twitter.com\/SuRAJ_iMAX|@SuRAJ_iMAX>: Start the day with <https:\/\/twitter.com\/Synereo|@Synereo>\nGo far with Synereo\nBe inspired by Synereo\nSynereo for everyone\nSynereo for you\nSee You at <https:\/\/twitter.com\/Synereo|@Synereo>\n#SynereoKu",
                "author_name": "SURAJ PATEL",
                "author_link": "https:\/\/twitter.com\/SuRAJ_iMAX\/status\/590359859746344960",
                "author_icon": "https:\/\/pbs.twimg.com\/profile_images\/589729270022307840\/PCbIRgbu_normal.jpg",
                "author_subname": "@SuRAJ_iMAX",
                "pretext": "<https:\/\/twitter.com\/SuRAJ_iMAX\/status\/590359859746344960>",
                "text": "Start the day with <https:\/\/twitter.com\/Synereo|@Synereo>\nGo far with Synereo\nBe inspired by Synereo\nSynereo for everyone\nSynereo for you\nSee You at <https:\/\/twitter.com\/Synereo|@Synereo>\n#SynereoKu",
                "service_name": "twitter",
                "service_url": "https:\/\/twitter.com\/",
                "id": 1
            }
        ],
        "type": "message",
        "subtype": "bot_message",
        "ts": "1429587733.000174"
    },
    {
        "bot_id": "B04FD5HLZ",
        "attachments": [
            {
                "fallback": "<https:\/\/twitter.com\/CryptoSavvy|@CryptoSavvy>: Synereo. Making people sucessful in a changing world <https:\/\/twitter.com\/Synereo|@Synereo> #SynereoSlogan\n#SynereoOps #bitcoin",
                "author_name": "CryptoSavvy",
                "author_link": "https:\/\/twitter.com\/CryptoSavvy\/status\/590360576422907905",
                "author_icon": "https:\/\/pbs.twimg.com\/profile_images\/589800300606664704\/oZIA9ixV_normal.png",
                "author_subname": "@CryptoSavvy",
                "pretext": "<https:\/\/twitter.com\/CryptoSavvy\/status\/590360576422907905>",
                "text": "Synereo. Making people sucessful in a changing world <https:\/\/twitter.com\/Synereo|@Synereo> #SynereoSlogan\n#SynereoOps #bitcoin",
                "service_name": "twitter",
                "service_url": "https:\/\/twitter.com\/",
                "id": 1
            }
        ],
        "type": "message",
        "subtype": "bot_message",
        "ts": "1429587904.000175"
    },
    {
        "bot_id": "B04FD5HLZ",
        "attachments": [
            {
                "fallback": "<https:\/\/twitter.com\/SuRAJ_iMAX|@SuRAJ_iMAX>: <https:\/\/twitter.com\/Synereo|@Synereo> is Decentr....... Aaand It's Gone #SyenereoMeme (And it's gone) <https:\/\/pbs.twimg.com\/media\/CDFjm63VEAAMu_a.jpg>",
                "author_name": "SURAJ PATEL",
                "author_link": "https:\/\/twitter.com\/SuRAJ_iMAX\/status\/590362548458815488",
                "author_icon": "https:\/\/pbs.twimg.com\/profile_images\/589729270022307840\/PCbIRgbu_normal.jpg",
                "author_subname": "@SuRAJ_iMAX",
                "pretext": "<https:\/\/twitter.com\/SuRAJ_iMAX\/status\/590362548458815488>",
                "text": "<https:\/\/twitter.com\/Synereo|@Synereo> is Decentr....... Aaand It's Gone #SyenereoMeme (And it's gone) <https:\/\/pbs.twimg.com\/media\/CDFjm63VEAAMu_a.jpg>",
                "service_name": "twitter",
                "service_url": "https:\/\/twitter.com\/",
                "image_url": "https:\/\/pbs.twimg.com\/media\/CDFjm63VEAAMu_a.jpg",
                "image_width": 600,
                "image_height": 337,
                "image_bytes": 36885,
                "id": 1
            }
        ],
        "type": "message",
        "subtype": "bot_message",
        "ts": "1429588375.000176"
    },
    {
        "bot_id": "B04FD5HLZ",
        "attachments": [
            {
                "fallback": "<https:\/\/twitter.com\/Theo_Bliss|@Theo_Bliss>: <https:\/\/twitter.com\/Synereo|@Synereo> will be for you what you want it to be. #SynereoOps #bitcoin",
                "author_name": "Theo \u0e3fliss",
                "author_link": "https:\/\/twitter.com\/Theo_Bliss\/status\/590363699174629376",
                "author_icon": "https:\/\/pbs.twimg.com\/profile_images\/568636654286434304\/zjQP0Xn0_normal.jpeg",
                "author_subname": "@Theo_Bliss",
                "pretext": "<https:\/\/twitter.com\/Theo_Bliss\/status\/590363699174629376>",
                "text": "<https:\/\/twitter.com\/Synereo|@Synereo> will be for you what you want it to be. #SynereoOps #bitcoin",
                "service_name": "twitter",
                "service_url": "https:\/\/twitter.com\/",
                "id": 1
            }
        ],
        "type": "message",
        "subtype": "bot_message",
        "ts": "1429588648.000177"
    },
    {
        "bot_id": "B04FD5HLZ",
        "attachments": [
            {
                "fallback": "<https:\/\/twitter.com\/Theo_Bliss|@Theo_Bliss>: <https:\/\/twitter.com\/Synereo|@Synereo>, created by nature. \nKeep going well, keep going Synereo.\n#SynereoKu   #SynereoOps #bitcoin <https:\/\/pbs.twimg.com\/media\/CDFsok3VEAARgHv.jpg>",
                "author_name": "Theo \u0e3fliss",
                "author_link": "https:\/\/twitter.com\/Theo_Bliss\/status\/590372472559566849",
                "author_icon": "https:\/\/pbs.twimg.com\/profile_images\/568636654286434304\/zjQP0Xn0_normal.jpeg",
                "author_subname": "@Theo_Bliss",
                "pretext": "<https:\/\/twitter.com\/Theo_Bliss\/status\/590372472559566849>",
                "text": "<https:\/\/twitter.com\/Synereo|@Synereo>, created by nature. \nKeep going well, keep going Synereo.\n#SynereoKu   #SynereoOps #bitcoin <https:\/\/pbs.twimg.com\/media\/CDFsok3VEAARgHv.jpg>",
                "service_name": "twitter",
                "service_url": "https:\/\/twitter.com\/",
                "image_url": "https:\/\/pbs.twimg.com\/media\/CDFsok3VEAARgHv.jpg",
                "image_width": 599,
                "image_height": 597,
                "image_bytes": 32536,
                "id": 1
            }
        ],
        "type": "message",
        "subtype": "bot_message",
        "ts": "1429590741.000178"
    },
    {
        "bot_id": "B04FD5HLZ",
        "attachments": [
            {
                "fallback": "<https:\/\/twitter.com\/SuRAJ_iMAX|@SuRAJ_iMAX>: There is no life without <https:\/\/twitter.com\/Synereo|@Synereo>. #SynereoKu",
                "author_name": "SURAJ PATEL",
                "author_link": "https:\/\/twitter.com\/SuRAJ_iMAX\/status\/590380539925827584",
                "author_icon": "https:\/\/pbs.twimg.com\/profile_images\/589729270022307840\/PCbIRgbu_normal.jpg",
                "author_subname": "@SuRAJ_iMAX",
                "pretext": "<https:\/\/twitter.com\/SuRAJ_iMAX\/status\/590380539925827584>",
                "text": "There is no life without <https:\/\/twitter.com\/Synereo|@Synereo>. #SynereoKu",
                "service_name": "twitter",
                "service_url": "https:\/\/twitter.com\/",
                "id": 1
            }
        ],
        "type": "message",
        "subtype": "bot_message",
        "ts": "1429592664.000179"
    },
    {
        "bot_id": "B04FD5HLZ",
        "attachments": [
            {
                "fallback": "<https:\/\/twitter.com\/PeteEyre|@PeteEyre>: <https:\/\/twitter.com\/Synereo|@Synereo> - The universe\u2019s first fully-decentralized social network. #SynereoSlogan",
                "author_name": "Pete Eyre",
                "author_link": "https:\/\/twitter.com\/PeteEyre\/status\/590389951490957312",
                "author_icon": "https:\/\/pbs.twimg.com\/profile_images\/64890364\/PeteEyrecalf_normal.jpg",
                "author_subname": "@PeteEyre",
                "pretext": "<https:\/\/twitter.com\/PeteEyre\/status\/590389951490957312>",
                "text": "<https:\/\/twitter.com\/Synereo|@Synereo> - The universe\u2019s first fully-decentralized social network. #SynereoSlogan",
                "service_name": "twitter",
                "service_url": "https:\/\/twitter.com\/",
                "id": 1
            }
        ],
        "type": "message",
        "subtype": "bot_message",
        "ts": "1429594908.000180"
    },
    {
        "bot_id": "B04FD5HLZ",
        "attachments": [
            {
                "fallback": "<https:\/\/twitter.com\/PeteEyre|@PeteEyre>: <https:\/\/twitter.com\/Synereo|@Synereo> - Connect, create and celebrate life on your terms. #SynereoSlogan",
                "author_name": "Pete Eyre",
                "author_link": "https:\/\/twitter.com\/PeteEyre\/status\/590390028221554690",
                "author_icon": "https:\/\/pbs.twimg.com\/profile_images\/64890364\/PeteEyrecalf_normal.jpg",
                "author_subname": "@PeteEyre",
                "pretext": "<https:\/\/twitter.com\/PeteEyre\/status\/590390028221554690>",
                "text": "<https:\/\/twitter.com\/Synereo|@Synereo> - Connect, create and celebrate life on your terms. #SynereoSlogan",
                "service_name": "twitter",
                "service_url": "https:\/\/twitter.com\/",
                "id": 1
            }
        ],
        "type": "message",
        "subtype": "bot_message",
        "ts": "1429594926.000181"
    },
    {
        "bot_id": "B04FD5HLZ",
        "attachments": [
            {
                "fallback": "<https:\/\/twitter.com\/PeteEyre|@PeteEyre>: <https:\/\/twitter.com\/Synereo|@Synereo> - Because your reputation, time, and privacy matter. #SynereoSlogan",
                "author_name": "Pete Eyre",
                "author_link": "https:\/\/twitter.com\/PeteEyre\/status\/590390070105939969",
                "author_icon": "https:\/\/pbs.twimg.com\/profile_images\/64890364\/PeteEyrecalf_normal.jpg",
                "author_subname": "@PeteEyre",
                "pretext": "<https:\/\/twitter.com\/PeteEyre\/status\/590390070105939969>",
                "text": "<https:\/\/twitter.com\/Synereo|@Synereo> - Because your reputation, time, and privacy matter. #SynereoSlogan",
                "service_name": "twitter",
                "service_url": "https:\/\/twitter.com\/",
                "id": 1
            }
        ],
        "type": "message",
        "subtype": "bot_message",
        "ts": "1429594936.000182"
    },
    {
        "bot_id": "B04FD5HLZ",
        "attachments": [
            {
                "fallback": "<https:\/\/twitter.com\/PeteEyre|@PeteEyre>: New tool emerges \/ Old order eclipsed, bested \/ We grow, empowered. <https:\/\/twitter.com\/Synereo|@Synereo> #SynereoKu",
                "author_name": "Pete Eyre",
                "author_link": "https:\/\/twitter.com\/PeteEyre\/status\/590390129174257664",
                "author_icon": "https:\/\/pbs.twimg.com\/profile_images\/64890364\/PeteEyrecalf_normal.jpg",
                "author_subname": "@PeteEyre",
                "pretext": "<https:\/\/twitter.com\/PeteEyre\/status\/590390129174257664>",
                "text": "New tool emerges \/ Old order eclipsed, bested \/ We grow, empowered. <https:\/\/twitter.com\/Synereo|@Synereo> #SynereoKu",
                "service_name": "twitter",
                "service_url": "https:\/\/twitter.com\/",
                "id": 1
            }
        ],
        "type": "message",
        "subtype": "bot_message",
        "ts": "1429594950.000183"
    },
    {
        "bot_id": "B04FD5HLZ",
        "attachments": [
            {
                "fallback": "<https:\/\/twitter.com\/PeteEyre|@PeteEyre>: Regain control of your online presence w\/ <https:\/\/twitter.com\/Synereo|@Synereo>, the social network built like a neural network to empower you. #SynereoOps",
                "author_name": "Pete Eyre",
                "author_link": "https:\/\/twitter.com\/PeteEyre\/status\/590390196182462464",
                "author_icon": "https:\/\/pbs.twimg.com\/profile_images\/64890364\/PeteEyrecalf_normal.jpg",
                "author_subname": "@PeteEyre",
                "pretext": "<https:\/\/twitter.com\/PeteEyre\/status\/590390196182462464>",
                "text": "Regain control of your online presence w\/ <https:\/\/twitter.com\/Synereo|@Synereo>, the social network built like a neural network to empower you. #SynereoOps",
                "service_name": "twitter",
                "service_url": "https:\/\/twitter.com\/",
                "id": 1
            }
        ],
        "type": "message",
        "subtype": "bot_message",
        "ts": "1429594966.000184"
    },
    {
        "bot_id": "B04FD5HLZ",
        "attachments": [
            {
                "fallback": "<https:\/\/twitter.com\/Theo_Bliss|@Theo_Bliss>: The social network protocol does not work that way. Good night !!!!\n<https:\/\/twitter.com\/Synereo|@Synereo> #SyenereoMeme (Social network) <https:\/\/pbs.twimg.com\/media\/CDGARQvUsAEy-qV.jpg>",
                "author_name": "Theo \u0e3fliss",
                "author_link": "https:\/\/twitter.com\/Theo_Bliss\/status\/590394063888613376",
                "author_icon": "https:\/\/pbs.twimg.com\/profile_images\/568636654286434304\/zjQP0Xn0_normal.jpeg",
                "author_subname": "@Theo_Bliss",
                "pretext": "<https:\/\/twitter.com\/Theo_Bliss\/status\/590394063888613376>",
                "text": "The social network protocol does not work that way. Good night !!!!\n<https:\/\/twitter.com\/Synereo|@Synereo> #SyenereoMeme (Social network) <https:\/\/pbs.twimg.com\/media\/CDGARQvUsAEy-qV.jpg>",
                "service_name": "twitter",
                "service_url": "https:\/\/twitter.com\/",
                "image_url": "https:\/\/pbs.twimg.com\/media\/CDGARQvUsAEy-qV.jpg",
                "image_width": 500,
                "image_height": 375,
                "image_bytes": 37621,
                "id": 1
            }
        ],
        "type": "message",
        "subtype": "bot_message",
        "ts": "1429595888.000185"
    },
    {
        "bot_id": "B04FD5HLZ",
        "attachments": [
            {
                "fallback": "<https:\/\/twitter.com\/SuRAJ_iMAX|@SuRAJ_iMAX>: <https:\/\/twitter.com\/TylerRichMusic|@TylerRichMusic> Hey,Reach ur audience on internet Directly Without any 3rd Party With next generation Social Network <https:\/\/twitter.com\/Synereo|@Synereo> #SynereoHunt",
                "author_name": "SURAJ PATEL",
                "author_link": "https:\/\/twitter.com\/SuRAJ_iMAX\/status\/590403133089579008",
                "author_icon": "https:\/\/pbs.twimg.com\/profile_images\/589729270022307840\/PCbIRgbu_normal.jpg",
                "author_subname": "@SuRAJ_iMAX",
                "pretext": "<https:\/\/twitter.com\/SuRAJ_iMAX\/status\/590403133089579008>",
                "text": "<https:\/\/twitter.com\/TylerRichMusic|@TylerRichMusic> Hey,Reach ur audience on internet Directly Without any 3rd Party With next generation Social Network <https:\/\/twitter.com\/Synereo|@Synereo> #SynereoHunt",
                "service_name": "twitter",
                "service_url": "https:\/\/twitter.com\/",
                "id": 1
            }
        ],
        "type": "message",
        "subtype": "bot_message",
        "ts": "1429598050.000186"
    },
    {
        "bot_id": "B04FD5HLZ",
        "attachments": [
            {
                "fallback": "<https:\/\/twitter.com\/SuRAJ_iMAX|@SuRAJ_iMAX>: So u are telling me no one will use facebook ? <https:\/\/twitter.com\/Synereo|@Synereo> #SyenereoMeme (Interesting) <https:\/\/pbs.twimg.com\/media\/CDGJNjNUEAEzzfH.jpg>",
                "author_name": "SURAJ PATEL",
                "author_link": "https:\/\/twitter.com\/SuRAJ_iMAX\/status\/590403894053744641",
                "author_icon": "https:\/\/pbs.twimg.com\/profile_images\/589729270022307840\/PCbIRgbu_normal.jpg",
                "author_subname": "@SuRAJ_iMAX",
                "pretext": "<https:\/\/twitter.com\/SuRAJ_iMAX\/status\/590403894053744641>",
                "text": "So u are telling me no one will use facebook ? <https:\/\/twitter.com\/Synereo|@Synereo> #SyenereoMeme (Interesting) <https:\/\/pbs.twimg.com\/media\/CDGJNjNUEAEzzfH.jpg>",
                "service_name": "twitter",
                "service_url": "https:\/\/twitter.com\/",
                "image_url": "https:\/\/pbs.twimg.com\/media\/CDGJNjNUEAEzzfH.jpg",
                "image_width": 600,
                "image_height": 600,
                "image_bytes": 66482,
                "id": 1
            }
        ],
        "type": "message",
        "subtype": "bot_message",
        "ts": "1429598232.000187"
    }
]