[
    {
        "bot_id": "B04FD5HLZ",
        "attachments": [
            {
                "fallback": "<https:\/\/twitter.com\/Synereo|@Synereo>: New role at <https:\/\/twitter.com\/Synereo|@Synereo> - The Scribe, and it comes with a bounty. Starting today! See this post for details. <http:\/\/blog.synereo.com\/2015\/12\/02\/new-bounty\/>",
                "author_name": "Synereo",
                "author_link": "https:\/\/twitter.com\/Synereo\/status\/672034889680732160",
                "author_icon": "https:\/\/pbs.twimg.com\/profile_images\/522790259789025280\/FKRuSK66_normal.png",
                "author_subname": "@Synereo",
                "pretext": "<https:\/\/twitter.com\/Synereo\/status\/672034889680732160>",
                "text": "New role at <https:\/\/twitter.com\/Synereo|@Synereo> - The Scribe, and it comes with a bounty. Starting today! See this post for details. <http:\/\/blog.synereo.com\/2015\/12\/02\/new-bounty\/>",
                "service_name": "twitter",
                "service_url": "https:\/\/twitter.com\/",
                "id": 1
            }
        ],
        "type": "message",
        "subtype": "bot_message",
        "ts": "1449060578.000042"
    },
    {
        "bot_id": "B04FD5HLZ",
        "attachments": [
            {
                "fallback": "<https:\/\/twitter.com\/LivelyGig|@LivelyGig>: LivelyGig and <https:\/\/twitter.com\/Synereo|@Synereo> hangout just started: <https:\/\/plus.google.com\/hangouts\/_\/hoaevent\/AP36tYfgZiwLr0PA7_sm7dleBM2LTVG02jxQtA7wPOeE_Vsm3kjQ1g?eid=109002904706315055045&amp;hl=en&amp;authuser=1>",
                "author_name": "LivelyGig",
                "author_link": "https:\/\/twitter.com\/LivelyGig\/status\/672128509385379841",
                "author_icon": "https:\/\/pbs.twimg.com\/profile_images\/648546311331966976\/bL8zUktE_normal.png",
                "author_subname": "@LivelyGig",
                "pretext": "<https:\/\/twitter.com\/LivelyGig\/status\/672128509385379841>",
                "text": "LivelyGig and <https:\/\/twitter.com\/Synereo|@Synereo> hangout just started: <https:\/\/plus.google.com\/hangouts\/_\/hoaevent\/AP36tYfgZiwLr0PA7_sm7dleBM2LTVG02jxQtA7wPOeE_Vsm3kjQ1g?eid=109002904706315055045&amp;hl=en&amp;authuser=1>",
                "service_name": "twitter",
                "service_url": "https:\/\/twitter.com\/",
                "id": 1
            }
        ],
        "type": "message",
        "subtype": "bot_message",
        "ts": "1449082899.000043"
    }
]