[
    {
        "bot_id": "B04FD5HLZ",
        "attachments": [
            {
                "fallback": "<https:\/\/twitter.com\/martijnarets|@martijnarets>: <https:\/\/twitter.com\/Synereo|@Synereo> hi there! Maten Field named you as an highly interested initiative. I will be in Tel Aviv for <https:\/\/twitter.com\/crowdexpedition|@crowdexpedition> in two weeks,",
                "author_name": "Martijn Arets",
                "author_link": "https:\/\/twitter.com\/martijnarets\/status\/669900642123685889",
                "author_icon": "https:\/\/pbs.twimg.com\/profile_images\/616603037281325056\/A_A9wF-h_normal.jpg",
                "author_subname": "@martijnarets",
                "pretext": "<https:\/\/twitter.com\/martijnarets\/status\/669900642123685889>",
                "text": "<https:\/\/twitter.com\/Synereo|@Synereo> hi there! Maten Field named you as an highly interested initiative. I will be in Tel Aviv for <https:\/\/twitter.com\/crowdexpedition|@crowdexpedition> in two weeks,",
                "service_name": "twitter",
                "service_url": "https:\/\/twitter.com\/",
                "id": 1
            }
        ],
        "type": "message",
        "subtype": "bot_message",
        "ts": "1448551733.000028"
    },
    {
        "bot_id": "B04FD5HLZ",
        "attachments": [
            {
                "fallback": "<https:\/\/twitter.com\/martijnarets|@martijnarets>: <https:\/\/twitter.com\/Synereo|@Synereo> are you based in Tel Aviv and are you open for a video interview? Will take 60-90 minutes at 14-18 Dec. Thanks!",
                "author_name": "Martijn Arets",
                "author_link": "https:\/\/twitter.com\/martijnarets\/status\/669900848932212736",
                "author_icon": "https:\/\/pbs.twimg.com\/profile_images\/616603037281325056\/A_A9wF-h_normal.jpg",
                "author_subname": "@martijnarets",
                "pretext": "<https:\/\/twitter.com\/martijnarets\/status\/669900848932212736>",
                "text": "<https:\/\/twitter.com\/Synereo|@Synereo> are you based in Tel Aviv and are you open for a video interview? Will take 60-90 minutes at 14-18 Dec. Thanks!",
                "service_name": "twitter",
                "service_url": "https:\/\/twitter.com\/",
                "id": 1
            }
        ],
        "type": "message",
        "subtype": "bot_message",
        "ts": "1448551783.000029"
    }
]