[
    {
        "bot_id": "B04FD5HLZ",
        "attachments": [
            {
                "fallback": "<https:\/\/twitter.com\/Synereo|@Synereo>: The <https:\/\/twitter.com\/Synereo|@Synereo> Community Hangout is TODAY at 19 GMT. Join the team for the latest news and updates. <https:\/\/plus.google.com\/u\/0\/b\/109002904706315055045\/events\/ci6dcdhb30guch42vvngj04coqc> #bitcoin #fintech",
                "author_name": "Synereo",
                "author_link": "https:\/\/twitter.com\/Synereo\/status\/667036304652288000",
                "author_icon": "https:\/\/pbs.twimg.com\/profile_images\/522790259789025280\/FKRuSK66_normal.png",
                "author_subname": "@Synereo",
                "pretext": "<https:\/\/twitter.com\/Synereo\/status\/667036304652288000>",
                "text": "The <https:\/\/twitter.com\/Synereo|@Synereo> Community Hangout is TODAY at 19 GMT. Join the team for the latest news and updates. <https:\/\/plus.google.com\/u\/0\/b\/109002904706315055045\/events\/ci6dcdhb30guch42vvngj04coqc> #bitcoin #fintech",
                "service_name": "twitter",
                "service_url": "https:\/\/twitter.com\/",
                "id": 1
            }
        ],
        "type": "message",
        "subtype": "bot_message",
        "ts": "1447868823.000020"
    },
    {
        "bot_id": "B04FD5HLZ",
        "attachments": [
            {
                "fallback": "<https:\/\/twitter.com\/Synereo|@Synereo>: LIVE RIGHT NOW! <https:\/\/twitter.com\/Synereo|@Synereo> Community Hangout. Join the team for the latest news and updates. <https:\/\/plus.google.com\/u\/0\/b\/109002904706315055045\/events\/ci6dcdhb30guch42vvngj04coqc> #bitcoin #fintech #social",
                "author_name": "Synereo",
                "author_link": "https:\/\/twitter.com\/Synereo\/status\/667058462707191808",
                "author_icon": "https:\/\/pbs.twimg.com\/profile_images\/522790259789025280\/FKRuSK66_normal.png",
                "author_subname": "@Synereo",
                "pretext": "<https:\/\/twitter.com\/Synereo\/status\/667058462707191808>",
                "text": "LIVE RIGHT NOW! <https:\/\/twitter.com\/Synereo|@Synereo> Community Hangout. Join the team for the latest news and updates. <https:\/\/plus.google.com\/u\/0\/b\/109002904706315055045\/events\/ci6dcdhb30guch42vvngj04coqc> #bitcoin #fintech #social",
                "service_name": "twitter",
                "service_url": "https:\/\/twitter.com\/",
                "id": 1
            }
        ],
        "type": "message",
        "subtype": "bot_message",
        "ts": "1447874105.000021"
    }
]