[
    {
        "bot_id": "B04FD5HLZ",
        "attachments": [
            {
                "fallback": "<https:\/\/twitter.com\/AskiTan|@AskiTan>: .<https:\/\/twitter.com\/rooshv|@rooshv> new networks like <https:\/\/twitter.com\/Synereo|@Synereo> and <https:\/\/twitter.com\/maidsafe|@maidsafe> will be decentralized, uncensorable &amp; anonymous <https:\/\/www.youtube.com\/watch?v=bXOaxjvefGc>",
                "author_name": "Alex Strouss",
                "author_link": "https:\/\/twitter.com\/AskiTan\/status\/673840861965348864",
                "author_icon": "https:\/\/pbs.twimg.com\/profile_images\/467724683819745280\/XtJ3CERt_normal.png",
                "author_subname": "@AskiTan",
                "pretext": "<https:\/\/twitter.com\/AskiTan\/status\/673840861965348864>",
                "text": ".<https:\/\/twitter.com\/rooshv|@rooshv> new networks like <https:\/\/twitter.com\/Synereo|@Synereo> and <https:\/\/twitter.com\/maidsafe|@maidsafe> will be decentralized, uncensorable &amp; anonymous <https:\/\/www.youtube.com\/watch?v=bXOaxjvefGc>",
                "service_name": "twitter",
                "service_url": "https:\/\/twitter.com\/",
                "id": 1
            }
        ],
        "type": "message",
        "subtype": "bot_message",
        "ts": "1449491155.000054"
    },
    {
        "bot_id": "B04FD5HLZ",
        "attachments": [
            {
                "fallback": "<https:\/\/twitter.com\/BTCBoulevard|@BTCBoulevard>: <https:\/\/twitter.com\/ninavizz|@ninavizz> <https:\/\/twitter.com\/heathervescent|@heathervescent> Maybe have a look at <https:\/\/twitter.com\/Synereo|@Synereo> That's human interaction and social contracts. <http:\/\/blog.synereo.com\/2015\/12\/07\/Synereo-Update-02.12-Scribed\/>",
                "author_name": "\u0e3fitcoin \u0e3foulevard",
                "author_link": "https:\/\/twitter.com\/BTCBoulevard\/status\/673966281947799554",
                "author_icon": "https:\/\/pbs.twimg.com\/profile_images\/459345059473653760\/BWm6iGCF_normal.png",
                "author_subname": "@BTCBoulevard",
                "pretext": "<https:\/\/twitter.com\/BTCBoulevard\/status\/673966281947799554>",
                "text": "<https:\/\/twitter.com\/ninavizz|@ninavizz> <https:\/\/twitter.com\/heathervescent|@heathervescent> Maybe have a look at <https:\/\/twitter.com\/Synereo|@Synereo> That's human interaction and social contracts. <http:\/\/blog.synereo.com\/2015\/12\/07\/Synereo-Update-02.12-Scribed\/>",
                "service_name": "twitter",
                "service_url": "https:\/\/twitter.com\/",
                "id": 1
            }
        ],
        "type": "message",
        "subtype": "bot_message",
        "ts": "1449521058.000055"
    },
    {
        "bot_id": "B04FD5HLZ",
        "attachments": [
            {
                "fallback": "<https:\/\/twitter.com\/ninavizz|@ninavizz>: <https:\/\/twitter.com\/BTCBoulevard|@BTCBoulevard> Maybe don't troll on threads to hawk your unrelated product? <https:\/\/twitter.com\/heathervescent|@heathervescent> <https:\/\/twitter.com\/Synereo|@Synereo>",
                "author_name": "nina alter",
                "author_link": "https:\/\/twitter.com\/ninavizz\/status\/673969155809263616",
                "author_icon": "https:\/\/pbs.twimg.com\/profile_images\/659467529111277568\/NUU3qbLa_normal.jpg",
                "author_subname": "@ninavizz",
                "pretext": "<https:\/\/twitter.com\/ninavizz\/status\/673969155809263616>",
                "text": "<https:\/\/twitter.com\/BTCBoulevard|@BTCBoulevard> Maybe don't troll on threads to hawk your unrelated product? <https:\/\/twitter.com\/heathervescent|@heathervescent> <https:\/\/twitter.com\/Synereo|@Synereo>",
                "service_name": "twitter",
                "service_url": "https:\/\/twitter.com\/",
                "id": 1
            }
        ],
        "type": "message",
        "subtype": "bot_message",
        "ts": "1449521743.000056"
    },
    {
        "type": "message",
        "user": "U048T3M8W",
        "text": "It seems that I misplaced a tweet to @ninavizz. Sorry.",
        "ts": "1449558768.000057"
    }
]