[
    {
        "bot_id": "B04FD5HLZ",
        "attachments": [
            {
                "fallback": "<https:\/\/twitter.com\/N_O_D_E_|@N_O_D_E_>: #365_Days_of_P2P: 004\n\nSynereo: Decentralized and distributed social platform\n\n\u25b7 <http:\/\/synereo.com>\n\u25b7 <https:\/\/twitter.com\/Synereo|@Synereo>",
                "author_name": "N O D E",
                "author_link": "https:\/\/twitter.com\/N_O_D_E_\/status\/615172835653218304",
                "author_icon": "https:\/\/pbs.twimg.com\/profile_images\/614435535822655491\/HBshxEjR_normal.png",
                "author_subname": "@N_O_D_E_",
                "pretext": "<https:\/\/twitter.com\/N_O_D_E_\/status\/615172835653218304>",
                "text": "#365_Days_of_P2P: 004\n\nSynereo: Decentralized and distributed social platform\n\n\u25b7 <http:\/\/synereo.com>\n\u25b7 <https:\/\/twitter.com\/Synereo|@Synereo>",
                "service_name": "twitter",
                "service_url": "https:\/\/twitter.com\/",
                "id": 1
            }
        ],
        "type": "message",
        "subtype": "bot_message",
        "ts": "1435503608.000068"
    }
]