[
    {
        "bot_id": "B04FD5HLZ",
        "attachments": [
            {
                "fallback": "<https:\/\/twitter.com\/jessecouch|@jessecouch>: <https:\/\/twitter.com\/SecretsOfCrypto|@SecretsOfCrypto> <https:\/\/twitter.com\/BittrexExchange|@BittrexExchange>, <https:\/\/twitter.com\/richiela|@richiela> scouting talent at <https:\/\/twitter.com\/YobitExchange|@YobitExchange> &amp; <https:\/\/twitter.com\/Poloniex|@Poloniex> is adding <https:\/\/twitter.com\/Synereo|@Synereo> AMPs <https:\/\/youtu.be\/Icn4UiANVr8?t=20m52s>",
                "author_name": "\uff2a\uff45\uff53\uff53\uff45\u2003\uff23\uff4f\uff55\uff43\uff48",
                "author_link": "https:\/\/twitter.com\/jessecouch\/status\/660248745007669248",
                "author_icon": "https:\/\/pbs.twimg.com\/profile_images\/603832718753824768\/y0_-YoNy_normal.jpg",
                "author_subname": "@jessecouch",
                "pretext": "<https:\/\/twitter.com\/jessecouch\/status\/660248745007669248>",
                "text": "<https:\/\/twitter.com\/SecretsOfCrypto|@SecretsOfCrypto> <https:\/\/twitter.com\/BittrexExchange|@BittrexExchange>, <https:\/\/twitter.com\/richiela|@richiela> scouting talent at <https:\/\/twitter.com\/YobitExchange|@YobitExchange> &amp; <https:\/\/twitter.com\/Poloniex|@Poloniex> is adding <https:\/\/twitter.com\/Synereo|@Synereo> AMPs <https:\/\/youtu.be\/Icn4UiANVr8?t=20m52s>",
                "service_name": "twitter",
                "service_url": "https:\/\/twitter.com\/",
                "id": 1
            }
        ],
        "type": "message",
        "subtype": "bot_message",
        "ts": "1446250542.000028"
    }
]