[
    {
        "bot_id": "B04FD5HLZ",
        "attachments": [
            {
                "fallback": "<https:\/\/twitter.com\/Synereo|@Synereo>: Our Community Hangout is Today at 19 UTC. Join the <https:\/\/twitter.com\/Synereo|@Synereo> team for the latest news and updates. <https:\/\/plus.google.com\/u\/0\/b\/109002904706315055045\/events\/c85mntn62k11d4apigen3nrmp1k> #bitcoin #fintech",
                "author_name": "Synereo",
                "author_link": "https:\/\/twitter.com\/Synereo\/status\/621323540831281152",
                "author_icon": "https:\/\/pbs.twimg.com\/profile_images\/522790259789025280\/FKRuSK66_normal.png",
                "author_subname": "@Synereo",
                "pretext": "<https:\/\/twitter.com\/Synereo\/status\/621323540831281152>",
                "text": "Our Community Hangout is Today at 19 UTC. Join the <https:\/\/twitter.com\/Synereo|@Synereo> team for the latest news and updates. <https:\/\/plus.google.com\/u\/0\/b\/109002904706315055045\/events\/c85mntn62k11d4apigen3nrmp1k> #bitcoin #fintech",
                "service_name": "twitter",
                "service_url": "https:\/\/twitter.com\/",
                "id": 1
            }
        ],
        "type": "message",
        "subtype": "bot_message",
        "ts": "1436970050.000091"
    },
    {
        "bot_id": "B04FD5HLZ",
        "attachments": [
            {
                "fallback": "<https:\/\/twitter.com\/Synereo|@Synereo>: Our Community Hangout is LIVE RIGHT NOW. Join the <https:\/\/twitter.com\/Synereo|@Synereo> team for the latest news and updates. <https:\/\/plus.google.com\/u\/0\/b\/109002904706315055045\/events\/c85mntn62k11d4apigen3nrmp1k> #bitcoin #fintech",
                "author_name": "Synereo",
                "author_link": "https:\/\/twitter.com\/Synereo\/status\/621381236313862145",
                "author_icon": "https:\/\/pbs.twimg.com\/profile_images\/522790259789025280\/FKRuSK66_normal.png",
                "author_subname": "@Synereo",
                "pretext": "<https:\/\/twitter.com\/Synereo\/status\/621381236313862145>",
                "text": "Our Community Hangout is LIVE RIGHT NOW. Join the <https:\/\/twitter.com\/Synereo|@Synereo> team for the latest news and updates. <https:\/\/plus.google.com\/u\/0\/b\/109002904706315055045\/events\/c85mntn62k11d4apigen3nrmp1k> #bitcoin #fintech",
                "service_name": "twitter",
                "service_url": "https:\/\/twitter.com\/",
                "id": 1
            }
        ],
        "type": "message",
        "subtype": "bot_message",
        "ts": "1436983806.000092"
    },
    {
        "bot_id": "B04FD5HLZ",
        "attachments": [
            {
                "fallback": "<https:\/\/twitter.com\/Synereo|@Synereo>: Our Weekly Hangout is now live - join us at <https:\/\/plus.google.com\/hangouts\/_\/hoaevent\/AP36tYfUBdeQhAhONbfTJa_YFuAiFmqbuB-KldTGrui2uZq8I80PWA>",
                "author_name": "Synereo",
                "author_link": "https:\/\/twitter.com\/Synereo\/status\/621387940913127425",
                "author_icon": "https:\/\/pbs.twimg.com\/profile_images\/522790259789025280\/FKRuSK66_normal.png",
                "author_subname": "@Synereo",
                "pretext": "<https:\/\/twitter.com\/Synereo\/status\/621387940913127425>",
                "text": "Our Weekly Hangout is now live - join us at <https:\/\/plus.google.com\/hangouts\/_\/hoaevent\/AP36tYfUBdeQhAhONbfTJa_YFuAiFmqbuB-KldTGrui2uZq8I80PWA>",
                "service_name": "twitter",
                "service_url": "https:\/\/twitter.com\/",
                "id": 1
            }
        ],
        "type": "message",
        "subtype": "bot_message",
        "ts": "1436985405.000093"
    }
]