[
    {
        "bot_id": "B04FD5HLZ",
        "attachments": [
            {
                "fallback": "<https:\/\/twitter.com\/forgelogicielle|@forgelogicielle>: KR home-studio se penche sur la r\u00e9volution de l'industrie musicale promise par <https:\/\/twitter.com\/Synereo|@Synereo>\n\nCc <https:\/\/twitter.com\/gotsky|@gotsky> <https:\/\/twitter.com\/Managile|@Managile> <https:\/\/pbs.twimg.com\/media\/CGUSp0rUQAAZp3i.jpg>",
                "author_name": "Shaker Technologies",
                "author_link": "https:\/\/twitter.com\/forgelogicielle\/status\/604910235334123520",
                "author_icon": "https:\/\/pbs.twimg.com\/profile_images\/556782251854151680\/_L9dkk-B_normal.png",
                "author_subname": "@forgelogicielle",
                "pretext": "<https:\/\/twitter.com\/forgelogicielle\/status\/604910235334123520>",
                "text": "KR home-studio se penche sur la r\u00e9volution de l'industrie musicale promise par <https:\/\/twitter.com\/Synereo|@Synereo>\n\nCc <https:\/\/twitter.com\/gotsky|@gotsky> <https:\/\/twitter.com\/Managile|@Managile> <https:\/\/pbs.twimg.com\/media\/CGUSp0rUQAAZp3i.jpg>",
                "service_name": "twitter",
                "service_url": "https:\/\/twitter.com\/",
                "image_url": "https:\/\/pbs.twimg.com\/media\/CGUSp0rUQAAZp3i.jpg",
                "image_width": 599,
                "image_height": 337,
                "image_bytes": 34189,
                "id": 1
            }
        ],
        "type": "message",
        "subtype": "bot_message",
        "ts": "1433056814.000025"
    },
    {
        "bot_id": "B04FD5HLZ",
        "attachments": [
            {
                "fallback": "<https:\/\/twitter.com\/Managile|@Managile>: #Merci on va lire \u00e7a de pr\u00e8s <https:\/\/twitter.com\/forgelogicielle|@forgelogicielle> <https:\/\/twitter.com\/Synereo|@Synereo> <https:\/\/twitter.com\/gotsky|@gotsky>",
                "author_name": "Pascale Mousset",
                "author_link": "https:\/\/twitter.com\/Managile\/status\/604953613547520000",
                "author_icon": "https:\/\/pbs.twimg.com\/profile_images\/604795243733598208\/Qox9Z_Fb_normal.jpg",
                "author_subname": "@Managile",
                "pretext": "<https:\/\/twitter.com\/Managile\/status\/604953613547520000>",
                "text": "#Merci on va lire \u00e7a de pr\u00e8s <https:\/\/twitter.com\/forgelogicielle|@forgelogicielle> <https:\/\/twitter.com\/Synereo|@Synereo> <https:\/\/twitter.com\/gotsky|@gotsky>",
                "service_name": "twitter",
                "service_url": "https:\/\/twitter.com\/",
                "id": 1
            }
        ],
        "type": "message",
        "subtype": "bot_message",
        "ts": "1433067156.000026"
    },
    {
        "bot_id": "B04FD5HLZ",
        "attachments": [
            {
                "fallback": "<https:\/\/twitter.com\/jimscarver|@jimscarver>: <https:\/\/krisjack.wordpress.com\/2015\/03\/30\/is-content-still-king-or-has-usage-usurped-it-a-case-study-in-recommending-scientific-literature\/> <https:\/\/twitter.com\/Synereo|@Synereo> #attentioneconomy is next <https:\/\/twitter.com\/leithaus|@leithaus> <https:\/\/twitter.com\/provensecure|@provensecure>",
                "author_name": "jimscarver",
                "author_link": "https:\/\/twitter.com\/jimscarver\/status\/605039662969851904",
                "author_icon": "https:\/\/pbs.twimg.com\/profile_images\/595050198033895425\/NgPmOdj6_normal.png",
                "author_subname": "@jimscarver",
                "pretext": "<https:\/\/twitter.com\/jimscarver\/status\/605039662969851904>",
                "text": "<https:\/\/krisjack.wordpress.com\/2015\/03\/30\/is-content-still-king-or-has-usage-usurped-it-a-case-study-in-recommending-scientific-literature\/> <https:\/\/twitter.com\/Synereo|@Synereo> #attentioneconomy is next <https:\/\/twitter.com\/leithaus|@leithaus> <https:\/\/twitter.com\/provensecure|@provensecure>",
                "service_name": "twitter",
                "service_url": "https:\/\/twitter.com\/",
                "id": 1
            }
        ],
        "type": "message",
        "subtype": "bot_message",
        "ts": "1433087671.000027"
    }
]