[
    {
        "bot_id": "B04FD5HLZ",
        "attachments": [
            {
                "fallback": "<https:\/\/twitter.com\/ajscholz|@ajscholz>: \"Designing for the attention economy means designing systems that help their users be better agents\" ~ via <https:\/\/twitter.com\/Synereo|@Synereo> <http:\/\/www.synereo.com\/whitepapers\/synereo.pdf>",
                "author_name": "Astrid Scholz",
                "author_link": "https:\/\/twitter.com\/ajscholz\/status\/618435829724123137",
                "author_icon": "https:\/\/pbs.twimg.com\/profile_images\/459085424439201792\/dlJiJxTy_normal.jpeg",
                "author_subname": "@ajscholz",
                "pretext": "<https:\/\/twitter.com\/ajscholz\/status\/618435829724123137>",
                "text": "\"Designing for the attention economy means designing systems that help their users be better agents\" ~ via <https:\/\/twitter.com\/Synereo|@Synereo> <http:\/\/www.synereo.com\/whitepapers\/synereo.pdf>",
                "service_name": "twitter",
                "service_url": "https:\/\/twitter.com\/",
                "id": 1
            }
        ],
        "type": "message",
        "subtype": "bot_message",
        "ts": "1436281566.000085"
    },
    {
        "bot_id": "B04FD5HLZ",
        "attachments": [
            {
                "fallback": "<https:\/\/twitter.com\/EdEykholt|@EdEykholt>: <https:\/\/twitter.com\/LivelyGig|@LivelyGig>'s strategy of connecting freelancers and clients via the close-knit network <https:\/\/twitter.com\/Synereo|@Synereo> appears to resonate. <https:\/\/twitter.com\/freelancersu\/status\/618481894863282176>",
                "author_name": "Ed Eykholt",
                "author_link": "https:\/\/twitter.com\/EdEykholt\/status\/618485517307375616",
                "author_icon": "https:\/\/pbs.twimg.com\/profile_images\/1165648483\/business_card_normal.jpg",
                "author_subname": "@EdEykholt",
                "pretext": "<https:\/\/twitter.com\/EdEykholt\/status\/618485517307375616>",
                "text": "<https:\/\/twitter.com\/LivelyGig|@LivelyGig>'s strategy of connecting freelancers and clients via the close-knit network <https:\/\/twitter.com\/Synereo|@Synereo> appears to resonate. <https:\/\/twitter.com\/freelancersu\/status\/618481894863282176>",
                "service_name": "twitter",
                "service_url": "https:\/\/twitter.com\/",
                "id": 1
            }
        ],
        "type": "message",
        "subtype": "bot_message",
        "ts": "1436293413.000086"
    }
]