[
    {
        "bot_id": "B04FD5HLZ",
        "attachments": [
            {
                "fallback": "<https:\/\/twitter.com\/crowdexpedition|@crowdexpedition>: A fully decentralized and distributed social platform: <https:\/\/twitter.com\/Synereo|@Synereo>. Interview with <https:\/\/twitter.com\/Elokane|@Elokane> <http:\/\/ow.ly\/Wr6oV>",
                "author_name": "Crowd Expedition",
                "author_link": "https:\/\/twitter.com\/crowdexpedition\/status\/682106405164314626",
                "author_icon": "https:\/\/pbs.twimg.com\/profile_images\/378800000481894123\/44f9a84c00f206045077d3006fe2d65a_normal.jpeg",
                "author_subname": "@crowdexpedition",
                "pretext": "<https:\/\/twitter.com\/crowdexpedition\/status\/682106405164314626>",
                "text": "A fully decentralized and distributed social platform: <https:\/\/twitter.com\/Synereo|@Synereo>. Interview with <https:\/\/twitter.com\/Elokane|@Elokane> <http:\/\/ow.ly\/Wr6oV>",
                "service_name": "twitter",
                "service_url": "https:\/\/twitter.com\/",
                "id": 1,
                "footer": "Retweeted by <https:\/\/twitter.com\/Synereo\/status\/682538920140210176|@Synereo>"
            }
        ],
        "type": "message",
        "subtype": "bot_message",
        "ts": "1451564934.000114"
    },
    {
        "bot_id": "B04FD5HLZ",
        "attachments": [
            {
                "fallback": "<https:\/\/twitter.com\/Synereo|@Synereo>: <https:\/\/twitter.com\/AllCoinsNews|@AllCoinsNews> <https:\/\/twitter.com\/BnkToTheFuture|@BnkToTheFuture> Great piece, guys. Thank you. <https:\/\/twitter.com\/Synereo|@Synereo>",
                "author_name": "Synereo",
                "author_link": "https:\/\/twitter.com\/Synereo\/status\/682550801961775104",
                "author_icon": "https:\/\/pbs.twimg.com\/profile_images\/522790259789025280\/FKRuSK66_normal.png",
                "author_subname": "@Synereo",
                "pretext": "<https:\/\/twitter.com\/Synereo\/status\/682550801961775104>",
                "text": "<https:\/\/twitter.com\/AllCoinsNews|@AllCoinsNews> <https:\/\/twitter.com\/BnkToTheFuture|@BnkToTheFuture> Great piece, guys. Thank you. <https:\/\/twitter.com\/Synereo|@Synereo>",
                "service_name": "twitter",
                "service_url": "https:\/\/twitter.com\/",
                "id": 1
            }
        ],
        "type": "message",
        "subtype": "bot_message",
        "ts": "1451567767.000115"
    }
]