[
    {
        "type": "message",
        "user": "U0474AT8P",
        "text": "<https:\/\/twitter.com\/Synereo\/status\/589598708712484864>",
        "attachments": [
            {
                "fallback": "<https:\/\/twitter.com\/Synereo|@Synereo>: Our CEO <https:\/\/twitter.com\/Elokane|@Elokane> on <https:\/\/twitter.com\/EvolverNetwork|@EvolverNetwork> discussing <https:\/\/twitter.com\/Synereo|@Synereo> and its tech, modeled on how our brains communicate\n<http:\/\/www.evolvernetwork.org\/2015\/04\/18\/synereo-a-decentralized-social-network\/> #bitcoin",
                "ts": 1429406261,
                "author_name": "Synereo",
                "author_link": "https:\/\/twitter.com\/Synereo\/status\/589598708712484864",
                "author_icon": "https:\/\/pbs.twimg.com\/profile_images\/522790259789025280\/FKRuSK66_normal.png",
                "author_subname": "@Synereo",
                "text": "Our CEO <https:\/\/twitter.com\/Elokane|@Elokane> on <https:\/\/twitter.com\/EvolverNetwork|@EvolverNetwork> discussing <https:\/\/twitter.com\/Synereo|@Synereo> and its tech, modeled on how our brains communicate\n<http:\/\/www.evolvernetwork.org\/2015\/04\/18\/synereo-a-decentralized-social-network\/> #bitcoin",
                "service_name": "twitter",
                "service_url": "https:\/\/twitter.com\/",
                "from_url": "https:\/\/twitter.com\/Synereo\/status\/589598708712484864",
                "id": 1
            }
        ],
        "ts": "1429406306.000052"
    },
    {
        "type": "message",
        "user": "U0474AT8P",
        "text": "<https:\/\/twitter.com\/Synereo\/status\/589620553239162880>",
        "attachments": [
            {
                "fallback": "<https:\/\/twitter.com\/Synereo|@Synereo>: 5 BOUNTIES 5 x 50K AMPs PRIZES. Come up with creative, inspiring tweets about <https:\/\/twitter.com\/Synereo|@Synereo> to WIN! <http:\/\/blog.synereo.com\/2015\/04\/17\/twitter-bounties\/> <https:\/\/pbs.twimg.com\/media\/CC6_vjcUsAA0ChF.png>",
                "ts": 1429411469,
                "author_name": "Synereo",
                "author_link": "https:\/\/twitter.com\/Synereo\/status\/589620553239162880",
                "author_icon": "https:\/\/pbs.twimg.com\/profile_images\/522790259789025280\/FKRuSK66_normal.png",
                "author_subname": "@Synereo",
                "text": "5 BOUNTIES 5 x 50K AMPs PRIZES. Come up with creative, inspiring tweets about <https:\/\/twitter.com\/Synereo|@Synereo> to WIN! <http:\/\/blog.synereo.com\/2015\/04\/17\/twitter-bounties\/> <https:\/\/pbs.twimg.com\/media\/CC6_vjcUsAA0ChF.png>",
                "service_name": "twitter",
                "service_url": "https:\/\/twitter.com\/",
                "image_url": "https:\/\/pbs.twimg.com\/media\/CC6_vjcUsAA0ChF.png",
                "image_width": 600,
                "image_height": 600,
                "image_bytes": 622114,
                "from_url": "https:\/\/twitter.com\/Synereo\/status\/589620553239162880",
                "id": 1
            }
        ],
        "ts": "1429414427.000057"
    },
    {
        "bot_id": "B04FD5HLZ",
        "attachments": [
            {
                "fallback": "<https:\/\/twitter.com\/Synereo|@Synereo>: Join <https:\/\/twitter.com\/Synereo|@Synereo>'s ever growing community for real time discussion on our open Slack at <https:\/\/slack.synereo.com> #bitcoin <https:\/\/pbs.twimg.com\/media\/CC7Z_lWUkAAxTNQ.png>",
                "author_name": "Synereo",
                "author_link": "https:\/\/twitter.com\/Synereo\/status\/589649189820375040",
                "author_icon": "https:\/\/pbs.twimg.com\/profile_images\/522790259789025280\/FKRuSK66_normal.png",
                "author_subname": "@Synereo",
                "pretext": "<https:\/\/twitter.com\/Synereo\/status\/589649189820375040>",
                "text": "Join <https:\/\/twitter.com\/Synereo|@Synereo>'s ever growing community for real time discussion on our open Slack at <https:\/\/slack.synereo.com> #bitcoin <https:\/\/pbs.twimg.com\/media\/CC7Z_lWUkAAxTNQ.png>",
                "service_name": "twitter",
                "service_url": "https:\/\/twitter.com\/",
                "image_url": "https:\/\/pbs.twimg.com\/media\/CC7Z_lWUkAAxTNQ.png",
                "image_width": 488,
                "image_height": 370,
                "image_bytes": 26830,
                "id": 1
            }
        ],
        "type": "message",
        "subtype": "bot_message",
        "ts": "1429418296.000059"
    }
]