[
    {
        "bot_id": "B04FD5HLZ",
        "attachments": [
            {
                "fallback": "<https:\/\/twitter.com\/brianloene|@brianloene>: Rumor is the next version of <https:\/\/twitter.com\/ethereumproject|@ethereumproject> #ethereum $ETH will be called <https:\/\/twitter.com\/Synereo|@Synereo> #synereo $AMP",
                "author_name": "Brian Loene",
                "author_link": "https:\/\/twitter.com\/brianloene\/status\/681379741916508160",
                "author_icon": "https:\/\/pbs.twimg.com\/profile_images\/624686996561072128\/NSN1rZ_0_normal.jpg",
                "author_subname": "@brianloene",
                "pretext": "<https:\/\/twitter.com\/brianloene\/status\/681379741916508160>",
                "text": "Rumor is the next version of <https:\/\/twitter.com\/ethereumproject|@ethereumproject> #ethereum $ETH will be called <https:\/\/twitter.com\/Synereo|@Synereo> #synereo $AMP",
                "service_name": "twitter",
                "service_url": "https:\/\/twitter.com\/",
                "id": 1
            }
        ],
        "type": "message",
        "subtype": "bot_message",
        "ts": "1451288565.000098"
    }
]