[
    {
        "bot_id": "B04FD5HLZ",
        "attachments": [
            {
                "fallback": "<https:\/\/twitter.com\/matslats|@matslats>: Mechanics of a working #attentioneconomy. <https:\/\/discuss.synereo.com\/t\/how-amps-work\/53127> AMPs are a normal #cryptocurrency put to good use! <https:\/\/twitter.com\/Synereo|@Synereo>",
                "author_name": "Matthew Slater",
                "author_link": "https:\/\/twitter.com\/matslats\/status\/669255773520830464",
                "author_icon": "https:\/\/pbs.twimg.com\/profile_images\/460106523025240064\/eTJZ4KsT_normal.jpeg",
                "author_subname": "@matslats",
                "pretext": "<https:\/\/twitter.com\/matslats\/status\/669255773520830464>",
                "text": "Mechanics of a working #attentioneconomy. <https:\/\/discuss.synereo.com\/t\/how-amps-work\/53127> AMPs are a normal #cryptocurrency put to good use! <https:\/\/twitter.com\/Synereo|@Synereo>",
                "service_name": "twitter",
                "service_url": "https:\/\/twitter.com\/",
                "id": 1
            }
        ],
        "type": "message",
        "subtype": "bot_message",
        "ts": "1448397985.000025"
    }
]