[
    {
        "bot_id": "B04FD5HLZ",
        "attachments": [
            {
                "fallback": "<https:\/\/twitter.com\/AskiTan|@AskiTan>: .<https:\/\/twitter.com\/Synereo|@Synereo> can you ban someone from synereo for not using politically correct speech? (like this farce here) i.e. is there censorship?",
                "author_name": "Alex Strouss",
                "author_link": "https:\/\/twitter.com\/AskiTan\/status\/670514159960895488",
                "author_icon": "https:\/\/pbs.twimg.com\/profile_images\/467724683819745280\/XtJ3CERt_normal.png",
                "author_subname": "@AskiTan",
                "pretext": "<https:\/\/twitter.com\/AskiTan\/status\/670514159960895488>",
                "text": ".<https:\/\/twitter.com\/Synereo|@Synereo> can you ban someone from synereo for not using politically correct speech? (like this farce here) i.e. is there censorship?",
                "service_name": "twitter",
                "service_url": "https:\/\/twitter.com\/",
                "id": 1
            }
        ],
        "type": "message",
        "subtype": "bot_message",
        "ts": "1448698008.000032"
    },
    {
        "bot_id": "B04FD5HLZ",
        "attachments": [
            {
                "fallback": "<https:\/\/twitter.com\/Synereo|@Synereo>: <https:\/\/twitter.com\/AskiTan|@AskiTan> Synereo does not control what gets posted or published on our network so that should be your answer.",
                "author_name": "Synereo",
                "author_link": "https:\/\/twitter.com\/Synereo\/status\/670535386523959296",
                "author_icon": "https:\/\/pbs.twimg.com\/profile_images\/522790259789025280\/FKRuSK66_normal.png",
                "author_subname": "@Synereo",
                "pretext": "<https:\/\/twitter.com\/Synereo\/status\/670535386523959296>",
                "text": "<https:\/\/twitter.com\/AskiTan|@AskiTan> Synereo does not control what gets posted or published on our network so that should be your answer.",
                "service_name": "twitter",
                "service_url": "https:\/\/twitter.com\/",
                "id": 1
            }
        ],
        "type": "message",
        "subtype": "bot_message",
        "ts": "1448703069.000033"
    },
    {
        "bot_id": "B04FD5HLZ",
        "attachments": [
            {
                "fallback": "<https:\/\/twitter.com\/MyBitNation|@MyBitNation>: BitNation erases boundary between virtual &amp; real world w\/ Estonia\n<https:\/\/twitter.com\/Falkvinge|@Falkvinge> <https:\/\/twitter.com\/NickSzabo4|@NickSzabo4> <https:\/\/twitter.com\/Synereo|@Synereo> <https:\/\/twitter.com\/leashless|@leashless> <https:\/\/twitter.com\/lessig|@lessig> <https:\/\/twitter.com\/ethereumproject|@ethereumproject>",
                "author_name": "BITNATION",
                "author_link": "https:\/\/twitter.com\/MyBitNation\/status\/670666800431017988",
                "author_icon": "https:\/\/pbs.twimg.com\/profile_images\/622076979970322432\/igmbF0Uv_normal.jpg",
                "author_subname": "@MyBitNation",
                "pretext": "<https:\/\/twitter.com\/MyBitNation\/status\/670666800431017988>",
                "text": "BitNation erases boundary between virtual &amp; real world w\/ Estonia\n<https:\/\/twitter.com\/Falkvinge|@Falkvinge> <https:\/\/twitter.com\/NickSzabo4|@NickSzabo4> <https:\/\/twitter.com\/Synereo|@Synereo> <https:\/\/twitter.com\/leashless|@leashless> <https:\/\/twitter.com\/lessig|@lessig> <https:\/\/twitter.com\/ethereumproject|@ethereumproject>",
                "service_name": "twitter",
                "service_url": "https:\/\/twitter.com\/",
                "id": 1
            }
        ],
        "type": "message",
        "subtype": "bot_message",
        "ts": "1448734400.000034"
    },
    {
        "user": "U0FESR742",
        "type": "message",
        "subtype": "channel_join",
        "text": "<@U0FESR742|jwalls> has joined the channel",
        "ts": "1448738879.000035"
    },
    {
        "bot_id": "B04FD5HLZ",
        "attachments": [
            {
                "fallback": "<https:\/\/twitter.com\/AskiTan|@AskiTan>: .<https:\/\/twitter.com\/SeventhSonTRS|@SeventhSonTRS> also check this out: <https:\/\/twitter.com\/Synereo|@Synereo> a social network that is uncensorable &amp;u own&amp;get paid for your content <https:\/\/pbs.twimg.com\/media\/CU8AWEEWcAAOLQP.png>",
                "author_name": "Alex Strouss",
                "author_link": "https:\/\/twitter.com\/AskiTan\/status\/670755250144342017",
                "author_icon": "https:\/\/pbs.twimg.com\/profile_images\/467724683819745280\/XtJ3CERt_normal.png",
                "author_subname": "@AskiTan",
                "pretext": "<https:\/\/twitter.com\/AskiTan\/status\/670755250144342017>",
                "text": ".<https:\/\/twitter.com\/SeventhSonTRS|@SeventhSonTRS> also check this out: <https:\/\/twitter.com\/Synereo|@Synereo> a social network that is uncensorable &amp;u own&amp;get paid for your content <https:\/\/pbs.twimg.com\/media\/CU8AWEEWcAAOLQP.png>",
                "service_name": "twitter",
                "service_url": "https:\/\/twitter.com\/",
                "image_url": "https:\/\/pbs.twimg.com\/media\/CU8AWEEWcAAOLQP.png",
                "image_width": 522,
                "image_height": 306,
                "image_bytes": 43959,
                "id": 1
            }
        ],
        "type": "message",
        "subtype": "bot_message",
        "ts": "1448755488.000036"
    },
    {
        "bot_id": "B04FD5HLZ",
        "attachments": [
            {
                "fallback": "<https:\/\/twitter.com\/AskiTan|@AskiTan>: <https:\/\/twitter.com\/Synereo|@Synereo> thank you!",
                "author_name": "Alex Strouss",
                "author_link": "https:\/\/twitter.com\/AskiTan\/status\/670778091615223808",
                "author_icon": "https:\/\/pbs.twimg.com\/profile_images\/467724683819745280\/XtJ3CERt_normal.png",
                "author_subname": "@AskiTan",
                "pretext": "<https:\/\/twitter.com\/AskiTan\/status\/670778091615223808>",
                "text": "<https:\/\/twitter.com\/Synereo|@Synereo> thank you!",
                "service_name": "twitter",
                "service_url": "https:\/\/twitter.com\/",
                "id": 1
            }
        ],
        "type": "message",
        "subtype": "bot_message",
        "ts": "1448760934.000037"
    }
]