[
    {
        "bot_id": "B04FD5HLZ",
        "attachments": [
            {
                "fallback": "<https:\/\/twitter.com\/martijnarets|@martijnarets>: In 2 weeks I will interview <https:\/\/twitter.com\/Elokane|@Elokane> of <https:\/\/twitter.com\/Synereo|@Synereo>: a fully decentralized\nand distributed social platform owned by the people who use it.",
                "author_name": "Martijn Arets",
                "author_link": "https:\/\/twitter.com\/martijnarets\/status\/670235891676389377",
                "author_icon": "https:\/\/pbs.twimg.com\/profile_images\/616603037281325056\/A_A9wF-h_normal.jpg",
                "author_subname": "@martijnarets",
                "pretext": "<https:\/\/twitter.com\/martijnarets\/status\/670235891676389377>",
                "text": "In 2 weeks I will interview <https:\/\/twitter.com\/Elokane|@Elokane> of <https:\/\/twitter.com\/Synereo|@Synereo>: a fully decentralized\nand distributed social platform owned by the people who use it.",
                "service_name": "twitter",
                "service_url": "https:\/\/twitter.com\/",
                "id": 1
            }
        ],
        "type": "message",
        "subtype": "bot_message",
        "ts": "1448631663.000030"
    },
    {
        "bot_id": "B04FD5HLZ",
        "attachments": [
            {
                "fallback": "<https:\/\/twitter.com\/crowdexpedition|@crowdexpedition>: In 2 weeks I will interview <https:\/\/twitter.com\/Elokane|@Elokane> of <https:\/\/twitter.com\/Synereo|@Synereo>: a fully decentralized\nand distributed social platform owned by the people who use it.",
                "author_name": "Crowd Expedition",
                "author_link": "https:\/\/twitter.com\/crowdexpedition\/status\/670235891659620352",
                "author_icon": "https:\/\/pbs.twimg.com\/profile_images\/378800000481894123\/44f9a84c00f206045077d3006fe2d65a_normal.jpeg",
                "author_subname": "@crowdexpedition",
                "pretext": "<https:\/\/twitter.com\/crowdexpedition\/status\/670235891659620352>",
                "text": "In 2 weeks I will interview <https:\/\/twitter.com\/Elokane|@Elokane> of <https:\/\/twitter.com\/Synereo|@Synereo>: a fully decentralized\nand distributed social platform owned by the people who use it.",
                "service_name": "twitter",
                "service_url": "https:\/\/twitter.com\/",
                "id": 1
            }
        ],
        "type": "message",
        "subtype": "bot_message",
        "ts": "1448631664.000031"
    }
]