[
    {
        "bot_id": "B04FD5HLZ",
        "attachments": [
            {
                "fallback": "<https:\/\/twitter.com\/kor3shan|@kor3shan>: \u201cBots Thanking Bots\u201d by <https:\/\/twitter.com\/mgsiegler|@mgsiegler> Why decentralised p2p systems need to be developed quickly <https:\/\/twitter.com\/Synereo|@Synereo>  <https:\/\/medium.com\/p\/cdd467cdd18b>",
                "author_name": "Crypto_Singularity",
                "author_link": "https:\/\/twitter.com\/kor3shan\/status\/604003846390730753",
                "author_icon": "https:\/\/pbs.twimg.com\/profile_images\/569838558920577024\/VR3hCEYj_normal.jpeg",
                "author_subname": "@kor3shan",
                "pretext": "<https:\/\/twitter.com\/kor3shan\/status\/604003846390730753>",
                "text": "\u201cBots Thanking Bots\u201d by <https:\/\/twitter.com\/mgsiegler|@mgsiegler> Why decentralised p2p systems need to be developed quickly <https:\/\/twitter.com\/Synereo|@Synereo>  <https:\/\/medium.com\/p\/cdd467cdd18b>",
                "service_name": "twitter",
                "service_url": "https:\/\/twitter.com\/",
                "id": 1
            }
        ],
        "type": "message",
        "subtype": "bot_message",
        "ts": "1432840713.000021"
    },
    {
        "type": "message",
        "user": "U049CMCCZ",
        "text": "the world is becoming weirder",
        "ts": "1432842800.000022"
    },
    {
        "bot_id": "B04FD5HLZ",
        "attachments": [
            {
                "fallback": "<https:\/\/twitter.com\/terranozergus|@terranozergus>: <https:\/\/twitter.com\/kor3shan|@kor3shan> <https:\/\/twitter.com\/mgsiegler|@mgsiegler> <https:\/\/twitter.com\/Synereo|@Synereo> I just noticed this tweet because a bot snitched on a Synereo mention to our Slack channel.",
                "author_name": "Anderson Mccutcheon",
                "author_link": "https:\/\/twitter.com\/terranozergus\/status\/604012984227229697",
                "author_icon": "https:\/\/pbs.twimg.com\/profile_images\/125215812\/Png_HybridAdmiral_normal.png",
                "author_subname": "@terranozergus",
                "pretext": "<https:\/\/twitter.com\/terranozergus\/status\/604012984227229697>",
                "text": "<https:\/\/twitter.com\/kor3shan|@kor3shan> <https:\/\/twitter.com\/mgsiegler|@mgsiegler> <https:\/\/twitter.com\/Synereo|@Synereo> I just noticed this tweet because a bot snitched on a Synereo mention to our Slack channel.",
                "service_name": "twitter",
                "service_url": "https:\/\/twitter.com\/",
                "id": 1
            }
        ],
        "type": "message",
        "subtype": "bot_message",
        "ts": "1432842892.000023"
    }
]