[
    {
        "bot_id": "B04FD5HLZ",
        "attachments": [
            {
                "fallback": "<https:\/\/twitter.com\/PaulDube|@PaulDube>: Social network comparison <http:\/\/imgur.com\/MbgyTvY> via <https:\/\/twitter.com\/imgur|@imgur> <https:\/\/twitter.com\/Synereo|@Synereo> takes the prize!",
                "author_name": "Paul Dube",
                "author_link": "https:\/\/twitter.com\/PaulDube\/status\/603225940500586497",
                "author_icon": "https:\/\/pbs.twimg.com\/profile_images\/564087527825362944\/r90igHrw_normal.jpeg",
                "author_subname": "@PaulDube",
                "pretext": "<https:\/\/twitter.com\/PaulDube\/status\/603225940500586497>",
                "text": "Social network comparison <http:\/\/imgur.com\/MbgyTvY> via <https:\/\/twitter.com\/imgur|@imgur> <https:\/\/twitter.com\/Synereo|@Synereo> takes the prize!",
                "service_name": "twitter",
                "service_url": "https:\/\/twitter.com\/",
                "id": 1
            }
        ],
        "type": "message",
        "subtype": "bot_message",
        "ts": "1432655246.000004"
    },
    {
        "bot_id": "B04FD5HLZ",
        "attachments": [
            {
                "fallback": "<https:\/\/twitter.com\/cyberfundio|@cyberfundio>: May Crowdfunding Monitor in cyber\u2022Fund newsletter #8: <https:\/\/twitter.com\/NeuCoin|@NeuCoin> <https:\/\/twitter.com\/factomproject|@factomproject> <https:\/\/twitter.com\/Synereo|@Synereo> <https:\/\/twitter.com\/lazoozorg|@lazoozorg> <https:\/\/twitter.com\/AugurProject|@AugurProject> <https:\/\/drive.google.com\/file\/d\/0B4-OT9uDzDCVYVVWTm9FTXdIYnM\/view>",
                "author_name": "cyber \u2022 Fund",
                "author_link": "https:\/\/twitter.com\/cyberfundio\/status\/603232196653113344",
                "author_icon": "https:\/\/pbs.twimg.com\/profile_images\/566693986027331585\/gTu0pD17_normal.png",
                "author_subname": "@cyberfundio",
                "pretext": "<https:\/\/twitter.com\/cyberfundio\/status\/603232196653113344>",
                "text": "May Crowdfunding Monitor in cyber\u2022Fund newsletter #8: <https:\/\/twitter.com\/NeuCoin|@NeuCoin> <https:\/\/twitter.com\/factomproject|@factomproject> <https:\/\/twitter.com\/Synereo|@Synereo> <https:\/\/twitter.com\/lazoozorg|@lazoozorg> <https:\/\/twitter.com\/AugurProject|@AugurProject> <https:\/\/drive.google.com\/file\/d\/0B4-OT9uDzDCVYVVWTm9FTXdIYnM\/view>",
                "service_name": "twitter",
                "service_url": "https:\/\/twitter.com\/",
                "id": 1
            }
        ],
        "type": "message",
        "subtype": "bot_message",
        "ts": "1432656737.000005"
    }
]