[
    {
        "bot_id": "B04FD5HLZ",
        "attachments": [
            {
                "fallback": "<https:\/\/twitter.com\/kor3shan|@kor3shan>: Will Synereo interact with Ethereum? <https:\/\/twitter.com\/Synereo|@Synereo>",
                "author_name": "SpecialCircumstances",
                "author_link": "https:\/\/twitter.com\/kor3shan\/status\/624494199640064000",
                "author_icon": "https:\/\/pbs.twimg.com\/profile_images\/612509849985904640\/TL0e3srK_normal.jpg",
                "author_subname": "@kor3shan",
                "pretext": "<https:\/\/twitter.com\/kor3shan\/status\/624494199640064000>",
                "text": "Will Synereo interact with Ethereum? <https:\/\/twitter.com\/Synereo|@Synereo>",
                "service_name": "twitter",
                "service_url": "https:\/\/twitter.com\/",
                "id": 1
            }
        ],
        "type": "message",
        "subtype": "bot_message",
        "ts": "1437725994.000011"
    },
    {
        "bot_id": "B04FD5HLZ",
        "attachments": [
            {
                "fallback": "<https:\/\/twitter.com\/FreeTrustOrg|@FreeTrustOrg>: <https:\/\/twitter.com\/kor3shan|@kor3shan> not necessarily but <https:\/\/twitter.com\/Synereo|@Synereo> formal social contracts and <https:\/\/twitter.com\/ethereumproject|@ethereumproject> smart contracts go perfect together, <https:\/\/twitter.com\/provensecure|@provensecure>",
                "author_name": "FreeTrust",
                "author_link": "https:\/\/twitter.com\/FreeTrustOrg\/status\/624542129956777984",
                "author_icon": "https:\/\/pbs.twimg.com\/profile_images\/606532062502391808\/mEJmLI_G_normal.png",
                "author_subname": "@FreeTrustOrg",
                "pretext": "<https:\/\/twitter.com\/FreeTrustOrg\/status\/624542129956777984>",
                "text": "<https:\/\/twitter.com\/kor3shan|@kor3shan> not necessarily but <https:\/\/twitter.com\/Synereo|@Synereo> formal social contracts and <https:\/\/twitter.com\/ethereumproject|@ethereumproject> smart contracts go perfect together, <https:\/\/twitter.com\/provensecure|@provensecure>",
                "service_name": "twitter",
                "service_url": "https:\/\/twitter.com\/",
                "id": 1
            }
        ],
        "type": "message",
        "subtype": "bot_message",
        "ts": "1437737422.000012"
    },
    {
        "bot_id": "B04FD5HLZ",
        "attachments": [
            {
                "fallback": "<https:\/\/twitter.com\/kor3shan|@kor3shan>: Thanks for the reply. Am fascinated to see how the next 6 - 12 months develop <https:\/\/twitter.com\/FreeTrustOrg|@FreeTrustOrg> <https:\/\/twitter.com\/Synereo|@Synereo> <https:\/\/twitter.com\/ethereumproject|@ethereumproject> <https:\/\/twitter.com\/provensecure|@provensecure>",
                "author_name": "SpecialCircumstances",
                "author_link": "https:\/\/twitter.com\/kor3shan\/status\/624569900833636352",
                "author_icon": "https:\/\/pbs.twimg.com\/profile_images\/612509849985904640\/TL0e3srK_normal.jpg",
                "author_subname": "@kor3shan",
                "pretext": "<https:\/\/twitter.com\/kor3shan\/status\/624569900833636352>",
                "text": "Thanks for the reply. Am fascinated to see how the next 6 - 12 months develop <https:\/\/twitter.com\/FreeTrustOrg|@FreeTrustOrg> <https:\/\/twitter.com\/Synereo|@Synereo> <https:\/\/twitter.com\/ethereumproject|@ethereumproject> <https:\/\/twitter.com\/provensecure|@provensecure>",
                "service_name": "twitter",
                "service_url": "https:\/\/twitter.com\/",
                "id": 1
            }
        ],
        "type": "message",
        "subtype": "bot_message",
        "ts": "1437744043.000013"
    },
    {
        "bot_id": "B04FD5HLZ",
        "attachments": [
            {
                "fallback": "<https:\/\/twitter.com\/drlombardo|@drlombardo>: Ethereum &amp; Synereo collaborate on #ProofofStake protocol \u201cCasper\u201d <http:\/\/allcoinsnews.com\/2015\/07\/25\/ethereum-synereo-collaborating-to-flest-out-proof-of-stake-protocol-casper\/> <https:\/\/twitter.com\/Synereo|@Synereo> <https:\/\/twitter.com\/ethereumproject|@ethereumproject> #fintech #blockchain",
                "author_name": "Dr. Lombardo",
                "author_link": "https:\/\/twitter.com\/drlombardo\/status\/624764042620612608",
                "author_icon": "https:\/\/pbs.twimg.com\/profile_images\/546877351682768899\/4kDJ6ZuB_normal.jpeg",
                "author_subname": "@drlombardo",
                "pretext": "<https:\/\/twitter.com\/drlombardo\/status\/624764042620612608>",
                "text": "Ethereum &amp; Synereo collaborate on #ProofofStake protocol \u201cCasper\u201d <http:\/\/allcoinsnews.com\/2015\/07\/25\/ethereum-synereo-collaborating-to-flest-out-proof-of-stake-protocol-casper\/> <https:\/\/twitter.com\/Synereo|@Synereo> <https:\/\/twitter.com\/ethereumproject|@ethereumproject> #fintech #blockchain",
                "service_name": "twitter",
                "service_url": "https:\/\/twitter.com\/",
                "id": 1
            }
        ],
        "type": "message",
        "subtype": "bot_message",
        "ts": "1437790330.000014"
    },
    {
        "bot_id": "B04FD5HLZ",
        "attachments": [
            {
                "fallback": "<https:\/\/twitter.com\/AllCoinsNews|@AllCoinsNews>: Ethereum &amp; Synereo collaborate on #ProofofStake protocol \u201cCasper\u201d <http:\/\/allcoinsnews.com\/2015\/07\/25\/ethereum-synereo-collaborating-to-flest-out-proof-of-stake-protocol-casper\/> <https:\/\/twitter.com\/Synereo|@Synereo> <https:\/\/twitter.com\/ethereumproject|@ethereumproject> #fintech #blockchain",
                "author_name": "AllCoinsNews",
                "author_link": "https:\/\/twitter.com\/AllCoinsNews\/status\/624764042868097024",
                "author_icon": "https:\/\/pbs.twimg.com\/profile_images\/515000567408500736\/xthtM9tK_normal.jpeg",
                "author_subname": "@AllCoinsNews",
                "pretext": "<https:\/\/twitter.com\/AllCoinsNews\/status\/624764042868097024>",
                "text": "Ethereum &amp; Synereo collaborate on #ProofofStake protocol \u201cCasper\u201d <http:\/\/allcoinsnews.com\/2015\/07\/25\/ethereum-synereo-collaborating-to-flest-out-proof-of-stake-protocol-casper\/> <https:\/\/twitter.com\/Synereo|@Synereo> <https:\/\/twitter.com\/ethereumproject|@ethereumproject> #fintech #blockchain",
                "service_name": "twitter",
                "service_url": "https:\/\/twitter.com\/",
                "id": 1
            }
        ],
        "type": "message",
        "subtype": "bot_message",
        "ts": "1437790330.000015"
    },
    {
        "bot_id": "B04FD5HLZ",
        "attachments": [
            {
                "fallback": "<https:\/\/twitter.com\/AllCoinsNews|@AllCoinsNews>: Ethereum &amp; Synereo collaborate on #ProofofStake protocol \u201cCasper\u201d <http:\/\/allcoinsnews.com\/2015\/07\/25\/ethereum-synereo-collaborating-to-flest-out-proof-of-stake-protocol-casper\/> <https:\/\/twitter.com\/Synereo|@Synereo> <https:\/\/twitter.com\/ethereumproject|@ethereumproject> #fintech #blockchain",
                "author_name": "AllCoinsNews",
                "author_link": "https:\/\/twitter.com\/AllCoinsNews\/status\/624764042868097024",
                "author_icon": "https:\/\/pbs.twimg.com\/profile_images\/515000567408500736\/xthtM9tK_normal.jpeg",
                "author_subname": "@AllCoinsNews",
                "pretext": "<https:\/\/twitter.com\/AllCoinsNews\/status\/624764042868097024>",
                "text": "Ethereum &amp; Synereo collaborate on #ProofofStake protocol \u201cCasper\u201d <http:\/\/allcoinsnews.com\/2015\/07\/25\/ethereum-synereo-collaborating-to-flest-out-proof-of-stake-protocol-casper\/> <https:\/\/twitter.com\/Synereo|@Synereo> <https:\/\/twitter.com\/ethereumproject|@ethereumproject> #fintech #blockchain",
                "service_name": "twitter",
                "service_url": "https:\/\/twitter.com\/",
                "id": 1,
                "footer": "Retweeted by <https:\/\/twitter.com\/Synereo\/status\/624770097027129344|@Synereo>"
            }
        ],
        "type": "message",
        "subtype": "bot_message",
        "ts": "1437791773.000016"
    },
    {
        "bot_id": "B04FD5HLZ",
        "attachments": [
            {
                "fallback": "<https:\/\/twitter.com\/halovast|@halovast>: .<https:\/\/twitter.com\/ethereumproject|@ethereumproject> and <https:\/\/twitter.com\/Synereo|@Synereo>\u00a0are working on a formalization of #Ethereum 's PoS mechanism, Casper. <http:\/\/blog.synereo.com\/2015\/07\/23\/Ethereum-+-Synereo>",
                "author_name": "Patrizio Stavola",
                "author_link": "https:\/\/twitter.com\/halovast\/status\/624831534592303104",
                "author_icon": "https:\/\/pbs.twimg.com\/profile_images\/603479549481918464\/wLEvImuV_normal.jpg",
                "author_subname": "@halovast",
                "pretext": "<https:\/\/twitter.com\/halovast\/status\/624831534592303104>",
                "text": ".<https:\/\/twitter.com\/ethereumproject|@ethereumproject> and <https:\/\/twitter.com\/Synereo|@Synereo>\u00a0are working on a formalization of #Ethereum 's PoS mechanism, Casper. <http:\/\/blog.synereo.com\/2015\/07\/23\/Ethereum-+-Synereo>",
                "service_name": "twitter",
                "service_url": "https:\/\/twitter.com\/",
                "id": 1
            }
        ],
        "type": "message",
        "subtype": "bot_message",
        "ts": "1437806421.000017"
    }
]