[
    {
        "bot_id": "B04FD5HLZ",
        "attachments": [
            {
                "fallback": "<https:\/\/twitter.com\/Elokane|@Elokane>: <https:\/\/twitter.com\/JonastheBTM|@JonastheBTM> <https:\/\/twitter.com\/Synereo|@Synereo> It is my impression that nothing about their endeavor is decentralized.",
                "author_name": "Dor Konforty",
                "author_link": "https:\/\/twitter.com\/Elokane\/status\/611109999826210816",
                "author_icon": "https:\/\/pbs.twimg.com\/profile_images\/372313688\/Red_Background_Cylon_Bust_Photo_normal.jpg",
                "author_subname": "@Elokane",
                "pretext": "<https:\/\/twitter.com\/Elokane\/status\/611109999826210816>",
                "text": "<https:\/\/twitter.com\/JonastheBTM|@JonastheBTM> <https:\/\/twitter.com\/Synereo|@Synereo> It is my impression that nothing about their endeavor is decentralized.",
                "service_name": "twitter",
                "service_url": "https:\/\/twitter.com\/",
                "id": 1
            }
        ],
        "type": "message",
        "subtype": "bot_message",
        "ts": "1434534952.000043"
    },
    {
        "bot_id": "B04FD5HLZ",
        "attachments": [
            {
                "fallback": "<https:\/\/twitter.com\/Synereo|@Synereo>: Join the Synereo Community Hangout tonight for the latest news and updates from the team. <https:\/\/plus.google.com\/u\/0\/b\/109002904706315055045\/events\/cmoae5sd27lpn584uptlokhoslo> #bitcoin #socialnetwork",
                "author_name": "Synereo",
                "author_link": "https:\/\/twitter.com\/Synereo\/status\/611126190078713856",
                "author_icon": "https:\/\/pbs.twimg.com\/profile_images\/522790259789025280\/FKRuSK66_normal.png",
                "author_subname": "@Synereo",
                "pretext": "<https:\/\/twitter.com\/Synereo\/status\/611126190078713856>",
                "text": "Join the Synereo Community Hangout tonight for the latest news and updates from the team. <https:\/\/plus.google.com\/u\/0\/b\/109002904706315055045\/events\/cmoae5sd27lpn584uptlokhoslo> #bitcoin #socialnetwork",
                "service_name": "twitter",
                "service_url": "https:\/\/twitter.com\/",
                "id": 1
            }
        ],
        "type": "message",
        "subtype": "bot_message",
        "ts": "1434538812.000044"
    },
    {
        "bot_id": "B04FD5HLZ",
        "attachments": [
            {
                "fallback": "<https:\/\/twitter.com\/Elokane|@Elokane>: <https:\/\/twitter.com\/ErikVoorhees|@ErikVoorhees> <https:\/\/twitter.com\/RevealHQ|@RevealHQ> Are you familiar with our decentralized effort, Erik? <https:\/\/twitter.com\/Synereo|@Synereo> <http:\/\/synereo.com>",
                "author_name": "Dor Konforty",
                "author_link": "https:\/\/twitter.com\/Elokane\/status\/611143261185400832",
                "author_icon": "https:\/\/pbs.twimg.com\/profile_images\/372313688\/Red_Background_Cylon_Bust_Photo_normal.jpg",
                "author_subname": "@Elokane",
                "pretext": "<https:\/\/twitter.com\/Elokane\/status\/611143261185400832>",
                "text": "<https:\/\/twitter.com\/ErikVoorhees|@ErikVoorhees> <https:\/\/twitter.com\/RevealHQ|@RevealHQ> Are you familiar with our decentralized effort, Erik? <https:\/\/twitter.com\/Synereo|@Synereo> <http:\/\/synereo.com>",
                "service_name": "twitter",
                "service_url": "https:\/\/twitter.com\/",
                "id": 1
            }
        ],
        "type": "message",
        "subtype": "bot_message",
        "ts": "1434542883.000045"
    },
    {
        "user": "U0488T9P0",
        "type": "message",
        "subtype": "channel_join",
        "text": "<@U0488T9P0|eitank> has joined the channel",
        "ts": "1434545838.000046"
    },
    {
        "bot_id": "B04FD5HLZ",
        "attachments": [
            {
                "fallback": "<https:\/\/twitter.com\/Synereo|@Synereo>: The Synereo Community Hangout is live now. Join the discussion for the latest news from the team. <https:\/\/plus.google.com\/u\/0\/b\/109002904706315055045\/events\/cmoae5sd27lpn584uptlokhoslo> #bitcoin #social",
                "author_name": "Synereo",
                "author_link": "https:\/\/twitter.com\/Synereo\/status\/611262046273978369",
                "author_icon": "https:\/\/pbs.twimg.com\/profile_images\/522790259789025280\/FKRuSK66_normal.png",
                "author_subname": "@Synereo",
                "pretext": "<https:\/\/twitter.com\/Synereo\/status\/611262046273978369>",
                "text": "The Synereo Community Hangout is live now. Join the discussion for the latest news from the team. <https:\/\/plus.google.com\/u\/0\/b\/109002904706315055045\/events\/cmoae5sd27lpn584uptlokhoslo> #bitcoin #social",
                "service_name": "twitter",
                "service_url": "https:\/\/twitter.com\/",
                "id": 1
            }
        ],
        "type": "message",
        "subtype": "bot_message",
        "ts": "1434571203.000047"
    }
]