[
    {
        "bot_id": "B04FD5HLZ",
        "attachments": [
            {
                "fallback": "<https:\/\/twitter.com\/Synereo|@Synereo>: Community hangout tonight at 9PM UTC  with <https:\/\/twitter.com\/Synereo|@Synereo> discussing post crowdsale AMP distribution and more. <https:\/\/plus.google.com\/u\/3\/events\/cdt338gkb7t4ki4m5g1st26ojfg> #bitcoin",
                "author_name": "Synereo",
                "author_link": "https:\/\/twitter.com\/Synereo\/status\/593485908508286978",
                "author_icon": "https:\/\/pbs.twimg.com\/profile_images\/522790259789025280\/FKRuSK66_normal.png",
                "author_subname": "@Synereo",
                "pretext": "<https:\/\/twitter.com\/Synereo\/status\/593485908508286978>",
                "text": "Community hangout tonight at 9PM UTC  with <https:\/\/twitter.com\/Synereo|@Synereo> discussing post crowdsale AMP distribution and more. <https:\/\/plus.google.com\/u\/3\/events\/cdt338gkb7t4ki4m5g1st26ojfg> #bitcoin",
                "service_name": "twitter",
                "service_url": "https:\/\/twitter.com\/",
                "id": 1
            }
        ],
        "type": "message",
        "subtype": "bot_message",
        "ts": "1430333041.000340"
    }
]