[
    {
        "bot_id": "B04FD5HLZ",
        "attachments": [
            {
                "fallback": "<https:\/\/twitter.com\/lazoozorg|@lazoozorg>: <https:\/\/twitter.com\/cyberfundio|@cyberfundio> <https:\/\/twitter.com\/Synereo|@Synereo> <https:\/\/twitter.com\/AugurProject|@AugurProject> <https:\/\/twitter.com\/storjproject|@storjproject> <https:\/\/twitter.com\/VitalyLvov|@VitalyLvov> one clarification: the $110k were already raised in 2 previous f&amp;f rounds.",
                "author_name": "Lazooz",
                "author_link": "https:\/\/twitter.com\/lazoozorg\/status\/599570553842761728",
                "author_icon": "https:\/\/pbs.twimg.com\/profile_images\/521974678185713664\/dnewdRx1_normal.png",
                "author_subname": "@lazoozorg",
                "pretext": "<https:\/\/twitter.com\/lazoozorg\/status\/599570553842761728>",
                "text": "<https:\/\/twitter.com\/cyberfundio|@cyberfundio> <https:\/\/twitter.com\/Synereo|@Synereo> <https:\/\/twitter.com\/AugurProject|@AugurProject> <https:\/\/twitter.com\/storjproject|@storjproject> <https:\/\/twitter.com\/VitalyLvov|@VitalyLvov> one clarification: the $110k were already raised in 2 previous f&amp;f rounds.",
                "service_name": "twitter",
                "service_url": "https:\/\/twitter.com\/",
                "id": 1
            }
        ],
        "type": "message",
        "subtype": "bot_message",
        "ts": "1431783738.000046"
    }
]