[
    {
        "bot_id": "B04FD5HLZ",
        "attachments": [
            {
                "fallback": "<https:\/\/twitter.com\/lapin7|@lapin7>: <https:\/\/twitter.com\/ethereumproject|@ethereumproject> <https:\/\/twitter.com\/Synereo|@Synereo> <https:\/\/twitter.com\/BTCBoulevard|@BTCBoulevard> great",
                "author_name": "HJ Hilbolling",
                "author_link": "https:\/\/twitter.com\/lapin7\/status\/664041054405021696",
                "author_icon": "https:\/\/pbs.twimg.com\/profile_images\/67314238\/elf_normal.jpg",
                "author_subname": "@lapin7",
                "pretext": "<https:\/\/twitter.com\/lapin7\/status\/664041054405021696>",
                "text": "<https:\/\/twitter.com\/ethereumproject|@ethereumproject> <https:\/\/twitter.com\/Synereo|@Synereo> <https:\/\/twitter.com\/BTCBoulevard|@BTCBoulevard> great",
                "service_name": "twitter",
                "service_url": "https:\/\/twitter.com\/",
                "id": 1
            }
        ],
        "type": "message",
        "subtype": "bot_message",
        "ts": "1447154699.000012"
    },
    {
        "bot_id": "B04FD5HLZ",
        "attachments": [
            {
                "fallback": "<https:\/\/twitter.com\/Synereo|@Synereo>: A reminder that MasterXchange is closing, you can store your <https:\/\/twitter.com\/Synereo|@Synereo> AMP Tokens <https:\/\/twitter.com\/omniwallet|@omniwallet> and <https:\/\/twitter.com\/holytransaction|@holytransaction> #social #bitcoin #startup",
                "author_name": "Synereo",
                "author_link": "https:\/\/twitter.com\/Synereo\/status\/664095188168478721",
                "author_icon": "https:\/\/pbs.twimg.com\/profile_images\/522790259789025280\/FKRuSK66_normal.png",
                "author_subname": "@Synereo",
                "pretext": "<https:\/\/twitter.com\/Synereo\/status\/664095188168478721>",
                "text": "A reminder that MasterXchange is closing, you can store your <https:\/\/twitter.com\/Synereo|@Synereo> AMP Tokens <https:\/\/twitter.com\/omniwallet|@omniwallet> and <https:\/\/twitter.com\/holytransaction|@holytransaction> #social #bitcoin #startup",
                "service_name": "twitter",
                "service_url": "https:\/\/twitter.com\/",
                "id": 1
            }
        ],
        "type": "message",
        "subtype": "bot_message",
        "ts": "1447167606.000013"
    }
]