[
    {
        "bot_id": "B04FD5HLZ",
        "attachments": [
            {
                "fallback": "<https:\/\/twitter.com\/cyberfundio|@cyberfundio>: We love it) - <https:\/\/twitter.com\/ethereumproject|@ethereumproject>+<https:\/\/twitter.com\/Synereo|@Synereo>=&lt;3 <http:\/\/blog.synereo.com\/2015\/07\/23\/Ethereum-+-Synereo\/>",
                "author_name": "cyber \u2022 Fund",
                "author_link": "https:\/\/twitter.com\/cyberfundio\/status\/624243182663036932",
                "author_icon": "https:\/\/pbs.twimg.com\/profile_images\/566693986027331585\/gTu0pD17_normal.png",
                "author_subname": "@cyberfundio",
                "pretext": "<https:\/\/twitter.com\/cyberfundio\/status\/624243182663036932>",
                "text": "We love it) - <https:\/\/twitter.com\/ethereumproject|@ethereumproject>+<https:\/\/twitter.com\/Synereo|@Synereo>=&lt;3 <http:\/\/blog.synereo.com\/2015\/07\/23\/Ethereum-+-Synereo\/>",
                "service_name": "twitter",
                "service_url": "https:\/\/twitter.com\/",
                "id": 1
            }
        ],
        "type": "message",
        "subtype": "bot_message",
        "ts": "1437666147.000009"
    },
    {
        "bot_id": "B04FD5HLZ",
        "attachments": [
            {
                "fallback": "<https:\/\/twitter.com\/Synereo|@Synereo>: We are thrilled to help <https:\/\/twitter.com\/ethereumproject|@ethereumproject> develop their Proof-of-Stake using <https:\/\/twitter.com\/Synereo|@Synereo> tech.   <http:\/\/blog.synereo.com\/2015\/07\/23\/Ethereum-+-Synereo\/> #bitcoin #fintech",
                "author_name": "Synereo",
                "author_link": "https:\/\/twitter.com\/Synereo\/status\/624297061333250048",
                "author_icon": "https:\/\/pbs.twimg.com\/profile_images\/522790259789025280\/FKRuSK66_normal.png",
                "author_subname": "@Synereo",
                "pretext": "<https:\/\/twitter.com\/Synereo\/status\/624297061333250048>",
                "text": "We are thrilled to help <https:\/\/twitter.com\/ethereumproject|@ethereumproject> develop their Proof-of-Stake using <https:\/\/twitter.com\/Synereo|@Synereo> tech.   <http:\/\/blog.synereo.com\/2015\/07\/23\/Ethereum-+-Synereo\/> #bitcoin #fintech",
                "service_name": "twitter",
                "service_url": "https:\/\/twitter.com\/",
                "id": 1
            }
        ],
        "type": "message",
        "subtype": "bot_message",
        "ts": "1437678993.000010"
    }
]