[
    {
        "bot_id": "B04FD5HLZ",
        "attachments": [
            {
                "fallback": "<https:\/\/twitter.com\/FreeTrustOrg|@FreeTrustOrg>: Monetize the real value of trust algorithmically encouraging trustworthy behaviours with <http:\/\/FreeTrust.org> on <https:\/\/twitter.com\/Synereo|@Synereo> <https:\/\/twitter.com\/provensecure|@provensecure> .",
                "author_name": "FreeTrust",
                "author_link": "https:\/\/twitter.com\/FreeTrustOrg\/status\/624941588280643584",
                "author_icon": "https:\/\/pbs.twimg.com\/profile_images\/606532062502391808\/mEJmLI_G_normal.png",
                "author_subname": "@FreeTrustOrg",
                "pretext": "<https:\/\/twitter.com\/FreeTrustOrg\/status\/624941588280643584>",
                "text": "Monetize the real value of trust algorithmically encouraging trustworthy behaviours with <http:\/\/FreeTrust.org> on <https:\/\/twitter.com\/Synereo|@Synereo> <https:\/\/twitter.com\/provensecure|@provensecure> .",
                "service_name": "twitter",
                "service_url": "https:\/\/twitter.com\/",
                "id": 1
            }
        ],
        "type": "message",
        "subtype": "bot_message",
        "ts": "1437832660.000018"
    }
]