[
    {
        "bot_id": "B04FD5HLZ",
        "attachments": [
            {
                "fallback": "<https:\/\/twitter.com\/lapin7|@lapin7>: <https:\/\/twitter.com\/bitsoffreedom|@bitsoffreedom> Super stream me shows what <https:\/\/twitter.com\/Synereo|@Synereo> wants to solve <https:\/\/twitter.com\/BTCBoulevard|@BTCBoulevard>",
                "author_name": "HJ Hilbolling",
                "author_link": "https:\/\/twitter.com\/lapin7\/status\/675602690550927360",
                "author_icon": "https:\/\/pbs.twimg.com\/profile_images\/67314238\/elf_normal.jpg",
                "author_subname": "@lapin7",
                "pretext": "<https:\/\/twitter.com\/lapin7\/status\/675602690550927360>",
                "text": "<https:\/\/twitter.com\/bitsoffreedom|@bitsoffreedom> Super stream me shows what <https:\/\/twitter.com\/Synereo|@Synereo> wants to solve <https:\/\/twitter.com\/BTCBoulevard|@BTCBoulevard>",
                "service_name": "twitter",
                "service_url": "https:\/\/twitter.com\/",
                "id": 1
            }
        ],
        "type": "message",
        "subtype": "bot_message",
        "ts": "1449911208.000066"
    }
]