[
    {
        "bot_id": "B04FD5HLZ",
        "attachments": [
            {
                "fallback": "<https:\/\/twitter.com\/MickaelSalabi|@MickaelSalabi>: #CryptoNotice MasterXchange is shutting down <https:\/\/twitter.com\/TauChainOrg|@TauChainOrg> <https:\/\/twitter.com\/tauchain|@tauchain> <https:\/\/twitter.com\/Synereo|@Synereo>",
                "author_name": "Mickael",
                "author_link": "https:\/\/twitter.com\/MickaelSalabi\/status\/654867295374852098",
                "author_icon": "https:\/\/pbs.twimg.com\/profile_images\/378800000117028732\/d3026e2b340eb77037121712683d4095_normal.jpeg",
                "author_subname": "@MickaelSalabi",
                "pretext": "<https:\/\/twitter.com\/MickaelSalabi\/status\/654867295374852098>",
                "text": "#CryptoNotice MasterXchange is shutting down <https:\/\/twitter.com\/TauChainOrg|@TauChainOrg> <https:\/\/twitter.com\/tauchain|@tauchain> <https:\/\/twitter.com\/Synereo|@Synereo>",
                "service_name": "twitter",
                "service_url": "https:\/\/twitter.com\/",
                "id": 1
            }
        ],
        "type": "message",
        "subtype": "bot_message",
        "ts": "1444967505.000010"
    }
]