[
    {
        "bot_id": "B04FD5HLZ",
        "attachments": [
            {
                "fallback": "<https:\/\/twitter.com\/leithaus|@leithaus>: <https:\/\/twitter.com\/rustyrockets|@rustyrockets> have you heard about <https:\/\/twitter.com\/Synereo|@Synereo>? <http:\/\/www.synereo.com> #decentralize",
                "author_name": "leithaus",
                "author_link": "https:\/\/twitter.com\/leithaus\/status\/592638811454091264",
                "author_icon": "https:\/\/pbs.twimg.com\/profile_images\/1184189540\/thefool1_normal.jpg",
                "author_subname": "@leithaus",
                "pretext": "<https:\/\/twitter.com\/leithaus\/status\/592638811454091264>",
                "text": "<https:\/\/twitter.com\/rustyrockets|@rustyrockets> have you heard about <https:\/\/twitter.com\/Synereo|@Synereo>? <http:\/\/www.synereo.com> #decentralize",
                "service_name": "twitter",
                "service_url": "https:\/\/twitter.com\/",
                "id": 1
            }
        ],
        "type": "message",
        "subtype": "bot_message",
        "ts": "1430131078.000337"
    },
    {
        "user": "U049CMCCZ",
        "type": "message",
        "subtype": "channel_join",
        "text": "<@U049CMCCZ|henri> has joined the channel",
        "ts": "1430136672.000338"
    }
]