[
    {
        "bot_id": "B04FD5HLZ",
        "attachments": [
            {
                "fallback": "<https:\/\/twitter.com\/Degazane|@Degazane>: I am ready to #DumpFacebook and join a social network that does not exploit me. Excited to join <https:\/\/twitter.com\/Synereo|@Synereo> #SocialMedia #FacebookSucks",
                "author_name": "Karla ",
                "author_link": "https:\/\/twitter.com\/Degazane\/status\/597355891705413632",
                "author_icon": "https:\/\/pbs.twimg.com\/profile_images\/586729986112929793\/ZaNnq5eL_normal.jpg",
                "author_subname": "@Degazane",
                "pretext": "<https:\/\/twitter.com\/Degazane\/status\/597355891705413632>",
                "text": "I am ready to #DumpFacebook and join a social network that does not exploit me. Excited to join <https:\/\/twitter.com\/Synereo|@Synereo> #SocialMedia #FacebookSucks",
                "service_name": "twitter",
                "service_url": "https:\/\/twitter.com\/",
                "id": 1
            }
        ],
        "type": "message",
        "subtype": "bot_message",
        "ts": "1431255717.000006"
    },
    {
        "bot_id": "B04FD5HLZ",
        "attachments": [
            {
                "fallback": "<https:\/\/twitter.com\/Synereo|@Synereo>: The <https:\/\/twitter.com\/Synereo|@Synereo> AMP distribution is now complete. Read the details on our blog: <http:\/\/blog.synereo.com\/2015\/05\/10\/amp-distribution-complete\/> #bitcoin #fintech <https:\/\/pbs.twimg.com\/media\/CEpiR69W8AAfqyA.png>",
                "author_name": "Synereo",
                "author_link": "https:\/\/twitter.com\/Synereo\/status\/597398250866487296",
                "author_icon": "https:\/\/pbs.twimg.com\/profile_images\/522790259789025280\/FKRuSK66_normal.png",
                "author_subname": "@Synereo",
                "pretext": "<https:\/\/twitter.com\/Synereo\/status\/597398250866487296>",
                "text": "The <https:\/\/twitter.com\/Synereo|@Synereo> AMP distribution is now complete. Read the details on our blog: <http:\/\/blog.synereo.com\/2015\/05\/10\/amp-distribution-complete\/> #bitcoin #fintech <https:\/\/pbs.twimg.com\/media\/CEpiR69W8AAfqyA.png>",
                "service_name": "twitter",
                "service_url": "https:\/\/twitter.com\/",
                "image_url": "https:\/\/pbs.twimg.com\/media\/CEpiR69W8AAfqyA.png",
                "image_width": 300,
                "image_height": 300,
                "image_bytes": 27269,
                "id": 1
            }
        ],
        "type": "message",
        "subtype": "bot_message",
        "ts": "1431265817.000007"
    },
    {
        "bot_id": "B04FD5HLZ",
        "attachments": [
            {
                "fallback": "<https:\/\/twitter.com\/BahamaMama__|@BahamaMama__>: <https:\/\/twitter.com\/Degazane|@Degazane> <https:\/\/twitter.com\/Synereo|@Synereo> what is that",
                "author_name": "Tish \u2764 ",
                "author_link": "https:\/\/twitter.com\/BahamaMama__\/status\/597399378425413633",
                "author_icon": "https:\/\/pbs.twimg.com\/profile_images\/597347530960142336\/ofZj16ye_normal.jpg",
                "author_subname": "@BahamaMama__",
                "pretext": "<https:\/\/twitter.com\/BahamaMama__\/status\/597399378425413633>",
                "text": "<https:\/\/twitter.com\/Degazane|@Degazane> <https:\/\/twitter.com\/Synereo|@Synereo> what is that",
                "service_name": "twitter",
                "service_url": "https:\/\/twitter.com\/",
                "id": 1
            }
        ],
        "type": "message",
        "subtype": "bot_message",
        "ts": "1431266085.000008"
    },
    {
        "bot_id": "B04FD5HLZ",
        "attachments": [
            {
                "fallback": "<https:\/\/twitter.com\/PaulTypes|@PaulTypes>: <https:\/\/twitter.com\/nuttycom|@nuttycom> What interests me about <https:\/\/twitter.com\/Synereo|@Synereo> is precisely that it tackles perverse incentives. \/cc <https:\/\/twitter.com\/runarorama|@runarorama> <https:\/\/twitter.com\/leithaus|@leithaus>",
                "author_name": "Paul Snively",
                "author_link": "https:\/\/twitter.com\/PaulTypes\/status\/597453036353622016",
                "author_icon": "https:\/\/pbs.twimg.com\/profile_images\/578672599409905664\/pSsdIgYB_normal.jpeg",
                "author_subname": "@PaulTypes",
                "pretext": "<https:\/\/twitter.com\/PaulTypes\/status\/597453036353622016>",
                "text": "<https:\/\/twitter.com\/nuttycom|@nuttycom> What interests me about <https:\/\/twitter.com\/Synereo|@Synereo> is precisely that it tackles perverse incentives. \/cc <https:\/\/twitter.com\/runarorama|@runarorama> <https:\/\/twitter.com\/leithaus|@leithaus>",
                "service_name": "twitter",
                "service_url": "https:\/\/twitter.com\/",
                "id": 1
            }
        ],
        "type": "message",
        "subtype": "bot_message",
        "ts": "1431278879.000009"
    },
    {
        "bot_id": "B04FD5HLZ",
        "attachments": [
            {
                "fallback": "<https:\/\/twitter.com\/runarorama|@runarorama>: <https:\/\/twitter.com\/PaulTypes|@PaulTypes> <https:\/\/twitter.com\/nuttycom|@nuttycom> <https:\/\/twitter.com\/Synereo|@Synereo> <https:\/\/twitter.com\/leithaus|@leithaus> Good start, but we have to go deeper",
                "author_name": "R\u00fanar \u00d3li",
                "author_link": "https:\/\/twitter.com\/runarorama\/status\/597454695536406528",
                "author_icon": "https:\/\/pbs.twimg.com\/profile_images\/544497360189931520\/izGG331b_normal.jpeg",
                "author_subname": "@runarorama",
                "pretext": "<https:\/\/twitter.com\/runarorama\/status\/597454695536406528>",
                "text": "<https:\/\/twitter.com\/PaulTypes|@PaulTypes> <https:\/\/twitter.com\/nuttycom|@nuttycom> <https:\/\/twitter.com\/Synereo|@Synereo> <https:\/\/twitter.com\/leithaus|@leithaus> Good start, but we have to go deeper",
                "service_name": "twitter",
                "service_url": "https:\/\/twitter.com\/",
                "id": 1
            }
        ],
        "type": "message",
        "subtype": "bot_message",
        "ts": "1431279274.000010"
    },
    {
        "bot_id": "B04FD5HLZ",
        "attachments": [
            {
                "fallback": "<https:\/\/twitter.com\/PaulTypes|@PaulTypes>: <https:\/\/twitter.com\/runarorama|@runarorama> I\u2019ll take incremental progress. :-) \/cc <https:\/\/twitter.com\/nuttycom|@nuttycom> <https:\/\/twitter.com\/Synereo|@Synereo> <https:\/\/twitter.com\/leithaus|@leithaus>",
                "author_name": "Paul Snively",
                "author_link": "https:\/\/twitter.com\/PaulTypes\/status\/597454837169684481",
                "author_icon": "https:\/\/pbs.twimg.com\/profile_images\/578672599409905664\/pSsdIgYB_normal.jpeg",
                "author_subname": "@PaulTypes",
                "pretext": "<https:\/\/twitter.com\/PaulTypes\/status\/597454837169684481>",
                "text": "<https:\/\/twitter.com\/runarorama|@runarorama> I\u2019ll take incremental progress. :-) \/cc <https:\/\/twitter.com\/nuttycom|@nuttycom> <https:\/\/twitter.com\/Synereo|@Synereo> <https:\/\/twitter.com\/leithaus|@leithaus>",
                "service_name": "twitter",
                "service_url": "https:\/\/twitter.com\/",
                "id": 1
            }
        ],
        "type": "message",
        "subtype": "bot_message",
        "ts": "1431279308.000011"
    },
    {
        "bot_id": "B04FD5HLZ",
        "attachments": [
            {
                "fallback": "<https:\/\/twitter.com\/runarorama|@runarorama>: <https:\/\/twitter.com\/PaulTypes|@PaulTypes> <https:\/\/twitter.com\/nuttycom|@nuttycom> <https:\/\/twitter.com\/Synereo|@Synereo> <https:\/\/twitter.com\/leithaus|@leithaus> e.g. What is it about computing today that creates these incentives?",
                "author_name": "R\u00fanar \u00d3li",
                "author_link": "https:\/\/twitter.com\/runarorama\/status\/597456160665505792",
                "author_icon": "https:\/\/pbs.twimg.com\/profile_images\/544497360189931520\/izGG331b_normal.jpeg",
                "author_subname": "@runarorama",
                "pretext": "<https:\/\/twitter.com\/runarorama\/status\/597456160665505792>",
                "text": "<https:\/\/twitter.com\/PaulTypes|@PaulTypes> <https:\/\/twitter.com\/nuttycom|@nuttycom> <https:\/\/twitter.com\/Synereo|@Synereo> <https:\/\/twitter.com\/leithaus|@leithaus> e.g. What is it about computing today that creates these incentives?",
                "service_name": "twitter",
                "service_url": "https:\/\/twitter.com\/",
                "id": 1
            }
        ],
        "type": "message",
        "subtype": "bot_message",
        "ts": "1431279623.000012"
    },
    {
        "bot_id": "B04FD5HLZ",
        "attachments": [
            {
                "fallback": "<https:\/\/twitter.com\/PaulTypes|@PaulTypes>: <https:\/\/twitter.com\/runarorama|@runarorama> IMO, near-zero marginal cost of advertizing, \u201cconsumers\u201d unaware they\u2019re the product. \/cc <https:\/\/twitter.com\/nuttycom|@nuttycom> <https:\/\/twitter.com\/Synereo|@Synereo> <https:\/\/twitter.com\/leithaus|@leithaus>",
                "author_name": "Paul Snively",
                "author_link": "https:\/\/twitter.com\/PaulTypes\/status\/597456563834589184",
                "author_icon": "https:\/\/pbs.twimg.com\/profile_images\/578672599409905664\/pSsdIgYB_normal.jpeg",
                "author_subname": "@PaulTypes",
                "pretext": "<https:\/\/twitter.com\/PaulTypes\/status\/597456563834589184>",
                "text": "<https:\/\/twitter.com\/runarorama|@runarorama> IMO, near-zero marginal cost of advertizing, \u201cconsumers\u201d unaware they\u2019re the product. \/cc <https:\/\/twitter.com\/nuttycom|@nuttycom> <https:\/\/twitter.com\/Synereo|@Synereo> <https:\/\/twitter.com\/leithaus|@leithaus>",
                "service_name": "twitter",
                "service_url": "https:\/\/twitter.com\/",
                "id": 1
            }
        ],
        "type": "message",
        "subtype": "bot_message",
        "ts": "1431279719.000013"
    },
    {
        "bot_id": "B04FD5HLZ",
        "attachments": [
            {
                "fallback": "<https:\/\/twitter.com\/PaulTypes|@PaulTypes>: <https:\/\/twitter.com\/runarorama|@runarorama> Artificially cheap money \u201cinvested\u201d in ad-driven \u201cbusinesses.\u201d \/cc <https:\/\/twitter.com\/nuttycom|@nuttycom> <https:\/\/twitter.com\/Synereo|@Synereo> <https:\/\/twitter.com\/leithaus|@leithaus>",
                "author_name": "Paul Snively",
                "author_link": "https:\/\/twitter.com\/PaulTypes\/status\/597456872757698560",
                "author_icon": "https:\/\/pbs.twimg.com\/profile_images\/578672599409905664\/pSsdIgYB_normal.jpeg",
                "author_subname": "@PaulTypes",
                "pretext": "<https:\/\/twitter.com\/PaulTypes\/status\/597456872757698560>",
                "text": "<https:\/\/twitter.com\/runarorama|@runarorama> Artificially cheap money \u201cinvested\u201d in ad-driven \u201cbusinesses.\u201d \/cc <https:\/\/twitter.com\/nuttycom|@nuttycom> <https:\/\/twitter.com\/Synereo|@Synereo> <https:\/\/twitter.com\/leithaus|@leithaus>",
                "service_name": "twitter",
                "service_url": "https:\/\/twitter.com\/",
                "id": 1
            }
        ],
        "type": "message",
        "subtype": "bot_message",
        "ts": "1431279793.000014"
    },
    {
        "bot_id": "B04FD5HLZ",
        "attachments": [
            {
                "fallback": "<https:\/\/twitter.com\/runarorama|@runarorama>: <https:\/\/twitter.com\/PaulTypes|@PaulTypes> <https:\/\/twitter.com\/nuttycom|@nuttycom> <https:\/\/twitter.com\/Synereo|@Synereo> <https:\/\/twitter.com\/leithaus|@leithaus> I submit to you that the Cult of User Friendly creates this unawareness.",
                "author_name": "R\u00fanar \u00d3li",
                "author_link": "https:\/\/twitter.com\/runarorama\/status\/597457259166236672",
                "author_icon": "https:\/\/pbs.twimg.com\/profile_images\/544497360189931520\/izGG331b_normal.jpeg",
                "author_subname": "@runarorama",
                "pretext": "<https:\/\/twitter.com\/runarorama\/status\/597457259166236672>",
                "text": "<https:\/\/twitter.com\/PaulTypes|@PaulTypes> <https:\/\/twitter.com\/nuttycom|@nuttycom> <https:\/\/twitter.com\/Synereo|@Synereo> <https:\/\/twitter.com\/leithaus|@leithaus> I submit to you that the Cult of User Friendly creates this unawareness.",
                "service_name": "twitter",
                "service_url": "https:\/\/twitter.com\/",
                "id": 1
            }
        ],
        "type": "message",
        "subtype": "bot_message",
        "ts": "1431279885.000015"
    },
    {
        "bot_id": "B04FD5HLZ",
        "attachments": [
            {
                "fallback": "<https:\/\/twitter.com\/curious_reader|@curious_reader>: <https:\/\/twitter.com\/PaulTypes|@PaulTypes> <https:\/\/twitter.com\/nuttycom|@nuttycom> <https:\/\/twitter.com\/Synereo|@Synereo> <https:\/\/twitter.com\/runarorama|@runarorama> <https:\/\/twitter.com\/leithaus|@leithaus> so yeah I agree with Paul mostly, explore that space :)",
                "author_name": "AndreasS",
                "author_link": "https:\/\/twitter.com\/curious_reader\/status\/597473099731329026",
                "author_icon": "https:\/\/abs.twimg.com\/sticky\/default_profile_images\/default_profile_3_normal.png",
                "author_subname": "@curious_reader",
                "pretext": "<https:\/\/twitter.com\/curious_reader\/status\/597473099731329026>",
                "text": "<https:\/\/twitter.com\/PaulTypes|@PaulTypes> <https:\/\/twitter.com\/nuttycom|@nuttycom> <https:\/\/twitter.com\/Synereo|@Synereo> <https:\/\/twitter.com\/runarorama|@runarorama> <https:\/\/twitter.com\/leithaus|@leithaus> so yeah I agree with Paul mostly, explore that space :)",
                "service_name": "twitter",
                "service_url": "https:\/\/twitter.com\/",
                "id": 1
            }
        ],
        "type": "message",
        "subtype": "bot_message",
        "ts": "1431283662.000016"
    },
    {
        "bot_id": "B04FD5HLZ",
        "attachments": [
            {
                "fallback": "<https:\/\/twitter.com\/MartianOdyssey|@MartianOdyssey>: <https:\/\/twitter.com\/PaulTypes|@PaulTypes> <https:\/\/twitter.com\/runarorama|@runarorama> <https:\/\/twitter.com\/nuttycom|@nuttycom> <https:\/\/twitter.com\/Synereo|@Synereo> <https:\/\/twitter.com\/leithaus|@leithaus> #ZIRP \/ #NIRP. This is nothing to do with misallocation of capital is it?",
                "author_name": "Justin Johansson",
                "author_link": "https:\/\/twitter.com\/MartianOdyssey\/status\/597482962377052160",
                "author_icon": "https:\/\/pbs.twimg.com\/profile_images\/579078652677132289\/aktCc87a_normal.jpg",
                "author_subname": "@MartianOdyssey",
                "pretext": "<https:\/\/twitter.com\/MartianOdyssey\/status\/597482962377052160>",
                "text": "<https:\/\/twitter.com\/PaulTypes|@PaulTypes> <https:\/\/twitter.com\/runarorama|@runarorama> <https:\/\/twitter.com\/nuttycom|@nuttycom> <https:\/\/twitter.com\/Synereo|@Synereo> <https:\/\/twitter.com\/leithaus|@leithaus> #ZIRP \/ #NIRP. This is nothing to do with misallocation of capital is it?",
                "service_name": "twitter",
                "service_url": "https:\/\/twitter.com\/",
                "id": 1
            }
        ],
        "type": "message",
        "subtype": "bot_message",
        "ts": "1431286013.000017"
    }
]