[
    {
        "bot_id": "B04FD5HLZ",
        "attachments": [
            {
                "fallback": "<https:\/\/twitter.com\/BenjaminMason3|@BenjaminMason3>: <https:\/\/twitter.com\/Synereo|@Synereo> When will we hear the results of the bounty competitions?",
                "author_name": "benjojo",
                "author_link": "https:\/\/twitter.com\/BenjaminMason3\/status\/591592013805580288",
                "author_icon": "https:\/\/abs.twimg.com\/sticky\/default_profile_images\/default_profile_5_normal.png",
                "author_subname": "@BenjaminMason3",
                "pretext": "<https:\/\/twitter.com\/BenjaminMason3\/status\/591592013805580288>",
                "text": "<https:\/\/twitter.com\/Synereo|@Synereo> When will we hear the results of the bounty competitions?",
                "service_name": "twitter",
                "service_url": "https:\/\/twitter.com\/",
                "id": 1
            }
        ],
        "type": "message",
        "subtype": "bot_message",
        "ts": "1429881502.000331"
    },
    {
        "bot_id": "B04FD5HLZ",
        "attachments": [
            {
                "fallback": "<https:\/\/twitter.com\/Synereo|@Synereo>: <https:\/\/twitter.com\/BenjaminMason3|@BenjaminMason3> we should have the results by next Tuesday, stay tuned.",
                "author_name": "Synereo",
                "author_link": "https:\/\/twitter.com\/Synereo\/status\/591621667442548736",
                "author_icon": "https:\/\/pbs.twimg.com\/profile_images\/522790259789025280\/FKRuSK66_normal.png",
                "author_subname": "@Synereo",
                "pretext": "<https:\/\/twitter.com\/Synereo\/status\/591621667442548736>",
                "text": "<https:\/\/twitter.com\/BenjaminMason3|@BenjaminMason3> we should have the results by next Tuesday, stay tuned.",
                "service_name": "twitter",
                "service_url": "https:\/\/twitter.com\/",
                "id": 1
            }
        ],
        "type": "message",
        "subtype": "bot_message",
        "ts": "1429888572.000332"
    },
    {
        "bot_id": "B04FD5HLZ",
        "attachments": [
            {
                "fallback": "<https:\/\/twitter.com\/jimscarver|@jimscarver>: A third path, <https:\/\/twitter.com\/Synereo|@Synereo>\u200b: The curly fry conundrum: Why social media \u201clikes\u201d say more than you might think <https:\/\/www.ted.com\/talks\/jennifer_golbeck_the_curly_fry_conundrum_why_social_media_likes_say_more_than_you_might_think>",
                "author_name": "jimscarver",
                "author_link": "https:\/\/twitter.com\/jimscarver\/status\/591622536883884032",
                "author_icon": "https:\/\/pbs.twimg.com\/profile_images\/64612480\/P9130088_normal.JPG",
                "author_subname": "@jimscarver",
                "pretext": "<https:\/\/twitter.com\/jimscarver\/status\/591622536883884032>",
                "text": "A third path, <https:\/\/twitter.com\/Synereo|@Synereo>\u200b: The curly fry conundrum: Why social media \u201clikes\u201d say more than you might think <https:\/\/www.ted.com\/talks\/jennifer_golbeck_the_curly_fry_conundrum_why_social_media_likes_say_more_than_you_might_think>",
                "service_name": "twitter",
                "service_url": "https:\/\/twitter.com\/",
                "id": 1
            }
        ],
        "type": "message",
        "subtype": "bot_message",
        "ts": "1429888779.000333"
    },
    {
        "bot_id": "B04FD5HLZ",
        "attachments": [
            {
                "fallback": "<https:\/\/twitter.com\/BenjaminMason3|@BenjaminMason3>: <https:\/\/twitter.com\/Synereo|@Synereo> cool!",
                "author_name": "benjojo",
                "author_link": "https:\/\/twitter.com\/BenjaminMason3\/status\/591678741694291968",
                "author_icon": "https:\/\/abs.twimg.com\/sticky\/default_profile_images\/default_profile_5_normal.png",
                "author_subname": "@BenjaminMason3",
                "pretext": "<https:\/\/twitter.com\/BenjaminMason3\/status\/591678741694291968>",
                "text": "<https:\/\/twitter.com\/Synereo|@Synereo> cool!",
                "service_name": "twitter",
                "service_url": "https:\/\/twitter.com\/",
                "id": 1
            }
        ],
        "type": "message",
        "subtype": "bot_message",
        "ts": "1429902179.000334"
    },
    {
        "bot_id": "B04FD5HLZ",
        "attachments": [
            {
                "fallback": "<https:\/\/twitter.com\/TheBitcoinCoop|@TheBitcoinCoop>: The <https:\/\/twitter.com\/Synereo|@Synereo> #crowdsale has come to a close with over 20,000,000 AMPs sold: <http:\/\/blog.synereo.com\/2015\/04\/23\/the-synereo-crowdsale-has-ended\/> #bitcoin #socialmedia #cryptocurrency",
                "author_name": "The Bitcoin Co-op",
                "author_link": "https:\/\/twitter.com\/TheBitcoinCoop\/status\/591726270460768256",
                "author_icon": "https:\/\/pbs.twimg.com\/profile_images\/446203180846575617\/OBtyfd4e_normal.jpeg",
                "author_subname": "@TheBitcoinCoop",
                "pretext": "<https:\/\/twitter.com\/TheBitcoinCoop\/status\/591726270460768256>",
                "text": "The <https:\/\/twitter.com\/Synereo|@Synereo> #crowdsale has come to a close with over 20,000,000 AMPs sold: <http:\/\/blog.synereo.com\/2015\/04\/23\/the-synereo-crowdsale-has-ended\/> #bitcoin #socialmedia #cryptocurrency",
                "service_name": "twitter",
                "service_url": "https:\/\/twitter.com\/",
                "id": 1
            }
        ],
        "type": "message",
        "subtype": "bot_message",
        "ts": "1429913511.000335"
    }
]