[
    {
        "bot_id": "B04FD5HLZ",
        "attachments": [
            {
                "fallback": "<https:\/\/twitter.com\/jimscarver|@jimscarver>: <https:\/\/youtu.be\/c4EEa0HAqzQ> #signal is a step towards <https:\/\/twitter.com\/Synereo|@Synereo> &amp; <https:\/\/twitter.com\/FreeTrustOrg|@FreeTrustOrg>",
                "author_name": "jimscarver",
                "author_link": "https:\/\/twitter.com\/jimscarver\/status\/684353567495471104",
                "author_icon": "https:\/\/pbs.twimg.com\/profile_images\/595050198033895425\/NgPmOdj6_normal.png",
                "author_subname": "@jimscarver",
                "pretext": "<https:\/\/twitter.com\/jimscarver\/status\/684353567495471104>",
                "text": "<https:\/\/youtu.be\/c4EEa0HAqzQ> #signal is a step towards <https:\/\/twitter.com\/Synereo|@Synereo> &amp; <https:\/\/twitter.com\/FreeTrustOrg|@FreeTrustOrg>",
                "service_name": "twitter",
                "service_url": "https:\/\/twitter.com\/",
                "id": 1
            }
        ],
        "type": "message",
        "subtype": "bot_message",
        "ts": "1451997579.000127"
    },
    {
        "bot_id": "B04FD5HLZ",
        "attachments": [
            {
                "fallback": "<https:\/\/twitter.com\/FreeTrustOrg|@FreeTrustOrg>: Good news! <https:\/\/twitter.com\/Synereo|@Synereo> is now listed on <https:\/\/twitter.com\/coingecko|@coingecko>: <https:\/\/www.coingecko.com\/en\/coins\/synereo>",
                "author_name": "FreeTrust",
                "author_link": "https:\/\/twitter.com\/FreeTrustOrg\/status\/684409120330498049",
                "author_icon": "https:\/\/pbs.twimg.com\/profile_images\/606532062502391808\/mEJmLI_G_normal.png",
                "author_subname": "@FreeTrustOrg",
                "pretext": "<https:\/\/twitter.com\/FreeTrustOrg\/status\/684409120330498049>",
                "text": "Good news! <https:\/\/twitter.com\/Synereo|@Synereo> is now listed on <https:\/\/twitter.com\/coingecko|@coingecko>: <https:\/\/www.coingecko.com\/en\/coins\/synereo>",
                "service_name": "twitter",
                "service_url": "https:\/\/twitter.com\/",
                "id": 1
            }
        ],
        "type": "message",
        "subtype": "bot_message",
        "ts": "1452010824.000128"
    },
    {
        "bot_id": "B04FD5HLZ",
        "attachments": [
            {
                "fallback": "<https:\/\/twitter.com\/Synereo|@Synereo>: Greg invents a new kind of blockchain: \n<http:\/\/tinyurl.com\/znruflv> #synereo #blockchain",
                "author_name": "Synereo",
                "author_link": "https:\/\/twitter.com\/Synereo\/status\/684448521798352897",
                "author_icon": "https:\/\/pbs.twimg.com\/profile_images\/522790259789025280\/FKRuSK66_normal.png",
                "author_subname": "@Synereo",
                "pretext": "<https:\/\/twitter.com\/Synereo\/status\/684448521798352897>",
                "text": "Greg invents a new kind of blockchain: \n<http:\/\/tinyurl.com\/znruflv> #synereo #blockchain",
                "service_name": "twitter",
                "service_url": "https:\/\/twitter.com\/",
                "id": 1
            }
        ],
        "type": "message",
        "subtype": "bot_message",
        "ts": "1452020218.000129"
    },
    {
        "bot_id": "B04FD5HLZ",
        "attachments": [
            {
                "fallback": "<https:\/\/twitter.com\/Synereo|@Synereo>: Greg's proposal for a more efficient Blockchain: \n<http:\/\/tinyurl.com\/znruflv> #synereo #blockchain",
                "author_name": "Synereo",
                "author_link": "https:\/\/twitter.com\/Synereo\/status\/684462693143597056",
                "author_icon": "https:\/\/pbs.twimg.com\/profile_images\/522790259789025280\/FKRuSK66_normal.png",
                "author_subname": "@Synereo",
                "pretext": "<https:\/\/twitter.com\/Synereo\/status\/684462693143597056>",
                "text": "Greg's proposal for a more efficient Blockchain: \n<http:\/\/tinyurl.com\/znruflv> #synereo #blockchain",
                "service_name": "twitter",
                "service_url": "https:\/\/twitter.com\/",
                "id": 1
            }
        ],
        "type": "message",
        "subtype": "bot_message",
        "ts": "1452023597.000130"
    },
    {
        "bot_id": "B04FD5HLZ",
        "attachments": [
            {
                "fallback": "<https:\/\/twitter.com\/BrasilBitcoin|@BrasilBitcoin>: The Brasil Bitcoin Daily is out! <http:\/\/paper.li\/BrasilBitcoin\/1368680325?edition_id=493bf9e0-b432-11e5-be19-0cc47a0d1605> Stories via <https:\/\/twitter.com\/seventieweb|@seventieweb> <https:\/\/twitter.com\/CointelegraphES|@CointelegraphES> <https:\/\/twitter.com\/Synereo|@Synereo>",
                "author_name": "Brasil Bitcoin",
                "author_link": "https:\/\/twitter.com\/BrasilBitcoin\/status\/684600190456709120",
                "author_icon": "https:\/\/pbs.twimg.com\/profile_images\/520778905842511872\/UsNXYkf3_normal.jpeg",
                "author_subname": "@BrasilBitcoin",
                "pretext": "<https:\/\/twitter.com\/BrasilBitcoin\/status\/684600190456709120>",
                "text": "The Brasil Bitcoin Daily is out! <http:\/\/paper.li\/BrasilBitcoin\/1368680325?edition_id=493bf9e0-b432-11e5-be19-0cc47a0d1605> Stories via <https:\/\/twitter.com\/seventieweb|@seventieweb> <https:\/\/twitter.com\/CointelegraphES|@CointelegraphES> <https:\/\/twitter.com\/Synereo|@Synereo>",
                "service_name": "twitter",
                "service_url": "https:\/\/twitter.com\/",
                "id": 1
            }
        ],
        "type": "message",
        "subtype": "bot_message",
        "ts": "1452056379.000131"
    }
]