[
    {
        "bot_id": "B04FD5HLZ",
        "attachments": [
            {
                "fallback": "<https:\/\/twitter.com\/lapin7|@lapin7>: Retweeted HJ (<https:\/\/twitter.com\/lapin7|@lapin7>):\n\nBecome a scribe at <https:\/\/twitter.com\/Synereo|@Synereo> and earn AMP!!! We need summaries of our Hangouts at... <http:\/\/fb.me\/7QrOzsIiv>",
                "author_name": "HJ",
                "author_link": "https:\/\/twitter.com\/lapin7\/status\/709791474221752320",
                "author_icon": "https:\/\/pbs.twimg.com\/profile_images\/694808300643340288\/0CVY8LDX_normal.png",
                "author_subname": "@lapin7",
                "pretext": "<https:\/\/twitter.com\/lapin7\/status\/709791474221752320>",
                "text": "Retweeted HJ (<https:\/\/twitter.com\/lapin7|@lapin7>):\n\nBecome a scribe at <https:\/\/twitter.com\/Synereo|@Synereo> and earn AMP!!! We need summaries of our Hangouts at... <http:\/\/fb.me\/7QrOzsIiv>",
                "service_name": "twitter",
                "service_url": "https:\/\/twitter.com\/",
                "id": 1
            }
        ],
        "type": "message",
        "subtype": "bot_message",
        "ts": "1458062449.000012"
    },
    {
        "bot_id": "B04FD5HLZ",
        "attachments": [
            {
                "fallback": "<https:\/\/twitter.com\/FreeTrustOrg|@FreeTrustOrg>: Synereo: Your Network. Your Rules. <https:\/\/twitter.com\/Synereo|@Synereo>\n<https:\/\/www.facebook.com\/groups\/1013726192055203\/>",
                "author_name": "FreeTrust",
                "author_link": "https:\/\/twitter.com\/FreeTrustOrg\/status\/709855698574823424",
                "author_icon": "https:\/\/pbs.twimg.com\/profile_images\/606532062502391808\/mEJmLI_G_normal.png",
                "author_subname": "@FreeTrustOrg",
                "pretext": "<https:\/\/twitter.com\/FreeTrustOrg\/status\/709855698574823424>",
                "text": "Synereo: Your Network. Your Rules. <https:\/\/twitter.com\/Synereo|@Synereo>\n<https:\/\/www.facebook.com\/groups\/1013726192055203\/>",
                "service_name": "twitter",
                "service_url": "https:\/\/twitter.com\/",
                "id": 1
            }
        ],
        "type": "message",
        "subtype": "bot_message",
        "ts": "1458077761.000013"
    }
]