[
    {
        "bot_id": "B04FD5HLZ",
        "attachments": [
            {
                "fallback": "<https:\/\/twitter.com\/FreeTrustOrg|@FreeTrustOrg>: #Homomorphic #encryption enables #rules about what searches can be performed on our stuff with #anonymity <https:\/\/twitter.com\/provensecure|@provensecure> on <https:\/\/twitter.com\/Synereo|@Synereo> stack",
                "author_name": "FreeTrust",
                "author_link": "https:\/\/twitter.com\/FreeTrustOrg\/status\/698579963189010436",
                "author_icon": "https:\/\/pbs.twimg.com\/profile_images\/606532062502391808\/mEJmLI_G_normal.png",
                "author_subname": "@FreeTrustOrg",
                "pretext": "<https:\/\/twitter.com\/FreeTrustOrg\/status\/698579963189010436>",
                "text": "#Homomorphic #encryption enables #rules about what searches can be performed on our stuff with #anonymity <https:\/\/twitter.com\/provensecure|@provensecure> on <https:\/\/twitter.com\/Synereo|@Synereo> stack",
                "service_name": "twitter",
                "service_url": "https:\/\/twitter.com\/",
                "id": 1
            }
        ],
        "type": "message",
        "subtype": "bot_message",
        "ts": "1455389416.000071"
    }
]