[
    {
        "username": "IFTTT",
        "icons": {
            "image_36": "https:\/\/slack.global.ssl.fastly.net\/66f9\/img\/services\/ifttt_36.png",
            "image_48": "https:\/\/slack.global.ssl.fastly.net\/66f9\/img\/services\/ifttt_48.png",
            "image_72": "https:\/\/slack.global.ssl.fastly.net\/66f9\/img\/services\/ifttt_72.png"
        },
        "attachments": [
            {
                "pretext": "DC Blockchain Summit Livestream provided by Synereo via \/r\/ethereum <http:\/\/ift.tt\/1LDQpK1>",
                "service_name": "reddit",
                "title": "DC Blockchain Summit Livestream provided by Synereo \u2022 \/r\/ethereum",
                "title_link": "http:\/\/ift.tt\/1LDQpK1",
                "text": "1 points and 0 comments so far on reddit",
                "fallback": "DC Blockchain Summit Livestream provided by Synereo via \/r\/ethereum <http:\/\/ift.tt\/1LDQpK1>",
                "thumb_url": "https:\/\/static-cdn.jtvnw.net\/jtv_user_pictures\/dcblockchainsummit-profile_image-60c3329339e13ac7-600x600.png",
                "from_url": "http:\/\/ift.tt\/1LDQpK1",
                "thumb_width": 600,
                "thumb_height": 600,
                "id": 1,
                "mrkdwn_in": [
                    "text",
                    "pretext"
                ]
            }
        ],
        "mrkdwn": true,
        "type": "message",
        "subtype": "bot_message",
        "ts": "1457087551.000074"
    },
    {
        "bot_id": "B04FD5HLZ",
        "attachments": [
            {
                "fallback": "<https:\/\/twitter.com\/FreeTrustOrg|@FreeTrustOrg>: <https:\/\/twitter.com\/Synereo|@Synereo> \"AMP, the fastest Growing cryptocurrency\"  <https:\/\/www.linkedin.com\/pulse\/amp-fastest-growing-cryptocurrency-javier-de-juan>",
                "author_name": "FreeTrust",
                "author_link": "https:\/\/twitter.com\/FreeTrustOrg\/status\/705754741272346625",
                "author_icon": "https:\/\/pbs.twimg.com\/profile_images\/606532062502391808\/mEJmLI_G_normal.png",
                "author_subname": "@FreeTrustOrg",
                "pretext": "<https:\/\/twitter.com\/FreeTrustOrg\/status\/705754741272346625>",
                "text": "<https:\/\/twitter.com\/Synereo|@Synereo> \"AMP, the fastest Growing cryptocurrency\"  <https:\/\/www.linkedin.com\/pulse\/amp-fastest-growing-cryptocurrency-javier-de-juan>",
                "service_name": "twitter",
                "service_url": "https:\/\/twitter.com\/",
                "id": 1
            }
        ],
        "type": "message",
        "subtype": "bot_message",
        "ts": "1457100017.000075"
    },
    {
        "bot_id": "B04FD5HLZ",
        "attachments": [
            {
                "fallback": "<https:\/\/twitter.com\/FreeTrustOrg|@FreeTrustOrg>: Can someone ELI50 WTF <https:\/\/twitter.com\/Synereo|@Synereo> is supposed to be and what the point is. <https:\/\/www.reddit.com\/r\/Synereo\/comments\/48ubvr\/can_someone_eli50_wtf_synereo_is_supposed_to_be\/?ref=share&amp;ref_source=twitter> via <https:\/\/twitter.com\/jimscarver|@jimscarver> <https:\/\/twitter.com\/reddit|@reddit>",
                "author_name": "FreeTrust",
                "author_link": "https:\/\/twitter.com\/FreeTrustOrg\/status\/705761123610533888",
                "author_icon": "https:\/\/pbs.twimg.com\/profile_images\/606532062502391808\/mEJmLI_G_normal.png",
                "author_subname": "@FreeTrustOrg",
                "pretext": "<https:\/\/twitter.com\/FreeTrustOrg\/status\/705761123610533888>",
                "text": "Can someone ELI50 WTF <https:\/\/twitter.com\/Synereo|@Synereo> is supposed to be and what the point is. <https:\/\/www.reddit.com\/r\/Synereo\/comments\/48ubvr\/can_someone_eli50_wtf_synereo_is_supposed_to_be\/?ref=share&amp;ref_source=twitter> via <https:\/\/twitter.com\/jimscarver|@jimscarver> <https:\/\/twitter.com\/reddit|@reddit>",
                "service_name": "twitter",
                "service_url": "https:\/\/twitter.com\/",
                "id": 1
            }
        ],
        "type": "message",
        "subtype": "bot_message",
        "ts": "1457101539.000076"
    },
    {
        "text": "removed an integration from this channel: <https:\/\/synereonet.slack.com\/services\/B0NM7A0S0|incoming-webhook>",
        "bot_id": "B0NM7A0S0",
        "type": "message",
        "subtype": "bot_remove",
        "user": "U0MRFBCKU",
        "ts": "1457111055.000077"
    },
    {
        "text": "added an integration to this channel: <https:\/\/synereonet.slack.com\/services\/B0QDCTQF3|incoming-webhook>",
        "bot_id": "B0QDCTQF3",
        "type": "message",
        "subtype": "bot_add",
        "user": "U0MRFBCKU",
        "ts": "1457111080.000078"
    },
    {
        "text": "removed an integration from this channel: <https:\/\/synereonet.slack.com\/services\/B0QDCTQF3|incoming-webhook>",
        "bot_id": "B0QDCTQF3",
        "type": "message",
        "subtype": "bot_remove",
        "user": "U0MRFBCKU",
        "ts": "1457111146.000079"
    },
    {
        "bot_id": "B04FD5HLZ",
        "attachments": [
            {
                "fallback": "<https:\/\/twitter.com\/TRUMPCOIN1|@TRUMPCOIN1>: <https:\/\/twitter.com\/Synereo|@Synereo> Wishing you all the best with your project. Much much approval from <https:\/\/twitter.com\/TRUMPCOIN1|@TRUMPCOIN1> :)",
                "author_name": "TRUMPCOIN",
                "author_link": "https:\/\/twitter.com\/TRUMPCOIN1\/status\/705907180445294596",
                "author_icon": "https:\/\/pbs.twimg.com\/profile_images\/704320754914037760\/RCYoAer0_normal.jpg",
                "author_subname": "@TRUMPCOIN1",
                "pretext": "<https:\/\/twitter.com\/TRUMPCOIN1\/status\/705907180445294596>",
                "text": "<https:\/\/twitter.com\/Synereo|@Synereo> Wishing you all the best with your project. Much much approval from <https:\/\/twitter.com\/TRUMPCOIN1|@TRUMPCOIN1> :)",
                "service_name": "twitter",
                "service_url": "https:\/\/twitter.com\/",
                "id": 1
            }
        ],
        "type": "message",
        "subtype": "bot_message",
        "ts": "1457136361.000080"
    }
]