[
    {
        "username": "IFTTT",
        "icons": {
            "image_36": "https:\/\/slack.global.ssl.fastly.net\/66f9\/img\/services\/ifttt_36.png",
            "image_48": "https:\/\/slack.global.ssl.fastly.net\/66f9\/img\/services\/ifttt_48.png",
            "image_72": "https:\/\/slack.global.ssl.fastly.net\/66f9\/img\/services\/ifttt_72.png"
        },
        "attachments": [
            {
                "pretext": "Send\/extract Synereo\/AMPS tokens from Trezor? via \/r\/TREZOR <http:\/\/ift.tt\/1MfxIrd>",
                "service_name": "reddit",
                "title": "Send\/extract Synereo\/AMPS tokens from Trezor? \u2022 \/r\/TREZOR",
                "title_link": "http:\/\/ift.tt\/1MfxIrd",
                "text": "Its now a year past... Anyone has a solution to extract omni tokens like \"Synereo\/AMPS\" from trezor? How can you extract a specific private...",
                "fallback": "Send\/extract Synereo\/AMPS tokens from Trezor? via \/r\/TREZOR <http:\/\/ift.tt\/1MfxIrd>",
                "thumb_url": "https:\/\/www.redditstatic.com\/icon.png",
                "from_url": "http:\/\/ift.tt\/1MfxIrd",
                "thumb_width": 256,
                "thumb_height": 256,
                "id": 1,
                "mrkdwn_in": [
                    "text",
                    "pretext"
                ]
            }
        ],
        "mrkdwn": true,
        "type": "message",
        "subtype": "bot_message",
        "ts": "1457862905.000005"
    },
    {
        "bot_id": "B04FD5HLZ",
        "attachments": [
            {
                "fallback": "<https:\/\/twitter.com\/BTCBoulevard|@BTCBoulevard>: Kom ook op onze 1st #bitcoin meetup in Den Haag onder de hashtag #crypt070 over <https:\/\/twitter.com\/WhatIsDash|@WhatIsDash> + <https:\/\/twitter.com\/Synereo|@Synereo> + <https:\/\/twitter.com\/bitmymoney|@bitmymoney> <http:\/\/www.meetup.com\/Bitcoin-The-Hague\/events\/229437687\/>",
                "author_name": "\u0e3fitcoin \u0e3foulevard",
                "author_link": "https:\/\/twitter.com\/BTCBoulevard\/status\/708961725010284545",
                "author_icon": "https:\/\/pbs.twimg.com\/profile_images\/459345059473653760\/BWm6iGCF_normal.png",
                "author_subname": "@BTCBoulevard",
                "pretext": "<https:\/\/twitter.com\/BTCBoulevard\/status\/708961725010284545>",
                "text": "Kom ook op onze 1st #bitcoin meetup in Den Haag onder de hashtag #crypt070 over <https:\/\/twitter.com\/WhatIsDash|@WhatIsDash> + <https:\/\/twitter.com\/Synereo|@Synereo> + <https:\/\/twitter.com\/bitmymoney|@bitmymoney> <http:\/\/www.meetup.com\/Bitcoin-The-Hague\/events\/229437687\/>",
                "service_name": "twitter",
                "service_url": "https:\/\/twitter.com\/",
                "id": 1
            }
        ],
        "type": "message",
        "subtype": "bot_message",
        "ts": "1457864621.000006"
    },
    {
        "bot_id": "B04FD5HLZ",
        "attachments": [
            {
                "fallback": "<https:\/\/twitter.com\/lapin7|@lapin7>: Kom ook op onze 1st #bitcoin meetup in Den Haag onder de hashtag #crypt070 over <https:\/\/twitter.com\/WhatIsDash|@WhatIsDash> + <https:\/\/twitter.com\/Synereo|@Synereo> +... <http:\/\/fb.me\/4b6fJhyZ8>",
                "author_name": "HJ",
                "author_link": "https:\/\/twitter.com\/lapin7\/status\/708961785836077056",
                "author_icon": "https:\/\/pbs.twimg.com\/profile_images\/694808300643340288\/0CVY8LDX_normal.png",
                "author_subname": "@lapin7",
                "pretext": "<https:\/\/twitter.com\/lapin7\/status\/708961785836077056>",
                "text": "Kom ook op onze 1st #bitcoin meetup in Den Haag onder de hashtag #crypt070 over <https:\/\/twitter.com\/WhatIsDash|@WhatIsDash> + <https:\/\/twitter.com\/Synereo|@Synereo> +... <http:\/\/fb.me\/4b6fJhyZ8>",
                "service_name": "twitter",
                "service_url": "https:\/\/twitter.com\/",
                "id": 1
            }
        ],
        "type": "message",
        "subtype": "bot_message",
        "ts": "1457864636.000007"
    },
    {
        "username": "IFTTT",
        "icons": {
            "image_36": "https:\/\/slack.global.ssl.fastly.net\/66f9\/img\/services\/ifttt_36.png",
            "image_48": "https:\/\/slack.global.ssl.fastly.net\/66f9\/img\/services\/ifttt_48.png",
            "image_72": "https:\/\/slack.global.ssl.fastly.net\/66f9\/img\/services\/ifttt_72.png"
        },
        "attachments": [
            {
                "pretext": "Building Decentralized Public Sphere Networks as Alternatives to Monopoly via \/r\/Synereo <http:\/\/ift.tt\/1nGZg2e>",
                "service_name": "reddit",
                "title": "Building Decentralized Public Sphere Networks as Alternatives to Monopoly \u2022 \/r\/Synereo",
                "title_link": "http:\/\/ift.tt\/1nGZg2e",
                "text": "1 points and 0 comments so far on reddit",
                "fallback": "Building Decentralized Public Sphere Networks as Alternatives to Monopoly via \/r\/Synereo <http:\/\/ift.tt\/1nGZg2e>",
                "thumb_url": "https:\/\/www.redditstatic.com\/icon.png",
                "from_url": "http:\/\/ift.tt\/1nGZg2e",
                "thumb_width": 256,
                "thumb_height": 256,
                "id": 1,
                "mrkdwn_in": [
                    "text",
                    "pretext"
                ]
            }
        ],
        "mrkdwn": true,
        "type": "message",
        "subtype": "bot_message",
        "ts": "1457885430.000008",
        "reactions": [
            {
                "name": "+1",
                "users": [
                    "U04GDL62L"
                ],
                "count": 1
            }
        ]
    },
    {
        "bot_id": "B04FD5HLZ",
        "attachments": [
            {
                "fallback": "<https:\/\/twitter.com\/Synereo|@Synereo>: Building Decentralized Public Sphere Networks as Alternatives to Monopoly #decentralized #network #platform #DAO  <http:\/\/tinyurl.com\/jpugf8s>",
                "author_name": "Synereo",
                "author_link": "https:\/\/twitter.com\/Synereo\/status\/709052690316271616",
                "author_icon": "https:\/\/pbs.twimg.com\/profile_images\/522790259789025280\/FKRuSK66_normal.png",
                "author_subname": "@Synereo",
                "pretext": "<https:\/\/twitter.com\/Synereo\/status\/709052690316271616>",
                "text": "Building Decentralized Public Sphere Networks as Alternatives to Monopoly #decentralized #network #platform #DAO  <http:\/\/tinyurl.com\/jpugf8s>",
                "service_name": "twitter",
                "service_url": "https:\/\/twitter.com\/",
                "id": 1
            }
        ],
        "type": "message",
        "subtype": "bot_message",
        "ts": "1457886309.000009"
    }
]