[
    {
        "bot_id": "B04FD5HLZ",
        "attachments": [
            {
                "fallback": "<https:\/\/twitter.com\/Synereo|@Synereo>: Play designer with our new prototype user interface!  Your feedback is valued! <http:\/\/goo.gl\/CIwrPT> #synereo #network #decentralized",
                "author_name": "Synereo",
                "author_link": "https:\/\/twitter.com\/Synereo\/status\/710158022417522689",
                "author_icon": "https:\/\/pbs.twimg.com\/profile_images\/522790259789025280\/FKRuSK66_normal.png",
                "author_subname": "@Synereo",
                "pretext": "<https:\/\/twitter.com\/Synereo\/status\/710158022417522689>",
                "text": "Play designer with our new prototype user interface!  Your feedback is valued! <http:\/\/goo.gl\/CIwrPT> #synereo #network #decentralized",
                "service_name": "twitter",
                "service_url": "https:\/\/twitter.com\/",
                "id": 1
            }
        ],
        "type": "message",
        "subtype": "bot_message",
        "ts": "1458149841.000014"
    },
    {
        "user": "U0T5V6WCF",
        "type": "message",
        "subtype": "channel_join",
        "text": "<@U0T5V6WCF|durerus> has joined the channel",
        "ts": "1458151394.000015"
    },
    {
        "bot_id": "B04FD5HLZ",
        "attachments": [
            {
                "fallback": "<https:\/\/twitter.com\/Synereo|@Synereo>: Watch our weekly G+ Hangout live! <https:\/\/goo.gl\/Grt5NJ> Or participate! <https:\/\/goo.gl\/olURtB> #distributed #network #platform #social",
                "author_name": "Synereo",
                "author_link": "https:\/\/twitter.com\/Synereo\/status\/710171478201868288",
                "author_icon": "https:\/\/pbs.twimg.com\/profile_images\/522790259789025280\/FKRuSK66_normal.png",
                "author_subname": "@Synereo",
                "pretext": "<https:\/\/twitter.com\/Synereo\/status\/710171478201868288>",
                "text": "Watch our weekly G+ Hangout live! <https:\/\/goo.gl\/Grt5NJ> Or participate! <https:\/\/goo.gl\/olURtB> #distributed #network #platform #social",
                "service_name": "twitter",
                "service_url": "https:\/\/twitter.com\/",
                "id": 1
            }
        ],
        "type": "message",
        "subtype": "bot_message",
        "ts": "1458153049.000016"
    },
    {
        "bot_id": "B04FD5HLZ",
        "attachments": [
            {
                "fallback": "<https:\/\/twitter.com\/Synereo|@Synereo>: Synereo Community Hangout: <http:\/\/youtu.be\/s3Qaue8rHuM?a> via <https:\/\/twitter.com\/YouTube|@YouTube>",
                "author_name": "Synereo",
                "author_link": "https:\/\/twitter.com\/Synereo\/status\/710178444227829761",
                "author_icon": "https:\/\/pbs.twimg.com\/profile_images\/522790259789025280\/FKRuSK66_normal.png",
                "author_subname": "@Synereo",
                "pretext": "<https:\/\/twitter.com\/Synereo\/status\/710178444227829761>",
                "text": "Synereo Community Hangout: <http:\/\/youtu.be\/s3Qaue8rHuM?a> via <https:\/\/twitter.com\/YouTube|@YouTube>",
                "service_name": "twitter",
                "service_url": "https:\/\/twitter.com\/",
                "id": 1
            }
        ],
        "type": "message",
        "subtype": "bot_message",
        "ts": "1458154710.000017"
    },
    {
        "bot_id": "B04FD5HLZ",
        "attachments": [
            {
                "fallback": "<https:\/\/twitter.com\/jedediahwalls|@jedediahwalls>: Screenshot of the new social network I'm working on <https:\/\/twitter.com\/Synereo|@Synereo> #bitcoin #blockchain #tech #dev #socialmedia <https:\/\/pbs.twimg.com\/media\/Cdta3V5UUAArGTQ.jpg>",
                "author_name": "Jedediah Walls",
                "author_link": "https:\/\/twitter.com\/jedediahwalls\/status\/710261273846358017",
                "author_icon": "https:\/\/pbs.twimg.com\/profile_images\/553327109225984000\/VevPIPJD_normal.jpeg",
                "author_subname": "@jedediahwalls",
                "pretext": "<https:\/\/twitter.com\/jedediahwalls\/status\/710261273846358017>",
                "text": "Screenshot of the new social network I'm working on <https:\/\/twitter.com\/Synereo|@Synereo> #bitcoin #blockchain #tech #dev #socialmedia <https:\/\/pbs.twimg.com\/media\/Cdta3V5UUAArGTQ.jpg>",
                "service_name": "twitter",
                "service_url": "https:\/\/twitter.com\/",
                "image_url": "https:\/\/pbs.twimg.com\/media\/Cdta3V5UUAArGTQ.jpg",
                "image_width": 599,
                "image_height": 301,
                "image_bytes": 28586,
                "id": 1
            }
        ],
        "type": "message",
        "subtype": "bot_message",
        "ts": "1458174458.000018"
    }
]