[
    {
        "bot_id": "B04FD5HLZ",
        "attachments": [
            {
                "fallback": "<https:\/\/twitter.com\/DannyBReal|@DannyBReal>: <https:\/\/twitter.com\/jebus911|@jebus911> <https:\/\/twitter.com\/Synereo|@Synereo> (AMP)",
                "author_name": "DannyBReal",
                "author_link": "https:\/\/twitter.com\/DannyBReal\/status\/714179715590975488",
                "author_icon": "https:\/\/pbs.twimg.com\/profile_images\/2195279753\/PO386cG2_normal",
                "author_subname": "@DannyBReal",
                "pretext": "<https:\/\/twitter.com\/DannyBReal\/status\/714179715590975488>",
                "text": "<https:\/\/twitter.com\/jebus911|@jebus911> <https:\/\/twitter.com\/Synereo|@Synereo> (AMP)",
                "service_name": "twitter",
                "service_url": "https:\/\/twitter.com\/",
                "id": 1
            }
        ],
        "type": "message",
        "subtype": "bot_message",
        "ts": "1459108688.000062"
    }
]