[
    {
        "bot_id": "B04FD5HLZ",
        "attachments": [
            {
                "fallback": "<https:\/\/twitter.com\/brianloene|@brianloene>: <https:\/\/twitter.com\/cnnbrk|@cnnbrk> This is why I trade $ for <https:\/\/twitter.com\/Bitcoin|@Bitcoin> <https:\/\/twitter.com\/ethereumproject|@ethereumproject> <https:\/\/twitter.com\/Synereo|@Synereo> <https:\/\/twitter.com\/CryptoCoinsNews|@CryptoCoinsNews> <https:\/\/twitter.com\/altcoin_report|@altcoin_report> <https:\/\/twitter.com\/altcointoday|@altcointoday> #crypto #cryptocurrency",
                "author_name": "Brian Loene",
                "author_link": "https:\/\/twitter.com\/brianloene\/status\/689261833627111424",
                "author_icon": "https:\/\/pbs.twimg.com\/profile_images\/624686996561072128\/NSN1rZ_0_normal.jpg",
                "author_subname": "@brianloene",
                "pretext": "<https:\/\/twitter.com\/brianloene\/status\/689261833627111424>",
                "text": "<https:\/\/twitter.com\/cnnbrk|@cnnbrk> This is why I trade $ for <https:\/\/twitter.com\/Bitcoin|@Bitcoin> <https:\/\/twitter.com\/ethereumproject|@ethereumproject> <https:\/\/twitter.com\/Synereo|@Synereo> <https:\/\/twitter.com\/CryptoCoinsNews|@CryptoCoinsNews> <https:\/\/twitter.com\/altcoin_report|@altcoin_report> <https:\/\/twitter.com\/altcointoday|@altcointoday> #crypto #cryptocurrency",
                "service_name": "twitter",
                "service_url": "https:\/\/twitter.com\/",
                "id": 1
            }
        ],
        "type": "message",
        "subtype": "bot_message",
        "ts": "1453167801.000153"
    },
    {
        "bot_id": "B04FD5HLZ",
        "attachments": [
            {
                "fallback": "<https:\/\/twitter.com\/brianloene|@brianloene>: <https:\/\/twitter.com\/business|@business> T'is why I trade $ for <https:\/\/twitter.com\/Bitcoin|@Bitcoin> <https:\/\/twitter.com\/ethereumproject|@ethereumproject> <https:\/\/twitter.com\/Synereo|@Synereo> <https:\/\/twitter.com\/CryptoCoinsNews|@CryptoCoinsNews> <https:\/\/twitter.com\/altcoin_report|@altcoin_report> <https:\/\/twitter.com\/altcointoday|@altcointoday> #crypto #cryptocurrency",
                "author_name": "Brian Loene",
                "author_link": "https:\/\/twitter.com\/brianloene\/status\/689261990280216576",
                "author_icon": "https:\/\/pbs.twimg.com\/profile_images\/624686996561072128\/NSN1rZ_0_normal.jpg",
                "author_subname": "@brianloene",
                "pretext": "<https:\/\/twitter.com\/brianloene\/status\/689261990280216576>",
                "text": "<https:\/\/twitter.com\/business|@business> T'is why I trade $ for <https:\/\/twitter.com\/Bitcoin|@Bitcoin> <https:\/\/twitter.com\/ethereumproject|@ethereumproject> <https:\/\/twitter.com\/Synereo|@Synereo> <https:\/\/twitter.com\/CryptoCoinsNews|@CryptoCoinsNews> <https:\/\/twitter.com\/altcoin_report|@altcoin_report> <https:\/\/twitter.com\/altcointoday|@altcointoday> #crypto #cryptocurrency",
                "service_name": "twitter",
                "service_url": "https:\/\/twitter.com\/",
                "id": 1
            }
        ],
        "type": "message",
        "subtype": "bot_message",
        "ts": "1453167839.000154"
    },
    {
        "bot_id": "B04FD5HLZ",
        "attachments": [
            {
                "fallback": "<https:\/\/twitter.com\/brianloene|@brianloene>: <https:\/\/twitter.com\/feeonline|@feeonline> T'is why I trade $ for <https:\/\/twitter.com\/Bitcoin|@Bitcoin> <https:\/\/twitter.com\/ethereumproject|@ethereumproject> <https:\/\/twitter.com\/Synereo|@Synereo> <https:\/\/twitter.com\/CryptoCoinsNews|@CryptoCoinsNews> <https:\/\/twitter.com\/altcoin_report|@altcoin_report> <https:\/\/twitter.com\/altcointoday|@altcointoday> #crypto #cryptocurrency",
                "author_name": "Brian Loene",
                "author_link": "https:\/\/twitter.com\/brianloene\/status\/689262141270921216",
                "author_icon": "https:\/\/pbs.twimg.com\/profile_images\/624686996561072128\/NSN1rZ_0_normal.jpg",
                "author_subname": "@brianloene",
                "pretext": "<https:\/\/twitter.com\/brianloene\/status\/689262141270921216>",
                "text": "<https:\/\/twitter.com\/feeonline|@feeonline> T'is why I trade $ for <https:\/\/twitter.com\/Bitcoin|@Bitcoin> <https:\/\/twitter.com\/ethereumproject|@ethereumproject> <https:\/\/twitter.com\/Synereo|@Synereo> <https:\/\/twitter.com\/CryptoCoinsNews|@CryptoCoinsNews> <https:\/\/twitter.com\/altcoin_report|@altcoin_report> <https:\/\/twitter.com\/altcointoday|@altcointoday> #crypto #cryptocurrency",
                "service_name": "twitter",
                "service_url": "https:\/\/twitter.com\/",
                "id": 1
            }
        ],
        "type": "message",
        "subtype": "bot_message",
        "ts": "1453167874.000155"
    },
    {
        "bot_id": "B04FD5HLZ",
        "attachments": [
            {
                "fallback": "<https:\/\/twitter.com\/brianloene|@brianloene>: <https:\/\/twitter.com\/FT|@FT> T'is why I trade $ for <https:\/\/twitter.com\/Bitcoin|@Bitcoin> <https:\/\/twitter.com\/ethereumproject|@ethereumproject> <https:\/\/twitter.com\/Synereo|@Synereo> <https:\/\/twitter.com\/CryptoCoinsNews|@CryptoCoinsNews> <https:\/\/twitter.com\/altcoin_report|@altcoin_report> <https:\/\/twitter.com\/altcointoday|@altcointoday> #crypto #cryptocurrency #money",
                "author_name": "Brian Loene",
                "author_link": "https:\/\/twitter.com\/brianloene\/status\/689262247898554368",
                "author_icon": "https:\/\/pbs.twimg.com\/profile_images\/624686996561072128\/NSN1rZ_0_normal.jpg",
                "author_subname": "@brianloene",
                "pretext": "<https:\/\/twitter.com\/brianloene\/status\/689262247898554368>",
                "text": "<https:\/\/twitter.com\/FT|@FT> T'is why I trade $ for <https:\/\/twitter.com\/Bitcoin|@Bitcoin> <https:\/\/twitter.com\/ethereumproject|@ethereumproject> <https:\/\/twitter.com\/Synereo|@Synereo> <https:\/\/twitter.com\/CryptoCoinsNews|@CryptoCoinsNews> <https:\/\/twitter.com\/altcoin_report|@altcoin_report> <https:\/\/twitter.com\/altcointoday|@altcointoday> #crypto #cryptocurrency #money",
                "service_name": "twitter",
                "service_url": "https:\/\/twitter.com\/",
                "id": 1
            }
        ],
        "type": "message",
        "subtype": "bot_message",
        "ts": "1453167900.000156"
    },
    {
        "bot_id": "B04FD5HLZ",
        "attachments": [
            {
                "fallback": "<https:\/\/twitter.com\/brianloene|@brianloene>: <https:\/\/twitter.com\/Reuters|@Reuters> T'is why I trade $ for <https:\/\/twitter.com\/Bitcoin|@Bitcoin> <https:\/\/twitter.com\/ethereumproject|@ethereumproject> <https:\/\/twitter.com\/Synereo|@Synereo> <https:\/\/twitter.com\/CryptoCoinsNews|@CryptoCoinsNews> <https:\/\/twitter.com\/altcoin_report|@altcoin_report> <https:\/\/twitter.com\/altcointoday|@altcointoday> #crypto #cryptocurrency",
                "author_name": "Brian Loene",
                "author_link": "https:\/\/twitter.com\/brianloene\/status\/689262383496216580",
                "author_icon": "https:\/\/pbs.twimg.com\/profile_images\/624686996561072128\/NSN1rZ_0_normal.jpg",
                "author_subname": "@brianloene",
                "pretext": "<https:\/\/twitter.com\/brianloene\/status\/689262383496216580>",
                "text": "<https:\/\/twitter.com\/Reuters|@Reuters> T'is why I trade $ for <https:\/\/twitter.com\/Bitcoin|@Bitcoin> <https:\/\/twitter.com\/ethereumproject|@ethereumproject> <https:\/\/twitter.com\/Synereo|@Synereo> <https:\/\/twitter.com\/CryptoCoinsNews|@CryptoCoinsNews> <https:\/\/twitter.com\/altcoin_report|@altcoin_report> <https:\/\/twitter.com\/altcointoday|@altcointoday> #crypto #cryptocurrency",
                "service_name": "twitter",
                "service_url": "https:\/\/twitter.com\/",
                "id": 1
            }
        ],
        "type": "message",
        "subtype": "bot_message",
        "ts": "1453167933.000157"
    },
    {
        "bot_id": "B04FD5HLZ",
        "attachments": [
            {
                "fallback": "<https:\/\/twitter.com\/brianloene|@brianloene>: <https:\/\/twitter.com\/DanHannanMEP|@DanHannanMEP> T'is why I trade $ for <https:\/\/twitter.com\/Bitcoin|@Bitcoin> <https:\/\/twitter.com\/ethereumproject|@ethereumproject> <https:\/\/twitter.com\/Synereo|@Synereo> <https:\/\/twitter.com\/CryptoCoinsNews|@CryptoCoinsNews> <https:\/\/twitter.com\/altcoin_report|@altcoin_report> <https:\/\/twitter.com\/altcointoday|@altcointoday> #cryptocurrency",
                "author_name": "Brian Loene",
                "author_link": "https:\/\/twitter.com\/brianloene\/status\/689262604204638209",
                "author_icon": "https:\/\/pbs.twimg.com\/profile_images\/624686996561072128\/NSN1rZ_0_normal.jpg",
                "author_subname": "@brianloene",
                "pretext": "<https:\/\/twitter.com\/brianloene\/status\/689262604204638209>",
                "text": "<https:\/\/twitter.com\/DanHannanMEP|@DanHannanMEP> T'is why I trade $ for <https:\/\/twitter.com\/Bitcoin|@Bitcoin> <https:\/\/twitter.com\/ethereumproject|@ethereumproject> <https:\/\/twitter.com\/Synereo|@Synereo> <https:\/\/twitter.com\/CryptoCoinsNews|@CryptoCoinsNews> <https:\/\/twitter.com\/altcoin_report|@altcoin_report> <https:\/\/twitter.com\/altcointoday|@altcointoday> #cryptocurrency",
                "service_name": "twitter",
                "service_url": "https:\/\/twitter.com\/",
                "id": 1
            }
        ],
        "type": "message",
        "subtype": "bot_message",
        "ts": "1453167985.000158"
    },
    {
        "bot_id": "B04FD5HLZ",
        "attachments": [
            {
                "fallback": "<https:\/\/twitter.com\/brianloene|@brianloene>: <https:\/\/twitter.com\/CNN|@CNN> T'is why I trade $ for <https:\/\/twitter.com\/Bitcoin|@Bitcoin> <https:\/\/twitter.com\/ethereumproject|@ethereumproject> <https:\/\/twitter.com\/Synereo|@Synereo> <https:\/\/twitter.com\/CryptoCoinsNews|@CryptoCoinsNews> <https:\/\/twitter.com\/altcoin_report|@altcoin_report> <https:\/\/twitter.com\/altcointoday|@altcointoday> #crypto #cryptocurrency #money",
                "author_name": "Brian Loene",
                "author_link": "https:\/\/twitter.com\/brianloene\/status\/689262822451064832",
                "author_icon": "https:\/\/pbs.twimg.com\/profile_images\/624686996561072128\/NSN1rZ_0_normal.jpg",
                "author_subname": "@brianloene",
                "pretext": "<https:\/\/twitter.com\/brianloene\/status\/689262822451064832>",
                "text": "<https:\/\/twitter.com\/CNN|@CNN> T'is why I trade $ for <https:\/\/twitter.com\/Bitcoin|@Bitcoin> <https:\/\/twitter.com\/ethereumproject|@ethereumproject> <https:\/\/twitter.com\/Synereo|@Synereo> <https:\/\/twitter.com\/CryptoCoinsNews|@CryptoCoinsNews> <https:\/\/twitter.com\/altcoin_report|@altcoin_report> <https:\/\/twitter.com\/altcointoday|@altcointoday> #crypto #cryptocurrency #money",
                "service_name": "twitter",
                "service_url": "https:\/\/twitter.com\/",
                "id": 1
            }
        ],
        "type": "message",
        "subtype": "bot_message",
        "ts": "1453168037.000159"
    },
    {
        "bot_id": "B04FD5HLZ",
        "attachments": [
            {
                "fallback": "<https:\/\/twitter.com\/brianloene|@brianloene>: <https:\/\/twitter.com\/RSBR_RT|@RSBR_RT> T'is why I trade $ for <https:\/\/twitter.com\/Bitcoin|@Bitcoin> <https:\/\/twitter.com\/ethereumproject|@ethereumproject> <https:\/\/twitter.com\/Synereo|@Synereo> <https:\/\/twitter.com\/CryptoCoinsNews|@CryptoCoinsNews> <https:\/\/twitter.com\/altcoin_report|@altcoin_report> <https:\/\/twitter.com\/altcointoday|@altcointoday> #crypto #cryptocurrency",
                "author_name": "Brian Loene",
                "author_link": "https:\/\/twitter.com\/brianloene\/status\/689263138458345472",
                "author_icon": "https:\/\/pbs.twimg.com\/profile_images\/624686996561072128\/NSN1rZ_0_normal.jpg",
                "author_subname": "@brianloene",
                "pretext": "<https:\/\/twitter.com\/brianloene\/status\/689263138458345472>",
                "text": "<https:\/\/twitter.com\/RSBR_RT|@RSBR_RT> T'is why I trade $ for <https:\/\/twitter.com\/Bitcoin|@Bitcoin> <https:\/\/twitter.com\/ethereumproject|@ethereumproject> <https:\/\/twitter.com\/Synereo|@Synereo> <https:\/\/twitter.com\/CryptoCoinsNews|@CryptoCoinsNews> <https:\/\/twitter.com\/altcoin_report|@altcoin_report> <https:\/\/twitter.com\/altcointoday|@altcointoday> #crypto #cryptocurrency",
                "service_name": "twitter",
                "service_url": "https:\/\/twitter.com\/",
                "id": 1
            }
        ],
        "type": "message",
        "subtype": "bot_message",
        "ts": "1453168113.000160"
    },
    {
        "bot_id": "B04FD5HLZ",
        "attachments": [
            {
                "fallback": "<https:\/\/twitter.com\/lapin7|@lapin7>: +-bitcoin <https:\/\/medium.com\/@Technomage\/bitcoin-has-now-died-89-times-274df173c246#.vamnetcqz> <https:\/\/twitter.com\/BTCBoulevard|@BTCBoulevard> <https:\/\/twitter.com\/Synereo|@Synereo>",
                "author_name": "HJ",
                "author_link": "https:\/\/twitter.com\/lapin7\/status\/689333706444660736",
                "author_icon": "https:\/\/pbs.twimg.com\/profile_images\/67314238\/elf_normal.jpg",
                "author_subname": "@lapin7",
                "pretext": "<https:\/\/twitter.com\/lapin7\/status\/689333706444660736>",
                "text": "+-bitcoin <https:\/\/medium.com\/@Technomage\/bitcoin-has-now-died-89-times-274df173c246#.vamnetcqz> <https:\/\/twitter.com\/BTCBoulevard|@BTCBoulevard> <https:\/\/twitter.com\/Synereo|@Synereo>",
                "service_name": "twitter",
                "service_url": "https:\/\/twitter.com\/",
                "id": 1
            }
        ],
        "type": "message",
        "subtype": "bot_message",
        "ts": "1453184937.000161"
    }
]