[
    {
        "bot_id": "B04FD5HLZ",
        "attachments": [
            {
                "fallback": "<https:\/\/twitter.com\/CoinFest|@CoinFest>: <https:\/\/twitter.com\/FreeTrustOrg|@FreeTrustOrg> <https:\/\/twitter.com\/Synereo|@Synereo> <https:\/\/twitter.com\/blockstarsio|@blockstarsio> <https:\/\/twitter.com\/eris_ltd|@eris_ltd> <https:\/\/twitter.com\/provensecure|@provensecure> We can't stop you :)",
                "author_name": "CoinFest",
                "author_link": "https:\/\/twitter.com\/CoinFest\/status\/708730719695036416",
                "author_icon": "https:\/\/pbs.twimg.com\/profile_images\/427482143363575808\/xxsDG7io_normal.jpeg",
                "author_subname": "@CoinFest",
                "pretext": "<https:\/\/twitter.com\/CoinFest\/status\/708730719695036416>",
                "text": "<https:\/\/twitter.com\/FreeTrustOrg|@FreeTrustOrg> <https:\/\/twitter.com\/Synereo|@Synereo> <https:\/\/twitter.com\/blockstarsio|@blockstarsio> <https:\/\/twitter.com\/eris_ltd|@eris_ltd> <https:\/\/twitter.com\/provensecure|@provensecure> We can't stop you :)",
                "service_name": "twitter",
                "service_url": "https:\/\/twitter.com\/",
                "id": 1
            }
        ],
        "type": "message",
        "subtype": "bot_message",
        "ts": "1457809546.000002"
    },
    {
        "bot_id": "B04FD5HLZ",
        "attachments": [
            {
                "fallback": "<https:\/\/twitter.com\/Synereo|@Synereo>: New Synereo Group formed on FB! Come join the discussion! #blockchain #distributed #network #platform #decentralized <https:\/\/pbs.twimg.com\/media\/CdXymb2WIAADzQT.jpg>",
                "author_name": "Synereo",
                "author_link": "https:\/\/twitter.com\/Synereo\/status\/708739259704975360",
                "author_icon": "https:\/\/pbs.twimg.com\/profile_images\/522790259789025280\/FKRuSK66_normal.png",
                "author_subname": "@Synereo",
                "pretext": "<https:\/\/twitter.com\/Synereo\/status\/708739259704975360>",
                "text": "New Synereo Group formed on FB! Come join the discussion! #blockchain #distributed #network #platform #decentralized <https:\/\/pbs.twimg.com\/media\/CdXymb2WIAADzQT.jpg>",
                "service_name": "twitter",
                "service_url": "https:\/\/twitter.com\/",
                "image_url": "https:\/\/pbs.twimg.com\/media\/CdXymb2WIAADzQT.jpg",
                "image_width": 491,
                "image_height": 254,
                "image_bytes": 27158,
                "id": 1
            }
        ],
        "type": "message",
        "subtype": "bot_message",
        "ts": "1457811589.000003"
    },
    {
        "user": "U0PJL1WE5",
        "type": "message",
        "subtype": "channel_join",
        "text": "<@U0PJL1WE5|n3xtgen> has joined the channel",
        "ts": "1457824444.000004"
    }
]