[
    {
        "bot_id": "B04FD5HLZ",
        "attachments": [
            {
                "fallback": "<https:\/\/twitter.com\/csageland|@csageland>: <https:\/\/twitter.com\/gideonro|@gideonro> thx for the follow. I'm thinking =&gt; fun to chat <https:\/\/twitter.com\/Synereo|@Synereo> <https:\/\/twitter.com\/Backfeed_cc|@Backfeed_cc> <https:\/\/twitter.com\/hiproj|@hiproj> and relevance to #regenerative <https:\/\/twitter.com\/responsiveorg|@responsiveorg>",
                "author_name": "Christina Bowen",
                "author_link": "https:\/\/twitter.com\/csageland\/status\/694203078669574144",
                "author_icon": "https:\/\/pbs.twimg.com\/profile_images\/554694258045644800\/l_PHidwx_normal.jpeg",
                "author_subname": "@csageland",
                "pretext": "<https:\/\/twitter.com\/csageland\/status\/694203078669574144>",
                "text": "<https:\/\/twitter.com\/gideonro|@gideonro> thx for the follow. I'm thinking =&gt; fun to chat <https:\/\/twitter.com\/Synereo|@Synereo> <https:\/\/twitter.com\/Backfeed_cc|@Backfeed_cc> <https:\/\/twitter.com\/hiproj|@hiproj> and relevance to #regenerative <https:\/\/twitter.com\/responsiveorg|@responsiveorg>",
                "service_name": "twitter",
                "service_url": "https:\/\/twitter.com\/",
                "id": 1
            }
        ],
        "type": "message",
        "subtype": "bot_message",
        "ts": "1454345886.000034"
    }
]