[
    {
        "bot_id": "B04FD5HLZ",
        "attachments": [
            {
                "fallback": "<https:\/\/twitter.com\/duganist|@duganist>: Market caps as of 1\/26\/16:\nOMNI - 1.6M\nTether USD - 1.4M (dollars outstanding on-blcokchain)\n<https:\/\/twitter.com\/Synereo|@Synereo> AMP - 2.5M\n<https:\/\/twitter.com\/maidsafe|@maidsafe> MAID - 8.4M",
                "author_name": "Patrick Dugan",
                "author_link": "https:\/\/twitter.com\/duganist\/status\/691987081237766145",
                "author_icon": "https:\/\/pbs.twimg.com\/profile_images\/657627510809755648\/elKLjbnw_normal.jpg",
                "author_subname": "@duganist",
                "pretext": "<https:\/\/twitter.com\/duganist\/status\/691987081237766145>",
                "text": "Market caps as of 1\/26\/16:\nOMNI - 1.6M\nTether USD - 1.4M (dollars outstanding on-blcokchain)\n<https:\/\/twitter.com\/Synereo|@Synereo> AMP - 2.5M\n<https:\/\/twitter.com\/maidsafe|@maidsafe> MAID - 8.4M",
                "service_name": "twitter",
                "service_url": "https:\/\/twitter.com\/",
                "id": 1
            }
        ],
        "type": "message",
        "subtype": "bot_message",
        "ts": "1453817551.000019"
    },
    {
        "bot_id": "B04FD5HLZ",
        "attachments": [
            {
                "fallback": "<https:\/\/twitter.com\/duganist|@duganist>: Market caps as of 1\/26\/16:\nOMNI - 1.6M\nTether USD - 1.4M (dollars outstanding on-blcokchain)\n<https:\/\/twitter.com\/Synereo|@Synereo> AMP - 2.5M\n<https:\/\/twitter.com\/maidsafe|@maidsafe> MAID - 8.4M",
                "author_name": "Patrick Dugan",
                "author_link": "https:\/\/twitter.com\/duganist\/status\/691987081237766145",
                "author_icon": "https:\/\/pbs.twimg.com\/profile_images\/657627510809755648\/elKLjbnw_normal.jpg",
                "author_subname": "@duganist",
                "pretext": "<https:\/\/twitter.com\/duganist\/status\/691987081237766145>",
                "text": "Market caps as of 1\/26\/16:\nOMNI - 1.6M\nTether USD - 1.4M (dollars outstanding on-blcokchain)\n<https:\/\/twitter.com\/Synereo|@Synereo> AMP - 2.5M\n<https:\/\/twitter.com\/maidsafe|@maidsafe> MAID - 8.4M",
                "service_name": "twitter",
                "service_url": "https:\/\/twitter.com\/",
                "id": 1,
                "footer": "Retweeted by <https:\/\/twitter.com\/Synereo\/status\/691987766972960768|@Synereo>"
            }
        ],
        "type": "message",
        "subtype": "bot_message",
        "ts": "1453817714.000020"
    },
    {
        "bot_id": "B04FD5HLZ",
        "attachments": [
            {
                "fallback": "<https:\/\/twitter.com\/kor3shan|@kor3shan>: Is Twitter doomed? <http:\/\/nzzl.us\/bJEWU2P> via <https:\/\/twitter.com\/nuzzel|@nuzzel> Here's to a new paradigm <https:\/\/twitter.com\/Synereo|@Synereo>",
                "author_name": "Dynamic_Mantra",
                "author_link": "https:\/\/twitter.com\/kor3shan\/status\/692099048627671042",
                "author_icon": "https:\/\/pbs.twimg.com\/profile_images\/677599940206555141\/jrDvhYcG_normal.jpg",
                "author_subname": "@kor3shan",
                "pretext": "<https:\/\/twitter.com\/kor3shan\/status\/692099048627671042>",
                "text": "Is Twitter doomed? <http:\/\/nzzl.us\/bJEWU2P> via <https:\/\/twitter.com\/nuzzel|@nuzzel> Here's to a new paradigm <https:\/\/twitter.com\/Synereo|@Synereo>",
                "service_name": "twitter",
                "service_url": "https:\/\/twitter.com\/",
                "id": 1
            }
        ],
        "type": "message",
        "subtype": "bot_message",
        "ts": "1453844246.000021"
    }
]