[
    {
        "bot_id": "B04FD5HLZ",
        "attachments": [
            {
                "fallback": "<https:\/\/twitter.com\/Synereo|@Synereo>: If you have a bunch of autonomous running contracts, you have to ask yourself \u201cWhere is the MERCY?\" <http:\/\/tinyurl.com\/nsjpxy5> <https:\/\/twitter.com\/Synereo|@Synereo>",
                "author_name": "Synereo",
                "author_link": "https:\/\/twitter.com\/Synereo\/status\/691651446098501632",
                "author_icon": "https:\/\/pbs.twimg.com\/profile_images\/522790259789025280\/FKRuSK66_normal.png",
                "author_subname": "@Synereo",
                "pretext": "<https:\/\/twitter.com\/Synereo\/status\/691651446098501632>",
                "text": "If you have a bunch of autonomous running contracts, you have to ask yourself \u201cWhere is the MERCY?\" <http:\/\/tinyurl.com\/nsjpxy5> <https:\/\/twitter.com\/Synereo|@Synereo>",
                "service_name": "twitter",
                "service_url": "https:\/\/twitter.com\/",
                "id": 1
            }
        ],
        "type": "message",
        "subtype": "bot_message",
        "ts": "1453737529.000005"
    },
    {
        "bot_id": "B04FD5HLZ",
        "attachments": [
            {
                "fallback": "<https:\/\/twitter.com\/Synereo|@Synereo>: If you have a bunch of autonomous running contracts, you have to ask yourself \u201cWhere is the MERCY?\" <http:\/\/tinyurl.com\/nsjpxy5>  <https:\/\/twitter.com\/adamhackbarth|@adamhackbarth>",
                "author_name": "Synereo",
                "author_link": "https:\/\/twitter.com\/Synereo\/status\/691651730996641793",
                "author_icon": "https:\/\/pbs.twimg.com\/profile_images\/522790259789025280\/FKRuSK66_normal.png",
                "author_subname": "@Synereo",
                "pretext": "<https:\/\/twitter.com\/Synereo\/status\/691651730996641793>",
                "text": "If you have a bunch of autonomous running contracts, you have to ask yourself \u201cWhere is the MERCY?\" <http:\/\/tinyurl.com\/nsjpxy5>  <https:\/\/twitter.com\/adamhackbarth|@adamhackbarth>",
                "service_name": "twitter",
                "service_url": "https:\/\/twitter.com\/",
                "id": 1
            }
        ],
        "type": "message",
        "subtype": "bot_message",
        "ts": "1453737597.000006"
    },
    {
        "bot_id": "B04FD5HLZ",
        "attachments": [
            {
                "fallback": "<https:\/\/twitter.com\/Synereo|@Synereo>: <https:\/\/twitter.com\/ingenesist|@ingenesist> What are we watching?",
                "author_name": "Synereo",
                "author_link": "https:\/\/twitter.com\/Synereo\/status\/691654313198931969",
                "author_icon": "https:\/\/pbs.twimg.com\/profile_images\/522790259789025280\/FKRuSK66_normal.png",
                "author_subname": "@Synereo",
                "pretext": "<https:\/\/twitter.com\/Synereo\/status\/691654313198931969>",
                "text": "<https:\/\/twitter.com\/ingenesist|@ingenesist> What are we watching?",
                "service_name": "twitter",
                "service_url": "https:\/\/twitter.com\/",
                "id": 1
            }
        ],
        "type": "message",
        "subtype": "bot_message",
        "ts": "1453738214.000007"
    },
    {
        "bot_id": "B04FD5HLZ",
        "attachments": [
            {
                "fallback": "<https:\/\/twitter.com\/adamhackbarth|@adamhackbarth>: <https:\/\/twitter.com\/Synereo|@Synereo> Huh?",
                "author_name": "Adam Hackbarth",
                "author_link": "https:\/\/twitter.com\/adamhackbarth\/status\/691661248430104576",
                "author_icon": "https:\/\/pbs.twimg.com\/profile_images\/681840543794597893\/mWoumADw_normal.jpg",
                "author_subname": "@adamhackbarth",
                "pretext": "<https:\/\/twitter.com\/adamhackbarth\/status\/691661248430104576>",
                "text": "<https:\/\/twitter.com\/Synereo|@Synereo> Huh?",
                "service_name": "twitter",
                "service_url": "https:\/\/twitter.com\/",
                "id": 1
            }
        ],
        "type": "message",
        "subtype": "bot_message",
        "ts": "1453739867.000008"
    },
    {
        "bot_id": "B04FD5HLZ",
        "attachments": [
            {
                "fallback": "<https:\/\/twitter.com\/prosodyContext|@prosodyContext>: (<https:\/\/twitter.com\/Chickee|@Chickee> You read so much. Now how can I organize to get your help reading. T \"problem\" with <https:\/\/twitter.com\/Synereo|@Synereo> is that they hve their own #currency.",
                "author_name": "prosody Ver Context(",
                "author_link": "https:\/\/twitter.com\/prosodyContext\/status\/691682241349550081",
                "author_icon": "https:\/\/pbs.twimg.com\/profile_images\/514524184915890176\/Pk5svUGK_normal.jpeg",
                "author_subname": "@prosodyContext",
                "pretext": "<https:\/\/twitter.com\/prosodyContext\/status\/691682241349550081>",
                "text": "(<https:\/\/twitter.com\/Chickee|@Chickee> You read so much. Now how can I organize to get your help reading. T \"problem\" with <https:\/\/twitter.com\/Synereo|@Synereo> is that they hve their own #currency.",
                "service_name": "twitter",
                "service_url": "https:\/\/twitter.com\/",
                "id": 1
            }
        ],
        "type": "message",
        "subtype": "bot_message",
        "ts": "1453744871.000009"
    },
    {
        "bot_id": "B04FD5HLZ",
        "attachments": [
            {
                "fallback": "<https:\/\/twitter.com\/prosodyContext|@prosodyContext>: (<https:\/\/twitter.com\/Chickee|@Chickee> <https:\/\/twitter.com\/Synereo|@Synereo> That's not a problem necessarily, but the reasons to add value to another currency are limited, &amp; could enrich them first",
                "author_name": "prosody Ver Context(",
                "author_link": "https:\/\/twitter.com\/prosodyContext\/status\/691682589309038593",
                "author_icon": "https:\/\/pbs.twimg.com\/profile_images\/514524184915890176\/Pk5svUGK_normal.jpeg",
                "author_subname": "@prosodyContext",
                "pretext": "<https:\/\/twitter.com\/prosodyContext\/status\/691682589309038593>",
                "text": "(<https:\/\/twitter.com\/Chickee|@Chickee> <https:\/\/twitter.com\/Synereo|@Synereo> That's not a problem necessarily, but the reasons to add value to another currency are limited, &amp; could enrich them first",
                "service_name": "twitter",
                "service_url": "https:\/\/twitter.com\/",
                "id": 1
            }
        ],
        "type": "message",
        "subtype": "bot_message",
        "ts": "1453744955.000010"
    },
    {
        "bot_id": "B04FD5HLZ",
        "attachments": [
            {
                "fallback": "<https:\/\/twitter.com\/Chickee|@Chickee>: <https:\/\/twitter.com\/prosodyContext|@prosodyContext> <https:\/\/twitter.com\/Synereo|@Synereo> it's okay if they have their own crypto currency, accept it all as money.",
                "author_name": "Natalie Chickee",
                "author_link": "https:\/\/twitter.com\/Chickee\/status\/691683204542001153",
                "author_icon": "https:\/\/pbs.twimg.com\/profile_images\/505228005694636032\/UA9Qv7Dy_normal.jpeg",
                "author_subname": "@Chickee",
                "pretext": "<https:\/\/twitter.com\/Chickee\/status\/691683204542001153>",
                "text": "<https:\/\/twitter.com\/prosodyContext|@prosodyContext> <https:\/\/twitter.com\/Synereo|@Synereo> it's okay if they have their own crypto currency, accept it all as money.",
                "service_name": "twitter",
                "service_url": "https:\/\/twitter.com\/",
                "id": 1
            }
        ],
        "type": "message",
        "subtype": "bot_message",
        "ts": "1453745101.000011"
    },
    {
        "bot_id": "B04FD5HLZ",
        "attachments": [
            {
                "fallback": "<https:\/\/twitter.com\/prosodyContext|@prosodyContext>: (<https:\/\/twitter.com\/Chickee|@Chickee> <https:\/\/twitter.com\/Synereo|@Synereo> Naturally <https:\/\/twitter.com\/Bitcoin|@Bitcoin> has a similar issue. Nobody knows who #Satoshi is, so if it's a pedophile they cold $b getting rich1st",
                "author_name": "prosody Ver Context(",
                "author_link": "https:\/\/twitter.com\/prosodyContext\/status\/691683290907070465",
                "author_icon": "https:\/\/pbs.twimg.com\/profile_images\/514524184915890176\/Pk5svUGK_normal.jpeg",
                "author_subname": "@prosodyContext",
                "pretext": "<https:\/\/twitter.com\/prosodyContext\/status\/691683290907070465>",
                "text": "(<https:\/\/twitter.com\/Chickee|@Chickee> <https:\/\/twitter.com\/Synereo|@Synereo> Naturally <https:\/\/twitter.com\/Bitcoin|@Bitcoin> has a similar issue. Nobody knows who #Satoshi is, so if it's a pedophile they cold $b getting rich1st",
                "service_name": "twitter",
                "service_url": "https:\/\/twitter.com\/",
                "id": 1
            }
        ],
        "type": "message",
        "subtype": "bot_message",
        "ts": "1453745122.000012"
    },
    {
        "bot_id": "B04FD5HLZ",
        "attachments": [
            {
                "fallback": "<https:\/\/twitter.com\/Chickee|@Chickee>: <https:\/\/twitter.com\/prosodyContext|@prosodyContext> <https:\/\/twitter.com\/Synereo|@Synereo> no i don't think it's like that...it's true the white pages is incredibly long, i'm not complete reading it myself.",
                "author_name": "Natalie Chickee",
                "author_link": "https:\/\/twitter.com\/Chickee\/status\/691684832846348288",
                "author_icon": "https:\/\/pbs.twimg.com\/profile_images\/505228005694636032\/UA9Qv7Dy_normal.jpeg",
                "author_subname": "@Chickee",
                "pretext": "<https:\/\/twitter.com\/Chickee\/status\/691684832846348288>",
                "text": "<https:\/\/twitter.com\/prosodyContext|@prosodyContext> <https:\/\/twitter.com\/Synereo|@Synereo> no i don't think it's like that...it's true the white pages is incredibly long, i'm not complete reading it myself.",
                "service_name": "twitter",
                "service_url": "https:\/\/twitter.com\/",
                "id": 1
            }
        ],
        "type": "message",
        "subtype": "bot_message",
        "ts": "1453745489.000013"
    },
    {
        "bot_id": "B04FD5HLZ",
        "attachments": [
            {
                "fallback": "<https:\/\/twitter.com\/Chickee|@Chickee>: <https:\/\/twitter.com\/prosodyContext|@prosodyContext> <https:\/\/twitter.com\/Synereo|@Synereo> why, it's all money.  adding value to another currency isn't limiting, it just means that you have another currency",
                "author_name": "Natalie Chickee",
                "author_link": "https:\/\/twitter.com\/Chickee\/status\/691685513841893376",
                "author_icon": "https:\/\/pbs.twimg.com\/profile_images\/505228005694636032\/UA9Qv7Dy_normal.jpeg",
                "author_subname": "@Chickee",
                "pretext": "<https:\/\/twitter.com\/Chickee\/status\/691685513841893376>",
                "text": "<https:\/\/twitter.com\/prosodyContext|@prosodyContext> <https:\/\/twitter.com\/Synereo|@Synereo> why, it's all money.  adding value to another currency isn't limiting, it just means that you have another currency",
                "service_name": "twitter",
                "service_url": "https:\/\/twitter.com\/",
                "id": 1
            }
        ],
        "type": "message",
        "subtype": "bot_message",
        "ts": "1453745652.000014"
    },
    {
        "bot_id": "B04FD5HLZ",
        "attachments": [
            {
                "fallback": "<https:\/\/twitter.com\/prosodyContext|@prosodyContext>: (<https:\/\/twitter.com\/Chickee|@Chickee> <https:\/\/twitter.com\/Synereo|@Synereo> It is fine to have alterative currencies. I wold need to research how much they own for themselves b4 public release. etc",
                "author_name": "prosody Ver Context(",
                "author_link": "https:\/\/twitter.com\/prosodyContext\/status\/691688185785614338",
                "author_icon": "https:\/\/pbs.twimg.com\/profile_images\/514524184915890176\/Pk5svUGK_normal.jpeg",
                "author_subname": "@prosodyContext",
                "pretext": "<https:\/\/twitter.com\/prosodyContext\/status\/691688185785614338>",
                "text": "(<https:\/\/twitter.com\/Chickee|@Chickee> <https:\/\/twitter.com\/Synereo|@Synereo> It is fine to have alterative currencies. I wold need to research how much they own for themselves b4 public release. etc",
                "service_name": "twitter",
                "service_url": "https:\/\/twitter.com\/",
                "id": 1
            }
        ],
        "type": "message",
        "subtype": "bot_message",
        "ts": "1453746289.000015"
    },
    {
        "bot_id": "B04FD5HLZ",
        "attachments": [
            {
                "fallback": "<https:\/\/twitter.com\/ingenesist|@ingenesist>: <https:\/\/twitter.com\/Synereo|@Synereo> pls watch this <https:\/\/youtu.be\/m_-JkUI5ATE> consider POS\/DPOS <https:\/\/twitter.com\/dlevy2013|@dlevy2013>",
                "author_name": "ingenesist",
                "author_link": "https:\/\/twitter.com\/ingenesist\/status\/691714642041671682",
                "author_icon": "https:\/\/pbs.twimg.com\/profile_images\/581187907496460288\/AGpJLYk0_normal.png",
                "author_subname": "@ingenesist",
                "pretext": "<https:\/\/twitter.com\/ingenesist\/status\/691714642041671682>",
                "text": "<https:\/\/twitter.com\/Synereo|@Synereo> pls watch this <https:\/\/youtu.be\/m_-JkUI5ATE> consider POS\/DPOS <https:\/\/twitter.com\/dlevy2013|@dlevy2013>",
                "service_name": "twitter",
                "service_url": "https:\/\/twitter.com\/",
                "id": 1
            }
        ],
        "type": "message",
        "subtype": "bot_message",
        "ts": "1453752597.000016"
    },
    {
        "bot_id": "B04FD5HLZ",
        "attachments": [
            {
                "fallback": "<https:\/\/twitter.com\/Synereo|@Synereo>: <https:\/\/twitter.com\/prosodyContext|@prosodyContext> <https:\/\/twitter.com\/Chickee|@Chickee> This information is available here:\n<https:\/\/bitcointalk.org\/index.php?topic=995987>. We're fully transparent about the public wallets.",
                "author_name": "Synereo",
                "author_link": "https:\/\/twitter.com\/Synereo\/status\/691717832262971393",
                "author_icon": "https:\/\/pbs.twimg.com\/profile_images\/522790259789025280\/FKRuSK66_normal.png",
                "author_subname": "@Synereo",
                "pretext": "<https:\/\/twitter.com\/Synereo\/status\/691717832262971393>",
                "text": "<https:\/\/twitter.com\/prosodyContext|@prosodyContext> <https:\/\/twitter.com\/Chickee|@Chickee> This information is available here:\n<https:\/\/bitcointalk.org\/index.php?topic=995987>. We're fully transparent about the public wallets.",
                "service_name": "twitter",
                "service_url": "https:\/\/twitter.com\/",
                "id": 1
            }
        ],
        "type": "message",
        "subtype": "bot_message",
        "ts": "1453753357.000017"
    },
    {
        "bot_id": "B04FD5HLZ",
        "attachments": [
            {
                "fallback": "<https:\/\/twitter.com\/Synereo|@Synereo>: <https:\/\/twitter.com\/prosodyContext|@prosodyContext> <https:\/\/twitter.com\/Chickee|@Chickee> You can see why we chose to issue a new token here: <http:\/\/cointelegraph.com\/news\/dor-konforty-synereo-is-the-natural-next-step-after-facebook> <https:\/\/twitter.com\/Synereo|@Synereo>",
                "author_name": "Synereo",
                "author_link": "https:\/\/twitter.com\/Synereo\/status\/691718175990386689",
                "author_icon": "https:\/\/pbs.twimg.com\/profile_images\/522790259789025280\/FKRuSK66_normal.png",
                "author_subname": "@Synereo",
                "pretext": "<https:\/\/twitter.com\/Synereo\/status\/691718175990386689>",
                "text": "<https:\/\/twitter.com\/prosodyContext|@prosodyContext> <https:\/\/twitter.com\/Chickee|@Chickee> You can see why we chose to issue a new token here: <http:\/\/cointelegraph.com\/news\/dor-konforty-synereo-is-the-natural-next-step-after-facebook> <https:\/\/twitter.com\/Synereo|@Synereo>",
                "service_name": "twitter",
                "service_url": "https:\/\/twitter.com\/",
                "id": 1
            }
        ],
        "type": "message",
        "subtype": "bot_message",
        "ts": "1453753439.000018"
    }
]