[
    {
        "bot_id": "B04FD5HLZ",
        "attachments": [
            {
                "fallback": "<https:\/\/twitter.com\/lapin7|@lapin7>: App Plutus will finally solve #bitcoin acceptance problem. <https:\/\/twitter.com\/PlutusIT|@PlutusIT> <https:\/\/twitter.com\/BTCBoulevard|@BTCBoulevard> <https:\/\/twitter.com\/Synereo|@Synereo>",
                "author_name": "HJ",
                "author_link": "https:\/\/twitter.com\/lapin7\/status\/705311393285857280",
                "author_icon": "https:\/\/pbs.twimg.com\/profile_images\/694808300643340288\/0CVY8LDX_normal.png",
                "author_subname": "@lapin7",
                "pretext": "<https:\/\/twitter.com\/lapin7\/status\/705311393285857280>",
                "text": "App Plutus will finally solve #bitcoin acceptance problem. <https:\/\/twitter.com\/PlutusIT|@PlutusIT> <https:\/\/twitter.com\/BTCBoulevard|@BTCBoulevard> <https:\/\/twitter.com\/Synereo|@Synereo>",
                "service_name": "twitter",
                "service_url": "https:\/\/twitter.com\/",
                "id": 1
            }
        ],
        "type": "message",
        "subtype": "bot_message",
        "ts": "1456994314.000057"
    },
    {
        "bot_id": "B04FD5HLZ",
        "attachments": [
            {
                "fallback": "<https:\/\/twitter.com\/ChamberDigital|@ChamberDigital>: Thank you to our sponsor <https:\/\/twitter.com\/Synereo|@Synereo> for providing a live feed of the DC Blockchain Summit <http:\/\/www.twitch.tv\/dcblockchainsummit>",
                "author_name": "DIGITAL CHAMBER",
                "author_link": "https:\/\/twitter.com\/ChamberDigital\/status\/705382157741588480",
                "author_icon": "https:\/\/pbs.twimg.com\/profile_images\/631182278639513600\/-mmDmWX9_normal.png",
                "author_subname": "@ChamberDigital",
                "pretext": "<https:\/\/twitter.com\/ChamberDigital\/status\/705382157741588480>",
                "text": "Thank you to our sponsor <https:\/\/twitter.com\/Synereo|@Synereo> for providing a live feed of the DC Blockchain Summit <http:\/\/www.twitch.tv\/dcblockchainsummit>",
                "service_name": "twitter",
                "service_url": "https:\/\/twitter.com\/",
                "id": 1
            }
        ],
        "type": "message",
        "subtype": "bot_message",
        "ts": "1457011186.000058"
    },
    {
        "bot_id": "B04FD5HLZ",
        "attachments": [
            {
                "fallback": "<https:\/\/twitter.com\/ChamberDigital|@ChamberDigital>: Thank you to our sponsor <https:\/\/twitter.com\/Synereo|@Synereo> for providing a live feed of the DC Blockchain Summit <http:\/\/www.twitch.tv\/dcblockchainsummit>",
                "author_name": "DIGITAL CHAMBER",
                "author_link": "https:\/\/twitter.com\/ChamberDigital\/status\/705382157741588480",
                "author_icon": "https:\/\/pbs.twimg.com\/profile_images\/631182278639513600\/-mmDmWX9_normal.png",
                "author_subname": "@ChamberDigital",
                "pretext": "<https:\/\/twitter.com\/ChamberDigital\/status\/705382157741588480>",
                "text": "Thank you to our sponsor <https:\/\/twitter.com\/Synereo|@Synereo> for providing a live feed of the DC Blockchain Summit <http:\/\/www.twitch.tv\/dcblockchainsummit>",
                "service_name": "twitter",
                "service_url": "https:\/\/twitter.com\/",
                "id": 1,
                "footer": "Retweeted by <https:\/\/twitter.com\/Synereo\/status\/705382417218080769|@Synereo>"
            }
        ],
        "type": "message",
        "subtype": "bot_message",
        "ts": "1457011248.000059"
    },
    {
        "bot_id": "B04FD5HLZ",
        "attachments": [
            {
                "fallback": "<https:\/\/twitter.com\/FreeTrustOrg|@FreeTrustOrg>: <https:\/\/twitter.com\/Synereo|@Synereo> soc media presents DC Blockchain Summit 2016 #blockchain #bitcoin #dcblockchainsummit\n live <http:\/\/www.twitch.tv\/dcblockchainsummit> <https:\/\/twitter.com\/provensecure|@provensecure>",
                "author_name": "FreeTrust",
                "author_link": "https:\/\/twitter.com\/FreeTrustOrg\/status\/705384095954685952",
                "author_icon": "https:\/\/pbs.twimg.com\/profile_images\/606532062502391808\/mEJmLI_G_normal.png",
                "author_subname": "@FreeTrustOrg",
                "pretext": "<https:\/\/twitter.com\/FreeTrustOrg\/status\/705384095954685952>",
                "text": "<https:\/\/twitter.com\/Synereo|@Synereo> soc media presents DC Blockchain Summit 2016 #blockchain #bitcoin #dcblockchainsummit\n live <http:\/\/www.twitch.tv\/dcblockchainsummit> <https:\/\/twitter.com\/provensecure|@provensecure>",
                "service_name": "twitter",
                "service_url": "https:\/\/twitter.com\/",
                "id": 1
            }
        ],
        "type": "message",
        "subtype": "bot_message",
        "ts": "1457011648.000060"
    },
    {
        "bot_id": "B04FD5HLZ",
        "attachments": [
            {
                "fallback": "<https:\/\/twitter.com\/Synereo|@Synereo>: Synereo is live streaming from the DC Blockchain Summit! Meet Christian, <https:\/\/twitter.com\/Synereo|@Synereo>'s Ambassador. He's there all day. <https:\/\/pbs.twimg.com\/media\/CcoH4uZWAAAHdf_.jpg>",
                "author_name": "Synereo",
                "author_link": "https:\/\/twitter.com\/Synereo\/status\/705384964385345540",
                "author_icon": "https:\/\/pbs.twimg.com\/profile_images\/522790259789025280\/FKRuSK66_normal.png",
                "author_subname": "@Synereo",
                "pretext": "<https:\/\/twitter.com\/Synereo\/status\/705384964385345540>",
                "text": "Synereo is live streaming from the DC Blockchain Summit! Meet Christian, <https:\/\/twitter.com\/Synereo|@Synereo>'s Ambassador. He's there all day. <https:\/\/pbs.twimg.com\/media\/CcoH4uZWAAAHdf_.jpg>",
                "service_name": "twitter",
                "service_url": "https:\/\/twitter.com\/",
                "image_url": "https:\/\/pbs.twimg.com\/media\/CcoH4uZWAAAHdf_.jpg",
                "image_width": 600,
                "image_height": 594,
                "image_bytes": 50431,
                "id": 1
            }
        ],
        "type": "message",
        "subtype": "bot_message",
        "ts": "1457011856.000061",
        "reactions": [
            {
                "name": "+1",
                "users": [
                    "U04BQ4FMC"
                ],
                "count": 1
            }
        ]
    },
    {
        "bot_id": "B04FD5HLZ",
        "attachments": [
            {
                "fallback": "<https:\/\/twitter.com\/SynereoTwitch|@SynereoTwitch>: <https:\/\/twitter.com\/dtapscott|@dtapscott> <http:\/\/www.twitch.tv\/dcblockchainsummit> live stream provided by <https:\/\/twitter.com\/Synereo|@Synereo>",
                "author_name": "christian peirson",
                "author_link": "https:\/\/twitter.com\/SynereoTwitch\/status\/705398449001394177",
                "author_icon": "https:\/\/pbs.twimg.com\/profile_images\/705398025418633216\/DzLEeTaZ_normal.jpg",
                "author_subname": "@SynereoTwitch",
                "pretext": "<https:\/\/twitter.com\/SynereoTwitch\/status\/705398449001394177>",
                "text": "<https:\/\/twitter.com\/dtapscott|@dtapscott> <http:\/\/www.twitch.tv\/dcblockchainsummit> live stream provided by <https:\/\/twitter.com\/Synereo|@Synereo>",
                "service_name": "twitter",
                "service_url": "https:\/\/twitter.com\/",
                "id": 1
            }
        ],
        "type": "message",
        "subtype": "bot_message",
        "ts": "1457015070.000062"
    },
    {
        "bot_id": "B04FD5HLZ",
        "attachments": [
            {
                "fallback": "<https:\/\/twitter.com\/jimscarver|@jimscarver>: Thanks <https:\/\/twitter.com\/SynereoTwitch|@SynereoTwitch> <https:\/\/twitter.com\/dtapscott|@dtapscott> <https:\/\/twitter.com\/Synereo|@Synereo> for providing #dcblockchainsummit live! Loving it!",
                "author_name": "jimscarver",
                "author_link": "https:\/\/twitter.com\/jimscarver\/status\/705404241867833344",
                "author_icon": "https:\/\/pbs.twimg.com\/profile_images\/595050198033895425\/NgPmOdj6_normal.png",
                "author_subname": "@jimscarver",
                "pretext": "<https:\/\/twitter.com\/jimscarver\/status\/705404241867833344>",
                "text": "Thanks <https:\/\/twitter.com\/SynereoTwitch|@SynereoTwitch> <https:\/\/twitter.com\/dtapscott|@dtapscott> <https:\/\/twitter.com\/Synereo|@Synereo> for providing #dcblockchainsummit live! Loving it!",
                "service_name": "twitter",
                "service_url": "https:\/\/twitter.com\/",
                "id": 1
            }
        ],
        "type": "message",
        "subtype": "bot_message",
        "ts": "1457016451.000063"
    },
    {
        "bot_id": "B04FD5HLZ",
        "attachments": [
            {
                "fallback": "<https:\/\/twitter.com\/SynereoTwitch|@SynereoTwitch>: <https:\/\/twitter.com\/SharonNLaws|@SharonNLaws> <https:\/\/twitter.com\/SymbiontIO|@SymbiontIO> <https:\/\/twitter.com\/VitalikButerin|@VitalikButerin> <https:\/\/twitter.com\/JerryCuomo|@JerryCuomo> <https:\/\/twitter.com\/jgarzik|@jgarzik> <https:\/\/twitter.com\/yorkerhodes|@yorkerhodes> livstream provided by <https:\/\/twitter.com\/Synereo|@Synereo> <http:\/\/www.Twitch.tv\/dcblockchainsummit>",
                "author_name": "christian peirson",
                "author_link": "https:\/\/twitter.com\/SynereoTwitch\/status\/705412896239521792",
                "author_icon": "https:\/\/pbs.twimg.com\/profile_images\/705398025418633216\/DzLEeTaZ_normal.jpg",
                "author_subname": "@SynereoTwitch",
                "pretext": "<https:\/\/twitter.com\/SynereoTwitch\/status\/705412896239521792>",
                "text": "<https:\/\/twitter.com\/SharonNLaws|@SharonNLaws> <https:\/\/twitter.com\/SymbiontIO|@SymbiontIO> <https:\/\/twitter.com\/VitalikButerin|@VitalikButerin> <https:\/\/twitter.com\/JerryCuomo|@JerryCuomo> <https:\/\/twitter.com\/jgarzik|@jgarzik> <https:\/\/twitter.com\/yorkerhodes|@yorkerhodes> livstream provided by <https:\/\/twitter.com\/Synereo|@Synereo> <http:\/\/www.Twitch.tv\/dcblockchainsummit>",
                "service_name": "twitter",
                "service_url": "https:\/\/twitter.com\/",
                "id": 1
            }
        ],
        "type": "message",
        "subtype": "bot_message",
        "ts": "1457018515.000064"
    },
    {
        "bot_id": "B04FD5HLZ",
        "attachments": [
            {
                "fallback": "<https:\/\/twitter.com\/SynereoTwitch|@SynereoTwitch>: <https:\/\/twitter.com\/jimscarver|@jimscarver> <https:\/\/twitter.com\/dtapscott|@dtapscott> <https:\/\/twitter.com\/Synereo|@Synereo> <http:\/\/www.twitch.tv\/dcblockchainsummit>",
                "author_name": "christian peirson",
                "author_link": "https:\/\/twitter.com\/SynereoTwitch\/status\/705413174825193472",
                "author_icon": "https:\/\/pbs.twimg.com\/profile_images\/705398025418633216\/DzLEeTaZ_normal.jpg",
                "author_subname": "@SynereoTwitch",
                "pretext": "<https:\/\/twitter.com\/SynereoTwitch\/status\/705413174825193472>",
                "text": "<https:\/\/twitter.com\/jimscarver|@jimscarver> <https:\/\/twitter.com\/dtapscott|@dtapscott> <https:\/\/twitter.com\/Synereo|@Synereo> <http:\/\/www.twitch.tv\/dcblockchainsummit>",
                "service_name": "twitter",
                "service_url": "https:\/\/twitter.com\/",
                "id": 1
            }
        ],
        "type": "message",
        "subtype": "bot_message",
        "ts": "1457018582.000065"
    },
    {
        "bot_id": "B04FD5HLZ",
        "attachments": [
            {
                "fallback": "<https:\/\/twitter.com\/SynereoTwitch|@SynereoTwitch>: <https:\/\/twitter.com\/MarcHochstein|@MarcHochstein> <https:\/\/twitter.com\/Citi|@Citi> <https:\/\/twitter.com\/USAA|@USAA> <https:\/\/twitter.com\/NASDAQ|@NASDAQ> are at <http:\/\/www.twitch.tv\/dcblockchainsummit> Livestream provided by <https:\/\/twitter.com\/Synereo|@Synereo>",
                "author_name": "christian peirson",
                "author_link": "https:\/\/twitter.com\/SynereoTwitch\/status\/705469366452805632",
                "author_icon": "https:\/\/pbs.twimg.com\/profile_images\/705398025418633216\/DzLEeTaZ_normal.jpg",
                "author_subname": "@SynereoTwitch",
                "pretext": "<https:\/\/twitter.com\/SynereoTwitch\/status\/705469366452805632>",
                "text": "<https:\/\/twitter.com\/MarcHochstein|@MarcHochstein> <https:\/\/twitter.com\/Citi|@Citi> <https:\/\/twitter.com\/USAA|@USAA> <https:\/\/twitter.com\/NASDAQ|@NASDAQ> are at <http:\/\/www.twitch.tv\/dcblockchainsummit> Livestream provided by <https:\/\/twitter.com\/Synereo|@Synereo>",
                "service_name": "twitter",
                "service_url": "https:\/\/twitter.com\/",
                "id": 1
            }
        ],
        "type": "message",
        "subtype": "bot_message",
        "ts": "1457031978.000066"
    },
    {
        "bot_id": "B04FD5HLZ",
        "attachments": [
            {
                "fallback": "<https:\/\/twitter.com\/SynereoTwitch|@SynereoTwitch>: <https:\/\/twitter.com\/BrianForde|@BrianForde> <https:\/\/twitter.com\/NetkiCorp|@NetkiCorp> <https:\/\/twitter.com\/CarolVanCleef|@CarolVanCleef> <https:\/\/twitter.com\/spair|@spair> <https:\/\/twitter.com\/BuckleySandler|@BuckleySandler> <https:\/\/twitter.com\/FTC|@FTC> Livestream on <http:\/\/www.twitch.tv\/dcblockchainsummit> brought to you by <https:\/\/twitter.com\/Synereo|@Synereo>",
                "author_name": "christian peirson",
                "author_link": "https:\/\/twitter.com\/SynereoTwitch\/status\/705475943293394944",
                "author_icon": "https:\/\/pbs.twimg.com\/profile_images\/705398025418633216\/DzLEeTaZ_normal.jpg",
                "author_subname": "@SynereoTwitch",
                "pretext": "<https:\/\/twitter.com\/SynereoTwitch\/status\/705475943293394944>",
                "text": "<https:\/\/twitter.com\/BrianForde|@BrianForde> <https:\/\/twitter.com\/NetkiCorp|@NetkiCorp> <https:\/\/twitter.com\/CarolVanCleef|@CarolVanCleef> <https:\/\/twitter.com\/spair|@spair> <https:\/\/twitter.com\/BuckleySandler|@BuckleySandler> <https:\/\/twitter.com\/FTC|@FTC> Livestream on <http:\/\/www.twitch.tv\/dcblockchainsummit> brought to you by <https:\/\/twitter.com\/Synereo|@Synereo>",
                "service_name": "twitter",
                "service_url": "https:\/\/twitter.com\/",
                "id": 1
            }
        ],
        "type": "message",
        "subtype": "bot_message",
        "ts": "1457033546.000067"
    },
    {
        "bot_id": "B04FD5HLZ",
        "attachments": [
            {
                "fallback": "<https:\/\/twitter.com\/SynereoTwitch|@SynereoTwitch>: <https:\/\/twitter.com\/BKBrianKelly|@BKBrianKelly> <https:\/\/twitter.com\/MatthewRoszak|@MatthewRoszak> <https:\/\/twitter.com\/PwC_LLP|@PwC&lowbar;LLP> <https:\/\/twitter.com\/jdrive|@jdrive> <https:\/\/twitter.com\/kncminer|@kncminer> <https:\/\/twitter.com\/BlockChainSmith|@BlockChainSmith> Livestream by provided by <https:\/\/twitter.com\/Synereo|@Synereo> <https:\/\/pbs.twimg.com\/media\/Ccptu0wVIAAyShj.jpg>",
                "author_name": "christian peirson",
                "author_link": "https:\/\/twitter.com\/SynereoTwitch\/status\/705496964352311297",
                "author_icon": "https:\/\/pbs.twimg.com\/profile_images\/705398025418633216\/DzLEeTaZ_normal.jpg",
                "author_subname": "@SynereoTwitch",
                "pretext": "<https:\/\/twitter.com\/SynereoTwitch\/status\/705496964352311297>",
                "text": "<https:\/\/twitter.com\/BKBrianKelly|@BKBrianKelly> <https:\/\/twitter.com\/MatthewRoszak|@MatthewRoszak> <https:\/\/twitter.com\/PwC_LLP|@PwC&lowbar;LLP> <https:\/\/twitter.com\/jdrive|@jdrive> <https:\/\/twitter.com\/kncminer|@kncminer> <https:\/\/twitter.com\/BlockChainSmith|@BlockChainSmith> Livestream by provided by <https:\/\/twitter.com\/Synereo|@Synereo> <https:\/\/pbs.twimg.com\/media\/Ccptu0wVIAAyShj.jpg>",
                "service_name": "twitter",
                "service_url": "https:\/\/twitter.com\/",
                "image_url": "https:\/\/pbs.twimg.com\/media\/Ccptu0wVIAAyShj.jpg",
                "image_width": 600,
                "image_height": 450,
                "image_bytes": 55891,
                "id": 1
            }
        ],
        "type": "message",
        "subtype": "bot_message",
        "ts": "1457038559.000068"
    },
    {
        "bot_id": "B04FD5HLZ",
        "attachments": [
            {
                "fallback": "<https:\/\/twitter.com\/dtapscott|@dtapscott>: <https:\/\/twitter.com\/jimscarver|@jimscarver> <https:\/\/twitter.com\/SynereoTwitch|@SynereoTwitch> <https:\/\/twitter.com\/Synereo|@Synereo> Glad you're enjoying it!",
                "author_name": "Don Tapscott",
                "author_link": "https:\/\/twitter.com\/dtapscott\/status\/705503009313202176",
                "author_icon": "https:\/\/pbs.twimg.com\/profile_images\/540087087026806784\/AR6gxlbP_normal.jpeg",
                "author_subname": "@dtapscott",
                "pretext": "<https:\/\/twitter.com\/dtapscott\/status\/705503009313202176>",
                "text": "<https:\/\/twitter.com\/jimscarver|@jimscarver> <https:\/\/twitter.com\/SynereoTwitch|@SynereoTwitch> <https:\/\/twitter.com\/Synereo|@Synereo> Glad you're enjoying it!",
                "service_name": "twitter",
                "service_url": "https:\/\/twitter.com\/",
                "id": 1
            }
        ],
        "type": "message",
        "subtype": "bot_message",
        "ts": "1457039999.000069"
    },
    {
        "username": "IFTTT",
        "icons": {
            "image_36": "https:\/\/slack.global.ssl.fastly.net\/66f9\/img\/services\/ifttt_36.png",
            "image_48": "https:\/\/slack.global.ssl.fastly.net\/66f9\/img\/services\/ifttt_48.png",
            "image_72": "https:\/\/slack.global.ssl.fastly.net\/66f9\/img\/services\/ifttt_72.png"
        },
        "attachments": [
            {
                "pretext": "Can someone ELI50 WTF Synereo is supposed to be and what the point is. via \/r\/Synereo <http:\/\/ift.tt\/21HNFmk>",
                "service_name": "reddit",
                "title": "Can someone ELI50 WTF Synereo is supposed to be and what the point is. \u2022 \/r\/Synereo",
                "title_link": "http:\/\/ift.tt\/21HNFmk",
                "text": "According to the attention it appears to be getting it seems like it may be important. I have visited the (horrible) website. watched the acid...",
                "fallback": "Can someone ELI50 WTF Synereo is supposed to be and what the point is. via \/r\/Synereo <http:\/\/ift.tt\/21HNFmk>",
                "thumb_url": "https:\/\/www.redditstatic.com\/icon.png",
                "from_url": "http:\/\/ift.tt\/21HNFmk",
                "thumb_width": 256,
                "thumb_height": 256,
                "id": 1,
                "mrkdwn_in": [
                    "text",
                    "pretext"
                ]
            }
        ],
        "mrkdwn": true,
        "type": "message",
        "subtype": "bot_message",
        "ts": "1457043938.000070"
    },
    {
        "username": "IFTTT",
        "icons": {
            "image_36": "https:\/\/slack.global.ssl.fastly.net\/66f9\/img\/services\/ifttt_36.png",
            "image_48": "https:\/\/slack.global.ssl.fastly.net\/66f9\/img\/services\/ifttt_48.png",
            "image_72": "https:\/\/slack.global.ssl.fastly.net\/66f9\/img\/services\/ifttt_72.png"
        },
        "attachments": [
            {
                "pretext": "Can someone ELI50 WTF Synereo is supposed to be and what the point is. via \/r\/Synereo <http:\/\/ift.tt\/21HNFmk>",
                "service_name": "reddit",
                "title": "Can someone ELI50 WTF Synereo is supposed to be and what the point is. \u2022 \/r\/Synereo",
                "title_link": "http:\/\/ift.tt\/21HNFmk",
                "text": "According to the attention it appears to be getting it seems like it may be important. I have visited the (horrible) website. watched the acid...",
                "fallback": "Can someone ELI50 WTF Synereo is supposed to be and what the point is. via \/r\/Synereo <http:\/\/ift.tt\/21HNFmk>",
                "thumb_url": "https:\/\/www.redditstatic.com\/icon.png",
                "from_url": "http:\/\/ift.tt\/21HNFmk",
                "thumb_width": 256,
                "thumb_height": 256,
                "id": 1,
                "mrkdwn_in": [
                    "text",
                    "pretext"
                ]
            }
        ],
        "mrkdwn": true,
        "type": "message",
        "subtype": "bot_message",
        "ts": "1457043938.000071"
    },
    {
        "user": "U048T3M8W",
        "topic": "Synereo news + Feed from Reddit",
        "type": "message",
        "subtype": "channel_topic",
        "text": "<@U048T3M8W|lapin7> set the channel topic: Synereo news + Feed from Reddit",
        "ts": "1457073397.000072"
    },
    {
        "user": "U048T3M8W",
        "topic": "Feed from Reddit, Twitter",
        "type": "message",
        "subtype": "channel_topic",
        "text": "<@U048T3M8W|lapin7> set the channel topic: Feed from Reddit, Twitter",
        "ts": "1457073425.000073"
    }
]