[
    {
        "bot_id": "B04FD5HLZ",
        "attachments": [
            {
                "fallback": "<https:\/\/twitter.com\/Backfeed_cc|@Backfeed&lowbar;cc>: <https:\/\/twitter.com\/matslats|@matslats> <https:\/\/twitter.com\/Synereo|@Synereo> \nThere are various versions out there. Currently working on\n<http:\/\/magazine.backfeed.cc\/faq\/>\nPM us for the big picture :)",
                "author_name": "BACKFEED",
                "author_link": "https:\/\/twitter.com\/Backfeed_cc\/status\/703147101018939392",
                "author_icon": "https:\/\/pbs.twimg.com\/profile_images\/689851753395781632\/VBSYHrJY_normal.jpg",
                "author_subname": "@Backfeed_cc",
                "pretext": "<https:\/\/twitter.com\/Backfeed_cc\/status\/703147101018939392>",
                "text": "<https:\/\/twitter.com\/matslats|@matslats> <https:\/\/twitter.com\/Synereo|@Synereo> \nThere are various versions out there. Currently working on\n<http:\/\/magazine.backfeed.cc\/faq\/>\nPM us for the big picture :)",
                "service_name": "twitter",
                "service_url": "https:\/\/twitter.com\/",
                "id": 1
            }
        ],
        "type": "message",
        "subtype": "bot_message",
        "ts": "1456478307.000049"
    },
    {
        "bot_id": "B04FD5HLZ",
        "attachments": [
            {
                "fallback": "<https:\/\/twitter.com\/FreeTrustOrg|@FreeTrustOrg>: <https:\/\/twitter.com\/Synereo|@Synereo> Gamification Design Proposal version 0.1 <https:\/\/youtu.be\/1Pzl6GVMi0Q>",
                "author_name": "FreeTrust",
                "author_link": "https:\/\/twitter.com\/FreeTrustOrg\/status\/703327822052499456",
                "author_icon": "https:\/\/pbs.twimg.com\/profile_images\/606532062502391808\/mEJmLI_G_normal.png",
                "author_subname": "@FreeTrustOrg",
                "pretext": "<https:\/\/twitter.com\/FreeTrustOrg\/status\/703327822052499456>",
                "text": "<https:\/\/twitter.com\/Synereo|@Synereo> Gamification Design Proposal version 0.1 <https:\/\/youtu.be\/1Pzl6GVMi0Q>",
                "service_name": "twitter",
                "service_url": "https:\/\/twitter.com\/",
                "id": 1
            }
        ],
        "type": "message",
        "subtype": "bot_message",
        "ts": "1456521395.000050"
    }
]