[
    {
        "bot_id": "B04FD5HLZ",
        "attachments": [
            {
                "fallback": "<https:\/\/twitter.com\/MaisOuVaLeWeb|@MaisOuVaLeWeb>: <https:\/\/twitter.com\/Synereo|@Synereo> Simple question : how do I sign up &amp; log in ? #Blockchain",
                "author_name": "Mais o\u00f9 va le Web",
                "author_link": "https:\/\/twitter.com\/MaisOuVaLeWeb\/status\/706821090828533760",
                "author_icon": "https:\/\/pbs.twimg.com\/profile_images\/684092553130602496\/xepd0xz8_normal.png",
                "author_subname": "@MaisOuVaLeWeb",
                "pretext": "<https:\/\/twitter.com\/MaisOuVaLeWeb\/status\/706821090828533760>",
                "text": "<https:\/\/twitter.com\/Synereo|@Synereo> Simple question : how do I sign up &amp; log in ? #Blockchain",
                "service_name": "twitter",
                "service_url": "https:\/\/twitter.com\/",
                "id": 1
            }
        ],
        "type": "message",
        "subtype": "bot_message",
        "ts": "1457354254.000091"
    },
    {
        "username": "IFTTT",
        "icons": {
            "image_36": "https:\/\/slack.global.ssl.fastly.net\/66f9\/img\/services\/ifttt_36.png",
            "image_48": "https:\/\/slack.global.ssl.fastly.net\/66f9\/img\/services\/ifttt_48.png",
            "image_72": "https:\/\/slack.global.ssl.fastly.net\/66f9\/img\/services\/ifttt_72.png"
        },
        "attachments": [
            {
                "pretext": "Ethereum and all these new blockchains via \/r\/ethtrader <http:\/\/ift.tt\/21SyqXY>",
                "service_name": "reddit",
                "title": "Ethereum and all these new blockchains \u2022 \/r\/ethtrader",
                "title_link": "http:\/\/ift.tt\/21SyqXY",
                "text": "I apologize in advance if this isn't the right subreddit for this sort of discussion, but it seems like a good topic for traders, too. I've been...",
                "fallback": "Ethereum and all these new blockchains via \/r\/ethtrader <http:\/\/ift.tt\/21SyqXY>",
                "thumb_url": "https:\/\/www.redditstatic.com\/icon.png",
                "from_url": "http:\/\/ift.tt\/21SyqXY",
                "thumb_width": 256,
                "thumb_height": 256,
                "id": 1,
                "mrkdwn_in": [
                    "text",
                    "pretext"
                ]
            }
        ],
        "mrkdwn": true,
        "type": "message",
        "subtype": "bot_message",
        "ts": "1457364482.000092"
    },
    {
        "type": "message",
        "user": "U048X85UT",
        "text": "my reply <https:\/\/www.reddit.com\/r\/ethtrader\/comments\/49d0ph\/ethereum_and_all_these_new_blockchains\/d0qx13u>",
        "edited": {
            "user": "U048X85UT",
            "ts": "1457372164.000000"
        },
        "ts": "1457370753.000093"
    },
    {
        "type": "message",
        "user": "U048X85UT",
        "text": "oops \"It looks like you are posting from a brand new account. To comment in \/r\/ethtrader, your account must be at least a week old and have 12 comment Karma. Please use your regular reddit account to be able to post here.\"",
        "ts": "1457370859.000095"
    },
    {
        "type": "message",
        "user": "U048X85UT",
        "text": "i got approved :simple_smile:",
        "ts": "1457372117.000096",
        "reactions": [
            {
                "name": "+1",
                "users": [
                    "U0474E4KZ",
                    "U048T3M8W"
                ],
                "count": 2
            }
        ]
    },
    {
        "bot_id": "B04FD5HLZ",
        "attachments": [
            {
                "fallback": "<https:\/\/twitter.com\/lapin7|@lapin7>: <https:\/\/twitter.com\/MaisOuVaLeWeb|@MaisOuVaLeWeb> <https:\/\/twitter.com\/Synereo|@Synereo> Pas possible pour l'instant. Mais ca va changer bient\u00f4t :-) <http:\/\/slack.synereo.com>",
                "author_name": "HJ",
                "author_link": "https:\/\/twitter.com\/lapin7\/status\/706957817731751937",
                "author_icon": "https:\/\/pbs.twimg.com\/profile_images\/694808300643340288\/0CVY8LDX_normal.png",
                "author_subname": "@lapin7",
                "pretext": "<https:\/\/twitter.com\/lapin7\/status\/706957817731751937>",
                "text": "<https:\/\/twitter.com\/MaisOuVaLeWeb|@MaisOuVaLeWeb> <https:\/\/twitter.com\/Synereo|@Synereo> Pas possible pour l'instant. Mais ca va changer bient\u00f4t :-) <http:\/\/slack.synereo.com>",
                "service_name": "twitter",
                "service_url": "https:\/\/twitter.com\/",
                "id": 1
            }
        ],
        "type": "message",
        "subtype": "bot_message",
        "ts": "1457386853.000098"
    },
    {
        "bot_id": "B04FD5HLZ",
        "attachments": [
            {
                "fallback": "<https:\/\/twitter.com\/lapin7|@lapin7>: How would <https:\/\/twitter.com\/Synereo|@Synereo> operate in the context of Smart Cities, with everything connected?",
                "author_name": "HJ",
                "author_link": "https:\/\/twitter.com\/lapin7\/status\/706959451107037185",
                "author_icon": "https:\/\/pbs.twimg.com\/profile_images\/694808300643340288\/0CVY8LDX_normal.png",
                "author_subname": "@lapin7",
                "pretext": "<https:\/\/twitter.com\/lapin7\/status\/706959451107037185>",
                "text": "How would <https:\/\/twitter.com\/Synereo|@Synereo> operate in the context of Smart Cities, with everything connected?",
                "service_name": "twitter",
                "service_url": "https:\/\/twitter.com\/",
                "id": 1
            }
        ],
        "type": "message",
        "subtype": "bot_message",
        "ts": "1457387242.000099"
    },
    {
        "bot_id": "B04FD5HLZ",
        "attachments": [
            {
                "fallback": "<https:\/\/twitter.com\/MaisOuVaLeWeb|@MaisOuVaLeWeb>: <https:\/\/twitter.com\/lapin7|@lapin7> <https:\/\/twitter.com\/Synereo|@Synereo> Thx. inscris. Comment ca se fait ? j'ai vu des screenshots, tt le monde en parle et on ne peut pas go\u00fbter ;-( !",
                "author_name": "Mais o\u00f9 va le Web",
                "author_link": "https:\/\/twitter.com\/MaisOuVaLeWeb\/status\/706959509969903616",
                "author_icon": "https:\/\/pbs.twimg.com\/profile_images\/684092553130602496\/xepd0xz8_normal.png",
                "author_subname": "@MaisOuVaLeWeb",
                "pretext": "<https:\/\/twitter.com\/MaisOuVaLeWeb\/status\/706959509969903616>",
                "text": "<https:\/\/twitter.com\/lapin7|@lapin7> <https:\/\/twitter.com\/Synereo|@Synereo> Thx. inscris. Comment ca se fait ? j'ai vu des screenshots, tt le monde en parle et on ne peut pas go\u00fbter ;-( !",
                "service_name": "twitter",
                "service_url": "https:\/\/twitter.com\/",
                "id": 1
            }
        ],
        "type": "message",
        "subtype": "bot_message",
        "ts": "1457387256.000100"
    },
    {
        "bot_id": "B04FD5HLZ",
        "attachments": [
            {
                "fallback": "<https:\/\/twitter.com\/lapin7|@lapin7>: <https:\/\/twitter.com\/MaisOuVaLeWeb|@MaisOuVaLeWeb> <https:\/\/twitter.com\/Synereo|@Synereo> Dans ce blog tu peux avoir un impression d'un premier prototype. Bient\u00f4t nos UX designers donnent un autre interface",
                "author_name": "HJ",
                "author_link": "https:\/\/twitter.com\/lapin7\/status\/706960948460916737",
                "author_icon": "https:\/\/pbs.twimg.com\/profile_images\/694808300643340288\/0CVY8LDX_normal.png",
                "author_subname": "@lapin7",
                "pretext": "<https:\/\/twitter.com\/lapin7\/status\/706960948460916737>",
                "text": "<https:\/\/twitter.com\/MaisOuVaLeWeb|@MaisOuVaLeWeb> <https:\/\/twitter.com\/Synereo|@Synereo> Dans ce blog tu peux avoir un impression d'un premier prototype. Bient\u00f4t nos UX designers donnent un autre interface",
                "service_name": "twitter",
                "service_url": "https:\/\/twitter.com\/",
                "id": 1
            }
        ],
        "type": "message",
        "subtype": "bot_message",
        "ts": "1457387599.000101"
    },
    {
        "bot_id": "B04FD5HLZ",
        "attachments": [
            {
                "fallback": "<https:\/\/twitter.com\/MaisOuVaLeWeb|@MaisOuVaLeWeb>: <https:\/\/twitter.com\/lapin7|@lapin7> <https:\/\/twitter.com\/Synereo|@Synereo> ok, cool. J'ai donn\u00e9 mon mail, ca sera long avant la release publique (ou beta ?)",
                "author_name": "Mais o\u00f9 va le Web",
                "author_link": "https:\/\/twitter.com\/MaisOuVaLeWeb\/status\/706962188397846528",
                "author_icon": "https:\/\/pbs.twimg.com\/profile_images\/684092553130602496\/xepd0xz8_normal.png",
                "author_subname": "@MaisOuVaLeWeb",
                "pretext": "<https:\/\/twitter.com\/MaisOuVaLeWeb\/status\/706962188397846528>",
                "text": "<https:\/\/twitter.com\/lapin7|@lapin7> <https:\/\/twitter.com\/Synereo|@Synereo> ok, cool. J'ai donn\u00e9 mon mail, ca sera long avant la release publique (ou beta ?)",
                "service_name": "twitter",
                "service_url": "https:\/\/twitter.com\/",
                "id": 1
            }
        ],
        "type": "message",
        "subtype": "bot_message",
        "ts": "1457387895.000102"
    },
    {
        "username": "IFTTT",
        "icons": {
            "image_36": "https:\/\/slack.global.ssl.fastly.net\/66f9\/img\/services\/ifttt_36.png",
            "image_48": "https:\/\/slack.global.ssl.fastly.net\/66f9\/img\/services\/ifttt_48.png",
            "image_72": "https:\/\/slack.global.ssl.fastly.net\/66f9\/img\/services\/ifttt_72.png"
        },
        "attachments": [
            {
                "pretext": "New Role and Bounty via \/r\/Synereo <http:\/\/ift.tt\/1R1lfbT>",
                "service_name": "reddit",
                "title": "New Role and Bounty \u2022 \/r\/Synereo",
                "title_link": "http:\/\/ift.tt\/1R1lfbT",
                "text": "1 points and 0 comments so far on reddit",
                "fallback": "New Role and Bounty via \/r\/Synereo <http:\/\/ift.tt\/1R1lfbT>",
                "thumb_url": "https:\/\/i.redditmedia.com\/Ol1OXeCvlfLEIUBnvWdNM5VSU-_sJyyqJ-NlnOw1iV0.jpg?w=320&s=c8386a2d7322b16070088a75e1c1c352",
                "from_url": "http:\/\/ift.tt\/1R1lfbT",
                "thumb_width": 320,
                "thumb_height": 320,
                "id": 1,
                "mrkdwn_in": [
                    "text",
                    "pretext"
                ]
            }
        ],
        "mrkdwn": true,
        "type": "message",
        "subtype": "bot_message",
        "ts": "1457388507.000103"
    },
    {
        "username": "IFTTT",
        "icons": {
            "image_36": "https:\/\/slack.global.ssl.fastly.net\/66f9\/img\/services\/ifttt_36.png",
            "image_48": "https:\/\/slack.global.ssl.fastly.net\/66f9\/img\/services\/ifttt_48.png",
            "image_72": "https:\/\/slack.global.ssl.fastly.net\/66f9\/img\/services\/ifttt_72.png"
        },
        "attachments": [
            {
                "pretext": "Synereo-Ethereum Partnership leads to big fucking win for Casper, \"So what we now have is an end to end spec of a correct, fault tolerant architecture that is sharded, i.e. scales and allows us to control the behavior using behavioral types. ... Everything can be worked out now.\" via \/r\/ethtrader <http:\/\/ift.tt\/1pc7OQk>",
                "service_name": "reddit",
                "title": "Synereo-Ethereum Partnership leads to big fucking win for Casper, \"So what we now have is an end to end spec of a correct, fault tolerant architecture that is sharded, i.e. scales and allows us to control the behavior using behavioral types. ... Everything can be worked out now.\" \u2022 \/r\/ethtrader",
                "title_link": "http:\/\/ift.tt\/1pc7OQk",
                "text": "1 points and 0 comments so far on reddit",
                "fallback": "Synereo-Ethereum Partnership leads to big fucking win for Casper, \"So what we now have is an end to end spec of a correct, fault tolerant architecture that is sharded, i.e. scales and allows us to control the behavior using behavioral types. ... Everything can be worked out now.\" via \/r\/ethtrader <http:\/\/ift.tt\/1pc7OQk>",
                "thumb_url": "https:\/\/i.redditmedia.com\/gZSq926ZxFyScVVSCxn7HDy-Q4N1Meyr3Le2UpF7AcM.jpg?w=320&s=efdb8a8176d28efb5bdd1c08c8839d5c",
                "from_url": "http:\/\/ift.tt\/1pc7OQk",
                "thumb_width": 320,
                "thumb_height": 190,
                "id": 1,
                "mrkdwn_in": [
                    "text",
                    "pretext"
                ]
            }
        ],
        "mrkdwn": true,
        "type": "message",
        "subtype": "bot_message",
        "ts": "1457403626.000104"
    },
    {
        "bot_id": "B04FD5HLZ",
        "attachments": [
            {
                "fallback": "<https:\/\/twitter.com\/Synereo|@Synereo>: Synereo is looking for Ambassadors!  Earn Amps today! <http:\/\/blog.synereo.com\/2016\/03\/01\/New-Ambassador-Role\/> #distributed #network #amps #bounty <https:\/\/pbs.twimg.com\/media\/Cc_nQulW8AEmX12.png>",
                "author_name": "Synereo",
                "author_link": "https:\/\/twitter.com\/Synereo\/status\/707037942435414016",
                "author_icon": "https:\/\/pbs.twimg.com\/profile_images\/522790259789025280\/FKRuSK66_normal.png",
                "author_subname": "@Synereo",
                "pretext": "<https:\/\/twitter.com\/Synereo\/status\/707037942435414016>",
                "text": "Synereo is looking for Ambassadors!  Earn Amps today! <http:\/\/blog.synereo.com\/2016\/03\/01\/New-Ambassador-Role\/> #distributed #network #amps #bounty <https:\/\/pbs.twimg.com\/media\/Cc_nQulW8AEmX12.png>",
                "service_name": "twitter",
                "service_url": "https:\/\/twitter.com\/",
                "image_url": "https:\/\/pbs.twimg.com\/media\/Cc_nQulW8AEmX12.png",
                "image_width": 112,
                "image_height": 111,
                "image_bytes": 31460,
                "id": 1
            }
        ],
        "type": "message",
        "subtype": "bot_message",
        "ts": "1457405956.000105"
    }
]