[
    {
        "username": "IFTTT",
        "icons": {
            "image_36": "https:\/\/slack.global.ssl.fastly.net\/66f9\/img\/services\/ifttt_36.png",
            "image_48": "https:\/\/slack.global.ssl.fastly.net\/66f9\/img\/services\/ifttt_48.png",
            "image_72": "https:\/\/slack.global.ssl.fastly.net\/66f9\/img\/services\/ifttt_72.png"
        },
        "attachments": [
            {
                "pretext": "Synereo Weekly Update: Casper progress via \/r\/ethereum <http:\/\/ift.tt\/1QI5dEw>",
                "service_name": "reddit",
                "title": "Synereo Weekly Update: Casper progress \u2022 \/r\/ethereum",
                "title_link": "http:\/\/ift.tt\/1QI5dEw",
                "text": "2 points and 0 comments so far on reddit",
                "fallback": "Synereo Weekly Update: Casper progress via \/r\/ethereum <http:\/\/ift.tt\/1QI5dEw>",
                "thumb_url": "https:\/\/i.redditmedia.com\/gZSq926ZxFyScVVSCxn7HDy-Q4N1Meyr3Le2UpF7AcM.jpg?w=320&s=efdb8a8176d28efb5bdd1c08c8839d5c",
                "from_url": "http:\/\/ift.tt\/1QI5dEw",
                "thumb_width": 320,
                "thumb_height": 190,
                "id": 1,
                "mrkdwn_in": [
                    "text",
                    "pretext"
                ]
            }
        ],
        "mrkdwn": true,
        "type": "message",
        "subtype": "bot_message",
        "ts": "1457426702.000106"
    },
    {
        "username": "IFTTT",
        "icons": {
            "image_36": "https:\/\/slack.global.ssl.fastly.net\/66f9\/img\/services\/ifttt_36.png",
            "image_48": "https:\/\/slack.global.ssl.fastly.net\/66f9\/img\/services\/ifttt_48.png",
            "image_72": "https:\/\/slack.global.ssl.fastly.net\/66f9\/img\/services\/ifttt_72.png"
        },
        "attachments": [
            {
                "pretext": "I'm still wanting to find out how to get my pre sale Amps off my Trezor? via \/r\/Synereo <http:\/\/ift.tt\/1QIhicX>",
                "service_name": "reddit",
                "title": "I'm still wanting to find out how to get my pre sale Amps off my Trezor? \u2022 \/r\/Synereo",
                "title_link": "http:\/\/ift.tt\/1QIhicX",
                "text": "Any help would be greatly appreciated:)",
                "fallback": "I'm still wanting to find out how to get my pre sale Amps off my Trezor? via \/r\/Synereo <http:\/\/ift.tt\/1QIhicX>",
                "thumb_url": "https:\/\/www.redditstatic.com\/icon.png",
                "from_url": "http:\/\/ift.tt\/1QIhicX",
                "thumb_width": 256,
                "thumb_height": 256,
                "id": 1,
                "mrkdwn_in": [
                    "text",
                    "pretext"
                ]
            }
        ],
        "mrkdwn": true,
        "type": "message",
        "subtype": "bot_message",
        "ts": "1457433200.000107"
    },
    {
        "type": "message",
        "user": "U0474E4KZ",
        "text": "<https:\/\/bitcointalk.org\/index.php?topic=995987.new;topicseen#new>",
        "ts": "1457434465.000108"
    },
    {
        "bot_id": "B04FD5HLZ",
        "attachments": [
            {
                "fallback": "<https:\/\/twitter.com\/FreeTrustOrg|@FreeTrustOrg>: monetizing everything we value on #blockchain s can allow us to thrive if we #secure our #freedom to #trust with <https:\/\/twitter.com\/Synereo|@Synereo> <https:\/\/twitter.com\/provensecure|@provensecure>",
                "author_name": "FreeTrust",
                "author_link": "https:\/\/twitter.com\/FreeTrustOrg\/status\/707192318370181121",
                "author_icon": "https:\/\/pbs.twimg.com\/profile_images\/606532062502391808\/mEJmLI_G_normal.png",
                "author_subname": "@FreeTrustOrg",
                "pretext": "<https:\/\/twitter.com\/FreeTrustOrg\/status\/707192318370181121>",
                "text": "monetizing everything we value on #blockchain s can allow us to thrive if we #secure our #freedom to #trust with <https:\/\/twitter.com\/Synereo|@Synereo> <https:\/\/twitter.com\/provensecure|@provensecure>",
                "service_name": "twitter",
                "service_url": "https:\/\/twitter.com\/",
                "id": 1
            }
        ],
        "type": "message",
        "subtype": "bot_message",
        "ts": "1457442762.000109"
    },
    {
        "bot_id": "B04FD5HLZ",
        "attachments": [
            {
                "fallback": "<https:\/\/twitter.com\/FreeTrustOrg|@FreeTrustOrg>: <https:\/\/twitter.com\/CoinFest|@CoinFest> is around the corner, are we participating <https:\/\/twitter.com\/Synereo|@Synereo> <https:\/\/twitter.com\/blockstarsio|@blockstarsio> <https:\/\/twitter.com\/eris_ltd|@eris_ltd> <https:\/\/twitter.com\/provensecure|@provensecure> <https:\/\/twitter.com\/SynereoTwitch|@SynereoTwitch>",
                "author_name": "FreeTrust",
                "author_link": "https:\/\/twitter.com\/FreeTrustOrg\/status\/707198773412421632",
                "author_icon": "https:\/\/pbs.twimg.com\/profile_images\/606532062502391808\/mEJmLI_G_normal.png",
                "author_subname": "@FreeTrustOrg",
                "pretext": "<https:\/\/twitter.com\/FreeTrustOrg\/status\/707198773412421632>",
                "text": "<https:\/\/twitter.com\/CoinFest|@CoinFest> is around the corner, are we participating <https:\/\/twitter.com\/Synereo|@Synereo> <https:\/\/twitter.com\/blockstarsio|@blockstarsio> <https:\/\/twitter.com\/eris_ltd|@eris_ltd> <https:\/\/twitter.com\/provensecure|@provensecure> <https:\/\/twitter.com\/SynereoTwitch|@SynereoTwitch>",
                "service_name": "twitter",
                "service_url": "https:\/\/twitter.com\/",
                "id": 1
            }
        ],
        "type": "message",
        "subtype": "bot_message",
        "ts": "1457444301.000110"
    },
    {
        "username": "IFTTT",
        "icons": {
            "image_36": "https:\/\/slack.global.ssl.fastly.net\/66f9\/img\/services\/ifttt_36.png",
            "image_48": "https:\/\/slack.global.ssl.fastly.net\/66f9\/img\/services\/ifttt_48.png",
            "image_72": "https:\/\/slack.global.ssl.fastly.net\/66f9\/img\/services\/ifttt_72.png"
        },
        "attachments": [
            {
                "pretext": "In order for people to use the DEX we need a tool for calculating the omni price as people are used to pricing maid, synereo etc in BTC not Omni via \/r\/omni <http:\/\/ift.tt\/21Zt75J>",
                "service_name": "reddit",
                "title": "In order for people to use the DEX we need a tool for calculating the omni price as people are used to pricing maid, synereo etc in BTC not Omni \u2022 \/r\/omni",
                "title_link": "http:\/\/ift.tt\/21Zt75J",
                "text": "Maybe Omni Chest can pull this information from coin market cap and display somewhere?",
                "fallback": "In order for people to use the DEX we need a tool for calculating the omni price as people are used to pricing maid, synereo etc in BTC not Omni via \/r\/omni <http:\/\/ift.tt\/21Zt75J>",
                "thumb_url": "https:\/\/www.redditstatic.com\/icon.png",
                "from_url": "http:\/\/ift.tt\/21Zt75J",
                "thumb_width": 256,
                "thumb_height": 256,
                "id": 1,
                "mrkdwn_in": [
                    "text",
                    "pretext"
                ]
            }
        ],
        "mrkdwn": true,
        "type": "message",
        "subtype": "bot_message",
        "ts": "1457450813.000111"
    },
    {
        "bot_id": "B04FD5HLZ",
        "attachments": [
            {
                "fallback": "<https:\/\/twitter.com\/provensecure|@provensecure>: What we're reading in Digital IDentity Today! <http:\/\/paper.li\/provensecure\/1424185768?edition_id=f24eee50-e558-11e5-b1a5-002590a5ba2d> Highlighted Today: <https:\/\/twitter.com\/Synereo|@Synereo> <https:\/\/twitter.com\/NishantK|@NishantK> <https:\/\/twitter.com\/ThomasRKemp|@ThomasRKemp>",
                "author_name": "ProvenSecure",
                "author_link": "https:\/\/twitter.com\/provensecure\/status\/707267093889228800",
                "author_icon": "https:\/\/pbs.twimg.com\/profile_images\/557573566481186817\/H3j021y-_normal.jpeg",
                "author_subname": "@provensecure",
                "pretext": "<https:\/\/twitter.com\/provensecure\/status\/707267093889228800>",
                "text": "What we're reading in Digital IDentity Today! <http:\/\/paper.li\/provensecure\/1424185768?edition_id=f24eee50-e558-11e5-b1a5-002590a5ba2d> Highlighted Today: <https:\/\/twitter.com\/Synereo|@Synereo> <https:\/\/twitter.com\/NishantK|@NishantK> <https:\/\/twitter.com\/ThomasRKemp|@ThomasRKemp>",
                "service_name": "twitter",
                "service_url": "https:\/\/twitter.com\/",
                "id": 1
            }
        ],
        "type": "message",
        "subtype": "bot_message",
        "ts": "1457460590.000112"
    },
    {
        "bot_id": "B04FD5HLZ",
        "attachments": [
            {
                "fallback": "<https:\/\/twitter.com\/taoteh1221|@taoteh1221>: Added <https:\/\/twitter.com\/Synereo|@Synereo> to my #bitcoin #cryptocurrency #trading #markets #portfolio #php #app: <http:\/\/www.dragonfrugal.com\/coin-prices\/>",
                "author_name": "Mike Kilday",
                "author_link": "https:\/\/twitter.com\/taoteh1221\/status\/707292732864135169",
                "author_icon": "https:\/\/pbs.twimg.com\/profile_images\/3532207465\/379080d9487b1cc133327cc4b8c2e800_normal.jpeg",
                "author_subname": "@taoteh1221",
                "pretext": "<https:\/\/twitter.com\/taoteh1221\/status\/707292732864135169>",
                "text": "Added <https:\/\/twitter.com\/Synereo|@Synereo> to my #bitcoin #cryptocurrency #trading #markets #portfolio #php #app: <http:\/\/www.dragonfrugal.com\/coin-prices\/>",
                "service_name": "twitter",
                "service_url": "https:\/\/twitter.com\/",
                "id": 1
            }
        ],
        "type": "message",
        "subtype": "bot_message",
        "ts": "1457466703.000113"
    },
    {
        "username": "IFTTT",
        "icons": {
            "image_36": "https:\/\/slack.global.ssl.fastly.net\/66f9\/img\/services\/ifttt_36.png",
            "image_48": "https:\/\/slack.global.ssl.fastly.net\/66f9\/img\/services\/ifttt_48.png",
            "image_72": "https:\/\/slack.global.ssl.fastly.net\/66f9\/img\/services\/ifttt_72.png"
        },
        "attachments": [
            {
                "pretext": "What specs can be achieved with Senerity's sharding algorithm and what research still needs to be done? via \/r\/ethereum <http:\/\/ift.tt\/1U2ddGf>",
                "service_name": "reddit",
                "title": "What specs can be achieved with Senerity's sharding algorithm and what research still needs to be done? \u2022 \/r\/ethereum",
                "title_link": "http:\/\/ift.tt\/1U2ddGf",
                "text": "I recently read about the partnership with Synereo and the improvements on CASPER. The Synereo blog seems to indicate that sharding is now a...",
                "fallback": "What specs can be achieved with Senerity's sharding algorithm and what research still needs to be done? via \/r\/ethereum <http:\/\/ift.tt\/1U2ddGf>",
                "thumb_url": "https:\/\/www.redditstatic.com\/icon.png",
                "from_url": "http:\/\/ift.tt\/1U2ddGf",
                "thumb_width": 256,
                "thumb_height": 256,
                "id": 1,
                "mrkdwn_in": [
                    "text",
                    "pretext"
                ]
            }
        ],
        "mrkdwn": true,
        "type": "message",
        "subtype": "bot_message",
        "ts": "1457468349.000114"
    },
    {
        "username": "IFTTT",
        "icons": {
            "image_36": "https:\/\/slack.global.ssl.fastly.net\/66f9\/img\/services\/ifttt_36.png",
            "image_48": "https:\/\/slack.global.ssl.fastly.net\/66f9\/img\/services\/ifttt_48.png",
            "image_72": "https:\/\/slack.global.ssl.fastly.net\/66f9\/img\/services\/ifttt_72.png"
        },
        "attachments": [
            {
                "pretext": "First mover advantage via \/r\/maidsafe <http:\/\/ift.tt\/1XbmI3U>",
                "service_name": "reddit",
                "title": "First mover advantage \u2022 \/r\/maidsafe",
                "title_link": "http:\/\/ift.tt\/1XbmI3U",
                "text": "I am an investor in the safe network and I have some concerns about my investment. Mainly regarding the storage aspect. Ethereum needs...",
                "fallback": "First mover advantage via \/r\/maidsafe <http:\/\/ift.tt\/1XbmI3U>",
                "thumb_url": "https:\/\/www.redditstatic.com\/icon.png",
                "from_url": "http:\/\/ift.tt\/1XbmI3U",
                "thumb_width": 256,
                "thumb_height": 256,
                "id": 1,
                "mrkdwn_in": [
                    "text",
                    "pretext"
                ]
            }
        ],
        "mrkdwn": true,
        "type": "message",
        "subtype": "bot_message",
        "ts": "1457490376.000115"
    },
    {
        "user": "U0RB90L2Y",
        "type": "message",
        "subtype": "channel_join",
        "text": "<@U0RB90L2Y|jake> has joined the channel",
        "ts": "1457493891.000116"
    }
]