[
    {
        "bot_id": "B04FD5HLZ",
        "attachments": [
            {
                "fallback": "<https:\/\/twitter.com\/ProEleutheria|@ProEleutheria>: Just saw in <https:\/\/twitter.com\/Synereo|@Synereo> newletter this information: \"Proposal for a More Efficient #Blockchain\" <http:\/\/arxiv.org\/abs\/1506.01001>",
                "author_name": "Salvo",
                "author_link": "https:\/\/twitter.com\/ProEleutheria\/status\/687278624802750464",
                "author_icon": "https:\/\/pbs.twimg.com\/profile_images\/622801001452556288\/vnwDJKY__normal.jpg",
                "author_subname": "@ProEleutheria",
                "pretext": "<https:\/\/twitter.com\/ProEleutheria\/status\/687278624802750464>",
                "text": "Just saw in <https:\/\/twitter.com\/Synereo|@Synereo> newletter this information: \"Proposal for a More Efficient #Blockchain\" <http:\/\/arxiv.org\/abs\/1506.01001>",
                "service_name": "twitter",
                "service_url": "https:\/\/twitter.com\/",
                "id": 1
            }
        ],
        "type": "message",
        "subtype": "bot_message",
        "ts": "1452694967.000144"
    },
    {
        "bot_id": "B04FD5HLZ",
        "attachments": [
            {
                "fallback": "<https:\/\/twitter.com\/blkchninstitute|@blkchninstitute>: Just saw in <https:\/\/twitter.com\/Synereo|@Synereo> newletter this information: \"Proposal for a More Efficient #Beyonc\u00e9\" <http:\/\/arxiv.org\/abs\/1506.01001>",
                "author_name": "Beyonc\u00e9chain",
                "author_link": "https:\/\/twitter.com\/blkchninstitute\/status\/687295957617229824",
                "author_icon": "https:\/\/pbs.twimg.com\/profile_images\/659427552512114688\/VH8wFD-f_normal.jpg",
                "author_subname": "@blkchninstitute",
                "pretext": "<https:\/\/twitter.com\/blkchninstitute\/status\/687295957617229824>",
                "text": "Just saw in <https:\/\/twitter.com\/Synereo|@Synereo> newletter this information: \"Proposal for a More Efficient #Beyonc\u00e9\" <http:\/\/arxiv.org\/abs\/1506.01001>",
                "service_name": "twitter",
                "service_url": "https:\/\/twitter.com\/",
                "id": 1
            }
        ],
        "type": "message",
        "subtype": "bot_message",
        "ts": "1452699100.000145"
    },
    {
        "type": "message",
        "user": "U0474E4KZ",
        "text": "lol",
        "ts": "1452699276.000146"
    },
    {
        "bot_id": "B04FD5HLZ",
        "attachments": [
            {
                "fallback": "<https:\/\/twitter.com\/LivelyGig|@LivelyGig>: The weekly <https:\/\/twitter.com\/Synereo|@Synereo> and LivelyGig community hangout is starting now.  Participants' link here: <https:\/\/plus.google.com\/hangouts\/_\/hoaevent\/AP36tYesI0_IfEkxfAv-AlBcWwV5GooUHh6MBcK-0H1Mlws9epRM3Q?eid=109002904706315055045&amp;hl=en&amp;authuser=1>",
                "author_name": "LivelyGig",
                "author_link": "https:\/\/twitter.com\/LivelyGig\/status\/687348525974175744",
                "author_icon": "https:\/\/pbs.twimg.com\/profile_images\/648546311331966976\/bL8zUktE_normal.png",
                "author_subname": "@LivelyGig",
                "pretext": "<https:\/\/twitter.com\/LivelyGig\/status\/687348525974175744>",
                "text": "The weekly <https:\/\/twitter.com\/Synereo|@Synereo> and LivelyGig community hangout is starting now.  Participants' link here: <https:\/\/plus.google.com\/hangouts\/_\/hoaevent\/AP36tYesI0_IfEkxfAv-AlBcWwV5GooUHh6MBcK-0H1Mlws9epRM3Q?eid=109002904706315055045&amp;hl=en&amp;authuser=1>",
                "service_name": "twitter",
                "service_url": "https:\/\/twitter.com\/",
                "id": 1
            }
        ],
        "type": "message",
        "subtype": "bot_message",
        "ts": "1452711633.000147"
    },
    {
        "bot_id": "B04FD5HLZ",
        "attachments": [
            {
                "fallback": "<https:\/\/twitter.com\/Synereo|@Synereo>: Live on the weekly hangout! <https:\/\/plus.google.com\/hangouts\/_\/hoaevent\/AP36tYesI0_IfEkxfAv-AlBcWwV5GooUHh6MBcK-0H1Mlws9epRM3Q?hl=en&amp;authuser=1> <https:\/\/twitter.com\/Synereo|@Synereo>",
                "author_name": "Synereo",
                "author_link": "https:\/\/twitter.com\/Synereo\/status\/687350342300876801",
                "author_icon": "https:\/\/pbs.twimg.com\/profile_images\/522790259789025280\/FKRuSK66_normal.png",
                "author_subname": "@Synereo",
                "pretext": "<https:\/\/twitter.com\/Synereo\/status\/687350342300876801>",
                "text": "Live on the weekly hangout! <https:\/\/plus.google.com\/hangouts\/_\/hoaevent\/AP36tYesI0_IfEkxfAv-AlBcWwV5GooUHh6MBcK-0H1Mlws9epRM3Q?hl=en&amp;authuser=1> <https:\/\/twitter.com\/Synereo|@Synereo>",
                "service_name": "twitter",
                "service_url": "https:\/\/twitter.com\/",
                "id": 1
            }
        ],
        "type": "message",
        "subtype": "bot_message",
        "ts": "1452712066.000148"
    },
    {
        "bot_id": "B04FD5HLZ",
        "attachments": [
            {
                "fallback": "<https:\/\/twitter.com\/Synereo|@Synereo>: You can join in just to view out live hangout from here: <https:\/\/plus.google.com\/events\/ccqht6kdikua219ds8eddlsrcno>",
                "author_name": "Synereo",
                "author_link": "https:\/\/twitter.com\/Synereo\/status\/687352962893672450",
                "author_icon": "https:\/\/pbs.twimg.com\/profile_images\/522790259789025280\/FKRuSK66_normal.png",
                "author_subname": "@Synereo",
                "pretext": "<https:\/\/twitter.com\/Synereo\/status\/687352962893672450>",
                "text": "You can join in just to view out live hangout from here: <https:\/\/plus.google.com\/events\/ccqht6kdikua219ds8eddlsrcno>",
                "service_name": "twitter",
                "service_url": "https:\/\/twitter.com\/",
                "id": 1
            }
        ],
        "type": "message",
        "subtype": "bot_message",
        "ts": "1452712859.000149"
    },
    {
        "bot_id": "B04FD5HLZ",
        "attachments": [
            {
                "fallback": "<https:\/\/twitter.com\/Synereo|@Synereo>: You can join and just view our live hangout here: <https:\/\/plus.google.com\/events\/ccqht6kdikua219ds8eddlsrcno> <https:\/\/twitter.com\/Synereo|@Synereo>",
                "author_name": "Synereo",
                "author_link": "https:\/\/twitter.com\/Synereo\/status\/687353073350623232",
                "author_icon": "https:\/\/pbs.twimg.com\/profile_images\/522790259789025280\/FKRuSK66_normal.png",
                "author_subname": "@Synereo",
                "pretext": "<https:\/\/twitter.com\/Synereo\/status\/687353073350623232>",
                "text": "You can join and just view our live hangout here: <https:\/\/plus.google.com\/events\/ccqht6kdikua219ds8eddlsrcno> <https:\/\/twitter.com\/Synereo|@Synereo>",
                "service_name": "twitter",
                "service_url": "https:\/\/twitter.com\/",
                "id": 1
            }
        ],
        "type": "message",
        "subtype": "bot_message",
        "ts": "1452712892.000150"
    },
    {
        "bot_id": "B04FD5HLZ",
        "attachments": [
            {
                "fallback": "<https:\/\/twitter.com\/Synereo|@Synereo>: \"If you take the PoW of the #blockchain up to scale then you will melt the entire planet.\"  <http:\/\/tinyurl.com\/gr9rwf7> #syereo",
                "author_name": "Synereo",
                "author_link": "https:\/\/twitter.com\/Synereo\/status\/687390707552628736",
                "author_icon": "https:\/\/pbs.twimg.com\/profile_images\/522790259789025280\/FKRuSK66_normal.png",
                "author_subname": "@Synereo",
                "pretext": "<https:\/\/twitter.com\/Synereo\/status\/687390707552628736>",
                "text": "\"If you take the PoW of the #blockchain up to scale then you will melt the entire planet.\"  <http:\/\/tinyurl.com\/gr9rwf7> #syereo",
                "service_name": "twitter",
                "service_url": "https:\/\/twitter.com\/",
                "id": 1
            }
        ],
        "type": "message",
        "subtype": "bot_message",
        "ts": "1452721694.000151"
    }
]