[
    {
        "bot_id": "B04FD5HLZ",
        "attachments": [
            {
                "fallback": "<https:\/\/twitter.com\/Synereo|@Synereo>: #synereo partnership with #weWOWwe covered by <https:\/\/twitter.com\/AllCoinsNews|@AllCoinsNews> <http:\/\/allcoinsnews.com\/2016\/01\/29\/synereo-working-on-reputation-reward-systems-for-soccer-fantvchina-backfeed\/>",
                "author_name": "Synereo",
                "author_link": "https:\/\/twitter.com\/Synereo\/status\/693165411920125952",
                "author_icon": "https:\/\/pbs.twimg.com\/profile_images\/522790259789025280\/FKRuSK66_normal.png",
                "author_subname": "@Synereo",
                "pretext": "<https:\/\/twitter.com\/Synereo\/status\/693165411920125952>",
                "text": "#synereo partnership with #weWOWwe covered by <https:\/\/twitter.com\/AllCoinsNews|@AllCoinsNews> <http:\/\/allcoinsnews.com\/2016\/01\/29\/synereo-working-on-reputation-reward-systems-for-soccer-fantvchina-backfeed\/>",
                "service_name": "twitter",
                "service_url": "https:\/\/twitter.com\/",
                "id": 1
            }
        ],
        "type": "message",
        "subtype": "bot_message",
        "ts": "1454098487.000025"
    },
    {
        "type": "message",
        "user": "U0FESR742",
        "text": "<http:\/\/allcoinsnews.com\/2016\/01\/29\/synereo-working-on-reputation-reward-systems-for-soccer-fantvchina-backfeed\/>",
        "ts": "1454098869.000026"
    }
]