[
    {
        "bot_id": "B04FD5HLZ",
        "attachments": [
            {
                "fallback": "<https:\/\/twitter.com\/Synereo|@Synereo>: Looks like our #ethereum grant is going through: <http:\/\/blog.synereo.com\/2016\/02\/02\/Synereo-Update\/>",
                "author_name": "Synereo",
                "author_link": "https:\/\/twitter.com\/Synereo\/status\/696270470383931392",
                "author_icon": "https:\/\/pbs.twimg.com\/profile_images\/522790259789025280\/FKRuSK66_normal.png",
                "author_subname": "@Synereo",
                "pretext": "<https:\/\/twitter.com\/Synereo\/status\/696270470383931392>",
                "text": "Looks like our #ethereum grant is going through: <http:\/\/blog.synereo.com\/2016\/02\/02\/Synereo-Update\/>",
                "service_name": "twitter",
                "service_url": "https:\/\/twitter.com\/",
                "id": 1
            }
        ],
        "type": "message",
        "subtype": "bot_message",
        "ts": "1454838791.000055"
    },
    {
        "bot_id": "B04FD5HLZ",
        "attachments": [
            {
                "fallback": "<https:\/\/twitter.com\/BitFreeman|@BitFreeman>: <https:\/\/twitter.com\/Synereo|@Synereo> the slack channel URL for Scala development is down from the blog post",
                "author_name": "\u0243. Freeman",
                "author_link": "https:\/\/twitter.com\/BitFreeman\/status\/696287195615916033",
                "author_icon": "https:\/\/pbs.twimg.com\/profile_images\/675698615638208512\/E9MCPPZB_normal.jpg",
                "author_subname": "@BitFreeman",
                "pretext": "<https:\/\/twitter.com\/BitFreeman\/status\/696287195615916033>",
                "text": "<https:\/\/twitter.com\/Synereo|@Synereo> the slack channel URL for Scala development is down from the blog post",
                "service_name": "twitter",
                "service_url": "https:\/\/twitter.com\/",
                "id": 1
            }
        ],
        "type": "message",
        "subtype": "bot_message",
        "ts": "1454842779.000056"
    },
    {
        "bot_id": "B04FD5HLZ",
        "attachments": [
            {
                "fallback": "<https:\/\/twitter.com\/EthereumPress|@EthereumPress>: Congratulations to <https:\/\/twitter.com\/Synereo|@Synereo> <https:\/\/twitter.com\/Synereo\/status\/696270470383931392>",
                "author_name": "Ethereum Press",
                "author_link": "https:\/\/twitter.com\/EthereumPress\/status\/696287730918100992",
                "author_icon": "https:\/\/pbs.twimg.com\/profile_images\/657140320275185664\/96WFHELJ_normal.png",
                "author_subname": "@EthereumPress",
                "pretext": "<https:\/\/twitter.com\/EthereumPress\/status\/696287730918100992>",
                "text": "Congratulations to <https:\/\/twitter.com\/Synereo|@Synereo> <https:\/\/twitter.com\/Synereo\/status\/696270470383931392>",
                "service_name": "twitter",
                "service_url": "https:\/\/twitter.com\/",
                "id": 1
            }
        ],
        "type": "message",
        "subtype": "bot_message",
        "ts": "1454842906.000057"
    },
    {
        "bot_id": "B04FD5HLZ",
        "attachments": [
            {
                "fallback": "<https:\/\/twitter.com\/Synereo|@Synereo>: <https:\/\/twitter.com\/BitFreeman|@BitFreeman> <http:\/\/slack.synereo.com>",
                "author_name": "Synereo",
                "author_link": "https:\/\/twitter.com\/Synereo\/status\/696294034927722496",
                "author_icon": "https:\/\/pbs.twimg.com\/profile_images\/522790259789025280\/FKRuSK66_normal.png",
                "author_subname": "@Synereo",
                "pretext": "<https:\/\/twitter.com\/Synereo\/status\/696294034927722496>",
                "text": "<https:\/\/twitter.com\/BitFreeman|@BitFreeman> <http:\/\/slack.synereo.com>",
                "service_name": "twitter",
                "service_url": "https:\/\/twitter.com\/",
                "id": 1
            }
        ],
        "type": "message",
        "subtype": "bot_message",
        "ts": "1454844409.000058"
    },
    {
        "bot_id": "B04FD5HLZ",
        "attachments": [
            {
                "fallback": "<https:\/\/twitter.com\/Synereo|@Synereo>: <https:\/\/twitter.com\/BitFreeman|@BitFreeman> Thank you. Fixing.\nIt's <http:\/\/slack.synereo.com>",
                "author_name": "Synereo",
                "author_link": "https:\/\/twitter.com\/Synereo\/status\/696294224753520640",
                "author_icon": "https:\/\/pbs.twimg.com\/profile_images\/522790259789025280\/FKRuSK66_normal.png",
                "author_subname": "@Synereo",
                "pretext": "<https:\/\/twitter.com\/Synereo\/status\/696294224753520640>",
                "text": "<https:\/\/twitter.com\/BitFreeman|@BitFreeman> Thank you. Fixing.\nIt's <http:\/\/slack.synereo.com>",
                "service_name": "twitter",
                "service_url": "https:\/\/twitter.com\/",
                "id": 1
            }
        ],
        "type": "message",
        "subtype": "bot_message",
        "ts": "1454844454.000059"
    },
    {
        "bot_id": "B04FD5HLZ",
        "attachments": [
            {
                "fallback": "<https:\/\/twitter.com\/ChangeTip|@ChangeTip>: <https:\/\/twitter.com\/Synereo|@Synereo>, you received $1 from <https:\/\/twitter.com\/Chickee|@Chickee> - Get it here <http:\/\/tip.me\/r\/Ub-hsoFmyjC?m=7670> <https:\/\/pbs.twimg.com\/tweet_video_thumb\/CaoCdgRUcAAlMW6.png>",
                "author_name": "ChangeTip",
                "author_link": "https:\/\/twitter.com\/ChangeTip\/status\/696371801652219904",
                "author_icon": "https:\/\/pbs.twimg.com\/profile_images\/660944124674093056\/T07rKCE__normal.png",
                "author_subname": "@ChangeTip",
                "pretext": "<https:\/\/twitter.com\/ChangeTip\/status\/696371801652219904>",
                "text": "<https:\/\/twitter.com\/Synereo|@Synereo>, you received $1 from <https:\/\/twitter.com\/Chickee|@Chickee> - Get it here <http:\/\/tip.me\/r\/Ub-hsoFmyjC?m=7670>",
                "service_name": "twitter",
                "service_url": "https:\/\/twitter.com\/",
                "thumb_url": "https:\/\/pbs.twimg.com\/tweet_video_thumb\/CaoCdgRUcAAlMW6.png",
                "thumb_width": 459,
                "thumb_height": 344,
                "video_html_width": 460,
                "video_html_height": 344,
                "video_html": "<video autoplay loop muted poster=\"https:\/\/pbs.twimg.com\/tweet_video_thumb\/CaoCdgRUcAAlMW6.png\" src=\"https:\/\/pbs.twimg.com\/tweet_video\/CaoCdgRUcAAlMW6.mp4\" width=\"460\" height=\"344\"><source type=\"video\/mp4\" src=\"https:\/\/pbs.twimg.com\/tweet_video\/CaoCdgRUcAAlMW6.mp4\"><\/video>",
                "id": 1
            }
        ],
        "type": "message",
        "subtype": "bot_message",
        "ts": "1454862950.000060"
    },
    {
        "type": "message",
        "user": "U0474E4KZ",
        "text": "Hurray!",
        "ts": "1454863047.000061"
    }
]