[
    {
        "bot_id": "B04FD5HLZ",
        "attachments": [
            {
                "fallback": "<https:\/\/twitter.com\/dlevy2013|@dlevy2013>: 3 Dapps You HAVE to See. <https:\/\/twitter.com\/Synereo|@Synereo> <https:\/\/twitter.com\/openbazaar|@openbazaar> <https:\/\/twitter.com\/Lazooz|@Lazooz>\u00a0#bitcoin <http:\/\/daniellevy.humandalas.com\/3-dapps-you-have-to-see-synereo-openbazaar-lazooz-bitcoin\/> <https:\/\/pbs.twimg.com\/media\/CccW1tbUAAAjuyc.jpg>",
                "author_name": "Daniel Levy",
                "author_link": "https:\/\/twitter.com\/dlevy2013\/status\/704556979868413952",
                "author_icon": "https:\/\/pbs.twimg.com\/profile_images\/689585954764402688\/9IZEJAqw_normal.jpg",
                "author_subname": "@dlevy2013",
                "pretext": "<https:\/\/twitter.com\/dlevy2013\/status\/704556979868413952>",
                "text": "3 Dapps You HAVE to See. <https:\/\/twitter.com\/Synereo|@Synereo> <https:\/\/twitter.com\/openbazaar|@openbazaar> <https:\/\/twitter.com\/Lazooz|@Lazooz>\u00a0#bitcoin <http:\/\/daniellevy.humandalas.com\/3-dapps-you-have-to-see-synereo-openbazaar-lazooz-bitcoin\/> <https:\/\/pbs.twimg.com\/media\/CccW1tbUAAAjuyc.jpg>",
                "service_name": "twitter",
                "service_url": "https:\/\/twitter.com\/",
                "image_url": "https:\/\/pbs.twimg.com\/media\/CccW1tbUAAAjuyc.jpg",
                "image_width": 600,
                "image_height": 450,
                "image_bytes": 35663,
                "id": 1
            }
        ],
        "type": "message",
        "subtype": "bot_message",
        "ts": "1456814449.000052"
    },
    {
        "bot_id": "B04FD5HLZ",
        "attachments": [
            {
                "fallback": "<https:\/\/twitter.com\/bitcoinagile|@bitcoinagile>: 3 Dapps You HAVE to See. <https:\/\/twitter.com\/Synereo|@Synereo> <https:\/\/twitter.com\/openbazaar|@openbazaar> <https:\/\/twitter.com\/Lazooz|@Lazooz> #bitcoin <http:\/\/bit.ly\/1TNn5SD> <https:\/\/pbs.twimg.com\/media\/CccW4c4WwAAJfgD.jpg>",
                "author_name": "BitcoinAgile",
                "author_link": "https:\/\/twitter.com\/bitcoinagile\/status\/704557025905270784",
                "author_icon": "https:\/\/pbs.twimg.com\/profile_images\/463897635380682753\/ZLmcIFL2_normal.png",
                "author_subname": "@bitcoinagile",
                "pretext": "<https:\/\/twitter.com\/bitcoinagile\/status\/704557025905270784>",
                "text": "3 Dapps You HAVE to See. <https:\/\/twitter.com\/Synereo|@Synereo> <https:\/\/twitter.com\/openbazaar|@openbazaar> <https:\/\/twitter.com\/Lazooz|@Lazooz> #bitcoin <http:\/\/bit.ly\/1TNn5SD> <https:\/\/pbs.twimg.com\/media\/CccW4c4WwAAJfgD.jpg>",
                "service_name": "twitter",
                "service_url": "https:\/\/twitter.com\/",
                "image_url": "https:\/\/pbs.twimg.com\/media\/CccW4c4WwAAJfgD.jpg",
                "image_width": 600,
                "image_height": 450,
                "image_bytes": 36167,
                "id": 1
            }
        ],
        "type": "message",
        "subtype": "bot_message",
        "ts": "1456814460.000053"
    }
]