[
    {
        "bot_id": "B04FD5HLZ",
        "attachments": [
            {
                "fallback": "<https:\/\/twitter.com\/kor3shan|@kor3shan>: Is #twitter broken? Just read multiple same tweets trolling #Ethereum clearly false profiles. Hurry up <https:\/\/twitter.com\/Synereo|@Synereo> !!",
                "author_name": "Dynamic_Mantra",
                "author_link": "https:\/\/twitter.com\/kor3shan\/status\/693436387060797441",
                "author_icon": "https:\/\/pbs.twimg.com\/profile_images\/677599940206555141\/jrDvhYcG_normal.jpg",
                "author_subname": "@kor3shan",
                "pretext": "<https:\/\/twitter.com\/kor3shan\/status\/693436387060797441>",
                "text": "Is #twitter broken? Just read multiple same tweets trolling #Ethereum clearly false profiles. Hurry up <https:\/\/twitter.com\/Synereo|@Synereo> !!",
                "service_name": "twitter",
                "service_url": "https:\/\/twitter.com\/",
                "id": 1
            }
        ],
        "type": "message",
        "subtype": "bot_message",
        "ts": "1454163092.000027"
    },
    {
        "user": "U0KLMG7FS",
        "type": "message",
        "subtype": "channel_join",
        "text": "<@U0KLMG7FS|plazareff> has joined the channel",
        "ts": "1454169379.000028"
    },
    {
        "bot_id": "B04FD5HLZ",
        "attachments": [
            {
                "fallback": "<https:\/\/twitter.com\/Chickee|@Chickee>: <https:\/\/twitter.com\/Synereo|@Synereo> I hope I didn't do something wrong. If so, I am sorry still learning.  For some reason I can not access your discussion forum.",
                "author_name": "Natalie Chickee",
                "author_link": "https:\/\/twitter.com\/Chickee\/status\/693482335778377729",
                "author_icon": "https:\/\/pbs.twimg.com\/profile_images\/505228005694636032\/UA9Qv7Dy_normal.jpeg",
                "author_subname": "@Chickee",
                "pretext": "<https:\/\/twitter.com\/Chickee\/status\/693482335778377729>",
                "text": "<https:\/\/twitter.com\/Synereo|@Synereo> I hope I didn't do something wrong. If so, I am sorry still learning.  For some reason I can not access your discussion forum.",
                "service_name": "twitter",
                "service_url": "https:\/\/twitter.com\/",
                "id": 1
            }
        ],
        "type": "message",
        "subtype": "bot_message",
        "ts": "1454174048.000029"
    },
    {
        "bot_id": "B04FD5HLZ",
        "attachments": [
            {
                "fallback": "<https:\/\/twitter.com\/lapin7|@lapin7>: <https:\/\/twitter.com\/Chickee|@Chickee> <https:\/\/twitter.com\/Synereo|@Synereo> you can't log in into <https:\/\/discuss.synereo.com> ?",
                "author_name": "HJ",
                "author_link": "https:\/\/twitter.com\/lapin7\/status\/693483275449409536",
                "author_icon": "https:\/\/pbs.twimg.com\/profile_images\/67314238\/elf_normal.jpg",
                "author_subname": "@lapin7",
                "pretext": "<https:\/\/twitter.com\/lapin7\/status\/693483275449409536>",
                "text": "<https:\/\/twitter.com\/Chickee|@Chickee> <https:\/\/twitter.com\/Synereo|@Synereo> you can't log in into <https:\/\/discuss.synereo.com> ?",
                "service_name": "twitter",
                "service_url": "https:\/\/twitter.com\/",
                "id": 1
            }
        ],
        "type": "message",
        "subtype": "bot_message",
        "ts": "1454174272.000030"
    },
    {
        "bot_id": "B04FD5HLZ",
        "attachments": [
            {
                "fallback": "<https:\/\/twitter.com\/Chickee|@Chickee>: <https:\/\/twitter.com\/lapin7|@lapin7> <https:\/\/twitter.com\/Synereo|@Synereo> yes, that's what's happening.",
                "author_name": "Natalie Chickee",
                "author_link": "https:\/\/twitter.com\/Chickee\/status\/693483576369610756",
                "author_icon": "https:\/\/pbs.twimg.com\/profile_images\/505228005694636032\/UA9Qv7Dy_normal.jpeg",
                "author_subname": "@Chickee",
                "pretext": "<https:\/\/twitter.com\/Chickee\/status\/693483576369610756>",
                "text": "<https:\/\/twitter.com\/lapin7|@lapin7> <https:\/\/twitter.com\/Synereo|@Synereo> yes, that's what's happening.",
                "service_name": "twitter",
                "service_url": "https:\/\/twitter.com\/",
                "id": 1
            }
        ],
        "type": "message",
        "subtype": "bot_message",
        "ts": "1454174343.000031"
    },
    {
        "bot_id": "B04FD5HLZ",
        "attachments": [
            {
                "fallback": "<https:\/\/twitter.com\/Chickee|@Chickee>: <https:\/\/twitter.com\/lapin7|@lapin7> <https:\/\/twitter.com\/Synereo|@Synereo> it's true, I can't log in.",
                "author_name": "Natalie Chickee",
                "author_link": "https:\/\/twitter.com\/Chickee\/status\/693531371227209729",
                "author_icon": "https:\/\/pbs.twimg.com\/profile_images\/505228005694636032\/UA9Qv7Dy_normal.jpeg",
                "author_subname": "@Chickee",
                "pretext": "<https:\/\/twitter.com\/Chickee\/status\/693531371227209729>",
                "text": "<https:\/\/twitter.com\/lapin7|@lapin7> <https:\/\/twitter.com\/Synereo|@Synereo> it's true, I can't log in.",
                "service_name": "twitter",
                "service_url": "https:\/\/twitter.com\/",
                "id": 1
            }
        ],
        "type": "message",
        "subtype": "bot_message",
        "ts": "1454185738.000032"
    },
    {
        "bot_id": "B04FD5HLZ",
        "attachments": [
            {
                "fallback": "<https:\/\/twitter.com\/SynapticCelerit|@SynapticCelerit>: The REAL social network...<https:\/\/twitter.com\/Synereo|@Synereo>",
                "author_name": "SynapticCelerity",
                "author_link": "https:\/\/twitter.com\/SynapticCelerit\/status\/693543734236037121",
                "author_icon": "https:\/\/pbs.twimg.com\/profile_images\/691140050676027392\/FNK85bsJ_normal.png",
                "author_subname": "@SynapticCelerit",
                "pretext": "<https:\/\/twitter.com\/SynapticCelerit\/status\/693543734236037121>",
                "text": "The REAL social network...<https:\/\/twitter.com\/Synereo|@Synereo>",
                "service_name": "twitter",
                "service_url": "https:\/\/twitter.com\/",
                "id": 1
            }
        ],
        "type": "message",
        "subtype": "bot_message",
        "ts": "1454188686.000033"
    }
]