[
    {
        "bot_id": "B04FD5HLZ",
        "attachments": [
            {
                "fallback": "<https:\/\/twitter.com\/Synereo|@Synereo>: What is Casper? What are shards? Learn about #synereo's technical side: \n<http:\/\/blog.synereo.com\/2016\/02\/07\/Synereo-Update\/>",
                "author_name": "Synereo",
                "author_link": "https:\/\/twitter.com\/Synereo\/status\/697115506927472640",
                "author_icon": "https:\/\/pbs.twimg.com\/profile_images\/522790259789025280\/FKRuSK66_normal.png",
                "author_subname": "@Synereo",
                "pretext": "<https:\/\/twitter.com\/Synereo\/status\/697115506927472640>",
                "text": "What is Casper? What are shards? Learn about #synereo's technical side: \n<http:\/\/blog.synereo.com\/2016\/02\/07\/Synereo-Update\/>",
                "service_name": "twitter",
                "service_url": "https:\/\/twitter.com\/",
                "id": 1
            }
        ],
        "type": "message",
        "subtype": "bot_message",
        "ts": "1455040263.000063"
    },
    {
        "bot_id": "B04FD5HLZ",
        "attachments": [
            {
                "fallback": "<https:\/\/twitter.com\/Quibblelelelel|@Quibblelelelel>: <https:\/\/twitter.com\/Synereo|@Synereo> Yo, I was wondering if I could get an invite to your guys' slack channel. I'm interested in setting up a node.",
                "author_name": "Omar",
                "author_link": "https:\/\/twitter.com\/Quibblelelelel\/status\/697128808474759168",
                "author_icon": "https:\/\/pbs.twimg.com\/profile_images\/555782185169350656\/3vXwOuV7_normal.png",
                "author_subname": "@Quibblelelelel",
                "pretext": "<https:\/\/twitter.com\/Quibblelelelel\/status\/697128808474759168>",
                "text": "<https:\/\/twitter.com\/Synereo|@Synereo> Yo, I was wondering if I could get an invite to your guys' slack channel. I'm interested in setting up a node.",
                "service_name": "twitter",
                "service_url": "https:\/\/twitter.com\/",
                "id": 1
            }
        ],
        "type": "message",
        "subtype": "bot_message",
        "ts": "1455043435.000064"
    },
    {
        "bot_id": "B04FD5HLZ",
        "attachments": [
            {
                "fallback": "<https:\/\/twitter.com\/EthereumPress|@EthereumPress>: .<https:\/\/twitter.com\/Synereo|@Synereo> update, working with the #Ethereum team on Casper and Proof of Stake and more\n<http:\/\/blog.synereo.com\/2016\/02\/07\/Synereo-Update\/>",
                "author_name": "Ethereum Press",
                "author_link": "https:\/\/twitter.com\/EthereumPress\/status\/697137080149929984",
                "author_icon": "https:\/\/pbs.twimg.com\/profile_images\/657140320275185664\/96WFHELJ_normal.png",
                "author_subname": "@EthereumPress",
                "pretext": "<https:\/\/twitter.com\/EthereumPress\/status\/697137080149929984>",
                "text": ".<https:\/\/twitter.com\/Synereo|@Synereo> update, working with the #Ethereum team on Casper and Proof of Stake and more\n<http:\/\/blog.synereo.com\/2016\/02\/07\/Synereo-Update\/>",
                "service_name": "twitter",
                "service_url": "https:\/\/twitter.com\/",
                "id": 1
            }
        ],
        "type": "message",
        "subtype": "bot_message",
        "ts": "1455045406.000065"
    },
    {
        "bot_id": "B04FD5HLZ",
        "attachments": [
            {
                "fallback": "<https:\/\/twitter.com\/EthereumPress|@EthereumPress>: .<https:\/\/twitter.com\/Synereo|@Synereo> update, working with the #Ethereum team on Casper and Proof of Stake and more\n<http:\/\/blog.synereo.com\/2016\/02\/07\/Synereo-Update\/>",
                "author_name": "Ethereum Press",
                "author_link": "https:\/\/twitter.com\/EthereumPress\/status\/697137080149929984",
                "author_icon": "https:\/\/pbs.twimg.com\/profile_images\/657140320275185664\/96WFHELJ_normal.png",
                "author_subname": "@EthereumPress",
                "pretext": "<https:\/\/twitter.com\/EthereumPress\/status\/697137080149929984>",
                "text": ".<https:\/\/twitter.com\/Synereo|@Synereo> update, working with the #Ethereum team on Casper and Proof of Stake and more\n<http:\/\/blog.synereo.com\/2016\/02\/07\/Synereo-Update\/>",
                "service_name": "twitter",
                "service_url": "https:\/\/twitter.com\/",
                "id": 1,
                "footer": "Retweeted by <https:\/\/twitter.com\/Synereo\/status\/697138069238112256|@Synereo>"
            }
        ],
        "type": "message",
        "subtype": "bot_message",
        "ts": "1455045643.000066"
    }
]