[
    {
        "bot_id": "B04FD5HLZ",
        "attachments": [
            {
                "fallback": "<https:\/\/twitter.com\/Synereo|@Synereo>: <https:\/\/twitter.com\/taoteh1221|@taoteh1221> That's Smart!  Thanks for the support!",
                "author_name": "Synereo",
                "author_link": "https:\/\/twitter.com\/Synereo\/status\/707526224747298816",
                "author_icon": "https:\/\/pbs.twimg.com\/profile_images\/522790259789025280\/FKRuSK66_normal.png",
                "author_subname": "@Synereo",
                "pretext": "<https:\/\/twitter.com\/Synereo\/status\/707526224747298816>",
                "text": "<https:\/\/twitter.com\/taoteh1221|@taoteh1221> That's Smart!  Thanks for the support!",
                "service_name": "twitter",
                "service_url": "https:\/\/twitter.com\/",
                "id": 1
            }
        ],
        "type": "message",
        "subtype": "bot_message",
        "ts": "1457522372.000117"
    },
    {
        "bot_id": "B04FD5HLZ",
        "attachments": [
            {
                "fallback": "<https:\/\/twitter.com\/Synereo|@Synereo>: Proof-of-Stake based scalable #blockchain moves from theory to testing. Crickets party in the #BTC focused media. <http:\/\/blog.synereo.com\/2016\/03\/06\/Synereo-Update\/>",
                "author_name": "Synereo",
                "author_link": "https:\/\/twitter.com\/Synereo\/status\/707536947409977344",
                "author_icon": "https:\/\/pbs.twimg.com\/profile_images\/522790259789025280\/FKRuSK66_normal.png",
                "author_subname": "@Synereo",
                "pretext": "<https:\/\/twitter.com\/Synereo\/status\/707536947409977344>",
                "text": "Proof-of-Stake based scalable #blockchain moves from theory to testing. Crickets party in the #BTC focused media. <http:\/\/blog.synereo.com\/2016\/03\/06\/Synereo-Update\/>",
                "service_name": "twitter",
                "service_url": "https:\/\/twitter.com\/",
                "id": 1
            }
        ],
        "type": "message",
        "subtype": "bot_message",
        "ts": "1457524928.000118"
    },
    {
        "type": "message",
        "user": "U0474E4KZ",
        "text": "<@U04BQ4FMC>: tweet about the reddit discussion too later.",
        "ts": "1457527601.000119",
        "reactions": [
            {
                "name": "white_check_mark",
                "users": [
                    "U04BQ4FMC"
                ],
                "count": 1
            }
        ]
    },
    {
        "bot_id": "B04FD5HLZ",
        "attachments": [
            {
                "fallback": "<https:\/\/twitter.com\/taoteh1221|@taoteh1221>: <https:\/\/twitter.com\/Synereo|@Synereo> Your welcome, best wishes building a great decentralized social network! :-)",
                "author_name": "Mike Kilday",
                "author_link": "https:\/\/twitter.com\/taoteh1221\/status\/707582113889976320",
                "author_icon": "https:\/\/pbs.twimg.com\/profile_images\/3532207465\/379080d9487b1cc133327cc4b8c2e800_normal.jpeg",
                "author_subname": "@taoteh1221",
                "pretext": "<https:\/\/twitter.com\/taoteh1221\/status\/707582113889976320>",
                "text": "<https:\/\/twitter.com\/Synereo|@Synereo> Your welcome, best wishes building a great decentralized social network! :-)",
                "service_name": "twitter",
                "service_url": "https:\/\/twitter.com\/",
                "id": 1
            }
        ],
        "type": "message",
        "subtype": "bot_message",
        "ts": "1457535696.000120"
    },
    {
        "bot_id": "B04FD5HLZ",
        "attachments": [
            {
                "fallback": "<https:\/\/twitter.com\/Synereo|@Synereo>: Live Synereo Community Hangout now! <https:\/\/plus.google.com\/hangouts\/_\/hoaevent\/AP36tYctAYKNo6MFIek-Dgq1KabvuQKWttGB7f0CNS-0sQYfeYb7KQ?eid=109002904706315055045&amp;hl=en&amp;authuser=0>",
                "author_name": "Synereo",
                "author_link": "https:\/\/twitter.com\/Synereo\/status\/707628625311481857",
                "author_icon": "https:\/\/pbs.twimg.com\/profile_images\/522790259789025280\/FKRuSK66_normal.png",
                "author_subname": "@Synereo",
                "pretext": "<https:\/\/twitter.com\/Synereo\/status\/707628625311481857>",
                "text": "Live Synereo Community Hangout now! <https:\/\/plus.google.com\/hangouts\/_\/hoaevent\/AP36tYctAYKNo6MFIek-Dgq1KabvuQKWttGB7f0CNS-0sQYfeYb7KQ?eid=109002904706315055045&amp;hl=en&amp;authuser=0>",
                "service_name": "twitter",
                "service_url": "https:\/\/twitter.com\/",
                "id": 1
            }
        ],
        "type": "message",
        "subtype": "bot_message",
        "ts": "1457546786.000121"
    },
    {
        "type": "message",
        "user": "U04BQ4FMC",
        "text": "^deleted that one",
        "ts": "1457548716.000122"
    },
    {
        "bot_id": "B04FD5HLZ",
        "attachments": [
            {
                "fallback": "<https:\/\/twitter.com\/Synereo|@Synereo>: Our Community hangout is live! <http:\/\/tinyurl.com\/hdbulvz> to participate #decentralized #distributed #network #platform #AMPs #blockchain",
                "author_name": "Synereo",
                "author_link": "https:\/\/twitter.com\/Synereo\/status\/707644912804761600",
                "author_icon": "https:\/\/pbs.twimg.com\/profile_images\/522790259789025280\/FKRuSK66_normal.png",
                "author_subname": "@Synereo",
                "pretext": "<https:\/\/twitter.com\/Synereo\/status\/707644912804761600>",
                "text": "Our Community hangout is live! <http:\/\/tinyurl.com\/hdbulvz> to participate #decentralized #distributed #network #platform #AMPs #blockchain",
                "service_name": "twitter",
                "service_url": "https:\/\/twitter.com\/",
                "id": 1
            }
        ],
        "type": "message",
        "subtype": "bot_message",
        "ts": "1457550669.000123"
    },
    {
        "bot_id": "B04FD5HLZ",
        "attachments": [
            {
                "fallback": "<https:\/\/twitter.com\/Synereo|@Synereo>: Watch our hangout on YouTube too!  Their comments are working live now.\n<https:\/\/www.youtube.com\/watch?v=OMYjzSztFs0>\n#decentralized   #platform  #blockchain",
                "author_name": "Synereo",
                "author_link": "https:\/\/twitter.com\/Synereo\/status\/707648356273750016",
                "author_icon": "https:\/\/pbs.twimg.com\/profile_images\/522790259789025280\/FKRuSK66_normal.png",
                "author_subname": "@Synereo",
                "pretext": "<https:\/\/twitter.com\/Synereo\/status\/707648356273750016>",
                "text": "Watch our hangout on YouTube too!  Their comments are working live now.\n<https:\/\/www.youtube.com\/watch?v=OMYjzSztFs0>\n#decentralized   #platform  #blockchain",
                "service_name": "twitter",
                "service_url": "https:\/\/twitter.com\/",
                "id": 1
            }
        ],
        "type": "message",
        "subtype": "bot_message",
        "ts": "1457551490.000124"
    }
]