[
    {
        "bot_id": "B04FD5HLZ",
        "attachments": [
            {
                "fallback": "<https:\/\/twitter.com\/lapin7|@lapin7>: I just had an AMAZING video conversation with <https:\/\/appear.in\/>. So easy it almost hurts! <https:\/\/twitter.com\/Synereo|@Synereo> <https:\/\/twitter.com\/BTCBoulevard|@BTCBoulevard>",
                "author_name": "HJ",
                "author_link": "https:\/\/twitter.com\/lapin7\/status\/691240397666938880",
                "author_icon": "https:\/\/pbs.twimg.com\/profile_images\/67314238\/elf_normal.jpg",
                "author_subname": "@lapin7",
                "pretext": "<https:\/\/twitter.com\/lapin7\/status\/691240397666938880>",
                "text": "I just had an AMAZING video conversation with <https:\/\/appear.in\/>. So easy it almost hurts! <https:\/\/twitter.com\/Synereo|@Synereo> <https:\/\/twitter.com\/BTCBoulevard|@BTCBoulevard>",
                "service_name": "twitter",
                "service_url": "https:\/\/twitter.com\/",
                "id": 1
            }
        ],
        "type": "message",
        "subtype": "bot_message",
        "ts": "1453639528.000003"
    },
    {
        "bot_id": "B04FD5HLZ",
        "attachments": [
            {
                "fallback": "<https:\/\/twitter.com\/ingenesist|@ingenesist>: <https:\/\/twitter.com\/Synereo|@Synereo> watch bitshares",
                "author_name": "ingenesist",
                "author_link": "https:\/\/twitter.com\/ingenesist\/status\/691342556349616128",
                "author_icon": "https:\/\/pbs.twimg.com\/profile_images\/581187907496460288\/AGpJLYk0_normal.png",
                "author_subname": "@ingenesist",
                "pretext": "<https:\/\/twitter.com\/ingenesist\/status\/691342556349616128>",
                "text": "<https:\/\/twitter.com\/Synereo|@Synereo> watch bitshares",
                "service_name": "twitter",
                "service_url": "https:\/\/twitter.com\/",
                "id": 1
            }
        ],
        "type": "message",
        "subtype": "bot_message",
        "ts": "1453663884.000004"
    }
]