[
    {
        "bot_id": "B04FD5HLZ",
        "attachments": [
            {
                "fallback": "<https:\/\/twitter.com\/Delawwer|@Delawwer>: <https:\/\/twitter.com\/Synereo|@Synereo> <https:\/\/www.youtube.com\/watch?v=fsQc_8Bn2vo> Aqu\u00ed el link para el hangout de synereo el miercoles 23 a las 2pm EST (New York). Si alguien quiere 1",
                "author_name": "Javier de Juan",
                "author_link": "https:\/\/twitter.com\/Delawwer\/status\/712053896051605504",
                "author_icon": "https:\/\/pbs.twimg.com\/profile_images\/1146262871\/marklenders_normal.png",
                "author_subname": "@Delawwer",
                "pretext": "<https:\/\/twitter.com\/Delawwer\/status\/712053896051605504>",
                "text": "<https:\/\/twitter.com\/Synereo|@Synereo> <https:\/\/www.youtube.com\/watch?v=fsQc_8Bn2vo> Aqu\u00ed el link para el hangout de synereo el miercoles 23 a las 2pm EST (New York). Si alguien quiere 1",
                "service_name": "twitter",
                "service_url": "https:\/\/twitter.com\/",
                "id": 1
            }
        ],
        "type": "message",
        "subtype": "bot_message",
        "ts": "1458601853.000029"
    },
    {
        "bot_id": "B04FD5HLZ",
        "attachments": [
            {
                "fallback": "<https:\/\/twitter.com\/Delawwer|@Delawwer>: <https:\/\/twitter.com\/Synereo|@Synereo> 2 enviad un mensaje a <mailto:synereomedia@gmail.com|synereomedia@gmail.com>",
                "author_name": "Javier de Juan",
                "author_link": "https:\/\/twitter.com\/Delawwer\/status\/712054044945215492",
                "author_icon": "https:\/\/pbs.twimg.com\/profile_images\/1146262871\/marklenders_normal.png",
                "author_subname": "@Delawwer",
                "pretext": "<https:\/\/twitter.com\/Delawwer\/status\/712054044945215492>",
                "text": "<https:\/\/twitter.com\/Synereo|@Synereo> 2 enviad un mensaje a <mailto:synereomedia@gmail.com|synereomedia@gmail.com>",
                "service_name": "twitter",
                "service_url": "https:\/\/twitter.com\/",
                "id": 1
            }
        ],
        "type": "message",
        "subtype": "bot_message",
        "ts": "1458601888.000030"
    },
    {
        "bot_id": "B04FD5HLZ",
        "attachments": [
            {
                "fallback": "<https:\/\/twitter.com\/Delawwer|@Delawwer>: <https:\/\/twitter.com\/Synereo|@Synereo> 2 participar e la conversaci\u00f3n enviad un email a <mailto:synereomedia@gmail.com|synereomedia@gmail.com>",
                "author_name": "Javier de Juan",
                "author_link": "https:\/\/twitter.com\/Delawwer\/status\/712054310813696000",
                "author_icon": "https:\/\/pbs.twimg.com\/profile_images\/1146262871\/marklenders_normal.png",
                "author_subname": "@Delawwer",
                "pretext": "<https:\/\/twitter.com\/Delawwer\/status\/712054310813696000>",
                "text": "<https:\/\/twitter.com\/Synereo|@Synereo> 2 participar e la conversaci\u00f3n enviad un email a <mailto:synereomedia@gmail.com|synereomedia@gmail.com>",
                "service_name": "twitter",
                "service_url": "https:\/\/twitter.com\/",
                "id": 1
            }
        ],
        "type": "message",
        "subtype": "bot_message",
        "ts": "1458601951.000031"
    }
]