[
    {
        "bot_id": "B04FD5HLZ",
        "attachments": [
            {
                "fallback": "<https:\/\/twitter.com\/Synereo|@Synereo>: We're live on the community hangout! <https:\/\/plus.google.com\/hangouts\/_\/hoaevent\/AP36tYet1ATfPNR42PTcq_txIEyEyQrPedN9M4OtJTzxw6nhnDGaiA?eid=109002904706315055045&amp;hl=en&amp;authuser=1> <https:\/\/twitter.com\/Synereo|@Synereo> <https:\/\/twitter.com\/LivelyGig|@LivelyGig>",
                "author_name": "Synereo",
                "author_link": "https:\/\/twitter.com\/Synereo\/status\/689887060455510016",
                "author_icon": "https:\/\/pbs.twimg.com\/profile_images\/522790259789025280\/FKRuSK66_normal.png",
                "author_subname": "@Synereo",
                "pretext": "<https:\/\/twitter.com\/Synereo\/status\/689887060455510016>",
                "text": "We're live on the community hangout! <https:\/\/plus.google.com\/hangouts\/_\/hoaevent\/AP36tYet1ATfPNR42PTcq_txIEyEyQrPedN9M4OtJTzxw6nhnDGaiA?eid=109002904706315055045&amp;hl=en&amp;authuser=1> <https:\/\/twitter.com\/Synereo|@Synereo> <https:\/\/twitter.com\/LivelyGig|@LivelyGig>",
                "service_name": "twitter",
                "service_url": "https:\/\/twitter.com\/",
                "id": 1
            }
        ],
        "type": "message",
        "subtype": "bot_message",
        "ts": "1453316867.000164"
    },
    {
        "bot_id": "B04FD5HLZ",
        "attachments": [
            {
                "fallback": "<https:\/\/twitter.com\/kor3shan|@kor3shan>: <http:\/\/eepurl.com\/bNwUkH> <https:\/\/twitter.com\/Synereo|@Synereo> 's weekly update here",
                "author_name": "Dynamic_Mantra",
                "author_link": "https:\/\/twitter.com\/kor3shan\/status\/689907186634457088",
                "author_icon": "https:\/\/pbs.twimg.com\/profile_images\/677599940206555141\/jrDvhYcG_normal.jpg",
                "author_subname": "@kor3shan",
                "pretext": "<https:\/\/twitter.com\/kor3shan\/status\/689907186634457088>",
                "text": "<http:\/\/eepurl.com\/bNwUkH> <https:\/\/twitter.com\/Synereo|@Synereo> 's weekly update here",
                "service_name": "twitter",
                "service_url": "https:\/\/twitter.com\/",
                "id": 1
            }
        ],
        "type": "message",
        "subtype": "bot_message",
        "ts": "1453321666.000165"
    },
    {
        "bot_id": "B04FD5HLZ",
        "attachments": [
            {
                "fallback": "<https:\/\/twitter.com\/Synereo|@Synereo>: Dina Suspino talks #synereo UX design: <http:\/\/tinyurl.com\/gnlg5y3>\n#blockchain #bitcoin #socialmedia",
                "author_name": "Synereo",
                "author_link": "https:\/\/twitter.com\/Synereo\/status\/689916961547939840",
                "author_icon": "https:\/\/pbs.twimg.com\/profile_images\/522790259789025280\/FKRuSK66_normal.png",
                "author_subname": "@Synereo",
                "pretext": "<https:\/\/twitter.com\/Synereo\/status\/689916961547939840>",
                "text": "Dina Suspino talks #synereo UX design: <http:\/\/tinyurl.com\/gnlg5y3>\n#blockchain #bitcoin #socialmedia",
                "service_name": "twitter",
                "service_url": "https:\/\/twitter.com\/",
                "id": 1
            }
        ],
        "type": "message",
        "subtype": "bot_message",
        "ts": "1453323996.000166"
    },
    {
        "bot_id": "B04FD5HLZ",
        "attachments": [
            {
                "fallback": "<https:\/\/twitter.com\/Synereo|@Synereo>: Dina Supino talks #synereo UX design: <http:\/\/tinyurl.com\/gnlg5y3> \n#blockchain #bitcoin #socialmedia",
                "author_name": "Synereo",
                "author_link": "https:\/\/twitter.com\/Synereo\/status\/689917796809977856",
                "author_icon": "https:\/\/pbs.twimg.com\/profile_images\/522790259789025280\/FKRuSK66_normal.png",
                "author_subname": "@Synereo",
                "pretext": "<https:\/\/twitter.com\/Synereo\/status\/689917796809977856>",
                "text": "Dina Supino talks #synereo UX design: <http:\/\/tinyurl.com\/gnlg5y3> \n#blockchain #bitcoin #socialmedia",
                "service_name": "twitter",
                "service_url": "https:\/\/twitter.com\/",
                "id": 1
            }
        ],
        "type": "message",
        "subtype": "bot_message",
        "ts": "1453324195.000167"
    },
    {
        "bot_id": "B04FD5HLZ",
        "attachments": [
            {
                "fallback": "<https:\/\/twitter.com\/Synereo|@Synereo>: The blockchain is likely going to be a mix of #Ethereum 2.0 and #Synereo technology #bros <http:\/\/tinyurl.com\/hlmp7l4>",
                "author_name": "Synereo",
                "author_link": "https:\/\/twitter.com\/Synereo\/status\/689937989443584004",
                "author_icon": "https:\/\/pbs.twimg.com\/profile_images\/522790259789025280\/FKRuSK66_normal.png",
                "author_subname": "@Synereo",
                "pretext": "<https:\/\/twitter.com\/Synereo\/status\/689937989443584004>",
                "text": "The blockchain is likely going to be a mix of #Ethereum 2.0 and #Synereo technology #bros <http:\/\/tinyurl.com\/hlmp7l4>",
                "service_name": "twitter",
                "service_url": "https:\/\/twitter.com\/",
                "id": 1
            }
        ],
        "type": "message",
        "subtype": "bot_message",
        "ts": "1453329009.000168"
    }
]