[
    {
        "bot_id": "B04FD5HLZ",
        "attachments": [
            {
                "fallback": "<https:\/\/twitter.com\/Coinosphere|@Coinosphere>: #Bitcoin and #blockchain startups booming in Israel <https:\/\/twitter.com\/BitcoinemBassy|@BitcoinemBassy> <https:\/\/twitter.com\/BitcoinIL|@BitcoinIL> <https:\/\/twitter.com\/SpondooliesTech|@SpondooliesTech> <https:\/\/twitter.com\/getgemsorg|@getgemsorg> <https:\/\/twitter.com\/Synereo|@Synereo> <http:\/\/bravenewcoin.com\/news\/bitcoin-and-blockchain-startups-booming-in-israel\/>",
                "author_name": "Luke Parker",
                "author_link": "https:\/\/twitter.com\/Coinosphere\/status\/709433613675315200",
                "author_icon": "https:\/\/pbs.twimg.com\/profile_images\/578090950204899328\/lVjErf-s_normal.png",
                "author_subname": "@Coinosphere",
                "pretext": "<https:\/\/twitter.com\/Coinosphere\/status\/709433613675315200>",
                "text": "#Bitcoin and #blockchain startups booming in Israel <https:\/\/twitter.com\/BitcoinemBassy|@BitcoinemBassy> <https:\/\/twitter.com\/BitcoinIL|@BitcoinIL> <https:\/\/twitter.com\/SpondooliesTech|@SpondooliesTech> <https:\/\/twitter.com\/getgemsorg|@getgemsorg> <https:\/\/twitter.com\/Synereo|@Synereo> <http:\/\/bravenewcoin.com\/news\/bitcoin-and-blockchain-startups-booming-in-israel\/>",
                "service_name": "twitter",
                "service_url": "https:\/\/twitter.com\/",
                "id": 1
            }
        ],
        "type": "message",
        "subtype": "bot_message",
        "ts": "1457977129.000010"
    },
    {
        "username": "IFTTT",
        "icons": {
            "image_36": "https:\/\/a.slack-edge.com\/66f9\/img\/services\/ifttt_36.png",
            "image_48": "https:\/\/a.slack-edge.com\/66f9\/img\/services\/ifttt_48.png",
            "image_72": "https:\/\/a.slack-edge.com\/66f9\/img\/services\/ifttt_72.png"
        },
        "attachments": [
            {
                "pretext": "Ethereum's advantages for Bitcoin highlight how Ethereum has won the smart contract market for years to come - at a minimum via \/r\/ethtrader <http:\/\/ift.tt\/21rWxY2>",
                "service_name": "reddit",
                "title": "Ethereum's advantages for Bitcoin highlight how Ethereum has won the smart contract market for years to come - at a minimum \u2022 \/r\/ethtrader",
                "title_link": "http:\/\/ift.tt\/21rWxY2",
                "text": "If you're new to Ethereum, but in love with Bitcoin, you may be thinking, \"well, Ethereum is winning now, but Rootstock is still a contender\"....",
                "fallback": "Ethereum's advantages for Bitcoin highlight how Ethereum has won the smart contract market for years to come - at a minimum via \/r\/ethtrader <http:\/\/ift.tt\/21rWxY2>",
                "thumb_url": "https:\/\/www.redditstatic.com\/icon.png",
                "from_url": "http:\/\/ift.tt\/21rWxY2",
                "thumb_width": 256,
                "thumb_height": 256,
                "id": 1,
                "mrkdwn_in": [
                    "text",
                    "pretext"
                ]
            }
        ],
        "mrkdwn": true,
        "type": "message",
        "subtype": "bot_message",
        "ts": "1457990018.000011"
    }
]