[
    {
        "bot_id": "B04FD5HLZ",
        "attachments": [
            {
                "fallback": "<https:\/\/twitter.com\/omeryarkowich|@omeryarkowich>: <https:\/\/twitter.com\/sirosenbaum|@sirosenbaum> <https:\/\/twitter.com\/mux2000|@mux2000> Hi <https:\/\/twitter.com\/Synereo|@Synereo>, can contribute to this discussion? You're working on something in this space, aren't you?",
                "author_name": "Omer Yarkowich",
                "author_link": "https:\/\/twitter.com\/omeryarkowich\/status\/695957866017124353",
                "author_icon": "https:\/\/pbs.twimg.com\/profile_images\/676132359708766208\/GEJPQ1SH_normal.jpg",
                "author_subname": "@omeryarkowich",
                "pretext": "<https:\/\/twitter.com\/omeryarkowich\/status\/695957866017124353>",
                "text": "<https:\/\/twitter.com\/sirosenbaum|@sirosenbaum> <https:\/\/twitter.com\/mux2000|@mux2000> Hi <https:\/\/twitter.com\/Synereo|@Synereo>, can contribute to this discussion? You're working on something in this space, aren't you?",
                "service_name": "twitter",
                "service_url": "https:\/\/twitter.com\/",
                "id": 1
            }
        ],
        "type": "message",
        "subtype": "bot_message",
        "ts": "1454764260.000050"
    },
    {
        "bot_id": "B04FD5HLZ",
        "attachments": [
            {
                "fallback": "<https:\/\/twitter.com\/Synereo|@Synereo>: <https:\/\/twitter.com\/omeryarkowich|@omeryarkowich> <https:\/\/twitter.com\/sirosenbaum|@sirosenbaum> <https:\/\/twitter.com\/mux2000|@mux2000> \n<http:\/\/www.synereo.com>",
                "author_name": "Synereo",
                "author_link": "https:\/\/twitter.com\/Synereo\/status\/695987673396338688",
                "author_icon": "https:\/\/pbs.twimg.com\/profile_images\/522790259789025280\/FKRuSK66_normal.png",
                "author_subname": "@Synereo",
                "pretext": "<https:\/\/twitter.com\/Synereo\/status\/695987673396338688>",
                "text": "<https:\/\/twitter.com\/omeryarkowich|@omeryarkowich> <https:\/\/twitter.com\/sirosenbaum|@sirosenbaum> <https:\/\/twitter.com\/mux2000|@mux2000> \n<http:\/\/www.synereo.com>",
                "service_name": "twitter",
                "service_url": "https:\/\/twitter.com\/",
                "id": 1
            }
        ],
        "type": "message",
        "subtype": "bot_message",
        "ts": "1454771366.000051"
    },
    {
        "bot_id": "B04FD5HLZ",
        "attachments": [
            {
                "fallback": "<https:\/\/twitter.com\/mux2000|@mux2000>: <https:\/\/twitter.com\/Synereo|@Synereo> <https:\/\/twitter.com\/omeryarkowich|@omeryarkowich> <https:\/\/twitter.com\/sirosenbaum|@sirosenbaum> WHERE'S THE DOWNLOAD BUTTON",
                "author_name": "mux 2000",
                "author_link": "https:\/\/twitter.com\/mux2000\/status\/695989805151203328",
                "author_icon": "https:\/\/pbs.twimg.com\/profile_images\/693867682769281024\/stwpAY0s_normal.jpg",
                "author_subname": "@mux2000",
                "pretext": "<https:\/\/twitter.com\/mux2000\/status\/695989805151203328>",
                "text": "<https:\/\/twitter.com\/Synereo|@Synereo> <https:\/\/twitter.com\/omeryarkowich|@omeryarkowich> <https:\/\/twitter.com\/sirosenbaum|@sirosenbaum> WHERE'S THE DOWNLOAD BUTTON",
                "service_name": "twitter",
                "service_url": "https:\/\/twitter.com\/",
                "id": 1
            }
        ],
        "type": "message",
        "subtype": "bot_message",
        "ts": "1454771875.000052"
    },
    {
        "bot_id": "B04FD5HLZ",
        "attachments": [
            {
                "fallback": "<https:\/\/twitter.com\/Synereo|@Synereo>: <https:\/\/twitter.com\/mux2000|@mux2000> <https:\/\/twitter.com\/omeryarkowich|@omeryarkowich> <https:\/\/twitter.com\/sirosenbaum|@sirosenbaum> Working on it. Click the sign up one for now eh?",
                "author_name": "Synereo",
                "author_link": "https:\/\/twitter.com\/Synereo\/status\/696047539498446848",
                "author_icon": "https:\/\/pbs.twimg.com\/profile_images\/522790259789025280\/FKRuSK66_normal.png",
                "author_subname": "@Synereo",
                "pretext": "<https:\/\/twitter.com\/Synereo\/status\/696047539498446848>",
                "text": "<https:\/\/twitter.com\/mux2000|@mux2000> <https:\/\/twitter.com\/omeryarkowich|@omeryarkowich> <https:\/\/twitter.com\/sirosenbaum|@sirosenbaum> Working on it. Click the sign up one for now eh?",
                "service_name": "twitter",
                "service_url": "https:\/\/twitter.com\/",
                "id": 1
            }
        ],
        "type": "message",
        "subtype": "bot_message",
        "ts": "1454785640.000053"
    },
    {
        "bot_id": "B04FD5HLZ",
        "attachments": [
            {
                "fallback": "<https:\/\/twitter.com\/mux2000|@mux2000>: <https:\/\/twitter.com\/Synereo|@Synereo> <https:\/\/twitter.com\/omeryarkowich|@omeryarkowich> <https:\/\/twitter.com\/sirosenbaum|@sirosenbaum> \u05d7\u05d7\u05d7 \u05e1\u05d1\u05d1\u05d4",
                "author_name": "mux 2000",
                "author_link": "https:\/\/twitter.com\/mux2000\/status\/696048328824512512",
                "author_icon": "https:\/\/pbs.twimg.com\/profile_images\/693867682769281024\/stwpAY0s_normal.jpg",
                "author_subname": "@mux2000",
                "pretext": "<https:\/\/twitter.com\/mux2000\/status\/696048328824512512>",
                "text": "<https:\/\/twitter.com\/Synereo|@Synereo> <https:\/\/twitter.com\/omeryarkowich|@omeryarkowich> <https:\/\/twitter.com\/sirosenbaum|@sirosenbaum> \u05d7\u05d7\u05d7 \u05e1\u05d1\u05d1\u05d4",
                "service_name": "twitter",
                "service_url": "https:\/\/twitter.com\/",
                "id": 1
            }
        ],
        "type": "message",
        "subtype": "bot_message",
        "ts": "1454785828.000054"
    }
]