[
    {
        "bot_id": "B04FD5HLZ",
        "attachments": [
            {
                "fallback": "<https:\/\/twitter.com\/dlevy2013|@dlevy2013>: Hey <https:\/\/twitter.com\/ingenesist|@ingenesist> have you connected with the <https:\/\/twitter.com\/Synereo|@Synereo> people about <https:\/\/twitter.com\/Curiosume|@Curiosume> yet? You all need to get in sync! #OpenData #Collaboration",
                "author_name": "Daniel Levy",
                "author_link": "https:\/\/twitter.com\/dlevy2013\/status\/691091004770766849",
                "author_icon": "https:\/\/pbs.twimg.com\/profile_images\/689585954764402688\/9IZEJAqw_normal.jpg",
                "author_subname": "@dlevy2013",
                "pretext": "<https:\/\/twitter.com\/dlevy2013\/status\/691091004770766849>",
                "text": "Hey <https:\/\/twitter.com\/ingenesist|@ingenesist> have you connected with the <https:\/\/twitter.com\/Synereo|@Synereo> people about <https:\/\/twitter.com\/Curiosume|@Curiosume> yet? You all need to get in sync! #OpenData #Collaboration",
                "service_name": "twitter",
                "service_url": "https:\/\/twitter.com\/",
                "id": 1
            }
        ],
        "type": "message",
        "subtype": "bot_message",
        "ts": "1453603910.000002"
    }
]