[
    {
        "bot_id": "B04FD5HLZ",
        "attachments": [
            {
                "fallback": "<https:\/\/twitter.com\/Synereo|@Synereo>: Looking for developers w\/experience in #Scala #Functionalprogramming #Distributednetwork #apps #Processcalculi <https:\/\/pbs.twimg.com\/media\/CePcyD9W4AEO9b5.png>",
                "author_name": "Synereo",
                "author_link": "https:\/\/twitter.com\/Synereo\/status\/712655919910412289",
                "author_icon": "https:\/\/pbs.twimg.com\/profile_images\/522790259789025280\/FKRuSK66_normal.png",
                "author_subname": "@Synereo",
                "pretext": "<https:\/\/twitter.com\/Synereo\/status\/712655919910412289>",
                "text": "Looking for developers w\/experience in #Scala #Functionalprogramming #Distributednetwork #apps #Processcalculi <https:\/\/pbs.twimg.com\/media\/CePcyD9W4AEO9b5.png>",
                "service_name": "twitter",
                "service_url": "https:\/\/twitter.com\/",
                "image_url": "https:\/\/pbs.twimg.com\/media\/CePcyD9W4AEO9b5.png",
                "image_width": 190,
                "image_height": 190,
                "image_bytes": 27363,
                "id": 1
            }
        ],
        "type": "message",
        "subtype": "bot_message",
        "ts": "1458745387.000041"
    },
    {
        "type": "message",
        "user": "U04BB1PCG",
        "text": "Retweeted! :simple_smile:",
        "ts": "1458745939.000042"
    },
    {
        "bot_id": "B04FD5HLZ",
        "attachments": [
            {
                "fallback": "<https:\/\/twitter.com\/declara_brain|@declara_brain>: .<https:\/\/twitter.com\/Synereo|@Synereo> what topics do you influence?\nyour weekly topic influence profile <https:\/\/declara.com\/cg\/profile\/Synereo\/cg> <https:\/\/pbs.twimg.com\/media\/CePxBgmUEAAPRxR.jpg>",
                "author_name": "Declara Brain",
                "author_link": "https:\/\/twitter.com\/declara_brain\/status\/712678174757269504",
                "author_icon": "https:\/\/pbs.twimg.com\/profile_images\/654806551463522304\/GAoRCy0T_normal.png",
                "author_subname": "@declara_brain",
                "pretext": "<https:\/\/twitter.com\/declara_brain\/status\/712678174757269504>",
                "text": ".<https:\/\/twitter.com\/Synereo|@Synereo> what topics do you influence?\nyour weekly topic influence profile <https:\/\/declara.com\/cg\/profile\/Synereo\/cg> <https:\/\/pbs.twimg.com\/media\/CePxBgmUEAAPRxR.jpg>",
                "service_name": "twitter",
                "service_url": "https:\/\/twitter.com\/",
                "image_url": "https:\/\/pbs.twimg.com\/media\/CePxBgmUEAAPRxR.jpg",
                "image_width": 440,
                "image_height": 220,
                "image_bytes": 16493,
                "id": 1
            }
        ],
        "type": "message",
        "subtype": "bot_message",
        "ts": "1458750693.000043"
    },
    {
        "type": "message",
        "user": "U0PCK9TKL",
        "text": "unrelated to synereo but this is going to be awesome!  <https:\/\/theintercept.com\/a-conversation-about-privacy\/>",
        "ts": "1458754120.000044"
    },
    {
        "bot_id": "B04FD5HLZ",
        "attachments": [
            {
                "fallback": "<https:\/\/twitter.com\/Synereo|@Synereo>: Our Community Hangout - all the latest news! #distributed #decentralized #socialnetwork #platform #blockchain #AMPs\n<https:\/\/www.youtube.com\/watch?v=fsQc_8Bn2vo>",
                "author_name": "Synereo",
                "author_link": "https:\/\/twitter.com\/Synereo\/status\/712697485043634177",
                "author_icon": "https:\/\/pbs.twimg.com\/profile_images\/522790259789025280\/FKRuSK66_normal.png",
                "author_subname": "@Synereo",
                "pretext": "<https:\/\/twitter.com\/Synereo\/status\/712697485043634177>",
                "text": "Our Community Hangout - all the latest news! #distributed #decentralized #socialnetwork #platform #blockchain #AMPs\n<https:\/\/www.youtube.com\/watch?v=fsQc_8Bn2vo>",
                "service_name": "twitter",
                "service_url": "https:\/\/twitter.com\/",
                "id": 1
            }
        ],
        "type": "message",
        "subtype": "bot_message",
        "ts": "1458755296.000045"
    },
    {
        "bot_id": "B04FD5HLZ",
        "attachments": [
            {
                "fallback": "<https:\/\/twitter.com\/Synereo|@Synereo>: Participate in the hangout! (keep trying if it's full!)  <https:\/\/plus.google.com\/hangouts\/_\/hoaevent\/AP36tYeSJ0ns68N5Q1yPuT00rZzirNgCOz6aJ9DnxOs23slVprRWhw?eid=109002904706315055045&amp;hl=en&amp;authuser=0>",
                "author_name": "Synereo",
                "author_link": "https:\/\/twitter.com\/Synereo\/status\/712703589832069120",
                "author_icon": "https:\/\/pbs.twimg.com\/profile_images\/522790259789025280\/FKRuSK66_normal.png",
                "author_subname": "@Synereo",
                "pretext": "<https:\/\/twitter.com\/Synereo\/status\/712703589832069120>",
                "text": "Participate in the hangout! (keep trying if it's full!)  <https:\/\/plus.google.com\/hangouts\/_\/hoaevent\/AP36tYeSJ0ns68N5Q1yPuT00rZzirNgCOz6aJ9DnxOs23slVprRWhw?eid=109002904706315055045&amp;hl=en&amp;authuser=0>",
                "service_name": "twitter",
                "service_url": "https:\/\/twitter.com\/",
                "id": 1
            }
        ],
        "type": "message",
        "subtype": "bot_message",
        "ts": "1458756752.000046"
    },
    {
        "bot_id": "B04FD5HLZ",
        "attachments": [
            {
                "fallback": "<https:\/\/twitter.com\/Synereo|@Synereo>: Synereo Community Hangout: <http:\/\/youtu.be\/fsQc_8Bn2vo?a> via <https:\/\/twitter.com\/YouTube|@YouTube>",
                "author_name": "Synereo",
                "author_link": "https:\/\/twitter.com\/Synereo\/status\/712721608310398976",
                "author_icon": "https:\/\/pbs.twimg.com\/profile_images\/522790259789025280\/FKRuSK66_normal.png",
                "author_subname": "@Synereo",
                "pretext": "<https:\/\/twitter.com\/Synereo\/status\/712721608310398976>",
                "text": "Synereo Community Hangout: <http:\/\/youtu.be\/fsQc_8Bn2vo?a> via <https:\/\/twitter.com\/YouTube|@YouTube>",
                "service_name": "twitter",
                "service_url": "https:\/\/twitter.com\/",
                "id": 1
            }
        ],
        "type": "message",
        "subtype": "bot_message",
        "ts": "1458761047.000047"
    },
    {
        "bot_id": "B04FD5HLZ",
        "attachments": [
            {
                "fallback": "<https:\/\/twitter.com\/EdEykholt|@EdEykholt>: Thanks <https:\/\/twitter.com\/queentatiana|@queentatiana> for video from show discussing <https:\/\/twitter.com\/LivelyGig|@LivelyGig> and #freelance #marketplace #bitcoin <https:\/\/twitter.com\/Synereo|@Synereo> <http:\/\/youtu.be\/cH4BjBtd8TA?a>",
                "author_name": "Ed Eykholt",
                "author_link": "https:\/\/twitter.com\/EdEykholt\/status\/712723602685108226",
                "author_icon": "https:\/\/pbs.twimg.com\/profile_images\/1165648483\/business_card_normal.jpg",
                "author_subname": "@EdEykholt",
                "pretext": "<https:\/\/twitter.com\/EdEykholt\/status\/712723602685108226>",
                "text": "Thanks <https:\/\/twitter.com\/queentatiana|@queentatiana> for video from show discussing <https:\/\/twitter.com\/LivelyGig|@LivelyGig> and #freelance #marketplace #bitcoin <https:\/\/twitter.com\/Synereo|@Synereo> <http:\/\/youtu.be\/cH4BjBtd8TA?a>",
                "service_name": "twitter",
                "service_url": "https:\/\/twitter.com\/",
                "id": 1
            }
        ],
        "type": "message",
        "subtype": "bot_message",
        "ts": "1458761523.000048"
    },
    {
        "bot_id": "B04FD5HLZ",
        "attachments": [
            {
                "fallback": "<https:\/\/twitter.com\/BitcoinUitleg|@BitcoinUitleg>: #crypt070 Bitcoin meetup in Den Haag, over <https:\/\/twitter.com\/Synereo|@Synereo> <https:\/\/twitter.com\/Dashpay|@Dashpay> <https:\/\/twitter.com\/bitmymoney|@bitmymoney> <https:\/\/pbs.twimg.com\/media\/CeQn3ESWEAA1k5I.jpg>",
                "author_name": "Bitcoin Uitleg",
                "author_link": "https:\/\/twitter.com\/BitcoinUitleg\/status\/712738477247438849",
                "author_icon": "https:\/\/pbs.twimg.com\/profile_images\/616964530460078080\/JoFNHh6P_normal.jpg",
                "author_subname": "@BitcoinUitleg",
                "pretext": "<https:\/\/twitter.com\/BitcoinUitleg\/status\/712738477247438849>",
                "text": "#crypt070 Bitcoin meetup in Den Haag, over <https:\/\/twitter.com\/Synereo|@Synereo> <https:\/\/twitter.com\/Dashpay|@Dashpay> <https:\/\/twitter.com\/bitmymoney|@bitmymoney> <https:\/\/pbs.twimg.com\/media\/CeQn3ESWEAA1k5I.jpg>",
                "service_name": "twitter",
                "service_url": "https:\/\/twitter.com\/",
                "image_url": "https:\/\/pbs.twimg.com\/media\/CeQn3ESWEAA1k5I.jpg",
                "image_width": 600,
                "image_height": 450,
                "image_bytes": 44030,
                "id": 1
            }
        ],
        "type": "message",
        "subtype": "bot_message",
        "ts": "1458765070.000049"
    }
]