[
    {
        "bot_id": "B04FD5HLZ",
        "attachments": [
            {
                "fallback": "<https:\/\/twitter.com\/trentjmacdonald|@trentjmacdonald>: Panel on alternative economies and reputation-based systems #BlockchainSYD <https:\/\/twitter.com\/yaoeo|@yaoeo> <https:\/\/twitter.com\/Synereo|@Synereo> <https:\/\/twitter.com\/mbauwens|@mbauwens> <https:\/\/twitter.com\/profjasonpotts|@profjasonpotts> <https:\/\/youtu.be\/aM57WEl0cDI>",
                "author_name": "Trent MacDonald",
                "author_link": "https:\/\/twitter.com\/trentjmacdonald\/status\/699787697703890944",
                "author_icon": "https:\/\/pbs.twimg.com\/profile_images\/680279272087359494\/rFzhNlp7_normal.png",
                "author_subname": "@trentjmacdonald",
                "pretext": "<https:\/\/twitter.com\/trentjmacdonald\/status\/699787697703890944>",
                "text": "Panel on alternative economies and reputation-based systems #BlockchainSYD <https:\/\/twitter.com\/yaoeo|@yaoeo> <https:\/\/twitter.com\/Synereo|@Synereo> <https:\/\/twitter.com\/mbauwens|@mbauwens> <https:\/\/twitter.com\/profjasonpotts|@profjasonpotts> <https:\/\/youtu.be\/aM57WEl0cDI>",
                "service_name": "twitter",
                "service_url": "https:\/\/twitter.com\/",
                "id": 1
            }
        ],
        "type": "message",
        "subtype": "bot_message",
        "ts": "1455677363.000002"
    },
    {
        "bot_id": "B04FD5HLZ",
        "attachments": [
            {
                "fallback": "<https:\/\/twitter.com\/lapin7|@lapin7>: Logo try outs of <https:\/\/twitter.com\/Synereo|@Synereo> <https:\/\/twitter.com\/BTCBoulevard|@BTCBoulevard> <https:\/\/twitter.com\/paulbuitink|@paulbuitink> \n<https:\/\/www.youtube.com\/watch?v=m2sQTDrrXeI>",
                "author_name": "HJ",
                "author_link": "https:\/\/twitter.com\/lapin7\/status\/699854258926186496",
                "author_icon": "https:\/\/pbs.twimg.com\/profile_images\/694808300643340288\/0CVY8LDX_normal.png",
                "author_subname": "@lapin7",
                "pretext": "<https:\/\/twitter.com\/lapin7\/status\/699854258926186496>",
                "text": "Logo try outs of <https:\/\/twitter.com\/Synereo|@Synereo> <https:\/\/twitter.com\/BTCBoulevard|@BTCBoulevard> <https:\/\/twitter.com\/paulbuitink|@paulbuitink> \n<https:\/\/www.youtube.com\/watch?v=m2sQTDrrXeI>",
                "service_name": "twitter",
                "service_url": "https:\/\/twitter.com\/",
                "id": 1
            }
        ],
        "type": "message",
        "subtype": "bot_message",
        "ts": "1455693232.000003"
    }
]