[
    {
        "bot_id": "B04FD5HLZ",
        "attachments": [
            {
                "fallback": "<https:\/\/twitter.com\/21xhipster|@21xhipster>: <https:\/\/twitter.com\/mikeloukides|@mikeloukides> <https:\/\/twitter.com\/Medium|@Medium> Google AMP is a serious argument to bet against Google to <https:\/\/twitter.com\/Synereo|@Synereo> AMP",
                "author_name": "Dima Starodubcev",
                "author_link": "https:\/\/twitter.com\/21xhipster\/status\/710511590509056001",
                "author_icon": "https:\/\/pbs.twimg.com\/profile_images\/561496613865009154\/GWar3pzK_normal.jpeg",
                "author_subname": "@21xhipster",
                "pretext": "<https:\/\/twitter.com\/21xhipster\/status\/710511590509056001>",
                "text": "<https:\/\/twitter.com\/mikeloukides|@mikeloukides> <https:\/\/twitter.com\/Medium|@Medium> Google AMP is a serious argument to bet against Google to <https:\/\/twitter.com\/Synereo|@Synereo> AMP",
                "service_name": "twitter",
                "service_url": "https:\/\/twitter.com\/",
                "id": 1
            }
        ],
        "type": "message",
        "subtype": "bot_message",
        "ts": "1458234138.000019"
    },
    {
        "user": "U0TJN6K09",
        "type": "message",
        "subtype": "channel_join",
        "text": "<@U0TJN6K09|agent_kat> has joined the channel",
        "ts": "1458268379.000020"
    },
    {
        "user": "U0TKLLX7Z",
        "type": "message",
        "subtype": "channel_join",
        "text": "<@U0TKLLX7Z|kennyrowe> has joined the channel",
        "ts": "1458279760.000021"
    }
]