[
    {
        "bot_id": "B04FD5HLZ",
        "attachments": [
            {
                "fallback": "<https:\/\/twitter.com\/lapin7|@lapin7>: <http:\/\/musically.com\/2016\/02\/02\/benji-rogers-and-imogen-heap-talk-building-the-music-blockchain\/?utm_content=buffer98352&amp;utm_medium=social&amp;utm_source=twitter.com&amp;utm_campaign=buffer> <https:\/\/twitter.com\/Synereo|@Synereo> <https:\/\/twitter.com\/BTCBoulevard|@BTCBoulevard>",
                "author_name": "HJ",
                "author_link": "https:\/\/twitter.com\/lapin7\/status\/695185839207419904",
                "author_icon": "https:\/\/pbs.twimg.com\/profile_images\/694808300643340288\/0CVY8LDX_normal.png",
                "author_subname": "@lapin7",
                "pretext": "<https:\/\/twitter.com\/lapin7\/status\/695185839207419904>",
                "text": "<http:\/\/musically.com\/2016\/02\/02\/benji-rogers-and-imogen-heap-talk-building-the-music-blockchain\/?utm_content=buffer98352&amp;utm_medium=social&amp;utm_source=twitter.com&amp;utm_campaign=buffer> <https:\/\/twitter.com\/Synereo|@Synereo> <https:\/\/twitter.com\/BTCBoulevard|@BTCBoulevard>",
                "service_name": "twitter",
                "service_url": "https:\/\/twitter.com\/",
                "id": 1
            }
        ],
        "type": "message",
        "subtype": "bot_message",
        "ts": "1454580195.000046"
    },
    {
        "bot_id": "B04FD5HLZ",
        "attachments": [
            {
                "fallback": "<https:\/\/twitter.com\/CoinTelegraph|@CoinTelegraph>: Decentralized Social #Networks with #Bitcoin <http:\/\/cointelegraph.com\/news\/social-network-bitcoin-facebook-youtube> <https:\/\/twitter.com\/dattnetwork|@dattnetwork> <https:\/\/twitter.com\/DECENTplatform|@DECENTplatform> <https:\/\/twitter.com\/Synereo|@Synereo> <https:\/\/pbs.twimg.com\/media\/CaZa_NcUkAEoEUj.jpg>",
                "author_name": "CoinTelegraph",
                "author_link": "https:\/\/twitter.com\/CoinTelegraph\/status\/695343236232024066",
                "author_icon": "https:\/\/pbs.twimg.com\/profile_images\/603149528028422145\/baXIBlVS_normal.png",
                "author_subname": "@CoinTelegraph",
                "pretext": "<https:\/\/twitter.com\/CoinTelegraph\/status\/695343236232024066>",
                "text": "Decentralized Social #Networks with #Bitcoin <http:\/\/cointelegraph.com\/news\/social-network-bitcoin-facebook-youtube> <https:\/\/twitter.com\/dattnetwork|@dattnetwork> <https:\/\/twitter.com\/DECENTplatform|@DECENTplatform> <https:\/\/twitter.com\/Synereo|@Synereo> <https:\/\/pbs.twimg.com\/media\/CaZa_NcUkAEoEUj.jpg>",
                "service_name": "twitter",
                "service_url": "https:\/\/twitter.com\/",
                "image_url": "https:\/\/pbs.twimg.com\/media\/CaZa_NcUkAEoEUj.jpg",
                "image_width": 600,
                "image_height": 400,
                "image_bytes": 58187,
                "id": 1
            }
        ],
        "type": "message",
        "subtype": "bot_message",
        "ts": "1454617721.000047"
    },
    {
        "bot_id": "B04FD5HLZ",
        "attachments": [
            {
                "fallback": "<https:\/\/twitter.com\/ofnumbers|@ofnumbers>: <https:\/\/twitter.com\/CoinTelegraph|@CoinTelegraph> <https:\/\/twitter.com\/dattnetwork|@dattnetwork> <https:\/\/twitter.com\/DECENTplatform|@DECENTplatform> <https:\/\/twitter.com\/Synereo|@Synereo> pretty good pic <https:\/\/twitter.com\/ryanxcharles|@ryanxcharles>",
                "author_name": "Tim Swanson",
                "author_link": "https:\/\/twitter.com\/ofnumbers\/status\/695416023961341952",
                "author_icon": "https:\/\/pbs.twimg.com\/profile_images\/585162445611606019\/F5o0cnwx_normal.jpg",
                "author_subname": "@ofnumbers",
                "pretext": "<https:\/\/twitter.com\/ofnumbers\/status\/695416023961341952>",
                "text": "<https:\/\/twitter.com\/CoinTelegraph|@CoinTelegraph> <https:\/\/twitter.com\/dattnetwork|@dattnetwork> <https:\/\/twitter.com\/DECENTplatform|@DECENTplatform> <https:\/\/twitter.com\/Synereo|@Synereo> pretty good pic <https:\/\/twitter.com\/ryanxcharles|@ryanxcharles>",
                "service_name": "twitter",
                "service_url": "https:\/\/twitter.com\/",
                "id": 1
            }
        ],
        "type": "message",
        "subtype": "bot_message",
        "ts": "1454635074.000048"
    }
]