[
    {
        "bot_id": "B04FD5HLZ",
        "attachments": [
            {
                "fallback": "<https:\/\/twitter.com\/Elokane|@Elokane>: <https:\/\/twitter.com\/Quibblelelelel|@Quibblelelelel> <https:\/\/twitter.com\/Synereo|@Synereo> easy. <http:\/\/slack.synereo.com>.",
                "author_name": "Dor Konforty",
                "author_link": "https:\/\/twitter.com\/Elokane\/status\/697336948969644032",
                "author_icon": "https:\/\/pbs.twimg.com\/profile_images\/372313688\/Red_Background_Cylon_Bust_Photo_normal.jpg",
                "author_subname": "@Elokane",
                "pretext": "<https:\/\/twitter.com\/Elokane\/status\/697336948969644032>",
                "text": "<https:\/\/twitter.com\/Quibblelelelel|@Quibblelelelel> <https:\/\/twitter.com\/Synereo|@Synereo> easy. <http:\/\/slack.synereo.com>.",
                "service_name": "twitter",
                "service_url": "https:\/\/twitter.com\/",
                "id": 1
            }
        ],
        "type": "message",
        "subtype": "bot_message",
        "ts": "1455093059.000067"
    },
    {
        "bot_id": "B04FD5HLZ",
        "attachments": [
            {
                "fallback": "<https:\/\/twitter.com\/Synereo|@Synereo>: Synereo community hangout, live: \n<https:\/\/www.youtube.com\/watch?v=2x9X-wVvarQ>",
                "author_name": "Synereo",
                "author_link": "https:\/\/twitter.com\/Synereo\/status\/697497924729589761",
                "author_icon": "https:\/\/pbs.twimg.com\/profile_images\/522790259789025280\/FKRuSK66_normal.png",
                "author_subname": "@Synereo",
                "pretext": "<https:\/\/twitter.com\/Synereo\/status\/697497924729589761>",
                "text": "Synereo community hangout, live: \n<https:\/\/www.youtube.com\/watch?v=2x9X-wVvarQ>",
                "service_name": "twitter",
                "service_url": "https:\/\/twitter.com\/",
                "id": 1
            }
        ],
        "type": "message",
        "subtype": "bot_message",
        "ts": "1455131438.000068"
    },
    {
        "bot_id": "B04FD5HLZ",
        "attachments": [
            {
                "fallback": "<https:\/\/twitter.com\/Synereo|@Synereo>: Weekly Synereo hangout, LIVE: \n\n<https:\/\/www.youtube.com\/watch?v=2x9X-wVvarQ>",
                "author_name": "Synereo",
                "author_link": "https:\/\/twitter.com\/Synereo\/status\/697498077435817984",
                "author_icon": "https:\/\/pbs.twimg.com\/profile_images\/522790259789025280\/FKRuSK66_normal.png",
                "author_subname": "@Synereo",
                "pretext": "<https:\/\/twitter.com\/Synereo\/status\/697498077435817984>",
                "text": "Weekly Synereo hangout, LIVE: \n\n<https:\/\/www.youtube.com\/watch?v=2x9X-wVvarQ>",
                "service_name": "twitter",
                "service_url": "https:\/\/twitter.com\/",
                "id": 1
            }
        ],
        "type": "message",
        "subtype": "bot_message",
        "ts": "1455131475.000069"
    },
    {
        "bot_id": "B04FD5HLZ",
        "attachments": [
            {
                "fallback": "<https:\/\/twitter.com\/Quibblelelelel|@Quibblelelelel>: <https:\/\/twitter.com\/Elokane|@Elokane> <https:\/\/twitter.com\/Synereo|@Synereo> thank you very much.",
                "author_name": "Omar",
                "author_link": "https:\/\/twitter.com\/Quibblelelelel\/status\/697507589777534977",
                "author_icon": "https:\/\/pbs.twimg.com\/profile_images\/555782185169350656\/3vXwOuV7_normal.png",
                "author_subname": "@Quibblelelelel",
                "pretext": "<https:\/\/twitter.com\/Quibblelelelel\/status\/697507589777534977>",
                "text": "<https:\/\/twitter.com\/Elokane|@Elokane> <https:\/\/twitter.com\/Synereo|@Synereo> thank you very much.",
                "service_name": "twitter",
                "service_url": "https:\/\/twitter.com\/",
                "id": 1
            }
        ],
        "type": "message",
        "subtype": "bot_message",
        "ts": "1455133743.000070"
    }
]