[
    {
        "bot_id": "B04FD5HLZ",
        "attachments": [
            {
                "fallback": "<https:\/\/twitter.com\/exiledsurfer|@exiledsurfer>: Check out <http:\/\/www.synereo.com\/learn-more\/> <https:\/\/twitter.com\/Synereo|@Synereo> an <https:\/\/twitter.com\/ethereumproject|@ethereumproject> based decentralized, distributed, censorship resistant social platform",
                "author_name": "exiledsurfer",
                "author_link": "https:\/\/twitter.com\/exiledsurfer\/status\/700600492972322816",
                "author_icon": "https:\/\/pbs.twimg.com\/profile_images\/683430577870106624\/X_gehafR_normal.jpg",
                "author_subname": "@exiledsurfer",
                "pretext": "<https:\/\/twitter.com\/exiledsurfer\/status\/700600492972322816>",
                "text": "Check out <http:\/\/www.synereo.com\/learn-more\/> <https:\/\/twitter.com\/Synereo|@Synereo> an <https:\/\/twitter.com\/ethereumproject|@ethereumproject> based decentralized, distributed, censorship resistant social platform",
                "service_name": "twitter",
                "service_url": "https:\/\/twitter.com\/",
                "id": 1
            }
        ],
        "type": "message",
        "subtype": "bot_message",
        "ts": "1455871149.000014"
    },
    {
        "bot_id": "B04FD5HLZ",
        "attachments": [
            {
                "fallback": "<https:\/\/twitter.com\/exiledsurfer|@exiledsurfer>: hey, <https:\/\/twitter.com\/Synereo|@Synereo>, how does your SpecialK differentiate from <https:\/\/twitter.com\/BigchainDB|@BigchainDB>?",
                "author_name": "exiledsurfer",
                "author_link": "https:\/\/twitter.com\/exiledsurfer\/status\/700601886248869888",
                "author_icon": "https:\/\/pbs.twimg.com\/profile_images\/683430577870106624\/X_gehafR_normal.jpg",
                "author_subname": "@exiledsurfer",
                "pretext": "<https:\/\/twitter.com\/exiledsurfer\/status\/700601886248869888>",
                "text": "hey, <https:\/\/twitter.com\/Synereo|@Synereo>, how does your SpecialK differentiate from <https:\/\/twitter.com\/BigchainDB|@BigchainDB>?",
                "service_name": "twitter",
                "service_url": "https:\/\/twitter.com\/",
                "id": 1
            }
        ],
        "type": "message",
        "subtype": "bot_message",
        "ts": "1455871481.000015"
    },
    {
        "bot_id": "B04FD5HLZ",
        "attachments": [
            {
                "fallback": "<https:\/\/twitter.com\/exiledsurfer|@exiledsurfer>: <https:\/\/twitter.com\/deanprocter|@deanprocter> all of <https:\/\/twitter.com\/Synereo|@Synereo>'s language and design is a bit retronaut... the code, not. different strokes for different folks...",
                "author_name": "exiledsurfer",
                "author_link": "https:\/\/twitter.com\/exiledsurfer\/status\/700602338440904704",
                "author_icon": "https:\/\/pbs.twimg.com\/profile_images\/683430577870106624\/X_gehafR_normal.jpg",
                "author_subname": "@exiledsurfer",
                "pretext": "<https:\/\/twitter.com\/exiledsurfer\/status\/700602338440904704>",
                "text": "<https:\/\/twitter.com\/deanprocter|@deanprocter> all of <https:\/\/twitter.com\/Synereo|@Synereo>'s language and design is a bit retronaut... the code, not. different strokes for different folks...",
                "service_name": "twitter",
                "service_url": "https:\/\/twitter.com\/",
                "id": 1
            }
        ],
        "type": "message",
        "subtype": "bot_message",
        "ts": "1455871588.000016"
    },
    {
        "bot_id": "B04FD5HLZ",
        "attachments": [
            {
                "fallback": "<https:\/\/twitter.com\/exiledsurfer|@exiledsurfer>: .<https:\/\/twitter.com\/Synereo|@Synereo> and, any plans to flirt w\/ <https:\/\/twitter.com\/IPFSbot|@IPFSbot>, or fully intend to roll your own?",
                "author_name": "exiledsurfer",
                "author_link": "https:\/\/twitter.com\/exiledsurfer\/status\/700602768076058624",
                "author_icon": "https:\/\/pbs.twimg.com\/profile_images\/683430577870106624\/X_gehafR_normal.jpg",
                "author_subname": "@exiledsurfer",
                "pretext": "<https:\/\/twitter.com\/exiledsurfer\/status\/700602768076058624>",
                "text": ".<https:\/\/twitter.com\/Synereo|@Synereo> and, any plans to flirt w\/ <https:\/\/twitter.com\/IPFSbot|@IPFSbot>, or fully intend to roll your own?",
                "service_name": "twitter",
                "service_url": "https:\/\/twitter.com\/",
                "id": 1
            }
        ],
        "type": "message",
        "subtype": "bot_message",
        "ts": "1455871691.000017"
    },
    {
        "bot_id": "B04FD5HLZ",
        "attachments": [
            {
                "fallback": "<https:\/\/twitter.com\/Synereo|@Synereo>: <https:\/\/twitter.com\/exiledsurfer|@exiledsurfer> <https:\/\/twitter.com\/ethereumproject|@ethereumproject> <https:\/\/twitter.com\/Synereo|@Synereo> is in no way based on Ethereum. :) We are collaborating on a next-gen PoS blockchain, however.",
                "author_name": "Synereo",
                "author_link": "https:\/\/twitter.com\/Synereo\/status\/700661545882120192",
                "author_icon": "https:\/\/pbs.twimg.com\/profile_images\/522790259789025280\/FKRuSK66_normal.png",
                "author_subname": "@Synereo",
                "pretext": "<https:\/\/twitter.com\/Synereo\/status\/700661545882120192>",
                "text": "<https:\/\/twitter.com\/exiledsurfer|@exiledsurfer> <https:\/\/twitter.com\/ethereumproject|@ethereumproject> <https:\/\/twitter.com\/Synereo|@Synereo> is in no way based on Ethereum. :) We are collaborating on a next-gen PoS blockchain, however.",
                "service_name": "twitter",
                "service_url": "https:\/\/twitter.com\/",
                "id": 1
            }
        ],
        "type": "message",
        "subtype": "bot_message",
        "ts": "1455885705.000018"
    },
    {
        "bot_id": "B04FD5HLZ",
        "attachments": [
            {
                "fallback": "<https:\/\/twitter.com\/Synereo|@Synereo>: <https:\/\/twitter.com\/exiledsurfer|@exiledsurfer> <https:\/\/twitter.com\/IPFSbot|@IPFSbot> <https:\/\/twitter.com\/Synereo|@Synereo> We have our own designs, but are always happy to collaborate with exciting projects in the space.",
                "author_name": "Synereo",
                "author_link": "https:\/\/twitter.com\/Synereo\/status\/700661839269462016",
                "author_icon": "https:\/\/pbs.twimg.com\/profile_images\/522790259789025280\/FKRuSK66_normal.png",
                "author_subname": "@Synereo",
                "pretext": "<https:\/\/twitter.com\/Synereo\/status\/700661839269462016>",
                "text": "<https:\/\/twitter.com\/exiledsurfer|@exiledsurfer> <https:\/\/twitter.com\/IPFSbot|@IPFSbot> <https:\/\/twitter.com\/Synereo|@Synereo> We have our own designs, but are always happy to collaborate with exciting projects in the space.",
                "service_name": "twitter",
                "service_url": "https:\/\/twitter.com\/",
                "id": 1
            }
        ],
        "type": "message",
        "subtype": "bot_message",
        "ts": "1455885774.000019"
    },
    {
        "bot_id": "B04FD5HLZ",
        "attachments": [
            {
                "fallback": "<https:\/\/twitter.com\/Synereo|@Synereo>: <https:\/\/twitter.com\/exiledsurfer|@exiledsurfer> <https:\/\/twitter.com\/IPFSbot|@IPFSbot> <https:\/\/twitter.com\/Synereo|@Synereo> We are observing IPFS.",
                "author_name": "Synereo",
                "author_link": "https:\/\/twitter.com\/Synereo\/status\/700661971134185474",
                "author_icon": "https:\/\/pbs.twimg.com\/profile_images\/522790259789025280\/FKRuSK66_normal.png",
                "author_subname": "@Synereo",
                "pretext": "<https:\/\/twitter.com\/Synereo\/status\/700661971134185474>",
                "text": "<https:\/\/twitter.com\/exiledsurfer|@exiledsurfer> <https:\/\/twitter.com\/IPFSbot|@IPFSbot> <https:\/\/twitter.com\/Synereo|@Synereo> We are observing IPFS.",
                "service_name": "twitter",
                "service_url": "https:\/\/twitter.com\/",
                "id": 1
            }
        ],
        "type": "message",
        "subtype": "bot_message",
        "ts": "1455885806.000021"
    },
    {
        "bot_id": "B04FD5HLZ",
        "attachments": [
            {
                "fallback": "<https:\/\/twitter.com\/Synereo|@Synereo>: <https:\/\/twitter.com\/exiledsurfer|@exiledsurfer> I suggest you join the <https:\/\/twitter.com\/Synereo|@Synereo> slack channel (<http:\/\/slack.synereo.com>) or weekly Community Hangout to chat with us about it.",
                "author_name": "Synereo",
                "author_link": "https:\/\/twitter.com\/Synereo\/status\/700665459926917120",
                "author_icon": "https:\/\/pbs.twimg.com\/profile_images\/522790259789025280\/FKRuSK66_normal.png",
                "author_subname": "@Synereo",
                "pretext": "<https:\/\/twitter.com\/Synereo\/status\/700665459926917120>",
                "text": "<https:\/\/twitter.com\/exiledsurfer|@exiledsurfer> I suggest you join the <https:\/\/twitter.com\/Synereo|@Synereo> slack channel (<http:\/\/slack.synereo.com>) or weekly Community Hangout to chat with us about it.",
                "service_name": "twitter",
                "service_url": "https:\/\/twitter.com\/",
                "id": 1
            }
        ],
        "type": "message",
        "subtype": "bot_message",
        "ts": "1455886638.000023"
    }
]