[
    {
        "bot_id": "B04FD5HLZ",
        "attachments": [
            {
                "fallback": "<https:\/\/twitter.com\/maidsafe|@maidsafe>: The UK's chief scientific adviser urges UK Govt to use #blockchain <http:\/\/www.bbc.co.uk\/news\/technology-35344843>",
                "author_name": "MaidSafe",
                "author_link": "https:\/\/twitter.com\/maidsafe\/status\/689386078306852866",
                "author_icon": "https:\/\/pbs.twimg.com\/profile_images\/378800000632223598\/b71bfd7c08dff3445ffb02d0d112c00b_normal.png",
                "author_subname": "@maidsafe",
                "pretext": "<https:\/\/twitter.com\/maidsafe\/status\/689386078306852866>",
                "text": "The UK's chief scientific adviser urges UK Govt to use #blockchain <http:\/\/www.bbc.co.uk\/news\/technology-35344843>",
                "service_name": "twitter",
                "service_url": "https:\/\/twitter.com\/",
                "id": 1,
                "footer": "Retweeted by <https:\/\/twitter.com\/Synereo\/status\/689552201916743680|@Synereo>"
            }
        ],
        "type": "message",
        "subtype": "bot_message",
        "ts": "1453237031.000162"
    },
    {
        "bot_id": "B04FD5HLZ",
        "attachments": [
            {
                "fallback": "<https:\/\/twitter.com\/maidsafe|@maidsafe>: First major news site launches on the dark web providing users with the best possible #privacy protections\n<http:\/\/www.wired.com\/2016\/01\/propublica-launches-the-dark-webs-first-major-news-site\/>",
                "author_name": "MaidSafe",
                "author_link": "https:\/\/twitter.com\/maidsafe\/status\/687573549402423296",
                "author_icon": "https:\/\/pbs.twimg.com\/profile_images\/378800000632223598\/b71bfd7c08dff3445ffb02d0d112c00b_normal.png",
                "author_subname": "@maidsafe",
                "pretext": "<https:\/\/twitter.com\/maidsafe\/status\/687573549402423296>",
                "text": "First major news site launches on the dark web providing users with the best possible #privacy protections\n<http:\/\/www.wired.com\/2016\/01\/propublica-launches-the-dark-webs-first-major-news-site\/>",
                "service_name": "twitter",
                "service_url": "https:\/\/twitter.com\/",
                "id": 1,
                "footer": "Retweeted by <https:\/\/twitter.com\/Synereo\/status\/689552255637393408|@Synereo>"
            }
        ],
        "type": "message",
        "subtype": "bot_message",
        "ts": "1453237043.000163"
    }
]