[
    {
        "bot_id": "B04FD5HLZ",
        "attachments": [
            {
                "fallback": "<https:\/\/twitter.com\/kor3shan|@kor3shan>: The resolution of the Bitcoin experiment \u2014 Medium <https:\/\/twitter.com\/stephantual|@stephantual> <https:\/\/twitter.com\/Synereo|@Synereo> <https:\/\/twitter.com\/AugurProject|@AugurProject> <https:\/\/twitter.com\/leashless|@leashless> <https:\/\/twitter.com\/adam3us|@adam3us>  <https:\/\/medium.com\/@octskyward\/the-resolution-of-the-bitcoin-experiment-dabb30201f7#.4x97honyh>",
                "author_name": "Dynamic_Mantra",
                "author_link": "https:\/\/twitter.com\/kor3shan\/status\/687757895186911232",
                "author_icon": "https:\/\/pbs.twimg.com\/profile_images\/677599940206555141\/jrDvhYcG_normal.jpg",
                "author_subname": "@kor3shan",
                "pretext": "<https:\/\/twitter.com\/kor3shan\/status\/687757895186911232>",
                "text": "The resolution of the Bitcoin experiment \u2014 Medium <https:\/\/twitter.com\/stephantual|@stephantual> <https:\/\/twitter.com\/Synereo|@Synereo> <https:\/\/twitter.com\/AugurProject|@AugurProject> <https:\/\/twitter.com\/leashless|@leashless> <https:\/\/twitter.com\/adam3us|@adam3us>  <https:\/\/medium.com\/@octskyward\/the-resolution-of-the-bitcoin-experiment-dabb30201f7#.4x97honyh>",
                "service_name": "twitter",
                "service_url": "https:\/\/twitter.com\/",
                "id": 1
            }
        ],
        "type": "message",
        "subtype": "bot_message",
        "ts": "1452809234.000152"
    }
]