[
    {
        "type": "message",
        "user": "U0474E4KZ",
        "text": "<https:\/\/bitcointalk.org\/index.php?topic=1391752.msg14153728#msg14153728>",
        "ts": "1457600811.000125"
    },
    {
        "bot_id": "B04FD5HLZ",
        "attachments": [
            {
                "fallback": "<https:\/\/twitter.com\/tabali_tigi|@tabali_tigi>: <https:\/\/twitter.com\/Synereo|@Synereo> is a revolutionary platform that decentralizes social media ownership.\n<http:\/\/www.synereo.com\/>\n#synereo #newzingle #socialmedia",
                "author_name": "Tabali Tigi",
                "author_link": "https:\/\/twitter.com\/tabali_tigi\/status\/707957244311109632",
                "author_icon": "https:\/\/pbs.twimg.com\/profile_images\/662473416449003520\/eC3XIyt3_normal.jpg",
                "author_subname": "@tabali_tigi",
                "pretext": "<https:\/\/twitter.com\/tabali_tigi\/status\/707957244311109632>",
                "text": "<https:\/\/twitter.com\/Synereo|@Synereo> is a revolutionary platform that decentralizes social media ownership.\n<http:\/\/www.synereo.com\/>\n#synereo #newzingle #socialmedia",
                "service_name": "twitter",
                "service_url": "https:\/\/twitter.com\/",
                "id": 1
            }
        ],
        "type": "message",
        "subtype": "bot_message",
        "ts": "1457625134.000126"
    },
    {
        "username": "IFTTT",
        "icons": {
            "image_36": "https:\/\/a.slack-edge.com\/66f9\/img\/services\/ifttt_36.png",
            "image_48": "https:\/\/a.slack-edge.com\/66f9\/img\/services\/ifttt_48.png",
            "image_72": "https:\/\/a.slack-edge.com\/66f9\/img\/services\/ifttt_72.png"
        },
        "attachments": [
            {
                "pretext": "Just in case you thought there was ambiguity in the earlier news from the Synereo-Ethereum cooperation - \"Proof-of-Stake based scalable blockchain moves from theory to testing. Crickets party in the BTC focused media.\" via \/r\/ethtrader <http:\/\/ift.tt\/227sTcI>",
                "service_name": "reddit",
                "title": "Just in case you thought there was ambiguity in the earlier news from the Synereo-Ethereum cooperation - \"Proof-of-Stake based scalable blockchain moves from theory to testing. Crickets party in the BTC focused media.\" \u2022 \/r\/ethtrader",
                "title_link": "http:\/\/ift.tt\/227sTcI",
                "text": "2 points and 1 comments so far on reddit",
                "fallback": "Just in case you thought there was ambiguity in the earlier news from the Synereo-Ethereum cooperation - \"Proof-of-Stake based scalable blockchain moves from theory to testing. Crickets party in the BTC focused media.\" via \/r\/ethtrader <http:\/\/ift.tt\/227sTcI>",
                "thumb_url": "https:\/\/i.redditmedia.com\/gLf54-GugcvtZg3AgrF_WAL3fuv5bMP0CAfBPTIdZwk.jpg?w=320&s=5b92ad091145257d920077c944db2d55",
                "from_url": "http:\/\/ift.tt\/227sTcI",
                "thumb_width": 320,
                "thumb_height": 320,
                "id": 1,
                "mrkdwn_in": [
                    "text",
                    "pretext"
                ]
            }
        ],
        "mrkdwn": true,
        "type": "message",
        "subtype": "bot_message",
        "ts": "1457668218.000127"
    }
]