[
    {
        "bot_id": "B04FD5HLZ",
        "attachments": [
            {
                "fallback": "<https:\/\/twitter.com\/lapin7|@lapin7>: <https:\/\/twitter.com\/Bitmit_Exchange|@Bitmit_Exchange> <https:\/\/twitter.com\/BTCBoulevard|@BTCBoulevard> Price will go up with the next release of Ethereum. But also watch the upcoming AMP of <https:\/\/twitter.com\/Synereo|@Synereo>",
                "author_name": "HJ",
                "author_link": "https:\/\/twitter.com\/lapin7\/status\/710749282748469248",
                "author_icon": "https:\/\/pbs.twimg.com\/profile_images\/694808300643340288\/0CVY8LDX_normal.png",
                "author_subname": "@lapin7",
                "pretext": "<https:\/\/twitter.com\/lapin7\/status\/710749282748469248>",
                "text": "<https:\/\/twitter.com\/Bitmit_Exchange|@Bitmit_Exchange> <https:\/\/twitter.com\/BTCBoulevard|@BTCBoulevard> Price will go up with the next release of Ethereum. But also watch the upcoming AMP of <https:\/\/twitter.com\/Synereo|@Synereo>",
                "service_name": "twitter",
                "service_url": "https:\/\/twitter.com\/",
                "id": 1
            }
        ],
        "type": "message",
        "subtype": "bot_message",
        "ts": "1458290809.000022"
    }
]