[
    {
        "bot_id": "B04FD5HLZ",
        "attachments": [
            {
                "fallback": "<https:\/\/twitter.com\/Collaborizm|@Collaborizm>: How Decentralized Social Networks Like <https:\/\/twitter.com\/Synereo|@Synereo> Could Make Crypto Cool <http:\/\/coint.co\/tt> #blockchain",
                "author_name": "Collaborizm",
                "author_link": "https:\/\/twitter.com\/Collaborizm\/status\/683395371435966464",
                "author_icon": "https:\/\/pbs.twimg.com\/profile_images\/461901141224075264\/E9G-um2D_normal.png",
                "author_subname": "@Collaborizm",
                "pretext": "<https:\/\/twitter.com\/Collaborizm\/status\/683395371435966464>",
                "text": "How Decentralized Social Networks Like <https:\/\/twitter.com\/Synereo|@Synereo> Could Make Crypto Cool <http:\/\/coint.co\/tt> #blockchain",
                "service_name": "twitter",
                "service_url": "https:\/\/twitter.com\/",
                "id": 1
            }
        ],
        "type": "message",
        "subtype": "bot_message",
        "ts": "1451769128.000116"
    },
    {
        "bot_id": "B04FD5HLZ",
        "attachments": [
            {
                "fallback": "<https:\/\/twitter.com\/Collaborizm|@Collaborizm>: Interesting read on disruptive #blockchain social networks and how they assign cryptocurrency. e.g., <https:\/\/twitter.com\/Synereo|@Synereo> <http:\/\/coint.co\/tt>",
                "author_name": "Collaborizm",
                "author_link": "https:\/\/twitter.com\/Collaborizm\/status\/683397011173994501",
                "author_icon": "https:\/\/pbs.twimg.com\/profile_images\/461901141224075264\/E9G-um2D_normal.png",
                "author_subname": "@Collaborizm",
                "pretext": "<https:\/\/twitter.com\/Collaborizm\/status\/683397011173994501>",
                "text": "Interesting read on disruptive #blockchain social networks and how they assign cryptocurrency. e.g., <https:\/\/twitter.com\/Synereo|@Synereo> <http:\/\/coint.co\/tt>",
                "service_name": "twitter",
                "service_url": "https:\/\/twitter.com\/",
                "id": 1
            }
        ],
        "type": "message",
        "subtype": "bot_message",
        "ts": "1451769519.000117"
    },
    {
        "bot_id": "B04FD5HLZ",
        "attachments": [
            {
                "fallback": "<https:\/\/twitter.com\/blkchninstitute|@blkchninstitute>: Interesting read on disruptive #Beyonc\u00e9 social networks and how they assign cryptocurrency. e.g., <https:\/\/twitter.com\/Synereo|@Synereo> <http:\/\/coint.co\/tt>",
                "author_name": "Beyonc\u00e9chain",
                "author_link": "https:\/\/twitter.com\/blkchninstitute\/status\/683408798694936576",
                "author_icon": "https:\/\/pbs.twimg.com\/profile_images\/659427552512114688\/VH8wFD-f_normal.jpg",
                "author_subname": "@blkchninstitute",
                "pretext": "<https:\/\/twitter.com\/blkchninstitute\/status\/683408798694936576>",
                "text": "Interesting read on disruptive #Beyonc\u00e9 social networks and how they assign cryptocurrency. e.g., <https:\/\/twitter.com\/Synereo|@Synereo> <http:\/\/coint.co\/tt>",
                "service_name": "twitter",
                "service_url": "https:\/\/twitter.com\/",
                "id": 1
            }
        ],
        "type": "message",
        "subtype": "bot_message",
        "ts": "1451772329.000118"
    },
    {
        "bot_id": "B04FD5HLZ",
        "attachments": [
            {
                "fallback": "<https:\/\/twitter.com\/OccupyTruth|@OccupyTruth>: <https:\/\/twitter.com\/Synereo|@Synereo> How do you install Synereo? I've looked for instruction on how to install it and have found none.",
                "author_name": "Truth v. Treason",
                "author_link": "https:\/\/twitter.com\/OccupyTruth\/status\/683504907865972736",
                "author_icon": "https:\/\/pbs.twimg.com\/profile_images\/2967986660\/ac116c6f2369835c0035f7e779903a3e_normal.jpeg",
                "author_subname": "@OccupyTruth",
                "pretext": "<https:\/\/twitter.com\/OccupyTruth\/status\/683504907865972736>",
                "text": "<https:\/\/twitter.com\/Synereo|@Synereo> How do you install Synereo? I've looked for instruction on how to install it and have found none.",
                "service_name": "twitter",
                "service_url": "https:\/\/twitter.com\/",
                "id": 1
            }
        ],
        "type": "message",
        "subtype": "bot_message",
        "ts": "1451795244.000119"
    }
]