[
    {
        "bot_id": "B04FD5HLZ",
        "attachments": [
            {
                "fallback": "<https:\/\/twitter.com\/jessecouch|@jessecouch>: <https:\/\/twitter.com\/altcointoday|@altcointoday> <https:\/\/twitter.com\/CryptoCryptics|@CryptoCryptics> <https:\/\/twitter.com\/earlzdotnet|@earlzdotnet> \nI'd love some info on $AMP <https:\/\/twitter.com\/Synereo|@Synereo>\nIt might have more potential than even $ETH <https:\/\/twitter.com\/ethereumproject|@ethereumproject>",
                "author_name": "\uff2a\uff45\uff53\uff53\uff45\u2003\uff23\uff4f\uff55\uff43\uff48",
                "author_link": "https:\/\/twitter.com\/jessecouch\/status\/685707425786101760",
                "author_icon": "https:\/\/pbs.twimg.com\/profile_images\/603832718753824768\/y0_-YoNy_normal.jpg",
                "author_subname": "@jessecouch",
                "pretext": "<https:\/\/twitter.com\/jessecouch\/status\/685707425786101760>",
                "text": "<https:\/\/twitter.com\/altcointoday|@altcointoday> <https:\/\/twitter.com\/CryptoCryptics|@CryptoCryptics> <https:\/\/twitter.com\/earlzdotnet|@earlzdotnet> \nI'd love some info on $AMP <https:\/\/twitter.com\/Synereo|@Synereo>\nIt might have more potential than even $ETH <https:\/\/twitter.com\/ethereumproject|@ethereumproject>",
                "service_name": "twitter",
                "service_url": "https:\/\/twitter.com\/",
                "id": 1
            }
        ],
        "type": "message",
        "subtype": "bot_message",
        "ts": "1452320364.000136"
    }
]