[
    {
        "bot_id": "B04FD5HLZ",
        "attachments": [
            {
                "fallback": "<https:\/\/twitter.com\/queentatiana|@queentatiana>: <https:\/\/twitter.com\/EdEykholt|@EdEykholt> <https:\/\/twitter.com\/LivelyGig|@LivelyGig> <https:\/\/twitter.com\/Synereo|@Synereo> my pleasure, it was really interesting to hear the breakdown of the project",
                "author_name": "Tatiana Moroz",
                "author_link": "https:\/\/twitter.com\/queentatiana\/status\/713088661961707523",
                "author_icon": "https:\/\/pbs.twimg.com\/profile_images\/2238924890\/Final_INSIDE_RIGHT_resized_normal.jpg",
                "author_subname": "@queentatiana",
                "pretext": "<https:\/\/twitter.com\/queentatiana\/status\/713088661961707523>",
                "text": "<https:\/\/twitter.com\/EdEykholt|@EdEykholt> <https:\/\/twitter.com\/LivelyGig|@LivelyGig> <https:\/\/twitter.com\/Synereo|@Synereo> my pleasure, it was really interesting to hear the breakdown of the project",
                "service_name": "twitter",
                "service_url": "https:\/\/twitter.com\/",
                "id": 1
            }
        ],
        "type": "message",
        "subtype": "bot_message",
        "ts": "1458848560.000050"
    },
    {
        "bot_id": "B04FD5HLZ",
        "attachments": [
            {
                "fallback": "<https:\/\/twitter.com\/Synereo|@Synereo>: Get the latest summary of our community hangouts, the smart way to keep up with the latest advancements of Synereo!\n<http:\/\/blog.synereo.com\/2016\/03\/24\/Synereo-Update\/>",
                "author_name": "Synereo",
                "author_link": "https:\/\/twitter.com\/Synereo\/status\/713096190397644802",
                "author_icon": "https:\/\/pbs.twimg.com\/profile_images\/522790259789025280\/FKRuSK66_normal.png",
                "author_subname": "@Synereo",
                "pretext": "<https:\/\/twitter.com\/Synereo\/status\/713096190397644802>",
                "text": "Get the latest summary of our community hangouts, the smart way to keep up with the latest advancements of Synereo!\n<http:\/\/blog.synereo.com\/2016\/03\/24\/Synereo-Update\/>",
                "service_name": "twitter",
                "service_url": "https:\/\/twitter.com\/",
                "id": 1
            }
        ],
        "type": "message",
        "subtype": "bot_message",
        "ts": "1458850355.000051"
    },
    {
        "username": "IFTTT",
        "icons": {
            "image_36": "https:\/\/a.slack-edge.com\/66f9\/img\/services\/ifttt_36.png",
            "image_48": "https:\/\/a.slack-edge.com\/66f9\/img\/services\/ifttt_48.png",
            "image_72": "https:\/\/a.slack-edge.com\/66f9\/img\/services\/ifttt_72.png"
        },
        "attachments": [
            {
                "pretext": "Hangout Notes - February 26, 2016 The hour long video summarized for you, with links and extra info! via \/r\/Synereo <http:\/\/ift.tt\/1WMdATA>",
                "service_name": "reddit",
                "title": "Hangout Notes - February 26, 2016 The hour long video summarized for you, with links and extra info! \u2022 \/r\/Synereo",
                "title_link": "http:\/\/ift.tt\/1WMdATA",
                "text": "1 points and 0 comments so far on reddit",
                "fallback": "Hangout Notes - February 26, 2016 The hour long video summarized for you, with links and extra info! via \/r\/Synereo <http:\/\/ift.tt\/1WMdATA>",
                "thumb_url": "https:\/\/i.redditmedia.com\/whL0M0r40tvQiUdndCySe4NcQSjI8k_y6YJI0BCNq4k.jpg?w=320&s=c4bfb7e8a537c17ad88cae1ffae216cd",
                "from_url": "http:\/\/ift.tt\/1WMdATA",
                "thumb_width": 320,
                "thumb_height": 197,
                "id": 1,
                "mrkdwn_in": [
                    "text",
                    "pretext"
                ]
            }
        ],
        "mrkdwn": true,
        "type": "message",
        "subtype": "bot_message",
        "ts": "1458851246.000052"
    }
]