[
    {
        "bot_id": "B04FD5HLZ",
        "attachments": [
            {
                "fallback": "<https:\/\/twitter.com\/FreeTrustOrg|@FreeTrustOrg>: our aim is trustworthy mobile object #identity and #authorization on <https:\/\/twitter.com\/Synereo|@Synereo> networks with #blockchain #Providencia <https:\/\/twitter.com\/provensecure|@provensecure>",
                "author_name": "FreeTrust",
                "author_link": "https:\/\/twitter.com\/FreeTrustOrg\/status\/685967840256634880",
                "author_icon": "https:\/\/pbs.twimg.com\/profile_images\/606532062502391808\/mEJmLI_G_normal.png",
                "author_subname": "@FreeTrustOrg",
                "pretext": "<https:\/\/twitter.com\/FreeTrustOrg\/status\/685967840256634880>",
                "text": "our aim is trustworthy mobile object #identity and #authorization on <https:\/\/twitter.com\/Synereo|@Synereo> networks with #blockchain #Providencia <https:\/\/twitter.com\/provensecure|@provensecure>",
                "service_name": "twitter",
                "service_url": "https:\/\/twitter.com\/",
                "id": 1
            }
        ],
        "type": "message",
        "subtype": "bot_message",
        "ts": "1452382452.000137"
    },
    {
        "bot_id": "B04FD5HLZ",
        "attachments": [
            {
                "fallback": "<https:\/\/twitter.com\/blkchninstitute|@blkchninstitute>: Our aim is trustworthy mobile object #identity and #authorization on <https:\/\/twitter.com\/Synereo|@Synereo> networks with #Beyonc\u00e9 #Providencia <https:\/\/twitter.com\/provensecure|@provensecure>",
                "author_name": "Beyonc\u00e9chain",
                "author_link": "https:\/\/twitter.com\/blkchninstitute\/status\/685971355511205888",
                "author_icon": "https:\/\/pbs.twimg.com\/profile_images\/659427552512114688\/VH8wFD-f_normal.jpg",
                "author_subname": "@blkchninstitute",
                "pretext": "<https:\/\/twitter.com\/blkchninstitute\/status\/685971355511205888>",
                "text": "Our aim is trustworthy mobile object #identity and #authorization on <https:\/\/twitter.com\/Synereo|@Synereo> networks with #Beyonc\u00e9 #Providencia <https:\/\/twitter.com\/provensecure|@provensecure>",
                "service_name": "twitter",
                "service_url": "https:\/\/twitter.com\/",
                "id": 1
            }
        ],
        "type": "message",
        "subtype": "bot_message",
        "ts": "1452383290.000138"
    },
    {
        "bot_id": "B04FD5HLZ",
        "attachments": [
            {
                "fallback": "<https:\/\/twitter.com\/FreeTrustOrg|@FreeTrustOrg>: #future #proof your app by developing it on <https:\/\/twitter.com\/Synereo|@Synereo> <https:\/\/twitter.com\/provensecure|@provensecure> with <https:\/\/twitter.com\/eris_ltd|@eris_ltd> #blockchain and <https:\/\/twitter.com\/blockstarsio|@blockstarsio>",
                "author_name": "FreeTrust",
                "author_link": "https:\/\/twitter.com\/FreeTrustOrg\/status\/685971439300796416",
                "author_icon": "https:\/\/pbs.twimg.com\/profile_images\/606532062502391808\/mEJmLI_G_normal.png",
                "author_subname": "@FreeTrustOrg",
                "pretext": "<https:\/\/twitter.com\/FreeTrustOrg\/status\/685971439300796416>",
                "text": "#future #proof your app by developing it on <https:\/\/twitter.com\/Synereo|@Synereo> <https:\/\/twitter.com\/provensecure|@provensecure> with <https:\/\/twitter.com\/eris_ltd|@eris_ltd> #blockchain and <https:\/\/twitter.com\/blockstarsio|@blockstarsio>",
                "service_name": "twitter",
                "service_url": "https:\/\/twitter.com\/",
                "id": 1
            }
        ],
        "type": "message",
        "subtype": "bot_message",
        "ts": "1452383310.000139"
    },
    {
        "bot_id": "B04FD5HLZ",
        "attachments": [
            {
                "fallback": "<https:\/\/twitter.com\/blkchninstitute|@blkchninstitute>: #future #proof your app by developing it on <https:\/\/twitter.com\/Synereo|@Synereo> <https:\/\/twitter.com\/provensecure|@provensecure> with <https:\/\/twitter.com\/eris_ltd|@eris_ltd> #Beyonc\u00e9 and <https:\/\/twitter.com\/blockstarsio|@blockstarsio>",
                "author_name": "Beyonc\u00e9chain",
                "author_link": "https:\/\/twitter.com\/blkchninstitute\/status\/685990348074672128",
                "author_icon": "https:\/\/pbs.twimg.com\/profile_images\/659427552512114688\/VH8wFD-f_normal.jpg",
                "author_subname": "@blkchninstitute",
                "pretext": "<https:\/\/twitter.com\/blkchninstitute\/status\/685990348074672128>",
                "text": "#future #proof your app by developing it on <https:\/\/twitter.com\/Synereo|@Synereo> <https:\/\/twitter.com\/provensecure|@provensecure> with <https:\/\/twitter.com\/eris_ltd|@eris_ltd> #Beyonc\u00e9 and <https:\/\/twitter.com\/blockstarsio|@blockstarsio>",
                "service_name": "twitter",
                "service_url": "https:\/\/twitter.com\/",
                "id": 1
            }
        ],
        "type": "message",
        "subtype": "bot_message",
        "ts": "1452387818.000140"
    },
    {
        "type": "message",
        "user": "U048X85UT",
        "text": "that was supposed to be #providence, somehow autofill got me again, must have fat fingered it.  It would be seridipidous if <https:\/\/twitter.com\/blkchninstitute> became a partnet",
        "attachments": [
            {
                "text": "The latest Tweets from Beyonc\u00e9chain (@blkchninstitute). If ya liked it then ya should a put an ASIC on it",
                "fallback": "The latest Tweets from Beyonc\u00e9chain (@blkchninstitute). If ya liked it then ya should a put an ASIC on it",
                "from_url": "https:\/\/twitter.com\/blkchninstitute",
                "id": 1
            }
        ],
        "ts": "1452388227.000141"
    },
    {
        "bot_id": "B04FD5HLZ",
        "attachments": [
            {
                "fallback": "<https:\/\/twitter.com\/_opXpress|@_opXpress>: <https:\/\/twitter.com\/LittleSweetie4|@LittleSweetie4> <https:\/\/twitter.com\/Synereo|@Synereo> <https:\/\/twitter.com\/Bit451|@Bit451> <https:\/\/twitter.com\/HelloZeroNet|@HelloZeroNet> <https:\/\/twitter.com\/MediaGoblin|@MediaGoblin> <https:\/\/twitter.com\/yacy_search|@yacy_search> Synereo-Haven't tried HelloZeroNet-Sucks MediaGoblin-Hard to set up",
                "author_name": "#opXpress",
                "author_link": "https:\/\/twitter.com\/_opXpress\/status\/686011127172599809",
                "author_icon": "https:\/\/pbs.twimg.com\/profile_images\/2771720594\/e8b615e649777cf01d73204879bb305f_normal.png",
                "author_subname": "@_opXpress",
                "pretext": "<https:\/\/twitter.com\/_opXpress\/status\/686011127172599809>",
                "text": "<https:\/\/twitter.com\/LittleSweetie4|@LittleSweetie4> <https:\/\/twitter.com\/Synereo|@Synereo> <https:\/\/twitter.com\/Bit451|@Bit451> <https:\/\/twitter.com\/HelloZeroNet|@HelloZeroNet> <https:\/\/twitter.com\/MediaGoblin|@MediaGoblin> <https:\/\/twitter.com\/yacy_search|@yacy_search> Synereo-Haven't tried HelloZeroNet-Sucks MediaGoblin-Hard to set up",
                "service_name": "twitter",
                "service_url": "https:\/\/twitter.com\/",
                "id": 1
            }
        ],
        "type": "message",
        "subtype": "bot_message",
        "ts": "1452392772.000143"
    }
]