[
    {
        "bot_id": "B04FD5HLZ",
        "attachments": [
            {
                "fallback": "<https:\/\/twitter.com\/svernali|@svernali>: #Ethereum is out! <http:\/\/paper.li\/svernali\/1425842793?edition_id=885af8b0-c053-11e5-9524-0cc47a0d15fd> Stories via <https:\/\/twitter.com\/drlombardo|@drlombardo> <https:\/\/twitter.com\/Synereo|@Synereo> <https:\/\/twitter.com\/WJanensch|@WJanensch>",
                "author_name": "Salvatore Vernali",
                "author_link": "https:\/\/twitter.com\/svernali\/status\/690194103921971201",
                "author_icon": "https:\/\/pbs.twimg.com\/profile_images\/566371631455416321\/dkb0vVDu_normal.jpeg",
                "author_subname": "@svernali",
                "pretext": "<https:\/\/twitter.com\/svernali\/status\/690194103921971201>",
                "text": "#Ethereum is out! <http:\/\/paper.li\/svernali\/1425842793?edition_id=885af8b0-c053-11e5-9524-0cc47a0d15fd> Stories via <https:\/\/twitter.com\/drlombardo|@drlombardo> <https:\/\/twitter.com\/Synereo|@Synereo> <https:\/\/twitter.com\/WJanensch|@WJanensch>",
                "service_name": "twitter",
                "service_url": "https:\/\/twitter.com\/",
                "id": 1
            }
        ],
        "type": "message",
        "subtype": "bot_message",
        "ts": "1453390072.000169"
    }
]