[
    {
        "bot_id": "B04FD5HLZ",
        "attachments": [
            {
                "fallback": "<https:\/\/twitter.com\/Chickee|@Chickee>: <https:\/\/twitter.com\/Synereo|@Synereo> for some reason I can not get into the <https:\/\/discuss.synereo.com\/>, saying 'Your connection is not private....",
                "author_name": "Natalie Chickee",
                "author_link": "https:\/\/twitter.com\/Chickee\/status\/692769852222607360",
                "author_icon": "https:\/\/pbs.twimg.com\/profile_images\/505228005694636032\/UA9Qv7Dy_normal.jpeg",
                "author_subname": "@Chickee",
                "pretext": "<https:\/\/twitter.com\/Chickee\/status\/692769852222607360>",
                "text": "<https:\/\/twitter.com\/Synereo|@Synereo> for some reason I can not get into the <https:\/\/discuss.synereo.com\/>, saying 'Your connection is not private....",
                "service_name": "twitter",
                "service_url": "https:\/\/twitter.com\/",
                "id": 1
            }
        ],
        "type": "message",
        "subtype": "bot_message",
        "ts": "1454004178.000023"
    },
    {
        "user": "U0K8S72BF",
        "type": "message",
        "subtype": "channel_join",
        "text": "<@U0K8S72BF|flyingmind> has joined the channel",
        "ts": "1454043725.000024"
    }
]