[
    {
        "bot_id": "B04FD5HLZ",
        "attachments": [
            {
                "fallback": "<https:\/\/twitter.com\/mbauwens|@mbauwens>: RT <https:\/\/twitter.com\/trentjmacdonald|@trentjmacdonald>: Panel on alternative economies and reputation-based systems  <https:\/\/twitter.com\/yaoeo|@yaoeo> <https:\/\/twitter.com\/Synereo|@Synereo> mbauwens <https:\/\/youtu.be\/aM57WEl0cDI>",
                "author_name": "Michel Bauwens",
                "author_link": "https:\/\/twitter.com\/mbauwens\/status\/699969242779815936",
                "author_icon": "https:\/\/pbs.twimg.com\/profile_images\/77881897\/joannes1_normal.jpg",
                "author_subname": "@mbauwens",
                "pretext": "<https:\/\/twitter.com\/mbauwens\/status\/699969242779815936>",
                "text": "RT <https:\/\/twitter.com\/trentjmacdonald|@trentjmacdonald>: Panel on alternative economies and reputation-based systems  <https:\/\/twitter.com\/yaoeo|@yaoeo> <https:\/\/twitter.com\/Synereo|@Synereo> mbauwens <https:\/\/youtu.be\/aM57WEl0cDI>",
                "service_name": "twitter",
                "service_url": "https:\/\/twitter.com\/",
                "id": 1
            }
        ],
        "type": "message",
        "subtype": "bot_message",
        "ts": "1455720647.000004"
    },
    {
        "bot_id": "B04FD5HLZ",
        "attachments": [
            {
                "fallback": "<https:\/\/twitter.com\/Synereo|@Synereo>: LIVE on the <https:\/\/twitter.com\/Synereo|@Synereo> community hangout. <https:\/\/plus.google.com\/hangouts\/_\/hoaevent\/AP36tYe33yVQReGLAzgjmnR-jwD-D-ASh8KdE8ZMeS1Rahjgz6vBCQ>",
                "author_name": "Synereo",
                "author_link": "https:\/\/twitter.com\/Synereo\/status\/700042748259344387",
                "author_icon": "https:\/\/pbs.twimg.com\/profile_images\/522790259789025280\/FKRuSK66_normal.png",
                "author_subname": "@Synereo",
                "pretext": "<https:\/\/twitter.com\/Synereo\/status\/700042748259344387>",
                "text": "LIVE on the <https:\/\/twitter.com\/Synereo|@Synereo> community hangout. <https:\/\/plus.google.com\/hangouts\/_\/hoaevent\/AP36tYe33yVQReGLAzgjmnR-jwD-D-ASh8KdE8ZMeS1Rahjgz6vBCQ>",
                "service_name": "twitter",
                "service_url": "https:\/\/twitter.com\/",
                "id": 1
            }
        ],
        "type": "message",
        "subtype": "bot_message",
        "ts": "1455738172.000005"
    }
]