[
    {
        "user": "U0RLRNDRP",
        "type": "message",
        "subtype": "channel_join",
        "text": "<@U0RLRNDRP|daniel> has joined the channel",
        "ts": "1457695799.000128"
    },
    {
        "username": "IFTTT",
        "icons": {
            "image_36": "https:\/\/slack.global.ssl.fastly.net\/66f9\/img\/services\/ifttt_36.png",
            "image_48": "https:\/\/slack.global.ssl.fastly.net\/66f9\/img\/services\/ifttt_48.png",
            "image_72": "https:\/\/slack.global.ssl.fastly.net\/66f9\/img\/services\/ifttt_72.png"
        },
        "attachments": [
            {
                "pretext": "Synereo and Ethereum via \/r\/ethereum <http:\/\/ift.tt\/1TU1YA6>",
                "service_name": "reddit",
                "title": "Synereo and Ethereum \u2022 \/r\/ethereum",
                "title_link": "http:\/\/ift.tt\/1TU1YA6",
                "text": "Seems the community is not aware of this big news. If correct, Casper challenge is pretty much solved and POS will not be an issue at all....",
                "fallback": "Synereo and Ethereum via \/r\/ethereum <http:\/\/ift.tt\/1TU1YA6>",
                "thumb_url": "https:\/\/i.redditmedia.com\/Ol1OXeCvlfLEIUBnvWdNM5VSU-_sJyyqJ-NlnOw1iV0.jpg?w=320&s=c8386a2d7322b16070088a75e1c1c352",
                "from_url": "http:\/\/ift.tt\/1TU1YA6",
                "thumb_width": 320,
                "thumb_height": 320,
                "id": 1,
                "mrkdwn_in": [
                    "text",
                    "pretext"
                ]
            }
        ],
        "mrkdwn": true,
        "type": "message",
        "subtype": "bot_message",
        "ts": "1457747520.000129"
    }
]