[
    {
        "bot_id": "B04FD5HLZ",
        "attachments": [
            {
                "fallback": "<https:\/\/twitter.com\/lapin7|@lapin7>: <https:\/\/twitter.com\/21xhipster|@21xhipster> <https:\/\/twitter.com\/mikeloukides|@mikeloukides> <https:\/\/twitter.com\/Medium|@Medium>  Google AMP=AcceleratedMobilePages <https:\/\/twitter.com\/Synereo|@Synereo> AMP=Ampere. A message amplifier and reward for attention",
                "author_name": "HJ",
                "author_link": "https:\/\/twitter.com\/lapin7\/status\/711177860459962368",
                "author_icon": "https:\/\/pbs.twimg.com\/profile_images\/694808300643340288\/0CVY8LDX_normal.png",
                "author_subname": "@lapin7",
                "pretext": "<https:\/\/twitter.com\/lapin7\/status\/711177860459962368>",
                "text": "<https:\/\/twitter.com\/21xhipster|@21xhipster> <https:\/\/twitter.com\/mikeloukides|@mikeloukides> <https:\/\/twitter.com\/Medium|@Medium>  Google AMP=AcceleratedMobilePages <https:\/\/twitter.com\/Synereo|@Synereo> AMP=Ampere. A message amplifier and reward for attention",
                "service_name": "twitter",
                "service_url": "https:\/\/twitter.com\/",
                "id": 1
            }
        ],
        "type": "message",
        "subtype": "bot_message",
        "ts": "1458392989.000023"
    },
    {
        "bot_id": "B04FD5HLZ",
        "attachments": [
            {
                "fallback": "<https:\/\/twitter.com\/cyberfundio|@cyberfundio>: Sorting by daily turnover hint what blockchains are artificially-valuated <https:\/\/twitter.com\/Synereo|@Synereo> <https:\/\/twitter.com\/Ripple|@Ripple> <https:\/\/twitter.com\/AugurProject|@AugurProject> <https:\/\/twitter.com\/NeuCoin|@NeuCoin> <https:\/\/pbs.twimg.com\/media\/Cd8A2wlWEAIGLSU.jpg>",
                "author_name": "cyber \u2022 Fund",
                "author_link": "https:\/\/twitter.com\/cyberfundio\/status\/711288963588345856",
                "author_icon": "https:\/\/pbs.twimg.com\/profile_images\/566693986027331585\/gTu0pD17_normal.png",
                "author_subname": "@cyberfundio",
                "pretext": "<https:\/\/twitter.com\/cyberfundio\/status\/711288963588345856>",
                "text": "Sorting by daily turnover hint what blockchains are artificially-valuated <https:\/\/twitter.com\/Synereo|@Synereo> <https:\/\/twitter.com\/Ripple|@Ripple> <https:\/\/twitter.com\/AugurProject|@AugurProject> <https:\/\/twitter.com\/NeuCoin|@NeuCoin> <https:\/\/pbs.twimg.com\/media\/Cd8A2wlWEAIGLSU.jpg>",
                "service_name": "twitter",
                "service_url": "https:\/\/twitter.com\/",
                "image_url": "https:\/\/pbs.twimg.com\/media\/Cd8A2wlWEAIGLSU.jpg",
                "image_width": 600,
                "image_height": 333,
                "image_bytes": 31294,
                "id": 1
            }
        ],
        "type": "message",
        "subtype": "bot_message",
        "ts": "1458419479.000024"
    },
    {
        "bot_id": "B04FD5HLZ",
        "attachments": [
            {
                "fallback": "<https:\/\/twitter.com\/mrdanieldroth|@mrdanieldroth>: <https:\/\/twitter.com\/Synereo|@Synereo> My ideal synereo is one where my content is my own.What's your Synereo? #SynereoSlogan",
                "author_name": "Daniel Roth",
                "author_link": "https:\/\/twitter.com\/mrdanieldroth\/status\/711291090792484864",
                "author_icon": "https:\/\/abs.twimg.com\/sticky\/default_profile_images\/default_profile_3_normal.png",
                "author_subname": "@mrdanieldroth",
                "pretext": "<https:\/\/twitter.com\/mrdanieldroth\/status\/711291090792484864>",
                "text": "<https:\/\/twitter.com\/Synereo|@Synereo> My ideal synereo is one where my content is my own.What's your Synereo? #SynereoSlogan",
                "service_name": "twitter",
                "service_url": "https:\/\/twitter.com\/",
                "id": 1
            }
        ],
        "type": "message",
        "subtype": "bot_message",
        "ts": "1458419986.000025"
    },
    {
        "type": "message",
        "user": "U0474E4KZ",
        "text": "<https:\/\/bitcointalk.org\/index.php?topic=1387602.msg14253893#msg14253893>",
        "ts": "1458435391.000026"
    },
    {
        "username": "IFTTT",
        "icons": {
            "image_36": "https:\/\/a.slack-edge.com\/66f9\/img\/services\/ifttt_36.png",
            "image_48": "https:\/\/a.slack-edge.com\/66f9\/img\/services\/ifttt_48.png",
            "image_72": "https:\/\/a.slack-edge.com\/66f9\/img\/services\/ifttt_72.png"
        },
        "attachments": [
            {
                "pretext": "Synereo crowdsale is over right? via \/r\/Synereo <http:\/\/ift.tt\/1Zfa8Cp>",
                "service_name": "reddit",
                "title": "Synereo crowdsale is over right? \u2022 \/r\/Synereo",
                "title_link": "http:\/\/ift.tt\/1Zfa8Cp",
                "text": "1. Synereo crowdsale is over right? 2. Will there come a second round? 3. Are Synereo tokens already tradeble on exchanges? If not when? Thanks!",
                "fallback": "Synereo crowdsale is over right? via \/r\/Synereo <http:\/\/ift.tt\/1Zfa8Cp>",
                "thumb_url": "https:\/\/www.redditstatic.com\/icon.png",
                "from_url": "http:\/\/ift.tt\/1Zfa8Cp",
                "thumb_width": 256,
                "thumb_height": 256,
                "id": 1,
                "mrkdwn_in": [
                    "text",
                    "pretext"
                ]
            }
        ],
        "mrkdwn": true,
        "type": "message",
        "subtype": "bot_message",
        "ts": "1458445980.000027"
    },
    {
        "username": "IFTTT",
        "icons": {
            "image_36": "https:\/\/a.slack-edge.com\/66f9\/img\/services\/ifttt_36.png",
            "image_48": "https:\/\/a.slack-edge.com\/66f9\/img\/services\/ifttt_48.png",
            "image_72": "https:\/\/a.slack-edge.com\/66f9\/img\/services\/ifttt_72.png"
        },
        "attachments": [
            {
                "pretext": "AMP per USD via \/r\/Synereo <http:\/\/ift.tt\/1LyacuU>",
                "service_name": "reddit",
                "title": "AMP per USD \u2022 \/r\/Synereo",
                "title_link": "http:\/\/ift.tt\/1LyacuU",
                "text": "Quote: 'Those who invested earliest will receive 183 AMPs per dollar spent, while those at the tail end of the sale will receive 123 AMPs per...",
                "fallback": "AMP per USD via \/r\/Synereo <http:\/\/ift.tt\/1LyacuU>",
                "thumb_url": "https:\/\/www.redditstatic.com\/icon.png",
                "from_url": "http:\/\/ift.tt\/1LyacuU",
                "thumb_width": 256,
                "thumb_height": 256,
                "id": 1,
                "mrkdwn_in": [
                    "text",
                    "pretext"
                ]
            }
        ],
        "mrkdwn": true,
        "type": "message",
        "subtype": "bot_message",
        "ts": "1458446890.000028"
    }
]