[
    {
        "username": "IFTTT",
        "icons": {
            "image_36": "https:\/\/slack.global.ssl.fastly.net\/66f9\/img\/services\/ifttt_36.png",
            "image_48": "https:\/\/slack.global.ssl.fastly.net\/66f9\/img\/services\/ifttt_48.png",
            "image_72": "https:\/\/slack.global.ssl.fastly.net\/66f9\/img\/services\/ifttt_72.png"
        },
        "attachments": [
            {
                "pretext": "Using twitch to stream the process of creating the worlds first real life video game. via \/r\/Twitch <http:\/\/ift.tt\/1VHVdi1>",
                "service_name": "reddit",
                "title": "Using twitch to stream the process of creating the worlds first real life video game. \u2022 \/r\/Twitch",
                "title_link": "http:\/\/ift.tt\/1VHVdi1",
                "text": "Hello everyone. I am posting a video i uploaded the other day. This is my design proposal for Synereo. We are still in the process of finishing...",
                "fallback": "Using twitch to stream the process of creating the worlds first real life video game. via \/r\/Twitch <http:\/\/ift.tt\/1VHVdi1>",
                "thumb_url": "https:\/\/i.redditmedia.com\/0Imb0Uu__ZmoobQiCkudljTet-YdpCQ2_16DKhIHVTE.jpg?w=320&s=e05fd46500ef809d6b436a8bb9dce72e",
                "from_url": "http:\/\/ift.tt\/1VHVdi1",
                "thumb_width": 320,
                "thumb_height": 240,
                "id": 1,
                "mrkdwn_in": [
                    "text",
                    "pretext"
                ]
            }
        ],
        "mrkdwn": true,
        "type": "message",
        "subtype": "bot_message",
        "ts": "1456439920.000047"
    },
    {
        "bot_id": "B04FD5HLZ",
        "attachments": [
            {
                "fallback": "<https:\/\/twitter.com\/matslats|@matslats>: Has the fantastic <https:\/\/twitter.com\/Backfeed_cc|@Backfeed&lowbar;cc> protocol been written yet or is it just a fantasy? <http:\/\/backfeed.cc\/explore-in-depth> <https:\/\/twitter.com\/Synereo|@Synereo>",
                "author_name": "Matthew Slater",
                "author_link": "https:\/\/twitter.com\/matslats\/status\/703092583631704065",
                "author_icon": "https:\/\/pbs.twimg.com\/profile_images\/460106523025240064\/eTJZ4KsT_normal.jpeg",
                "author_subname": "@matslats",
                "pretext": "<https:\/\/twitter.com\/matslats\/status\/703092583631704065>",
                "text": "Has the fantastic <https:\/\/twitter.com\/Backfeed_cc|@Backfeed&lowbar;cc> protocol been written yet or is it just a fantasy? <http:\/\/backfeed.cc\/explore-in-depth> <https:\/\/twitter.com\/Synereo|@Synereo>",
                "service_name": "twitter",
                "service_url": "https:\/\/twitter.com\/",
                "id": 1
            }
        ],
        "type": "message",
        "subtype": "bot_message",
        "ts": "1456465309.000048"
    }
]