[
    {
        "type": "message",
        "user": "U04BQ4FMC",
        "text": "What is IFTTT?",
        "ts": "1456325289.000039"
    },
    {
        "type": "message",
        "user": "U048T3M8W",
        "text": "IFTTT is a service to have a post-feed from e.g. Bitcointalk to Slack. IFTTT means If This Then That.",
        "ts": "1456328031.000040"
    },
    {
        "type": "message",
        "user": "U04BQ4FMC",
        "text": "thank you HJ",
        "ts": "1456328114.000041"
    },
    {
        "type": "message",
        "user": "U04BQ4FMC",
        "text": "Maybe I missed it here, but we got a mention here: <http:\/\/www.journaldunet.com\/economie\/finance\/1173499-blockchain-tranformation-secteurs\/>",
        "attachments": [
            {
                "title": "De la finance \u00e0 l'IoT, la r\u00e9volution blockchain est en marche",
                "title_link": "http:\/\/www.journaldunet.com\/economie\/finance\/1173499-blockchain-tranformation-secteurs\/",
                "text": "Le protocole sur lequel repose le Bitcoin, un syst\u00e8me d'\u00e9changes s\u00e9curis\u00e9 et d\u00e9nu\u00e9 de tout contr\u00f4le central, r\u00e9volutionnera bien plus que la finance.",
                "fallback": "De la finance \u00e0 l'IoT, la r\u00e9volution blockchain est en marche",
                "thumb_url": "http:\/\/i-cms.journaldunet.com\/image_cms\/350\/10250476-de-la-finance-a-l-iot-la-revolution-blockchain-est-en-marche.jpg",
                "from_url": "http:\/\/www.journaldunet.com\/economie\/finance\/1173499-blockchain-tranformation-secteurs\/",
                "thumb_width": 350,
                "thumb_height": 233,
                "id": 1
            }
        ],
        "ts": "1456331763.000042",
        "reactions": [
            {
                "name": "+1",
                "users": [
                    "U0474E4KZ",
                    "U04JPG2F2",
                    "U048T3M8W"
                ],
                "count": 3
            }
        ]
    },
    {
        "type": "message",
        "user": "U04BQ4FMC",
        "text": "Peut-\u00eatre que nous avons besoin d' une version fran\u00e7aise aussi?",
        "ts": "1456331886.000044"
    },
    {
        "bot_id": "B04FD5HLZ",
        "attachments": [
            {
                "fallback": "<https:\/\/twitter.com\/Synereo|@Synereo>: Live on the <https:\/\/twitter.com\/Synereo|@Synereo> community hangout!\n<https:\/\/plus.google.com\/events\/cojr85tts522lu6cmna92fdqbfk>",
                "author_name": "Synereo",
                "author_link": "https:\/\/twitter.com\/Synereo\/status\/702574962759049216",
                "author_icon": "https:\/\/pbs.twimg.com\/profile_images\/522790259789025280\/FKRuSK66_normal.png",
                "author_subname": "@Synereo",
                "pretext": "<https:\/\/twitter.com\/Synereo\/status\/702574962759049216>",
                "text": "Live on the <https:\/\/twitter.com\/Synereo|@Synereo> community hangout!\n<https:\/\/plus.google.com\/events\/cojr85tts522lu6cmna92fdqbfk>",
                "service_name": "twitter",
                "service_url": "https:\/\/twitter.com\/",
                "id": 1
            }
        ],
        "type": "message",
        "subtype": "bot_message",
        "ts": "1456341898.000045"
    },
    {
        "bot_id": "B04FD5HLZ",
        "attachments": [
            {
                "fallback": "<https:\/\/twitter.com\/lapin7|@lapin7>: We have now two AMP's? <https:\/\/twitter.com\/Synereo|@Synereo> <https:\/\/backchannel.com\/google-is-going-to-speed-up-the-web-is-this-good-a92a6043598b#.cahvqcnok>",
                "author_name": "HJ",
                "author_link": "https:\/\/twitter.com\/lapin7\/status\/702748779770986496",
                "author_icon": "https:\/\/pbs.twimg.com\/profile_images\/694808300643340288\/0CVY8LDX_normal.png",
                "author_subname": "@lapin7",
                "pretext": "<https:\/\/twitter.com\/lapin7\/status\/702748779770986496>",
                "text": "We have now two AMP's? <https:\/\/twitter.com\/Synereo|@Synereo> <https:\/\/backchannel.com\/google-is-going-to-speed-up-the-web-is-this-good-a92a6043598b#.cahvqcnok>",
                "service_name": "twitter",
                "service_url": "https:\/\/twitter.com\/",
                "id": 1
            }
        ],
        "type": "message",
        "subtype": "bot_message",
        "ts": "1456383340.000046"
    }
]