[
    {
        "bot_id": "B04FD5HLZ",
        "attachments": [
            {
                "fallback": "<https:\/\/twitter.com\/lapin7|@lapin7>: We earned AMP for <https:\/\/twitter.com\/Synereo|@Synereo> HOA text <https:\/\/blog.synereo.com>       \nAMP 15,243.39  65.00%    <https:\/\/twitter.com\/lapin7|@lapin7>\nAMP   7,010.36  35.00%    <https:\/\/twitter.com\/MalthusJohn|@MalthusJohn>",
                "author_name": "HJ",
                "author_link": "https:\/\/twitter.com\/lapin7\/status\/696771936018415616",
                "author_icon": "https:\/\/pbs.twimg.com\/profile_images\/694808300643340288\/0CVY8LDX_normal.png",
                "author_subname": "@lapin7",
                "pretext": "<https:\/\/twitter.com\/lapin7\/status\/696771936018415616>",
                "text": "We earned AMP for <https:\/\/twitter.com\/Synereo|@Synereo> HOA text <https:\/\/blog.synereo.com>       \nAMP 15,243.39  65.00%    <https:\/\/twitter.com\/lapin7|@lapin7>\nAMP   7,010.36  35.00%    <https:\/\/twitter.com\/MalthusJohn|@MalthusJohn>",
                "service_name": "twitter",
                "service_url": "https:\/\/twitter.com\/",
                "id": 1
            }
        ],
        "type": "message",
        "subtype": "bot_message",
        "ts": "1454958349.000062"
    }
]