[
    {
        "bot_id": "B04FD5HLZ",
        "attachments": [
            {
                "fallback": "<https:\/\/twitter.com\/NullXNinety|@NullXNinety>: <https:\/\/twitter.com\/Synereo|@Synereo> Do you already have a beta?",
                "author_name": "Who Cares",
                "author_link": "https:\/\/twitter.com\/NullXNinety\/status\/694818097157505024",
                "author_icon": "https:\/\/pbs.twimg.com\/profile_images\/2375712738\/an30en0ywv9rprs38c93_normal.png",
                "author_subname": "@NullXNinety",
                "pretext": "<https:\/\/twitter.com\/NullXNinety\/status\/694818097157505024>",
                "text": "<https:\/\/twitter.com\/Synereo|@Synereo> Do you already have a beta?",
                "service_name": "twitter",
                "service_url": "https:\/\/twitter.com\/",
                "id": 1
            }
        ],
        "type": "message",
        "subtype": "bot_message",
        "ts": "1454492518.000040"
    },
    {
        "bot_id": "B04FD5HLZ",
        "attachments": [
            {
                "fallback": "<https:\/\/twitter.com\/lapin7|@lapin7>: <https:\/\/twitter.com\/NullXNinety|@NullXNinety> <https:\/\/twitter.com\/Synereo|@Synereo> You can see a beta in <http:\/\/blog.synereo.com\/2016\/01\/12\/Synereo-Update\/>\nlook for Current UI",
                "author_name": "HJ",
                "author_link": "https:\/\/twitter.com\/lapin7\/status\/694821656116731904",
                "author_icon": "https:\/\/pbs.twimg.com\/profile_images\/694808300643340288\/0CVY8LDX_normal.png",
                "author_subname": "@lapin7",
                "pretext": "<https:\/\/twitter.com\/lapin7\/status\/694821656116731904>",
                "text": "<https:\/\/twitter.com\/NullXNinety|@NullXNinety> <https:\/\/twitter.com\/Synereo|@Synereo> You can see a beta in <http:\/\/blog.synereo.com\/2016\/01\/12\/Synereo-Update\/>\nlook for Current UI",
                "service_name": "twitter",
                "service_url": "https:\/\/twitter.com\/",
                "id": 1
            }
        ],
        "type": "message",
        "subtype": "bot_message",
        "ts": "1454493366.000041"
    },
    {
        "bot_id": "B04FD5HLZ",
        "attachments": [
            {
                "fallback": "<https:\/\/twitter.com\/matslats|@matslats>: Need to know: When <https:\/\/twitter.com\/Synereo|@Synereo> says 'owned by you' is that a promise not to sell out to venture capitalists like all other Israeli tech?",
                "author_name": "The Credit Commons",
                "author_link": "https:\/\/twitter.com\/matslats\/status\/694895887621820416",
                "author_icon": "https:\/\/pbs.twimg.com\/profile_images\/460106523025240064\/eTJZ4KsT_normal.jpeg",
                "author_subname": "@matslats",
                "pretext": "<https:\/\/twitter.com\/matslats\/status\/694895887621820416>",
                "text": "Need to know: When <https:\/\/twitter.com\/Synereo|@Synereo> says 'owned by you' is that a promise not to sell out to venture capitalists like all other Israeli tech?",
                "service_name": "twitter",
                "service_url": "https:\/\/twitter.com\/",
                "id": 1
            }
        ],
        "type": "message",
        "subtype": "bot_message",
        "ts": "1454511064.000042"
    },
    {
        "bot_id": "B04FD5HLZ",
        "attachments": [
            {
                "fallback": "<https:\/\/twitter.com\/Elokane|@Elokane>: <https:\/\/twitter.com\/matslats|@matslats> <https:\/\/twitter.com\/Synereo|@Synereo> We're talking about a p2p network. It can no more be sold  than you can a torrent.",
                "author_name": "Dor Konforty",
                "author_link": "https:\/\/twitter.com\/Elokane\/status\/694898685335986177",
                "author_icon": "https:\/\/pbs.twimg.com\/profile_images\/372313688\/Red_Background_Cylon_Bust_Photo_normal.jpg",
                "author_subname": "@Elokane",
                "pretext": "<https:\/\/twitter.com\/Elokane\/status\/694898685335986177>",
                "text": "<https:\/\/twitter.com\/matslats|@matslats> <https:\/\/twitter.com\/Synereo|@Synereo> We're talking about a p2p network. It can no more be sold  than you can a torrent.",
                "service_name": "twitter",
                "service_url": "https:\/\/twitter.com\/",
                "id": 1
            }
        ],
        "type": "message",
        "subtype": "bot_message",
        "ts": "1454511732.000043"
    },
    {
        "bot_id": "B04FD5HLZ",
        "attachments": [
            {
                "fallback": "<https:\/\/twitter.com\/Elokane|@Elokane>: <https:\/\/twitter.com\/NullXNinety|@NullXNinety> <https:\/\/twitter.com\/Synereo|@Synereo> We'll have our first release soon. Sign up for updates on <http:\/\/synereo.com>.",
                "author_name": "Dor Konforty",
                "author_link": "https:\/\/twitter.com\/Elokane\/status\/694912238960951296",
                "author_icon": "https:\/\/pbs.twimg.com\/profile_images\/372313688\/Red_Background_Cylon_Bust_Photo_normal.jpg",
                "author_subname": "@Elokane",
                "pretext": "<https:\/\/twitter.com\/Elokane\/status\/694912238960951296>",
                "text": "<https:\/\/twitter.com\/NullXNinety|@NullXNinety> <https:\/\/twitter.com\/Synereo|@Synereo> We'll have our first release soon. Sign up for updates on <http:\/\/synereo.com>.",
                "service_name": "twitter",
                "service_url": "https:\/\/twitter.com\/",
                "id": 1
            }
        ],
        "type": "message",
        "subtype": "bot_message",
        "ts": "1454514963.000044"
    },
    {
        "bot_id": "B04FD5HLZ",
        "attachments": [
            {
                "fallback": "<https:\/\/twitter.com\/Synereo|@Synereo>: Dina Suspino discussing the #synereo user design LIVE: \n<https:\/\/www.youtube.com\/watch?v=tTMDtmkxID4>",
                "author_name": "Synereo",
                "author_link": "https:\/\/twitter.com\/Synereo\/status\/694962394347495426",
                "author_icon": "https:\/\/pbs.twimg.com\/profile_images\/522790259789025280\/FKRuSK66_normal.png",
                "author_subname": "@Synereo",
                "pretext": "<https:\/\/twitter.com\/Synereo\/status\/694962394347495426>",
                "text": "Dina Suspino discussing the #synereo user design LIVE: \n<https:\/\/www.youtube.com\/watch?v=tTMDtmkxID4>",
                "service_name": "twitter",
                "service_url": "https:\/\/twitter.com\/",
                "id": 1
            }
        ],
        "type": "message",
        "subtype": "bot_message",
        "ts": "1454526923.000045"
    }
]