[
    {
        "bot_id": "B04FD5HLZ",
        "attachments": [
            {
                "fallback": "<https:\/\/twitter.com\/Synereo|@Synereo>: Community Hangout for #synereo, broadcasting LIVE: \n<https:\/\/www.youtube.com\/watch?v=lIQDnhq_0YY>",
                "author_name": "Synereo",
                "author_link": "https:\/\/twitter.com\/Synereo\/status\/692424274641051649",
                "author_icon": "https:\/\/pbs.twimg.com\/profile_images\/522790259789025280\/FKRuSK66_normal.png",
                "author_subname": "@Synereo",
                "pretext": "<https:\/\/twitter.com\/Synereo\/status\/692424274641051649>",
                "text": "Community Hangout for #synereo, broadcasting LIVE: \n<https:\/\/www.youtube.com\/watch?v=lIQDnhq_0YY>",
                "service_name": "twitter",
                "service_url": "https:\/\/twitter.com\/",
                "id": 1
            }
        ],
        "type": "message",
        "subtype": "bot_message",
        "ts": "1453921786.000022"
    }
]