[
    {
        "bot_id": "B04FD5HLZ",
        "attachments": [
            {
                "fallback": "<https:\/\/twitter.com\/FreeTrustOrg|@FreeTrustOrg>: <https:\/\/twitter.com\/OccupyTruth|@OccupyTruth> run a <https:\/\/twitter.com\/Synereo|@Synereo> AWS image <http:\/\/blog.synereo.com\/2015\/08\/12\/top-5-things-you-can-do-with-synereo-now\/>",
                "author_name": "FreeTrust",
                "author_link": "https:\/\/twitter.com\/FreeTrustOrg\/status\/683649786868854784",
                "author_icon": "https:\/\/pbs.twimg.com\/profile_images\/606532062502391808\/mEJmLI_G_normal.png",
                "author_subname": "@FreeTrustOrg",
                "pretext": "<https:\/\/twitter.com\/FreeTrustOrg\/status\/683649786868854784>",
                "text": "<https:\/\/twitter.com\/OccupyTruth|@OccupyTruth> run a <https:\/\/twitter.com\/Synereo|@Synereo> AWS image <http:\/\/blog.synereo.com\/2015\/08\/12\/top-5-things-you-can-do-with-synereo-now\/>",
                "service_name": "twitter",
                "service_url": "https:\/\/twitter.com\/",
                "id": 1
            }
        ],
        "type": "message",
        "subtype": "bot_message",
        "ts": "1451829786.000120"
    },
    {
        "bot_id": "B04FD5HLZ",
        "attachments": [
            {
                "fallback": "<https:\/\/twitter.com\/OccupyTruth|@OccupyTruth>: <https:\/\/twitter.com\/FreeTrustOrg|@FreeTrustOrg> <https:\/\/twitter.com\/Synereo|@Synereo> Are you talking about that AMI &amp; why do you need an Amazon account, I don't even use Amazon.",
                "author_name": "Truth v. Treason",
                "author_link": "https:\/\/twitter.com\/OccupyTruth\/status\/683660136649519105",
                "author_icon": "https:\/\/pbs.twimg.com\/profile_images\/2967986660\/ac116c6f2369835c0035f7e779903a3e_normal.jpeg",
                "author_subname": "@OccupyTruth",
                "pretext": "<https:\/\/twitter.com\/OccupyTruth\/status\/683660136649519105>",
                "text": "<https:\/\/twitter.com\/FreeTrustOrg|@FreeTrustOrg> <https:\/\/twitter.com\/Synereo|@Synereo> Are you talking about that AMI &amp; why do you need an Amazon account, I don't even use Amazon.",
                "service_name": "twitter",
                "service_url": "https:\/\/twitter.com\/",
                "id": 1
            }
        ],
        "type": "message",
        "subtype": "bot_message",
        "ts": "1451832253.000121"
    },
    {
        "bot_id": "B04FD5HLZ",
        "attachments": [
            {
                "fallback": "<https:\/\/twitter.com\/FreeTrustOrg|@FreeTrustOrg>: <https:\/\/twitter.com\/OccupyTruth|@OccupyTruth> <https:\/\/twitter.com\/Synereo|@Synereo> is not ready for prime time but great things are happening, there is work on a docker install but it has been slow",
                "author_name": "FreeTrust",
                "author_link": "https:\/\/twitter.com\/FreeTrustOrg\/status\/683661138123423744",
                "author_icon": "https:\/\/pbs.twimg.com\/profile_images\/606532062502391808\/mEJmLI_G_normal.png",
                "author_subname": "@FreeTrustOrg",
                "pretext": "<https:\/\/twitter.com\/FreeTrustOrg\/status\/683661138123423744>",
                "text": "<https:\/\/twitter.com\/OccupyTruth|@OccupyTruth> <https:\/\/twitter.com\/Synereo|@Synereo> is not ready for prime time but great things are happening, there is work on a docker install but it has been slow",
                "service_name": "twitter",
                "service_url": "https:\/\/twitter.com\/",
                "id": 1
            }
        ],
        "type": "message",
        "subtype": "bot_message",
        "ts": "1451832491.000122"
    },
    {
        "bot_id": "B04FD5HLZ",
        "attachments": [
            {
                "fallback": "<https:\/\/twitter.com\/OccupyTruth|@OccupyTruth>: <https:\/\/twitter.com\/FreeTrustOrg|@FreeTrustOrg> <https:\/\/twitter.com\/Synereo|@Synereo> Ok thanks. I guess it's still going to be awhile before nontechnical users can use it.",
                "author_name": "Truth v. Treason",
                "author_link": "https:\/\/twitter.com\/OccupyTruth\/status\/683662349044178944",
                "author_icon": "https:\/\/pbs.twimg.com\/profile_images\/2967986660\/ac116c6f2369835c0035f7e779903a3e_normal.jpeg",
                "author_subname": "@OccupyTruth",
                "pretext": "<https:\/\/twitter.com\/OccupyTruth\/status\/683662349044178944>",
                "text": "<https:\/\/twitter.com\/FreeTrustOrg|@FreeTrustOrg> <https:\/\/twitter.com\/Synereo|@Synereo> Ok thanks. I guess it's still going to be awhile before nontechnical users can use it.",
                "service_name": "twitter",
                "service_url": "https:\/\/twitter.com\/",
                "id": 1
            }
        ],
        "type": "message",
        "subtype": "bot_message",
        "ts": "1451832780.000123"
    },
    {
        "bot_id": "B04FD5HLZ",
        "attachments": [
            {
                "fallback": "<https:\/\/twitter.com\/FreeTrustOrg|@FreeTrustOrg>: Blockchains will be clocktrains with <https:\/\/twitter.com\/Synereo|@Synereo> <https:\/\/twitter.com\/provensecure|@provensecure> with <https:\/\/twitter.com\/eris_ltd|@eris_ltd>",
                "author_name": "FreeTrust",
                "author_link": "https:\/\/twitter.com\/FreeTrustOrg\/status\/683704786009636868",
                "author_icon": "https:\/\/pbs.twimg.com\/profile_images\/606532062502391808\/mEJmLI_G_normal.png",
                "author_subname": "@FreeTrustOrg",
                "pretext": "<https:\/\/twitter.com\/FreeTrustOrg\/status\/683704786009636868>",
                "text": "Blockchains will be clocktrains with <https:\/\/twitter.com\/Synereo|@Synereo> <https:\/\/twitter.com\/provensecure|@provensecure> with <https:\/\/twitter.com\/eris_ltd|@eris_ltd>",
                "service_name": "twitter",
                "service_url": "https:\/\/twitter.com\/",
                "id": 1
            }
        ],
        "type": "message",
        "subtype": "bot_message",
        "ts": "1451842898.000124"
    },
    {
        "bot_id": "B04FD5HLZ",
        "attachments": [
            {
                "fallback": "<https:\/\/twitter.com\/Collaborizm|@Collaborizm>: .<https:\/\/twitter.com\/Synereo|@Synereo>: New decentralized social network using #blockchain to allow users to control IP &amp; to establish #trust. <https:\/\/twitter.com\/crowdexpedition\/status\/682106405164314626>",
                "author_name": "Collaborizm",
                "author_link": "https:\/\/twitter.com\/Collaborizm\/status\/683800751563497472",
                "author_icon": "https:\/\/pbs.twimg.com\/profile_images\/461901141224075264\/E9G-um2D_normal.png",
                "author_subname": "@Collaborizm",
                "pretext": "<https:\/\/twitter.com\/Collaborizm\/status\/683800751563497472>",
                "text": ".<https:\/\/twitter.com\/Synereo|@Synereo>: New decentralized social network using #blockchain to allow users to control IP &amp; to establish #trust. <https:\/\/twitter.com\/crowdexpedition\/status\/682106405164314626>",
                "service_name": "twitter",
                "service_url": "https:\/\/twitter.com\/",
                "id": 1
            }
        ],
        "type": "message",
        "subtype": "bot_message",
        "ts": "1451865778.000125"
    },
    {
        "bot_id": "B04FD5HLZ",
        "attachments": [
            {
                "fallback": "<https:\/\/twitter.com\/blkchninstitute|@blkchninstitute>: .<https:\/\/twitter.com\/Synereo|@Synereo>: New decentralized social network using #Beyonc\u00e9 to allow users to control IP &amp; to establish #trust. <https:\/\/twitter.com\/crowdexpedition\/status\/682106405164314626>",
                "author_name": "Beyonc\u00e9chain",
                "author_link": "https:\/\/twitter.com\/blkchninstitute\/status\/683810992845930499",
                "author_icon": "https:\/\/pbs.twimg.com\/profile_images\/659427552512114688\/VH8wFD-f_normal.jpg",
                "author_subname": "@blkchninstitute",
                "pretext": "<https:\/\/twitter.com\/blkchninstitute\/status\/683810992845930499>",
                "text": ".<https:\/\/twitter.com\/Synereo|@Synereo>: New decentralized social network using #Beyonc\u00e9 to allow users to control IP &amp; to establish #trust. <https:\/\/twitter.com\/crowdexpedition\/status\/682106405164314626>",
                "service_name": "twitter",
                "service_url": "https:\/\/twitter.com\/",
                "id": 1
            }
        ],
        "type": "message",
        "subtype": "bot_message",
        "ts": "1451868219.000126"
    }
]