[
    {
        "bot_id": "B04FD5HLZ",
        "attachments": [
            {
                "fallback": "<https:\/\/twitter.com\/21xhipster|@21xhipster>: <https:\/\/twitter.com\/Synereo|@Synereo> Hi! Happy to see you on cyber\u2022Fund. Our features can improve transparency of Synereo Foundation holdings. Contact if interested :-)",
                "author_name": "Dima Starodubcev",
                "author_link": "https:\/\/twitter.com\/21xhipster\/status\/712354892527042560",
                "author_icon": "https:\/\/pbs.twimg.com\/profile_images\/561496613865009154\/GWar3pzK_normal.jpeg",
                "author_subname": "@21xhipster",
                "pretext": "<https:\/\/twitter.com\/21xhipster\/status\/712354892527042560>",
                "text": "<https:\/\/twitter.com\/Synereo|@Synereo> Hi! Happy to see you on cyber\u2022Fund. Our features can improve transparency of Synereo Foundation holdings. Contact if interested :-)",
                "service_name": "twitter",
                "service_url": "https:\/\/twitter.com\/",
                "id": 1
            }
        ],
        "type": "message",
        "subtype": "bot_message",
        "ts": "1458673616.000032"
    },
    {
        "username": "IFTTT",
        "icons": {
            "image_36": "https:\/\/a.slack-edge.com\/66f9\/img\/services\/ifttt_36.png",
            "image_48": "https:\/\/a.slack-edge.com\/66f9\/img\/services\/ifttt_48.png",
            "image_72": "https:\/\/a.slack-edge.com\/66f9\/img\/services\/ifttt_72.png"
        },
        "attachments": [
            {
                "pretext": "Synereo has jobs for Scala developers. via \/r\/scala <http:\/\/ift.tt\/1S47dXR>",
                "service_name": "reddit",
                "title": "Synereo has jobs for Scala developers. \u2022 \/r\/scala",
                "title_link": "http:\/\/ift.tt\/1S47dXR",
                "text": "We're looking for Scala Developers. You would be generously rewarded in Synereo's AMP. If you're interested, you're invited to have a look at...",
                "fallback": "Synereo has jobs for Scala developers. via \/r\/scala <http:\/\/ift.tt\/1S47dXR>",
                "thumb_url": "https:\/\/www.redditstatic.com\/icon.png",
                "from_url": "http:\/\/ift.tt\/1S47dXR",
                "thumb_width": 256,
                "thumb_height": 256,
                "id": 1,
                "mrkdwn_in": [
                    "text",
                    "pretext"
                ]
            }
        ],
        "mrkdwn": true,
        "type": "message",
        "subtype": "bot_message",
        "ts": "1458677439.000033"
    },
    {
        "type": "message",
        "user": "U0474E4KZ",
        "text": "<@U048T3M8W>: include that we're happy to compensate in fiat as well.",
        "ts": "1458683133.000034"
    },
    {
        "type": "message",
        "user": "U0474E4KZ",
        "text": "Can use this template:",
        "ts": "1458683143.000035"
    },
    {
        "type": "message",
        "user": "U0474E4KZ",
        "text": "Synereo is the leading platform for fully decentralized and distributed applications, protocols and networks. We're looking for developers experienced in Scala\/with a functional programming background to join our team.\n\nHigh level positions available, and we'll compensate the right candidate handsomely.\n\nWe're rebuilding the Internet to conform to its founding principles of free speech, self-governance, and self-determination. Come join us!",
        "ts": "1458683143.000036"
    },
    {
        "type": "message",
        "user": "U0474E4KZ",
        "text": "Attach the deck when appropriate. <https:\/\/www.dropbox.com\/s\/rs933uu2wutg2jf\/Synereo%20Investor%20Deck.pdf?dl=1>",
        "ts": "1458683150.000037"
    },
    {
        "type": "message",
        "subtype": "file_share",
        "text": "<@U0474E4KZ|dor> shared a file: <https:\/\/synereonet.slack.com\/files\/dor\/F0Q52LTF0\/synereo_investor_deck.pdf|Synereo Investor Deck.pdf>",
        "file": {
            "id": "F0Q52LTF0",
            "created": 1457027039,
            "timestamp": 1457027039,
            "name": "Synereo Investor Deck.pdf",
            "title": "Synereo Investor Deck.pdf",
            "mimetype": "application\/pdf",
            "filetype": "pdf",
            "pretty_type": "PDF",
            "user": "U0474E4KZ",
            "editable": false,
            "size": 15159424,
            "mode": "external",
            "is_external": true,
            "external_type": "dropbox",
            "is_public": true,
            "public_url_shared": false,
            "display_as_bot": false,
            "username": "",
            "url_private": "https:\/\/www.dropbox.com\/s\/rs933uu2wutg2jf\/Synereo%20Investor%20Deck.pdf?dl=0",
            "permalink": "https:\/\/synereonet.slack.com\/files\/dor\/F0Q52LTF0\/synereo_investor_deck.pdf",
            "channels": [
                "C0474AT8X",
                "C046FL74E",
                "C0483E0SC"
            ],
            "groups": [
    
            ],
            "ims": [
    
            ],
            "comments_count": 0
        },
        "user": "U0474E4KZ",
        "upload": false,
        "display_as_bot": false,
        "username": "<@U0474E4KZ|dor>",
        "bot_id": null,
        "ts": "1458683152.000038"
    },
    {
        "user": "U0PCK9TKL",
        "type": "message",
        "subtype": "channel_join",
        "text": "<@U0PCK9TKL|dj.ruesue> has joined the channel",
        "ts": "1458684564.000039"
    },
    {
        "type": "message",
        "user": "U048T3M8W",
        "text": "Ok will do",
        "ts": "1458690919.000040"
    }
]