[
    {
        "user": "U0FESR742",
        "topic": "For all Synereo news",
        "type": "message",
        "subtype": "channel_topic",
        "text": "<@U0FESR742|jwalls> set the channel topic: For all Synereo news",
        "ts": "1455825420.000006"
    },
    {
        "bot_id": "B04FD5HLZ",
        "attachments": [
            {
                "fallback": "<https:\/\/twitter.com\/Synereo|@Synereo>: In search of the minimum lovable product: #blockchain #bitcoin #p2p #openculture <http:\/\/blog.synereo.com\/2016\/02\/17\/Synereo-Update\/>",
                "author_name": "Synereo",
                "author_link": "https:\/\/twitter.com\/Synereo\/status\/700437878409539586",
                "author_icon": "https:\/\/pbs.twimg.com\/profile_images\/522790259789025280\/FKRuSK66_normal.png",
                "author_subname": "@Synereo",
                "pretext": "<https:\/\/twitter.com\/Synereo\/status\/700437878409539586>",
                "text": "In search of the minimum lovable product: #blockchain #bitcoin #p2p #openculture <http:\/\/blog.synereo.com\/2016\/02\/17\/Synereo-Update\/>",
                "service_name": "twitter",
                "service_url": "https:\/\/twitter.com\/",
                "id": 1
            }
        ],
        "type": "message",
        "subtype": "bot_message",
        "ts": "1455832378.000007"
    },
    {
        "bot_id": "B04FD5HLZ",
        "attachments": [
            {
                "fallback": "<https:\/\/twitter.com\/zerohedge|@zerohedge>: Bear Market Rallies &amp; Bailing-Out Bad Behavior <http:\/\/www.zerohedge.com\/news\/2016-02-18\/bear-market-rallies-bailing-out-bad-behavior>",
                "author_name": "zerohedge",
                "author_link": "https:\/\/twitter.com\/zerohedge\/status\/700437523374460932",
                "author_icon": "https:\/\/pbs.twimg.com\/profile_images\/72647502\/tyler_normal.jpg",
                "author_subname": "@zerohedge",
                "pretext": "<https:\/\/twitter.com\/zerohedge\/status\/700437523374460932>",
                "text": "Bear Market Rallies &amp; Bailing-Out Bad Behavior <http:\/\/www.zerohedge.com\/news\/2016-02-18\/bear-market-rallies-bailing-out-bad-behavior>",
                "service_name": "twitter",
                "service_url": "https:\/\/twitter.com\/",
                "id": 1,
                "footer": "Retweeted by <https:\/\/twitter.com\/Synereo\/status\/700437982176645120|@Synereo>"
            }
        ],
        "type": "message",
        "subtype": "bot_message",
        "ts": "1455832403.000008"
    },
    {
        "bot_id": "B04FD5HLZ",
        "attachments": [
            {
                "fallback": "<https:\/\/twitter.com\/DECENTRALca|@DECENTRALca>: Researchers Argue Radical Redesigns Needed to Scale #Decentralized Blockchains <http:\/\/ow.ly\/YtrZe> <https:\/\/pbs.twimg.com\/media\/CbhpoyvXEAEzhW6.jpg>",
                "author_name": "Decentral",
                "author_link": "https:\/\/twitter.com\/DECENTRALca\/status\/700425892124848128",
                "author_icon": "https:\/\/pbs.twimg.com\/profile_images\/633295843311783936\/3k_j2F8-_normal.jpg",
                "author_subname": "@DECENTRALca",
                "pretext": "<https:\/\/twitter.com\/DECENTRALca\/status\/700425892124848128>",
                "text": "Researchers Argue Radical Redesigns Needed to Scale #Decentralized Blockchains <http:\/\/ow.ly\/YtrZe> <https:\/\/pbs.twimg.com\/media\/CbhpoyvXEAEzhW6.jpg>",
                "service_name": "twitter",
                "service_url": "https:\/\/twitter.com\/",
                "image_url": "https:\/\/pbs.twimg.com\/media\/CbhpoyvXEAEzhW6.jpg",
                "image_width": 300,
                "image_height": 185,
                "image_bytes": 10359,
                "id": 1,
                "footer": "Retweeted by <https:\/\/twitter.com\/Synereo\/status\/700438032197902336|@Synereo>"
            }
        ],
        "type": "message",
        "subtype": "bot_message",
        "ts": "1455832415.000009"
    },
    {
        "bot_id": "B04FD5HLZ",
        "attachments": [
            {
                "fallback": "<https:\/\/twitter.com\/bitcoinagile|@bitcoinagile>: Bitcoin and Blockchain  Currency was just the beginning - Salt Lake #bitcoin #blockchain <http:\/\/bit.ly\/1VqzquV> <https:\/\/pbs.twimg.com\/media\/Cbh1ObnWAAAXGpZ.jpg>",
                "author_name": "BitcoinAgile",
                "author_link": "https:\/\/twitter.com\/bitcoinagile\/status\/700438633002754048",
                "author_icon": "https:\/\/pbs.twimg.com\/profile_images\/463897635380682753\/ZLmcIFL2_normal.png",
                "author_subname": "@bitcoinagile",
                "pretext": "<https:\/\/twitter.com\/bitcoinagile\/status\/700438633002754048>",
                "text": "Bitcoin and Blockchain  Currency was just the beginning - Salt Lake #bitcoin #blockchain <http:\/\/bit.ly\/1VqzquV> <https:\/\/pbs.twimg.com\/media\/Cbh1ObnWAAAXGpZ.jpg>",
                "service_name": "twitter",
                "service_url": "https:\/\/twitter.com\/",
                "image_url": "https:\/\/pbs.twimg.com\/media\/Cbh1ObnWAAAXGpZ.jpg",
                "image_width": 600,
                "image_height": 454,
                "image_bytes": 31416,
                "id": 1,
                "footer": "Retweeted by <https:\/\/twitter.com\/Synereo\/status\/700438850397536256|@Synereo>"
            }
        ],
        "type": "message",
        "subtype": "bot_message",
        "ts": "1455832610.000010"
    },
    {
        "bot_id": "B04FD5HLZ",
        "attachments": [
            {
                "fallback": "<https:\/\/twitter.com\/DavethaHeel|@DavethaHeel>: <https:\/\/twitter.com\/Synereo|@Synereo> I'm tired of making content for facebook and other social media for free.",
                "author_name": "Dave tha Heel",
                "author_link": "https:\/\/twitter.com\/DavethaHeel\/status\/700442077205815297",
                "author_icon": "https:\/\/pbs.twimg.com\/profile_images\/622239868349976576\/4NUTiigx_normal.jpg",
                "author_subname": "@DavethaHeel",
                "pretext": "<https:\/\/twitter.com\/DavethaHeel\/status\/700442077205815297>",
                "text": "<https:\/\/twitter.com\/Synereo|@Synereo> I'm tired of making content for facebook and other social media for free.",
                "service_name": "twitter",
                "service_url": "https:\/\/twitter.com\/",
                "id": 1
            }
        ],
        "type": "message",
        "subtype": "bot_message",
        "ts": "1455833379.000011"
    },
    {
        "bot_id": "B04FD5HLZ",
        "attachments": [
            {
                "fallback": "<https:\/\/twitter.com\/Synereo|@Synereo>: <https:\/\/twitter.com\/DavethaHeel|@DavethaHeel> let's fix that. We're unrolling a program now that lets you help us out for our cryptocurrency: <http:\/\/slack.synereo.com>",
                "author_name": "Synereo",
                "author_link": "https:\/\/twitter.com\/Synereo\/status\/700448927808516096",
                "author_icon": "https:\/\/pbs.twimg.com\/profile_images\/522790259789025280\/FKRuSK66_normal.png",
                "author_subname": "@Synereo",
                "pretext": "<https:\/\/twitter.com\/Synereo\/status\/700448927808516096>",
                "text": "<https:\/\/twitter.com\/DavethaHeel|@DavethaHeel> let's fix that. We're unrolling a program now that lets you help us out for our cryptocurrency: <http:\/\/slack.synereo.com>",
                "service_name": "twitter",
                "service_url": "https:\/\/twitter.com\/",
                "id": 1
            }
        ],
        "type": "message",
        "subtype": "bot_message",
        "ts": "1455835012.000012"
    },
    {
        "bot_id": "B04FD5HLZ",
        "attachments": [
            {
                "fallback": "<https:\/\/twitter.com\/jessecouch|@jessecouch>: <https:\/\/twitter.com\/exiledsurfer|@exiledsurfer> <https:\/\/twitter.com\/stephantual|@stephantual> <https:\/\/twitter.com\/BigchainDB|@BigchainDB> <https:\/\/twitter.com\/IPFSbot|@IPFSbot> I've been looking at <https:\/\/twitter.com\/Synereo|@Synereo> and it's impressive. So many good things are coming soon.",
                "author_name": "\uff2a\uff45\uff53\uff53\uff45\u2003\uff23\uff4f\uff55\uff43\uff48",
                "author_link": "https:\/\/twitter.com\/jessecouch\/status\/700487520367177728",
                "author_icon": "https:\/\/pbs.twimg.com\/profile_images\/603832718753824768\/y0_-YoNy_normal.jpg",
                "author_subname": "@jessecouch",
                "pretext": "<https:\/\/twitter.com\/jessecouch\/status\/700487520367177728>",
                "text": "<https:\/\/twitter.com\/exiledsurfer|@exiledsurfer> <https:\/\/twitter.com\/stephantual|@stephantual> <https:\/\/twitter.com\/BigchainDB|@BigchainDB> <https:\/\/twitter.com\/IPFSbot|@IPFSbot> I've been looking at <https:\/\/twitter.com\/Synereo|@Synereo> and it's impressive. So many good things are coming soon.",
                "service_name": "twitter",
                "service_url": "https:\/\/twitter.com\/",
                "id": 1
            }
        ],
        "type": "message",
        "subtype": "bot_message",
        "ts": "1455844214.000013"
    }
]