[
    {
        "bot_id": "B04FD5HLZ",
        "attachments": [
            {
                "fallback": "<https:\/\/twitter.com\/michaelbourgatt|@michaelbourgatt>: <https:\/\/twitter.com\/Synereo|@Synereo>: The Future of Networks? <https:\/\/youtu.be\/IxrfwsoTpis>",
                "author_name": "Michael Bourgatte",
                "author_link": "https:\/\/twitter.com\/michaelbourgatt\/status\/713291886186917888",
                "author_icon": "https:\/\/pbs.twimg.com\/profile_images\/586076292937809920\/B3T0OnIL_normal.jpg",
                "author_subname": "@michaelbourgatt",
                "pretext": "<https:\/\/twitter.com\/michaelbourgatt\/status\/713291886186917888>",
                "text": "<https:\/\/twitter.com\/Synereo|@Synereo>: The Future of Networks? <https:\/\/youtu.be\/IxrfwsoTpis>",
                "service_name": "twitter",
                "service_url": "https:\/\/twitter.com\/",
                "id": 1
            }
        ],
        "type": "message",
        "subtype": "bot_message",
        "ts": "1458897012.000053"
    },
    {
        "username": "IFTTT",
        "icons": {
            "image_36": "https:\/\/a.slack-edge.com\/66f9\/img\/services\/ifttt_36.png",
            "image_48": "https:\/\/a.slack-edge.com\/66f9\/img\/services\/ifttt_48.png",
            "image_72": "https:\/\/a.slack-edge.com\/66f9\/img\/services\/ifttt_72.png"
        },
        "attachments": [
            {
                "pretext": "Amps are more for advertisers then for users right? via \/r\/Synereo <http:\/\/ift.tt\/1RB6UTR>",
                "service_name": "reddit",
                "title": "Amps are more for advertisers then for users right? \u2022 \/r\/Synereo",
                "title_link": "http:\/\/ift.tt\/1RB6UTR",
                "text": "Users of teh new social platforms dont need to buy amps to normally interact right? its more for companys or also people who wants to advertise...",
                "fallback": "Amps are more for advertisers then for users right? via \/r\/Synereo <http:\/\/ift.tt\/1RB6UTR>",
                "thumb_url": "https:\/\/www.redditstatic.com\/icon.png",
                "from_url": "http:\/\/ift.tt\/1RB6UTR",
                "thumb_width": 256,
                "thumb_height": 256,
                "id": 1,
                "mrkdwn_in": [
                    "text",
                    "pretext"
                ]
            }
        ],
        "mrkdwn": true,
        "type": "message",
        "subtype": "bot_message",
        "ts": "1458921025.000054"
    },
    {
        "username": "IFTTT",
        "icons": {
            "image_36": "https:\/\/a.slack-edge.com\/66f9\/img\/services\/ifttt_36.png",
            "image_48": "https:\/\/a.slack-edge.com\/66f9\/img\/services\/ifttt_48.png",
            "image_72": "https:\/\/a.slack-edge.com\/66f9\/img\/services\/ifttt_72.png"
        },
        "attachments": [
            {
                "pretext": "How can Synereo do a second crowdsale? via \/r\/ethereum <http:\/\/ift.tt\/1XSIcTD>",
                "service_name": "reddit",
                "title": "How can Synereo do a second crowdsale? \u2022 \/r\/ethereum",
                "title_link": "http:\/\/ift.tt\/1XSIcTD",
                "text": "They plan on doing a second round. But how is this possible? They can just make new tokens out of thin air and sell them to get more funds?",
                "fallback": "How can Synereo do a second crowdsale? via \/r\/ethereum <http:\/\/ift.tt\/1XSIcTD>",
                "thumb_url": "https:\/\/www.redditstatic.com\/icon.png",
                "from_url": "http:\/\/ift.tt\/1XSIcTD",
                "thumb_width": 256,
                "thumb_height": 256,
                "id": 1,
                "mrkdwn_in": [
                    "text",
                    "pretext"
                ]
            }
        ],
        "mrkdwn": true,
        "type": "message",
        "subtype": "bot_message",
        "ts": "1458922019.000055"
    },
    {
        "user": "U0RLW7CCC",
        "type": "message",
        "subtype": "channel_join",
        "text": "<@U0RLW7CCC|jonnydubowsky> has joined the channel",
        "ts": "1458923096.000056"
    },
    {
        "username": "IFTTT",
        "icons": {
            "image_36": "https:\/\/a.slack-edge.com\/66f9\/img\/services\/ifttt_36.png",
            "image_48": "https:\/\/a.slack-edge.com\/66f9\/img\/services\/ifttt_48.png",
            "image_72": "https:\/\/a.slack-edge.com\/66f9\/img\/services\/ifttt_72.png"
        },
        "attachments": [
            {
                "pretext": "Users who pass away will leave their Amps untouchable forever. via \/r\/Synereo <http:\/\/ift.tt\/1pM72tF>",
                "service_name": "reddit",
                "title": "Users who pass away will leave their Amps untouchable forever. \u2022 \/r\/Synereo",
                "title_link": "http:\/\/ift.tt\/1pM72tF",
                "text": "So lets say after 10 years teh project is a big succes and has a very big userbase and Amps are spread through the network. Users are an average...",
                "fallback": "Users who pass away will leave their Amps untouchable forever. via \/r\/Synereo <http:\/\/ift.tt\/1pM72tF>",
                "thumb_url": "https:\/\/www.redditstatic.com\/icon.png",
                "from_url": "http:\/\/ift.tt\/1pM72tF",
                "thumb_width": 256,
                "thumb_height": 256,
                "id": 1,
                "mrkdwn_in": [
                    "text",
                    "pretext"
                ]
            }
        ],
        "mrkdwn": true,
        "type": "message",
        "subtype": "bot_message",
        "ts": "1458923951.000057"
    },
    {
        "username": "IFTTT",
        "icons": {
            "image_36": "https:\/\/a.slack-edge.com\/66f9\/img\/services\/ifttt_36.png",
            "image_48": "https:\/\/a.slack-edge.com\/66f9\/img\/services\/ifttt_48.png",
            "image_72": "https:\/\/a.slack-edge.com\/66f9\/img\/services\/ifttt_72.png"
        },
        "attachments": [
            {
                "pretext": "How can there be 5% inflation rate, if it isnt possible to mine Amps? via \/r\/Synereo <http:\/\/ift.tt\/1UR1Dg8>",
                "service_name": "reddit",
                "title": "How can there be 5% inflation rate, if it isnt possible to mine Amps? \u2022 \/r\/Synereo",
                "title_link": "http:\/\/ift.tt\/1UR1Dg8",
                "text": "Coinmarketcap says its not mineable. And coingecko says it has 5% inflation rate. Is Synereo adding 5% of new coins somewhere per year? To who\/what?",
                "fallback": "How can there be 5% inflation rate, if it isnt possible to mine Amps? via \/r\/Synereo <http:\/\/ift.tt\/1UR1Dg8>",
                "thumb_url": "https:\/\/www.redditstatic.com\/icon.png",
                "from_url": "http:\/\/ift.tt\/1UR1Dg8",
                "thumb_width": 256,
                "thumb_height": 256,
                "id": 1,
                "mrkdwn_in": [
                    "text",
                    "pretext"
                ]
            }
        ],
        "mrkdwn": true,
        "type": "message",
        "subtype": "bot_message",
        "ts": "1458933200.000058"
    },
    {
        "username": "IFTTT",
        "icons": {
            "image_36": "https:\/\/a.slack-edge.com\/66f9\/img\/services\/ifttt_36.png",
            "image_48": "https:\/\/a.slack-edge.com\/66f9\/img\/services\/ifttt_48.png",
            "image_72": "https:\/\/a.slack-edge.com\/66f9\/img\/services\/ifttt_72.png"
        },
        "attachments": [
            {
                "pretext": "New round crowdsale. Will be for a lower price then the 'market' values it right? via \/r\/Synereo <http:\/\/ift.tt\/1UODFmV>",
                "service_name": "reddit",
                "title": "New round crowdsale. Will be for a lower price then the 'market' values it right? \u2022 \/r\/Synereo",
                "title_link": "http:\/\/ift.tt\/1UODFmV",
                "text": "Otherwise you wouldnt get much in new funds as the value already grew 10 times bigger, but on very low vulume, so its not a good indication of...",
                "fallback": "New round crowdsale. Will be for a lower price then the 'market' values it right? via \/r\/Synereo <http:\/\/ift.tt\/1UODFmV>",
                "thumb_url": "https:\/\/www.redditstatic.com\/icon.png",
                "from_url": "http:\/\/ift.tt\/1UODFmV",
                "thumb_width": 256,
                "thumb_height": 256,
                "id": 1,
                "mrkdwn_in": [
                    "text",
                    "pretext"
                ]
            }
        ],
        "mrkdwn": true,
        "type": "message",
        "subtype": "bot_message",
        "ts": "1458935907.000059"
    },
    {
        "username": "IFTTT",
        "icons": {
            "image_36": "https:\/\/a.slack-edge.com\/66f9\/img\/services\/ifttt_36.png",
            "image_48": "https:\/\/a.slack-edge.com\/66f9\/img\/services\/ifttt_48.png",
            "image_72": "https:\/\/a.slack-edge.com\/66f9\/img\/services\/ifttt_72.png"
        },
        "attachments": [
            {
                "pretext": "Which blockchain do they use? Did they create their own or copied one? via \/r\/Synereo <http:\/\/ift.tt\/21L2MX5>",
                "service_name": "reddit",
                "title": "Which blockchain do they use? Did they create their own or copied one? \u2022 \/r\/Synereo",
                "title_link": "http:\/\/ift.tt\/21L2MX5",
                "text": "1 points and 0 comments so far on reddit",
                "fallback": "Which blockchain do they use? Did they create their own or copied one? via \/r\/Synereo <http:\/\/ift.tt\/21L2MX5>",
                "thumb_url": "https:\/\/www.redditstatic.com\/icon.png",
                "from_url": "http:\/\/ift.tt\/21L2MX5",
                "thumb_width": 256,
                "thumb_height": 256,
                "id": 1,
                "mrkdwn_in": [
                    "text",
                    "pretext"
                ]
            }
        ],
        "mrkdwn": true,
        "type": "message",
        "subtype": "bot_message",
        "ts": "1458940429.000060"
    },
    {
        "username": "IFTTT",
        "icons": {
            "image_36": "https:\/\/a.slack-edge.com\/66f9\/img\/services\/ifttt_36.png",
            "image_48": "https:\/\/a.slack-edge.com\/66f9\/img\/services\/ifttt_48.png",
            "image_72": "https:\/\/a.slack-edge.com\/66f9\/img\/services\/ifttt_72.png"
        },
        "attachments": [
            {
                "pretext": "10 minutes blocktime, isnt that to long for a social network which needs instant feedback? via \/r\/Synereo <http:\/\/ift.tt\/1UqAGld>",
                "service_name": "reddit",
                "title": "10 minutes blocktime, isnt that to long for a social network which needs instant feedback? \u2022 \/r\/Synereo",
                "title_link": "http:\/\/ift.tt\/1UqAGld",
                "text": "1 points and 0 comments so far on reddit",
                "fallback": "10 minutes blocktime, isnt that to long for a social network which needs instant feedback? via \/r\/Synereo <http:\/\/ift.tt\/1UqAGld>",
                "thumb_url": "https:\/\/www.redditstatic.com\/icon.png",
                "from_url": "http:\/\/ift.tt\/1UqAGld",
                "thumb_width": 256,
                "thumb_height": 256,
                "id": 1,
                "mrkdwn_in": [
                    "text",
                    "pretext"
                ]
            }
        ],
        "mrkdwn": true,
        "type": "message",
        "subtype": "bot_message",
        "ts": "1458949603.000061"
    }
]