[
    {
        "bot_id": "B04FD5HLZ",
        "attachments": [
            {
                "fallback": "<https:\/\/twitter.com\/Synereo|@Synereo>: We're live on the weekly community hangout with Tatiana Moroz, the first musician to issue a coin to fund her art! <http:\/\/tinyurl.com\/huj23cz>",
                "author_name": "Synereo",
                "author_link": "https:\/\/twitter.com\/Synereo\/status\/684811039062491136",
                "author_icon": "https:\/\/pbs.twimg.com\/profile_images\/522790259789025280\/FKRuSK66_normal.png",
                "author_subname": "@Synereo",
                "pretext": "<https:\/\/twitter.com\/Synereo\/status\/684811039062491136>",
                "text": "We're live on the weekly community hangout with Tatiana Moroz, the first musician to issue a coin to fund her art! <http:\/\/tinyurl.com\/huj23cz>",
                "service_name": "twitter",
                "service_url": "https:\/\/twitter.com\/",
                "id": 1
            }
        ],
        "type": "message",
        "subtype": "bot_message",
        "ts": "1452106649.000132"
    },
    {
        "bot_id": "B04FD5HLZ",
        "attachments": [
            {
                "fallback": "<https:\/\/twitter.com\/Synereo|@Synereo>: You can also join just as a viewer and not participate in the live hangout: <https:\/\/www.youtube.com\/watch?v=UI28eTYafIA> <https:\/\/twitter.com\/Synereo|@Synereo>",
                "author_name": "Synereo",
                "author_link": "https:\/\/twitter.com\/Synereo\/status\/684814344656424961",
                "author_icon": "https:\/\/pbs.twimg.com\/profile_images\/522790259789025280\/FKRuSK66_normal.png",
                "author_subname": "@Synereo",
                "pretext": "<https:\/\/twitter.com\/Synereo\/status\/684814344656424961>",
                "text": "You can also join just as a viewer and not participate in the live hangout: <https:\/\/www.youtube.com\/watch?v=UI28eTYafIA> <https:\/\/twitter.com\/Synereo|@Synereo>",
                "service_name": "twitter",
                "service_url": "https:\/\/twitter.com\/",
                "id": 1
            }
        ],
        "type": "message",
        "subtype": "bot_message",
        "ts": "1452107438.000133"
    },
    {
        "bot_id": "B04FD5HLZ",
        "attachments": [
            {
                "fallback": "<https:\/\/twitter.com\/lapin7|@lapin7>: Artist Tatiana Moroz told in <https:\/\/twitter.com\/Synereo|@Synereo>  Hangout that she created a new coin \"TATIANACOIN\" <https:\/\/www.youtube.com\/watch?v=JceL50sL1fA>",
                "author_name": "HJ",
                "author_link": "https:\/\/twitter.com\/lapin7\/status\/684832167147487233",
                "author_icon": "https:\/\/pbs.twimg.com\/profile_images\/67314238\/elf_normal.jpg",
                "author_subname": "@lapin7",
                "pretext": "<https:\/\/twitter.com\/lapin7\/status\/684832167147487233>",
                "text": "Artist Tatiana Moroz told in <https:\/\/twitter.com\/Synereo|@Synereo>  Hangout that she created a new coin \"TATIANACOIN\" <https:\/\/www.youtube.com\/watch?v=JceL50sL1fA>",
                "service_name": "twitter",
                "service_url": "https:\/\/twitter.com\/",
                "id": 1
            }
        ],
        "type": "message",
        "subtype": "bot_message",
        "ts": "1452111686.000134"
    }
]