[
    {
        "text": "added an integration to this channel: <https:\/\/synereonet.slack.com\/services\/B0NM7A0S0|incoming-webhook>",
        "bot_id": "B0NM7A0S0",
        "type": "message",
        "subtype": "bot_add",
        "user": "U0MRFBCKU",
        "ts": "1456252951.000028"
    },
    {
        "text": "added an integration to this channel: <https:\/\/synereonet.slack.com\/services\/B0NMEBZK4|incoming-webhook>",
        "bot_id": "B0NMEBZK4",
        "type": "message",
        "subtype": "bot_add",
        "user": "U0MRFBCKU",
        "ts": "1456253264.000029"
    },
    {
        "text": "supahfawkxd:\nblk0001.dat\t134.401.601\nbootstrap.dat.old\t816.470.535\ndebug.log\t107.789.176\nAgain after 17% bootstrap import stops - debug log is full of orphan block messages ...",
        "username": "hagie (coinbar)",
        "bot_id": "B0NM7A0S0",
        "icons": {
            "image_48": "https:\/\/s3-us-west-2.amazonaws.com\/slack-files2\/bot_icons\/2016-02-23\/22725141811_48.png"
        },
        "type": "message",
        "subtype": "bot_message",
        "ts": "1456253328.000030"
    },
    {
        "type": "message",
        "user": "U0MRFBCKU",
        "text": "hello form synereo",
        "ts": "1456253549.000031"
    },
    {
        "text": "it won't go beyond Do Jan 1 06:43:09 2015",
        "username": "hagie (coinbar)",
        "bot_id": "B0NM7A0S0",
        "icons": {
            "image_48": "https:\/\/s3-us-west-2.amazonaws.com\/slack-files2\/bot_icons\/2016-02-23\/22725141811_48.png"
        },
        "type": "message",
        "subtype": "bot_message",
        "ts": "1456253871.000032"
    },
    {
        "text": "disabled an integration in this channel: <https:\/\/synereonet.slack.com\/services\/B0NM7A0S0|incoming-webhook>",
        "bot_id": "B0NM7A0S0",
        "type": "message",
        "subtype": "bot_disable",
        "user": "U0MRFBCKU",
        "ts": "1456254956.000033"
    },
    {
        "text": "disabled an integration in this channel: <https:\/\/synereonet.slack.com\/services\/B0NMEBZK4|incoming-webhook>",
        "bot_id": "B0NMEBZK4",
        "type": "message",
        "subtype": "bot_disable",
        "user": "U0MRFBCKU",
        "ts": "1456255227.000034"
    },
    {
        "text": "removed an integration from this channel: <https:\/\/synereonet.slack.com\/services\/B0NMEBZK4|incoming-webhook>",
        "bot_id": "B0NMEBZK4",
        "type": "message",
        "subtype": "bot_remove",
        "user": "U0MRFBCKU",
        "ts": "1456258495.000035"
    },
    {
        "bot_id": "B04FD5HLZ",
        "attachments": [
            {
                "fallback": "<https:\/\/twitter.com\/Synereo|@Synereo>: How do you manage a decentralized system?  #blockchain \n<http:\/\/blog.synereo.com\/2016\/02\/22\/Synereo-Update\/>",
                "author_name": "Synereo",
                "author_link": "https:\/\/twitter.com\/Synereo\/status\/702273941063102464",
                "author_icon": "https:\/\/pbs.twimg.com\/profile_images\/522790259789025280\/FKRuSK66_normal.png",
                "author_subname": "@Synereo",
                "pretext": "<https:\/\/twitter.com\/Synereo\/status\/702273941063102464>",
                "text": "How do you manage a decentralized system?  #blockchain \n<http:\/\/blog.synereo.com\/2016\/02\/22\/Synereo-Update\/>",
                "service_name": "twitter",
                "service_url": "https:\/\/twitter.com\/",
                "id": 1
            }
        ],
        "type": "message",
        "subtype": "bot_message",
        "ts": "1456270130.000036"
    },
    {
        "username": "IFTTT",
        "icons": {
            "image_36": "https:\/\/slack.global.ssl.fastly.net\/66f9\/img\/services\/ifttt_36.png",
            "image_48": "https:\/\/slack.global.ssl.fastly.net\/66f9\/img\/services\/ifttt_48.png",
            "image_72": "https:\/\/slack.global.ssl.fastly.net\/66f9\/img\/services\/ifttt_72.png"
        },
        "attachments": [
            {
                "pretext": "How do you manage a decentralized system? via \/r\/Synereo <http:\/\/ift.tt\/21e1FUH>",
                "service_name": "reddit",
                "title": "How do you manage a decentralized system? \u2022 \/r\/Synereo",
                "title_link": "http:\/\/ift.tt\/21e1FUH",
                "text": "1 points and 0 comments so far on reddit",
                "fallback": "How do you manage a decentralized system? via \/r\/Synereo <http:\/\/ift.tt\/21e1FUH>",
                "thumb_url": "https:\/\/i.redditmedia.com\/wmMKJ2suXE7l3L0dmrwF_EXKMXQRgI7XO5iXGs0Ped8.jpg?w=320&s=ab368e4d437049c22e3fcad1fc64089d",
                "from_url": "http:\/\/ift.tt\/21e1FUH",
                "thumb_width": 320,
                "thumb_height": 237,
                "id": 1,
                "mrkdwn_in": [
                    "text",
                    "pretext"
                ]
            }
        ],
        "mrkdwn": true,
        "type": "message",
        "subtype": "bot_message",
        "ts": "1456270987.000037"
    },
    {
        "username": "IFTTT",
        "icons": {
            "image_36": "https:\/\/slack.global.ssl.fastly.net\/66f9\/img\/services\/ifttt_36.png",
            "image_48": "https:\/\/slack.global.ssl.fastly.net\/66f9\/img\/services\/ifttt_48.png",
            "image_72": "https:\/\/slack.global.ssl.fastly.net\/66f9\/img\/services\/ifttt_72.png"
        },
        "attachments": [
            {
                "pretext": "How do you manage a decentralized system? via \/r\/Synereo <http:\/\/ift.tt\/21e1FUH>",
                "service_name": "reddit",
                "title": "How do you manage a decentralized system? \u2022 \/r\/Synereo",
                "title_link": "http:\/\/ift.tt\/21e1FUH",
                "text": "1 points and 0 comments so far on reddit",
                "fallback": "How do you manage a decentralized system? via \/r\/Synereo <http:\/\/ift.tt\/21e1FUH>",
                "thumb_url": "https:\/\/i.redditmedia.com\/wmMKJ2suXE7l3L0dmrwF_EXKMXQRgI7XO5iXGs0Ped8.jpg?w=320&s=ab368e4d437049c22e3fcad1fc64089d",
                "from_url": "http:\/\/ift.tt\/21e1FUH",
                "thumb_width": 320,
                "thumb_height": 237,
                "id": 1,
                "mrkdwn_in": [
                    "text",
                    "pretext"
                ]
            }
        ],
        "mrkdwn": true,
        "type": "message",
        "subtype": "bot_message",
        "ts": "1456271005.000038"
    }
]