[
    {
        "user": "U0N85EADU",
        "type": "message",
        "subtype": "channel_join",
        "text": "<@U0N85EADU|dodgers> has joined the channel",
        "ts": "1456073645.000025"
    },
    {
        "username": "IFTTT",
        "icons": {
            "image_36": "https:\/\/slack.global.ssl.fastly.net\/66f9\/img\/services\/ifttt_36.png",
            "image_48": "https:\/\/slack.global.ssl.fastly.net\/66f9\/img\/services\/ifttt_48.png",
            "image_72": "https:\/\/slack.global.ssl.fastly.net\/66f9\/img\/services\/ifttt_72.png"
        },
        "attachments": [
            {
                "pretext": "Testing 1, 2, 3 via \/r\/Synereo <http:\/\/ift.tt\/1Qa8lfq>",
                "service_name": "reddit",
                "title": "Testing 1, 2, 3 \u2022 \/r\/Synereo",
                "title_link": "http:\/\/ift.tt\/1Qa8lfq",
                "text": "Testing Reddit Integration",
                "fallback": "Testing 1, 2, 3 via \/r\/Synereo <http:\/\/ift.tt\/1Qa8lfq>",
                "thumb_url": "https:\/\/www.redditstatic.com\/icon.png",
                "from_url": "http:\/\/ift.tt\/1Qa8lfq",
                "thumb_width": 256,
                "thumb_height": 256,
                "id": 1,
                "mrkdwn_in": [
                    "text",
                    "pretext"
                ]
            }
        ],
        "mrkdwn": true,
        "type": "message",
        "subtype": "bot_message",
        "ts": "1456081388.000026"
    },
    {
        "username": "IFTTT",
        "icons": {
            "image_36": "https:\/\/slack.global.ssl.fastly.net\/66f9\/img\/services\/ifttt_36.png",
            "image_48": "https:\/\/slack.global.ssl.fastly.net\/66f9\/img\/services\/ifttt_48.png",
            "image_72": "https:\/\/slack.global.ssl.fastly.net\/66f9\/img\/services\/ifttt_72.png"
        },
        "attachments": [
            {
                "pretext": "Testing 1, 2, 3 via \/r\/Synereo <http:\/\/ift.tt\/1Qa8lfq>",
                "service_name": "reddit",
                "title": "Testing 1, 2, 3 \u2022 \/r\/Synereo",
                "title_link": "http:\/\/ift.tt\/1Qa8lfq",
                "text": "Testing Reddit Integration",
                "fallback": "Testing 1, 2, 3 via \/r\/Synereo <http:\/\/ift.tt\/1Qa8lfq>",
                "thumb_url": "https:\/\/www.redditstatic.com\/icon.png",
                "from_url": "http:\/\/ift.tt\/1Qa8lfq",
                "thumb_width": 256,
                "thumb_height": 256,
                "id": 1,
                "mrkdwn_in": [
                    "text",
                    "pretext"
                ]
            }
        ],
        "mrkdwn": true,
        "type": "message",
        "subtype": "bot_message",
        "ts": "1456081390.000027"
    }
]