[
    {
        "bot_id": "B04FD5HLZ",
        "attachments": [
            {
                "fallback": "<https:\/\/twitter.com\/Helacoin|@Helacoin>: At the end it will be a race between <https:\/\/twitter.com\/openbazaar|@openbazaar> <https:\/\/twitter.com\/dutt|@dutt> <https:\/\/twitter.com\/Synereo|@Synereo>  and <https:\/\/twitter.com\/Helacoin|@Helacoin>",
                "author_name": "Helacoin",
                "author_link": "https:\/\/twitter.com\/Helacoin\/status\/698823516234375168",
                "author_icon": "https:\/\/pbs.twimg.com\/profile_images\/649327472970977280\/jhVm03KF_normal.png",
                "author_subname": "@Helacoin",
                "pretext": "<https:\/\/twitter.com\/Helacoin\/status\/698823516234375168>",
                "text": "At the end it will be a race between <https:\/\/twitter.com\/openbazaar|@openbazaar> <https:\/\/twitter.com\/dutt|@dutt> <https:\/\/twitter.com\/Synereo|@Synereo>  and <https:\/\/twitter.com\/Helacoin|@Helacoin>",
                "service_name": "twitter",
                "service_url": "https:\/\/twitter.com\/",
                "id": 1
            }
        ],
        "type": "message",
        "subtype": "bot_message",
        "ts": "1455447484.000072"
    },
    {
        "bot_id": "B04FD5HLZ",
        "attachments": [
            {
                "fallback": "<https:\/\/twitter.com\/Helacoin|@Helacoin>: At the end, it is a race between <https:\/\/twitter.com\/openbazaar|@openbazaar> <https:\/\/twitter.com\/datt|@datt> <https:\/\/twitter.com\/Synereo|@Synereo>  and <https:\/\/twitter.com\/Helacoin|@Helacoin>",
                "author_name": "Helacoin",
                "author_link": "https:\/\/twitter.com\/Helacoin\/status\/698827154612690944",
                "author_icon": "https:\/\/pbs.twimg.com\/profile_images\/649327472970977280\/jhVm03KF_normal.png",
                "author_subname": "@Helacoin",
                "pretext": "<https:\/\/twitter.com\/Helacoin\/status\/698827154612690944>",
                "text": "At the end, it is a race between <https:\/\/twitter.com\/openbazaar|@openbazaar> <https:\/\/twitter.com\/datt|@datt> <https:\/\/twitter.com\/Synereo|@Synereo>  and <https:\/\/twitter.com\/Helacoin|@Helacoin>",
                "service_name": "twitter",
                "service_url": "https:\/\/twitter.com\/",
                "id": 1
            }
        ],
        "type": "message",
        "subtype": "bot_message",
        "ts": "1455448351.000073"
    },
    {
        "bot_id": "B04FD5HLZ",
        "attachments": [
            {
                "fallback": "<https:\/\/twitter.com\/Alihamzaworld|@Alihamzaworld>: <https:\/\/twitter.com\/3rdRenaissance|@3rdRenaissance>  At the end, it is a race between <https:\/\/twitter.com\/openbazaar|@openbazaar> <https:\/\/twitter.com\/datt|@datt> <https:\/\/twitter.com\/Synereo|@Synereo> and",
                "author_name": "Al Muntasr",
                "author_link": "https:\/\/twitter.com\/Alihamzaworld\/status\/698861551655247872",
                "author_icon": "https:\/\/pbs.twimg.com\/profile_images\/664672574895316993\/0YG2yP0Z_normal.jpg",
                "author_subname": "@Alihamzaworld",
                "pretext": "<https:\/\/twitter.com\/Alihamzaworld\/status\/698861551655247872>",
                "text": "<https:\/\/twitter.com\/3rdRenaissance|@3rdRenaissance>  At the end, it is a race between <https:\/\/twitter.com\/openbazaar|@openbazaar> <https:\/\/twitter.com\/datt|@datt> <https:\/\/twitter.com\/Synereo|@Synereo> and",
                "service_name": "twitter",
                "service_url": "https:\/\/twitter.com\/",
                "id": 1
            }
        ],
        "type": "message",
        "subtype": "bot_message",
        "ts": "1455456552.000074"
    },
    {
        "bot_id": "B04FD5HLZ",
        "attachments": [
            {
                "fallback": "<https:\/\/twitter.com\/Alihamzaworld|@Alihamzaworld>: <https:\/\/twitter.com\/3rdRenaissance|@3rdRenaissance>  At the end it will be a race between <https:\/\/twitter.com\/openbazaar|@openbazaar> <https:\/\/twitter.com\/dutt|@dutt> <https:\/\/twitter.com\/Synereo|@Synereo> and",
                "author_name": "Al Muntasr",
                "author_link": "https:\/\/twitter.com\/Alihamzaworld\/status\/698861559699894272",
                "author_icon": "https:\/\/pbs.twimg.com\/profile_images\/664672574895316993\/0YG2yP0Z_normal.jpg",
                "author_subname": "@Alihamzaworld",
                "pretext": "<https:\/\/twitter.com\/Alihamzaworld\/status\/698861559699894272>",
                "text": "<https:\/\/twitter.com\/3rdRenaissance|@3rdRenaissance>  At the end it will be a race between <https:\/\/twitter.com\/openbazaar|@openbazaar> <https:\/\/twitter.com\/dutt|@dutt> <https:\/\/twitter.com\/Synereo|@Synereo> and",
                "service_name": "twitter",
                "service_url": "https:\/\/twitter.com\/",
                "id": 1
            }
        ],
        "type": "message",
        "subtype": "bot_message",
        "ts": "1455456554.000075"
    },
    {
        "bot_id": "B04FD5HLZ",
        "attachments": [
            {
                "fallback": "<https:\/\/twitter.com\/lapin7|@lapin7>: <https:\/\/twitter.com\/YouTube|@YouTube> <https:\/\/twitter.com\/Synereo|@Synereo> <https:\/\/twitter.com\/BTCBoulevard|@BTCBoulevard> tryouts with logo",
                "author_name": "HJ",
                "author_link": "https:\/\/twitter.com\/lapin7\/status\/698884715407917056",
                "author_icon": "https:\/\/pbs.twimg.com\/profile_images\/694808300643340288\/0CVY8LDX_normal.png",
                "author_subname": "@lapin7",
                "pretext": "<https:\/\/twitter.com\/lapin7\/status\/698884715407917056>",
                "text": "<https:\/\/twitter.com\/YouTube|@YouTube> <https:\/\/twitter.com\/Synereo|@Synereo> <https:\/\/twitter.com\/BTCBoulevard|@BTCBoulevard> tryouts with logo",
                "service_name": "twitter",
                "service_url": "https:\/\/twitter.com\/",
                "id": 1
            }
        ],
        "type": "message",
        "subtype": "bot_message",
        "ts": "1455462075.000076"
    },
    {
        "bot_id": "B04FD5HLZ",
        "attachments": [
            {
                "fallback": "<https:\/\/twitter.com\/BTCBoulevard|@BTCBoulevard>: <https:\/\/twitter.com\/lapin7|@lapin7> <https:\/\/twitter.com\/Synereo|@Synereo> <http:\/\/youtu.be\/Jlyq_iCO5XM?a>",
                "author_name": "\u0e3fitcoin \u0e3foulevard",
                "author_link": "https:\/\/twitter.com\/BTCBoulevard\/status\/698885046179098626",
                "author_icon": "https:\/\/pbs.twimg.com\/profile_images\/459345059473653760\/BWm6iGCF_normal.png",
                "author_subname": "@BTCBoulevard",
                "pretext": "<https:\/\/twitter.com\/BTCBoulevard\/status\/698885046179098626>",
                "text": "<https:\/\/twitter.com\/lapin7|@lapin7> <https:\/\/twitter.com\/Synereo|@Synereo> <http:\/\/youtu.be\/Jlyq_iCO5XM?a>",
                "service_name": "twitter",
                "service_url": "https:\/\/twitter.com\/",
                "id": 1
            }
        ],
        "type": "message",
        "subtype": "bot_message",
        "ts": "1455462154.000077"
    },
    {
        "bot_id": "B04FD5HLZ",
        "attachments": [
            {
                "fallback": "<https:\/\/twitter.com\/lapin7|@lapin7>: Retweeted HJ (<https:\/\/twitter.com\/lapin7|@lapin7>):\n\n<https:\/\/twitter.com\/YouTube|@YouTube> <https:\/\/twitter.com\/Synereo|@Synereo> <https:\/\/twitter.com\/BTCBoulevard|@BTCBoulevard> tryouts with logo",
                "author_name": "HJ",
                "author_link": "https:\/\/twitter.com\/lapin7\/status\/698886491410292736",
                "author_icon": "https:\/\/pbs.twimg.com\/profile_images\/694808300643340288\/0CVY8LDX_normal.png",
                "author_subname": "@lapin7",
                "pretext": "<https:\/\/twitter.com\/lapin7\/status\/698886491410292736>",
                "text": "Retweeted HJ (<https:\/\/twitter.com\/lapin7|@lapin7>):\n\n<https:\/\/twitter.com\/YouTube|@YouTube> <https:\/\/twitter.com\/Synereo|@Synereo> <https:\/\/twitter.com\/BTCBoulevard|@BTCBoulevard> tryouts with logo",
                "service_name": "twitter",
                "service_url": "https:\/\/twitter.com\/",
                "id": 1
            }
        ],
        "type": "message",
        "subtype": "bot_message",
        "ts": "1455462498.000078"
    }
]