[
    {
        "bot_id": "B04FD5HLZ",
        "attachments": [
            {
                "fallback": "<https:\/\/twitter.com\/lapin7|@lapin7>: Become a scribe at <https:\/\/twitter.com\/Synereo|@Synereo> and earn AMP!!! We need summaries of our Hangouts at <https:\/\/plus.google.com\/u\/1\/+Synereo\/posts>",
                "author_name": "HJ",
                "author_link": "https:\/\/twitter.com\/lapin7\/status\/704808115053715456",
                "author_icon": "https:\/\/pbs.twimg.com\/profile_images\/694808300643340288\/0CVY8LDX_normal.png",
                "author_subname": "@lapin7",
                "pretext": "<https:\/\/twitter.com\/lapin7\/status\/704808115053715456>",
                "text": "Become a scribe at <https:\/\/twitter.com\/Synereo|@Synereo> and earn AMP!!! We need summaries of our Hangouts at <https:\/\/plus.google.com\/u\/1\/+Synereo\/posts>",
                "service_name": "twitter",
                "service_url": "https:\/\/twitter.com\/",
                "id": 1
            }
        ],
        "type": "message",
        "subtype": "bot_message",
        "ts": "1456874324.000054"
    }
]