[
    {
        "type": "message",
        "user": "U0474E4KZ",
        "text": "<https:\/\/bitcointalk.org\/index.php?topic=1387602.msg14101642#msg14101642>",
        "ts": "1457176020.000081"
    },
    {
        "type": "message",
        "user": "U0474E4KZ",
        "text": "<https:\/\/bitcointalk.org\/index.php?topic=995987.new;topicseen#new>",
        "ts": "1457181050.000082"
    },
    {
        "type": "message",
        "user": "U04BQ4FMC",
        "text": "is 'DecentralizeEconomics' here in slack too?",
        "ts": "1457181913.000083"
    },
    {
        "type": "message",
        "user": "U0474E4KZ",
        "text": "Nope.",
        "ts": "1457196539.000084"
    },
    {
        "type": "message",
        "user": "U0474E4KZ",
        "text": "<https:\/\/bitcointalk.org\/index.php?topic=995987.msg14104342#msg14104342>",
        "ts": "1457196549.000085"
    },
    {
        "type": "message",
        "user": "U0474E4KZ",
        "text": "<https:\/\/bitcointalk.org\/index.php?topic=995987.msg14108756#msg14108756>",
        "ts": "1457212461.000086"
    }
]