[
    {
        "bot_id": "B04FD5HLZ",
        "attachments": [
            {
                "fallback": "<https:\/\/twitter.com\/Synereo|@Synereo>: Live on the <https:\/\/twitter.com\/Synereo|@Synereo> weekly community hangout! <https:\/\/plus.google.com\/events\/cufo35jmpmlm4dif79psbjiah3o>",
                "author_name": "Synereo",
                "author_link": "https:\/\/twitter.com\/Synereo\/status\/705110162902786048",
                "author_icon": "https:\/\/pbs.twimg.com\/profile_images\/522790259789025280\/FKRuSK66_normal.png",
                "author_subname": "@Synereo",
                "pretext": "<https:\/\/twitter.com\/Synereo\/status\/705110162902786048>",
                "text": "Live on the <https:\/\/twitter.com\/Synereo|@Synereo> weekly community hangout! <https:\/\/plus.google.com\/events\/cufo35jmpmlm4dif79psbjiah3o>",
                "service_name": "twitter",
                "service_url": "https:\/\/twitter.com\/",
                "id": 1
            }
        ],
        "type": "message",
        "subtype": "bot_message",
        "ts": "1456946338.000055"
    },
    {
        "bot_id": "B04FD5HLZ",
        "attachments": [
            {
                "fallback": "<https:\/\/twitter.com\/lapin7|@lapin7>: DC Blockchain Summit 2016 <http:\/\/www.twitch.tv\/dcblockchainsummit> via <https:\/\/twitter.com\/Twitch|@Twitch> <https:\/\/twitter.com\/Synereo|@Synereo>",
                "author_name": "HJ",
                "author_link": "https:\/\/twitter.com\/lapin7\/status\/705153589585514496",
                "author_icon": "https:\/\/pbs.twimg.com\/profile_images\/694808300643340288\/0CVY8LDX_normal.png",
                "author_subname": "@lapin7",
                "pretext": "<https:\/\/twitter.com\/lapin7\/status\/705153589585514496>",
                "text": "DC Blockchain Summit 2016 <http:\/\/www.twitch.tv\/dcblockchainsummit> via <https:\/\/twitter.com\/Twitch|@Twitch> <https:\/\/twitter.com\/Synereo|@Synereo>",
                "service_name": "twitter",
                "service_url": "https:\/\/twitter.com\/",
                "id": 1
            }
        ],
        "type": "message",
        "subtype": "bot_message",
        "ts": "1456956691.000056"
    }
]