[
    {
        "bot_id": "B04FD5HLZ",
        "attachments": [
            {
                "fallback": "<https:\/\/twitter.com\/blockseven_|@blockseven&lowbar;>: 3 Dapps You HAVE to See <https:\/\/youtu.be\/vCBCyO7SE5I> \n<https:\/\/twitter.com\/lazoozorg|@lazoozorg> <https:\/\/twitter.com\/openbazaar|@openbazaar> <https:\/\/twitter.com\/Synereo|@Synereo> <https:\/\/pbs.twimg.com\/media\/CcWwmMxUkAEijio.jpg>",
                "author_name": "Blockseven",
                "author_link": "https:\/\/twitter.com\/blockseven_\/status\/704163087197216768",
                "author_icon": "https:\/\/pbs.twimg.com\/profile_images\/589064759263289344\/yX245kPh_normal.jpg",
                "author_subname": "@blockseven_",
                "pretext": "<https:\/\/twitter.com\/blockseven_\/status\/704163087197216768>",
                "text": "3 Dapps You HAVE to See <https:\/\/youtu.be\/vCBCyO7SE5I> \n<https:\/\/twitter.com\/lazoozorg|@lazoozorg> <https:\/\/twitter.com\/openbazaar|@openbazaar> <https:\/\/twitter.com\/Synereo|@Synereo> <https:\/\/pbs.twimg.com\/media\/CcWwmMxUkAEijio.jpg>",
                "service_name": "twitter",
                "service_url": "https:\/\/twitter.com\/",
                "image_url": "https:\/\/pbs.twimg.com\/media\/CcWwmMxUkAEijio.jpg",
                "image_width": 600,
                "image_height": 338,
                "image_bytes": 34940,
                "id": 1
            }
        ],
        "type": "message",
        "subtype": "bot_message",
        "ts": "1456720537.000051"
    }
]