[
    {
        "type": "message",
        "user": "U0474E4KZ",
        "text": "<https:\/\/bitcointalk.org\/index.php?topic=995987.msg14113137#msg14113137>",
        "ts": "1457262888.000087"
    },
    {
        "type": "message",
        "user": "U0474E4KZ",
        "text": "(I'm being a bot until we get this sorted out.)",
        "ts": "1457262895.000088"
    },
    {
        "type": "message",
        "user": "U0474E4KZ",
        "text": "<https:\/\/bitcointalk.org\/index.php?topic=628413.msg14115608#msg14115608>",
        "ts": "1457279241.000089"
    },
    {
        "type": "message",
        "user": "U049CMCCZ",
        "text": "hmm apparently AMPs are well in demand?",
        "ts": "1457282013.000090"
    }
]