[
    {
        "bot_id": "B04FD5HLZ",
        "attachments": [
            {
                "fallback": "<https:\/\/twitter.com\/CoinTelegraphEU|@CoinTelegraphEU>: Decentralized Social Networks with Bitcoin <http:\/\/coint.co\/2ktn> #decentalized #socialnetwork <https:\/\/twitter.com\/dattnetwork|@dattnetwork> <https:\/\/twitter.com\/DECENTplatform|@DECENTplatform> <https:\/\/twitter.com\/Synereo|@Synereo>",
                "author_name": "CoinTelegraph Europe",
                "author_link": "https:\/\/twitter.com\/CoinTelegraphEU\/status\/695535230703292416",
                "author_icon": "https:\/\/pbs.twimg.com\/profile_images\/599149204007755776\/xhOIdHAW_normal.jpg",
                "author_subname": "@CoinTelegraphEU",
                "pretext": "<https:\/\/twitter.com\/CoinTelegraphEU\/status\/695535230703292416>",
                "text": "Decentralized Social Networks with Bitcoin <http:\/\/coint.co\/2ktn> #decentalized #socialnetwork <https:\/\/twitter.com\/dattnetwork|@dattnetwork> <https:\/\/twitter.com\/DECENTplatform|@DECENTplatform> <https:\/\/twitter.com\/Synereo|@Synereo>",
                "service_name": "twitter",
                "service_url": "https:\/\/twitter.com\/",
                "id": 1
            }
        ],
        "type": "message",
        "subtype": "bot_message",
        "ts": "1454663496.000049"
    }
]