[
    {
        "bot_id": "B04FD5HLZ",
        "attachments": [
            {
                "fallback": "<https:\/\/twitter.com\/AllCoinsNews|@AllCoinsNews>: #welcometweet <https:\/\/twitter.com\/chipchapapp|@chipchapapp> <https:\/\/twitter.com\/BritcoinBitcoin|@BritcoinBitcoin> <https:\/\/twitter.com\/SalesMgr4Hire|@SalesMgr4Hire> <https:\/\/twitter.com\/CarlyBrajnik|@CarlyBrajnik> <https:\/\/twitter.com\/Synereo|@Synereo> via <http:\/\/uapp.ly>",
                "author_name": "AllCoinsNews",
                "author_link": "https:\/\/twitter.com\/AllCoinsNews\/status\/694504984918949889",
                "author_icon": "https:\/\/pbs.twimg.com\/profile_images\/515000567408500736\/xthtM9tK_normal.jpeg",
                "author_subname": "@AllCoinsNews",
                "pretext": "<https:\/\/twitter.com\/AllCoinsNews\/status\/694504984918949889>",
                "text": "#welcometweet <https:\/\/twitter.com\/chipchapapp|@chipchapapp> <https:\/\/twitter.com\/BritcoinBitcoin|@BritcoinBitcoin> <https:\/\/twitter.com\/SalesMgr4Hire|@SalesMgr4Hire> <https:\/\/twitter.com\/CarlyBrajnik|@CarlyBrajnik> <https:\/\/twitter.com\/Synereo|@Synereo> via <http:\/\/uapp.ly>",
                "service_name": "twitter",
                "service_url": "https:\/\/twitter.com\/",
                "id": 1
            }
        ],
        "type": "message",
        "subtype": "bot_message",
        "ts": "1454417866.000035"
    },
    {
        "bot_id": "B04FD5HLZ",
        "attachments": [
            {
                "fallback": "<https:\/\/twitter.com\/gideonro|@gideonro>: <https:\/\/twitter.com\/csageland|@csageland> <https:\/\/twitter.com\/Synereo|@Synereo> <https:\/\/twitter.com\/Backfeed_cc|@Backfeed_cc> <https:\/\/twitter.com\/hiproj|@hiproj> <https:\/\/twitter.com\/responsiveorg|@responsiveorg> sure. Under some deadlines right now but maybe late March?",
                "author_name": "Gideon Rosenblatt",
                "author_link": "https:\/\/twitter.com\/gideonro\/status\/694567599753965568",
                "author_icon": "https:\/\/pbs.twimg.com\/profile_images\/668164108877824000\/p1USR14w_normal.jpg",
                "author_subname": "@gideonro",
                "pretext": "<https:\/\/twitter.com\/gideonro\/status\/694567599753965568>",
                "text": "<https:\/\/twitter.com\/csageland|@csageland> <https:\/\/twitter.com\/Synereo|@Synereo> <https:\/\/twitter.com\/Backfeed_cc|@Backfeed_cc> <https:\/\/twitter.com\/hiproj|@hiproj> <https:\/\/twitter.com\/responsiveorg|@responsiveorg> sure. Under some deadlines right now but maybe late March?",
                "service_name": "twitter",
                "service_url": "https:\/\/twitter.com\/",
                "id": 1
            }
        ],
        "type": "message",
        "subtype": "bot_message",
        "ts": "1454432794.000036"
    },
    {
        "bot_id": "B04FD5HLZ",
        "attachments": [
            {
                "fallback": "<https:\/\/twitter.com\/csageland|@csageland>: <https:\/\/twitter.com\/gideonro|@gideonro> sounds good. I am down near PDX, in the Gorge. Will try to get up to SEA around then.<https:\/\/twitter.com\/Synereo|@Synereo> <https:\/\/twitter.com\/Backfeed_cc|@Backfeed_cc> <https:\/\/twitter.com\/hiproj|@hiproj> <https:\/\/twitter.com\/responsiveorg|@responsiveorg>",
                "author_name": "Christina Bowen",
                "author_link": "https:\/\/twitter.com\/csageland\/status\/694572292764925952",
                "author_icon": "https:\/\/pbs.twimg.com\/profile_images\/554694258045644800\/l_PHidwx_normal.jpeg",
                "author_subname": "@csageland",
                "pretext": "<https:\/\/twitter.com\/csageland\/status\/694572292764925952>",
                "text": "<https:\/\/twitter.com\/gideonro|@gideonro> sounds good. I am down near PDX, in the Gorge. Will try to get up to SEA around then.<https:\/\/twitter.com\/Synereo|@Synereo> <https:\/\/twitter.com\/Backfeed_cc|@Backfeed_cc> <https:\/\/twitter.com\/hiproj|@hiproj> <https:\/\/twitter.com\/responsiveorg|@responsiveorg>",
                "service_name": "twitter",
                "service_url": "https:\/\/twitter.com\/",
                "id": 1
            }
        ],
        "type": "message",
        "subtype": "bot_message",
        "ts": "1454433914.000037"
    },
    {
        "bot_id": "B04FD5HLZ",
        "attachments": [
            {
                "fallback": "<https:\/\/twitter.com\/csageland|@csageland>: <https:\/\/twitter.com\/gideonro|@gideonro> Also, see <https:\/\/twitter.com\/hiproj|@hiproj> 's new video (&lt;2 min) here: <http:\/\/hi-project.org\/> <https:\/\/twitter.com\/Synereo|@Synereo> <https:\/\/twitter.com\/Backfeed_cc|@Backfeed_cc> <https:\/\/twitter.com\/responsiveorg|@responsiveorg>",
                "author_name": "Christina Bowen",
                "author_link": "https:\/\/twitter.com\/csageland\/status\/694572667135918080",
                "author_icon": "https:\/\/pbs.twimg.com\/profile_images\/554694258045644800\/l_PHidwx_normal.jpeg",
                "author_subname": "@csageland",
                "pretext": "<https:\/\/twitter.com\/csageland\/status\/694572667135918080>",
                "text": "<https:\/\/twitter.com\/gideonro|@gideonro> Also, see <https:\/\/twitter.com\/hiproj|@hiproj> 's new video (&lt;2 min) here: <http:\/\/hi-project.org\/> <https:\/\/twitter.com\/Synereo|@Synereo> <https:\/\/twitter.com\/Backfeed_cc|@Backfeed_cc> <https:\/\/twitter.com\/responsiveorg|@responsiveorg>",
                "service_name": "twitter",
                "service_url": "https:\/\/twitter.com\/",
                "id": 1
            }
        ],
        "type": "message",
        "subtype": "bot_message",
        "ts": "1454434003.000038"
    },
    {
        "bot_id": "B04FD5HLZ",
        "attachments": [
            {
                "fallback": "<https:\/\/twitter.com\/Synereo|@Synereo>: #bitcoin controversy? \"A sociological problem, not a technical problem.\" \n<https:\/\/youtu.be\/A0JYkKLl830?t=235>",
                "author_name": "Synereo",
                "author_link": "https:\/\/twitter.com\/Synereo\/status\/694674608381775872",
                "author_icon": "https:\/\/pbs.twimg.com\/profile_images\/522790259789025280\/FKRuSK66_normal.png",
                "author_subname": "@Synereo",
                "pretext": "<https:\/\/twitter.com\/Synereo\/status\/694674608381775872>",
                "text": "#bitcoin controversy? \"A sociological problem, not a technical problem.\" \n<https:\/\/youtu.be\/A0JYkKLl830?t=235>",
                "service_name": "twitter",
                "service_url": "https:\/\/twitter.com\/",
                "id": 1
            }
        ],
        "type": "message",
        "subtype": "bot_message",
        "ts": "1454458307.000039"
    }
]