[
    {
        "user": "U04A8095T",
        "type": "message",
        "subtype": "channel_join",
        "text": "<@U04A8095T|ed.eykholt> has joined the channel",
        "ts": "1434071037.000015"
    },
    {
        "type": "message",
        "user": "U04A8095T",
        "text": "Comments after watching yesterday's hangout:  <@U0474AYFT> and others, suggest you look some of the Query Builder UIs already on the market, for UI inspiration.  On that is interesting is DataSift's query builder: <http:\/\/thenextweb.com\/insider\/2013\/02\/14\/datasift-open-source-embeddable-query-builder-launches\/>",
        "attachments": [
            {
                "service_name": "The Next Web",
                "title": "DataSift Open Sources Query Builder Giving Apps Access To Social Data",
                "title_link": "http:\/\/thenextweb.com\/insider\/2013\/02\/14\/datasift-open-source-embeddable-query-builder-launches\/",
                "text": "DataSift released an embeddable Query Builder developed in open source that enables the enterprise to bring social data into their company.",
                "fallback": "The Next Web: DataSift Open Sources Query Builder Giving Apps Access To Social Data",
                "image_url": "http:\/\/cdn1.tnwcdn.com\/wp-content\/blogs.dir\/1\/files\/2013\/02\/809326.jpg",
                "ts": 1360846800,
                "from_url": "http:\/\/thenextweb.com\/insider\/2013\/02\/14\/datasift-open-source-embeddable-query-builder-launches\/",
                "image_width": 359,
                "image_height": 250,
                "image_bytes": 1069038,
                "id": 1
            }
        ],
        "ts": "1434073034.000016"
    },
    {
        "type": "message",
        "subtype": "file_share",
        "text": "<@U0474AYFT|leithaus> uploaded a file: <https:\/\/synereonet.slack.com\/files\/leithaus\/F068NQYBG\/reactivemediaptiv.pdf|ReactiveMediaPtIV.pdf>",
        "file": {
            "id": "F068NQYBG",
            "created": 1434078193,
            "timestamp": 1434078193,
            "name": "ReactiveMediaPtIV.pdf",
            "title": "ReactiveMediaPtIV.pdf",
            "mimetype": "application\/pdf",
            "filetype": "pdf",
            "pretty_type": "PDF",
            "user": "U0474AYFT",
            "editable": false,
            "size": 6453672,
            "mode": "hosted",
            "is_external": false,
            "external_type": "",
            "is_public": true,
            "public_url_shared": false,
            "display_as_bot": false,
            "username": "",
            "url_private": "https:\/\/files.slack.com\/files-pri\/T0474AT8K-F068NQYBG\/reactivemediaptiv.pdf?t=xoxe-4242367291-30199722806-30156974547-d9aca652b4",
            "url_private_download": "https:\/\/files.slack.com\/files-pri\/T0474AT8K-F068NQYBG\/download\/reactivemediaptiv.pdf?t=xoxe-4242367291-30199722806-30156974547-d9aca652b4",
            "permalink": "https:\/\/synereonet.slack.com\/files\/leithaus\/F068NQYBG\/reactivemediaptiv.pdf",
            "permalink_public": "https:\/\/slack-files.com\/T0474AT8K-F068NQYBG-be37aa7c49",
            "channels": [
                "C0474CWNK"
            ],
            "groups": [
    
            ],
            "ims": [
    
            ],
            "comments_count": 0
        },
        "user": "U0474AYFT",
        "upload": true,
        "display_as_bot": false,
        "username": "<@U0474AYFT|leithaus>",
        "bot_id": null,
        "ts": "1434078196.000018"
    },
    {
        "type": "message",
        "user": "U0474AYFT",
        "text": "Thanks, <@U04A8095T>, for the DataSift link.",
        "ts": "1434078221.000019"
    },
    {
        "type": "message",
        "user": "U0474AYFT",
        "text": "i've taken all of your excellent feedback and <@U0474E4KZ>'s and <@U0476R097>'s and all the good stuff from the Synereo Community Hangout and wove them together in Reactive Media Pt IV.",
        "ts": "1434078276.000020"
    },
    {
        "user": "U0476R097",
        "inviter": "U0474AYFT",
        "type": "message",
        "subtype": "channel_join",
        "text": "<@U0476R097|andersonmccutcheon> has joined the channel",
        "ts": "1434078285.000021"
    },
    {
        "type": "message",
        "user": "U0474AYFT",
        "text": "The impatient should skip to slides 17 - 25, then go back and read the rest of the deck.",
        "ts": "1434079026.000022"
    },
    {
        "type": "message",
        "user": "U048X85UT",
        "text": "It looks good but needs more narrative describing the user experience.  It's too ambiguous to me.",
        "ts": "1434079513.000023"
    },
    {
        "type": "message",
        "user": "U04BMCE7Q",
        "text": "hi <@U048X85UT>",
        "ts": "1434084124.000024"
    },
    {
        "type": "message",
        "user": "U04BMCE7Q",
        "text": "u ever purchased app from app store?",
        "ts": "1434084136.000025"
    },
    {
        "type": "message",
        "user": "U048NQPTE",
        "text": "<@U0474AYFT> - I agree with <@U048X85UT>. I've been watching the Google hangouts and following Synereo sorta behind the scenes and I've been a little confused about the user experience and how it functions. The slides that you've created dosen't quite help me grasp the concept. I wish it was a little bit more simplified. For me, that would mean creating an actual mock up of the interface and explaining it from there. Something similar to <@U0474E4KZ>'s proposal that you showed in the recent hangout.  But I can wait till you guys get there. \n\nNonetheless, I do agree that Synereo should stay away from the typical \"feel\" of Twitter and Facebook. Its time for change, Twitter and Facebook's interface dosen't stimulate me and I'm sure others feel the same.",
        "ts": "1434087943.000026"
    },
    {
        "type": "message",
        "user": "U04A8095T",
        "text": "<@U0474AYFT>, toward the end of the slides I thought about Flipboard, which is a free app on my cellphone that I like (Or, used to like before it started making me feel creepy about how they wanted to collect more personal information).  The setup experience was that it allows the user to select from a number of curated \"magazines\" but you could also define your own based on simple keywords.  Synereo will extend those simple capabilities, but you could also leverage some of the good things Flipboard did.  In Synereo, this might mean the platform could provide out-of-the-gate public tags (hashtags, sharps) that would be commonly used: politics, science, crypto, music, humor, ...   And categories of channels: friends, co-workers, entertainers, athletes, politicians, news agencies.  (In Google+, you add a new contact to a \"circle\", which is their analogous thing.)   Then, Synereo would provide out-of-the-gate mixes (which I like to call filters or views) would already be available for new users.  Any of the filters could be customized as the user desires.",
        "ts": "1434091769.000027"
    }
]