[
    {
        "user": "U0474AT8P",
        "type": "message",
        "subtype": "channel_join",
        "text": "<@U0474AT8P|nic> has joined the channel",
        "ts": "1427668531.000002"
    },
    {
        "user": "U0474AT8P",
        "purpose": "For discussion and collaboration about graphic design, multimedia, and videos",
        "type": "message",
        "subtype": "channel_purpose",
        "text": "<@U0474AT8P|nic> set the channel purpose: For discussion and collaboration about graphic design, multimedia, and videos",
        "ts": "1427668531.000003"
    },
    {
        "user": "U0474E4KZ",
        "type": "message",
        "subtype": "channel_join",
        "text": "<@U0474E4KZ|dor> has joined the channel",
        "ts": "1427669002.000004"
    }
]