[
    {
        "type": "message",
        "user": "U048NQPTE",
        "text": "Is there anyway to take a peek at the UI?  Really want to contribute to that side, since I'm not really a programmer and have no clue what you guys are saying half the time haha :sweat_smile:",
        "ts": "1439521940.000013"
    },
    {
        "user": "U093F8U10",
        "type": "message",
        "subtype": "channel_join",
        "text": "<@U093F8U10|ernestojc> has joined the channel",
        "ts": "1439531796.000014"
    }
]