[
    {
        "user": "U049CMCCZ",
        "type": "message",
        "subtype": "channel_join",
        "text": "<@U049CMCCZ|henri> has joined the channel",
        "ts": "1430136726.000047"
    },
    {
        "type": "message",
        "user": "U048X85UT",
        "text": "Is there a one page glossy we can hand out at inside bitcoin nyc this week?",
        "ts": "1430138085.000048"
    },
    {
        "type": "message",
        "user": "U0474E4KZ",
        "text": "<@U0476R097>:",
        "ts": "1430161503.000049"
    }
]