[
    {
        "type": "message",
        "user": "U0474E4KZ",
        "text": "<@U04BQ4FMC>: I don't follow. are there questions on those channels that have gone unanswered?",
        "ts": "1433352738.000007"
    },
    {
        "type": "message",
        "user": "U0474E4KZ",
        "text": "or are you saying we need to have more presence on other channels?",
        "ts": "1433352763.000008"
    },
    {
        "type": "message",
        "user": "U048X85UT",
        "text": "Part of facilitating successful networks is presence on multiple networks, but there is a lot more to it that that.  In our research at NJIT determined that facilitation was a major factor in group productivity.   We created one of the first facilitators guide.  LinkedIn just released a guide worth reading.  There should be facilitation applying all these principles across multiple networks for there it be a thriving community.   I just created a #networking channel in the freetrust slack  for collaboration of facilitators.  You may wish to do the same. <https:\/\/smallbusiness.linkedin.com\/content\/dam\/smallbusiness\/marketing\/static-assets\/pdf\/linkedin-groups-ebook.pdf>",
        "edited": {
            "user": "U048X85UT",
            "ts": "1433355230.000000"
        },
        "ts": "1433355091.000009"
    }
]