[
    {
        "type": "message",
        "user": "U04A8095T",
        "text": "<@U0474E4KZ>, thanks for the pointer to the \"learn more\" page.  I hadn't previously noticed the links to the other \"chapter\" presentations.\nThank you for the offer to chat.  I'll take you up on that sometime.   But I wanted to re-read the whitepaper, which I just completed.  (Although I still feel like I'm getting a C grade in a 400 or 500 level 4-credit hour college course :-O)\n\nI'm a stickler for clear and consistent use of terminology, because I get real confused without it.  Some confusion is understandable because of the different levels of abstraction discussed and bridged -- popular social platform metaphors, Synereo user interface, Synereo's conceptual model, SpecialK, pi-calculus, Scala.  However, let's aim for more consistency when discussing the Synereo UI.  Some seemingly important terminology from the presentations wasn't in the whitepaper or vice versa with regards to the user interface:  Home Synereo, Ceptron,  I haven't heard either mentioned in any of the community hangouts over the last month.  In whitepaper section 2.2.1 Network Model, there are definitions of Events, Reo, AMPs, and Charge.  The terms Community, @ (feed), and # (sharp\/tag) are introduced elsewhere.  Other concepts including event privacy, event sharing (in effect via attention), and ownership provenance are also important.  I would love it if someone would create an end-user friendly glossary of all these terms (without pi-calculus :wink:.  Most of these terms affect how effectively we can discuss the user interface.",
        "ts": "1435602923.000168"
    },
    {
        "type": "message",
        "user": "U0474E4KZ",
        "text": "Ed, I think you just made a complete summary of all non-overlapping concepts we have. :simple_smile:",
        "ts": "1435604501.000169"
    },
    {
        "type": "message",
        "user": "U0474E4KZ",
        "text": "There are some inconsistencies borne out of the general evolution of our thinking, especially WRT \"groups\" (communities and such).",
        "ts": "1435604537.000170"
    },
    {
        "type": "message",
        "user": "U0474E4KZ",
        "text": "Some terms weren't important to mention in the simpler presentation slides.",
        "edited": {
            "user": "U0474E4KZ",
            "ts": "1435604571.000000"
        },
        "ts": "1435604555.000171"
    },
    {
        "type": "message",
        "user": "U0474E4KZ",
        "text": "My hope is that once the application is up, no one will have to consult a glossary to understand what's going on. :wink:",
        "ts": "1435604597.000173"
    }
]