[
    {
        "type": "message",
        "user": "U04A8095T",
        "text": "Questions about the concept of rooms, or forums:  \n1) First of all, what does Synereo call this construct where a group of people can all see each other's streams (within a certain context)?     \n2) Will Synereo support the notion of a moderated forum?    \n3) In the case where there is a non-moderated forum and one of the persons is noisy and often off-topic despite corrective feedback, is the only choice for forum members to reform a  new forum (or should each adjust his\/her mix to ignore that person)?  \n4) If reforming a new forum, does Reo reputation start back at zero?",
        "ts": "1435336163.000157"
    },
    {
        "type": "message",
        "user": "U0474E4KZ",
        "text": "1) Can you give an example of an existing construct that does this? I'm not sure I understand what you mean, exactly. \n2) Sure! (this is discussed in the second network dynamics chapter)\n3) We plan to provide many community-driven arbitration and moderation mechanisms. (also discussed in that chapter)\n4) Reo depends, and is always calculated, against your location in the network and your target audience.",
        "ts": "1435339698.000158"
    },
    {
        "type": "message",
        "user": "U0474E4KZ",
        "text": "<@U04A8095T>",
        "ts": "1435339738.000160"
    },
    {
        "type": "message",
        "subtype": "file_share",
        "text": "<@U0474E4KZ|dor> shared a file: <https:\/\/synereonet.slack.com\/files\/dor\/F06SXJYKV\/networkdynamicschapter2|Network Dynamics: Chapter 2>",
        "file": {
            "id": "F06SXJYKV",
            "created": 1435339750,
            "timestamp": 1435339750,
            "name": "NetworkDynamicsChapter2",
            "title": "Network Dynamics: Chapter 2",
            "mimetype": "application\/vnd.google-apps.presentation",
            "filetype": "gpres",
            "pretty_type": "GDocs Presentation",
            "user": "U0474E4KZ",
            "editable": false,
            "size": 5981,
            "mode": "external",
            "is_external": true,
            "external_type": "gdrive",
            "is_public": true,
            "public_url_shared": false,
            "display_as_bot": false,
            "username": "",
            "url_private": "https:\/\/docs.google.com\/presentation\/d\/1DimMeRZx1qp0-m0DzyEZxc3IbYDfzovummDfRdeWT9U\/edit?usp=drivesdk",
            "thumb_64": "https:\/\/a.slack-edge.com\/66f9\/img\/files\/gpres_64.png",
            "thumb_360": "https:\/\/a.slack-edge.com\/272a\/img\/files\/gpres_360.png",
            "thumb_360_w": 360,
            "thumb_360_h": 167,
            "permalink": "https:\/\/synereonet.slack.com\/files\/dor\/F06SXJYKV\/networkdynamicschapter2",
            "channels": [
                "C0474CWNK",
                "C0474AT8X"
            ],
            "groups": [
    
            ],
            "ims": [
    
            ],
            "comments_count": 0
        },
        "user": "U0474E4KZ",
        "upload": false,
        "display_as_bot": false,
        "username": "<@U0474E4KZ|dor>",
        "bot_id": null,
        "ts": "1435339751.000161"
    },
    {
        "type": "message",
        "user": "U04A8095T",
        "text": "<@U0474E4KZ>, the Network Dynamics chapter 2 was helpful because I hadn't seen this before -- it was produced before my awareness of Synereo.  If this presentation (and other chapters) is meant to be discoverable to new users, publishing links would be helpful.  It seems to  use some terms, like Synereo, in a context different than the whitepaper.  Or, maybe my internal mental map of the Synereo ontology was incorrect based on some earlier perception.\nMore on the earlier questions:",
        "ts": "1435342065.000163"
    },
    {
        "type": "message",
        "user": "U04A8095T",
        "text": "1) I'm referring to an ephemeral or lasting network of users to can freely broadcast conversations to each other.  Examples include IRC chat rooms, Skype Groups.  I haven't been much of a social network participant (other than simple LinkedIn and a bit of Facebook), so believe it or not some of the common concepts are actually new to me.\n2, 3, 4)  Thanks for the answers.  Glad to know there will be arbitration and moderation mechanisms.",
        "ts": "1435342405.000164"
    },
    {
        "type": "message",
        "user": "U0474E4KZ",
        "text": "they're available through the \"learn more\" page.",
        "ts": "1435345513.000165"
    },
    {
        "type": "message",
        "user": "U0474E4KZ",
        "text": "so, a chat? :simple_smile:",
        "ts": "1435345536.000166"
    },
    {
        "user": "U06TGD7MM",
        "type": "message",
        "subtype": "channel_join",
        "text": "<@U06TGD7MM|ryan85> has joined the channel",
        "ts": "1435382809.000167"
    }
]