[
    {
        "type": "message",
        "user": "U0474AYFT",
        "text": "The video is private until we edit out the troll interruptions. \"Mutton yesterday, mutton today, and blimey if it don't look like mutton again tomorrer.\"",
        "ts": "1431001382.000002"
    },
    {
        "type": "message",
        "user": "U048X85UT",
        "text": "I guess we need a private channel for early access participant links.  Without <#C04BLQ4CX> we cannot really identify the trolls in this slack.  On second thought I think synereo can filter them out by itself.",
        "ts": "1431002081.000003"
    }
]