[
    {
        "type": "message",
        "user": "U048T3M8W",
        "text": "Some artistic possibilities of connection and change lead to a continuous development. <https:\/\/vimeo.com\/124415252>",
        "attachments": [
            {
                "service_name": "Vimeo",
                "service_url": "https:\/\/vimeo.com\/",
                "title": "PULSAR PROJECT by Anna Mikhailova and Pim Pi\u00ebt",
                "title_link": "https:\/\/vimeo.com\/124415252",
                "author_name": "Mikha Mikhailova",
                "author_link": "http:\/\/vimeo.com\/user39105466",
                "thumb_url": "http:\/\/i.vimeocdn.com\/video\/514138064_295x166.jpg",
                "thumb_width": 295,
                "thumb_height": 166,
                "text": "Within the Pulsar project Pim Pi\u00ebt and Anna Mikhailova combine their varied disciplines, practices and backgrounds. Previously the Pulsar Project was exhibited in studio-complex \u2018De Spanjaardshof\u2019 in the Hague (2011) and in the \u2018Ketelfactory\u2019 in Schiedam (2012). The presentation in \u2018Ondertussen\u2019, Stroom The Hague combines a range of techniques, from painting, spatial work to contemporary music, video and performance; at times within a tightly prepared framework, then again resulting from improvisation. The possibilities of connection and change lead to a continuous development. (Stroom, The Hague) \n\nTitle of the project: \n\nPULSAR room\nOndertussen, Stroom The Hague \n1 September until 26 October 2014 \n\nAlong with black holes, radio pulsars, rotating neutron stars, are considered to be the most extreme objects in the universe. As cosmic lighthouses they transmit bundles of radio radiation into space with frequencies that are more stable than the best atomic clocks on Earth. \nMinute observations of the time signal of systems in which a pulsar is orbiting around another neutron star, have demonstrated the existence of gravitational radiation, as predicted by Albert Einstein, and have yielded very sensitive tests of his general theory of relativity, that have replaced the laws of Isaac Newton. Even more exotic are the recently discovered systems, in which two pulsars rotate around each other, the so-called ' double pulsars\u2019.\n\nSince the discovery of pulsars, nearly 50 years ago, many other discoveries about pulsars have been made that inspired scientists around the world. An example is the discovery of radio pulsars that spin around 500 to 600 times per second, so-called millisecond pulsars. These are objects as large as the city of Amsterdam and as heavy as the Sun, that there are rotating around its axis in 1.5 milliseconds, with greater accuracy than the best clocks on Earth! (source: Wim Hermsen) \n\nFor Pi\u00ebt and Mikhailova, this project is about energy, rhythm, structure and stratification observed in various phenomena. With Pulsar Project they show the inner rhythm that operates all kinds of processes in the world, from our heartbeat to the movement of our planet.",
                "fallback": "Vimeo Video: PULSAR PROJECT by Anna Mikhailova and Pim Pi\u00ebt",
                "video_html": "<iframe src=\"https:\/\/player.vimeo.com\/video\/124415252?autoplay=1\" width=\"400\" height=\"320\" frameborder=\"0\" title=\"PULSAR PROJECT by Anna Mikhailova and Pim Pi&euml;t\" webkitallowfullscreen mozallowfullscreen allowfullscreen><\/iframe>",
                "video_html_width": 400,
                "video_html_height": 320,
                "from_url": "https:\/\/vimeo.com\/124415252",
                "id": 1
            }
        ],
        "ts": "1449570432.000003"
    }
]