[
    {
        "user": "U0474AYFT",
        "type": "message",
        "subtype": "channel_join",
        "text": "<@U0474AYFT|leithaus> has joined the channel",
        "ts": "1430854160.000059"
    },
    {
        "type": "message",
        "subtype": "file_share",
        "text": "<@U0474AYFT|leithaus> uploaded a file: <https:\/\/synereonet.slack.com\/files\/leithaus\/F04NFV51Z\/reactivemediapti.pdf|ReactiveMediaPtI.pdf>",
        "file": {
            "id": "F04NFV51Z",
            "created": 1430854313,
            "timestamp": 1430854313,
            "name": "ReactiveMediaPtI.pdf",
            "title": "ReactiveMediaPtI.pdf",
            "mimetype": "application\/pdf",
            "filetype": "pdf",
            "pretty_type": "PDF",
            "user": "U0474AYFT",
            "editable": false,
            "size": 3160987,
            "mode": "hosted",
            "is_external": false,
            "external_type": "",
            "is_public": true,
            "public_url_shared": false,
            "display_as_bot": false,
            "username": "",
            "url_private": "https:\/\/files.slack.com\/files-pri\/T0474AT8K-F04NFV51Z\/reactivemediapti.pdf?t=xoxe-4242367291-30199722806-30156974547-d9aca652b4",
            "url_private_download": "https:\/\/files.slack.com\/files-pri\/T0474AT8K-F04NFV51Z\/download\/reactivemediapti.pdf?t=xoxe-4242367291-30199722806-30156974547-d9aca652b4",
            "permalink": "https:\/\/synereonet.slack.com\/files\/leithaus\/F04NFV51Z\/reactivemediapti.pdf",
            "permalink_public": "https:\/\/slack-files.com\/T0474AT8K-F04NFV51Z-a96c8d6cbe",
            "channels": [
                "C0474CWNK"
            ],
            "groups": [
    
            ],
            "ims": [
    
            ],
            "comments_count": 0,
            "num_stars": 1
        },
        "user": "U0474AYFT",
        "upload": true,
        "display_as_bot": false,
        "username": "<@U0474AYFT|leithaus>",
        "bot_id": null,
        "ts": "1430854316.000060"
    },
    {
        "type": "message",
        "subtype": "file_share",
        "text": "<@U0474AYFT|leithaus> uploaded a file: <https:\/\/synereonet.slack.com\/files\/leithaus\/F04MU6AV6\/reactivemediaptii.pdf|ReactiveMediaPtII.pdf>",
        "file": {
            "id": "F04MU6AV6",
            "created": 1430854349,
            "timestamp": 1430854349,
            "name": "ReactiveMediaPtII.pdf",
            "title": "ReactiveMediaPtII.pdf",
            "mimetype": "application\/pdf",
            "filetype": "pdf",
            "pretty_type": "PDF",
            "user": "U0474AYFT",
            "editable": false,
            "size": 4128203,
            "mode": "hosted",
            "is_external": false,
            "external_type": "",
            "is_public": true,
            "public_url_shared": false,
            "display_as_bot": false,
            "username": "",
            "url_private": "https:\/\/files.slack.com\/files-pri\/T0474AT8K-F04MU6AV6\/reactivemediaptii.pdf?t=xoxe-4242367291-30199722806-30156974547-d9aca652b4",
            "url_private_download": "https:\/\/files.slack.com\/files-pri\/T0474AT8K-F04MU6AV6\/download\/reactivemediaptii.pdf?t=xoxe-4242367291-30199722806-30156974547-d9aca652b4",
            "permalink": "https:\/\/synereonet.slack.com\/files\/leithaus\/F04MU6AV6\/reactivemediaptii.pdf",
            "permalink_public": "https:\/\/slack-files.com\/T0474AT8K-F04MU6AV6-fa0f0355c7",
            "channels": [
                "C0474CWNK"
            ],
            "groups": [
    
            ],
            "ims": [
    
            ],
            "comments_count": 0,
            "num_stars": 2
        },
        "user": "U0474AYFT",
        "upload": true,
        "display_as_bot": false,
        "username": "<@U0474AYFT|leithaus>",
        "bot_id": null,
        "ts": "1430854352.000061"
    },
    {
        "type": "message",
        "subtype": "file_share",
        "text": "<@U0474AYFT|leithaus> uploaded a file: <https:\/\/synereonet.slack.com\/files\/leithaus\/F04NG0DED\/reactivemediaptiii.pdf|ReactiveMediaPtIII.pdf>",
        "file": {
            "id": "F04NG0DED",
            "created": 1430854381,
            "timestamp": 1430854381,
            "name": "ReactiveMediaPtIII.pdf",
            "title": "ReactiveMediaPtIII.pdf",
            "mimetype": "application\/pdf",
            "filetype": "pdf",
            "pretty_type": "PDF",
            "user": "U0474AYFT",
            "editable": false,
            "size": 3944928,
            "mode": "hosted",
            "is_external": false,
            "external_type": "",
            "is_public": true,
            "public_url_shared": false,
            "display_as_bot": false,
            "username": "",
            "url_private": "https:\/\/files.slack.com\/files-pri\/T0474AT8K-F04NG0DED\/reactivemediaptiii.pdf?t=xoxe-4242367291-30199722806-30156974547-d9aca652b4",
            "url_private_download": "https:\/\/files.slack.com\/files-pri\/T0474AT8K-F04NG0DED\/download\/reactivemediaptiii.pdf?t=xoxe-4242367291-30199722806-30156974547-d9aca652b4",
            "permalink": "https:\/\/synereonet.slack.com\/files\/leithaus\/F04NG0DED\/reactivemediaptiii.pdf",
            "permalink_public": "https:\/\/slack-files.com\/T0474AT8K-F04NG0DED-f09ef01541",
            "channels": [
                "C0474CWNK"
            ],
            "groups": [
    
            ],
            "ims": [
    
            ],
            "comments_count": 0,
            "num_stars": 2
        },
        "user": "U0474AYFT",
        "upload": true,
        "display_as_bot": false,
        "username": "<@U0474AYFT|leithaus>",
        "bot_id": null,
        "ts": "1430854384.000062"
    },
    {
        "type": "message",
        "user": "U0474AT8P",
        "text": "This is really interesting",
        "ts": "1430855634.000063"
    },
    {
        "type": "message",
        "user": "U048X85UT",
        "text": "Very cool! can't wait for the movie, but all the videos need to be edited badly.  The proactive reactive left my head bent a bit :stuck_out_tongue:",
        "ts": "1430856739.000064"
    },
    {
        "type": "message",
        "user": "U048X85UT",
        "text": "I want user programming! content=program",
        "ts": "1430856832.000065"
    },
    {
        "type": "message",
        "user": "U048X85UT",
        "text": "I think you got it but I'm not certain.",
        "ts": "1430856867.000066"
    },
    {
        "type": "message",
        "user": "U048X85UT",
        "text": "with @\/# markups.",
        "ts": "1430856894.000067"
    },
    {
        "type": "message",
        "user": "U048X85UT",
        "text": "it's a god damn quantum computer practically.",
        "ts": "1430856985.000068"
    },
    {
        "type": "message",
        "user": "U048X85UT",
        "text": "but only 3D.",
        "ts": "1430857000.000069"
    },
    {
        "type": "message",
        "user": "U048X85UT",
        "text": "like the quantum but I want Legal Markdown, for extra dimensions in our realm.",
        "ts": "1430857090.000070"
    },
    {
        "type": "message",
        "user": "U048X85UT",
        "text": "should be easy with pi-calc",
        "ts": "1430857145.000071"
    },
    {
        "type": "message",
        "user": "U0474AYFT",
        "text": "<@U048X85UT> (shhhh! don't tell anyone it's actually a quantum computer. That's supposed to be a secret, for now.)",
        "ts": "1430860598.000072"
    },
    {
        "user": "U04L5FD9S",
        "type": "message",
        "subtype": "channel_join",
        "text": "<@U04L5FD9S|timpastoor> has joined the channel",
        "ts": "1430866844.000073"
    },
    {
        "type": "message",
        "user": "U04BQ4FMC",
        "text": "Good work on the PDF, <@U0474AYFT> &amp; co : )",
        "ts": "1430875133.000074"
    },
    {
        "type": "message",
        "user": "U04BQ4FMC",
        "text": "Is the idea to come up with as many different analogies as possible, in order to be interesting to various interest groups?  I recall someone asking for an analogy to brain functioning several weeks ago.",
        "ts": "1430875237.000075"
    }
]