[
    {
        "type": "message",
        "user": "U04BMCE7Q",
        "text": "<http:\/\/i.imgur.com\/>",
        "attachments": [
            {
                "fallback": "600x763px image",
                "image_url": "http:\/\/i.imgur.com\/VlIaovk.jpg",
                "image_width": 600,
                "image_height": 763,
                "image_bytes": 64543,
                "from_url": "http:\/\/i.imgur.com\/VlIaovk.jpg",
                "id": 1
            }
        ],
        "edited": {
            "user": "U04BMCE7Q",
            "ts": "1434947622.000000"
        },
        "ts": "1434947504.000147"
    },
    {
        "type": "message",
        "user": "U04BMCE7Q",
        "text": "someone uploaded on imgur :smile:",
        "ts": "1434947590.000149"
    }
]