[
    {
        "type": "message",
        "user": "U048XN527",
        "text": "I would love a movie rating tool where you can amplify critics who write reviews you agree with. The way it would work is if a new movie comes out, the tool would combine the rating score of the critics I agree with most and present that one score to me -- perhaps with the option to peek at a couple of the reviews from the critics I agree with the most if I feel I need a full review. So it would a RottenTomatoes which would filter out the critics I never agree with and present a score specifically for me. So each viewer could see a different rating. For instance: my wife's score for the movie Mad Max would probably show a two and a half star rating, while I'd probably see a four and a half star rating.",
        "ts": "1432037236.000004"
    },
    {
        "type": "message",
        "user": "U048XN527",
        "text": "And each rating would be a good one. Hers would be right and mine would be right... for us. Unlike Rotten Tomatoes these ratings would true speak to us and help us decide if we would like a movie or not.",
        "ts": "1432037336.000005"
    },
    {
        "type": "message",
        "user": "U048X85UT",
        "text": "Great use case! Synereo out of the box can do it and then social contracts can bias it.",
        "ts": "1432052269.000006"
    },
    {
        "type": "message",
        "user": "U048X85UT",
        "text": "synereo does the reactive programming for you.",
        "ts": "1432052360.000007"
    },
    {
        "type": "message",
        "user": "U048X85UT",
        "text": "You make it a complete system.",
        "ts": "1432052441.000008"
    },
    {
        "type": "message",
        "user": "U048X85UT",
        "text": ":simple_smile:",
        "ts": "1432052466.000009"
    }
]