[
    {
        "type": "message",
        "user": "U04BMCE7Q",
        "text": "bounty about what?",
        "edited": {
            "user": "U04BMCE7Q",
            "ts": "1437827433.000000"
        },
        "ts": "1437827420.000005"
    },
    {
        "type": "message",
        "user": "U048X85UT",
        "text": "A moderator can fix my Faux pas.  Sorry about that.  The bounty is for @'s and #'s terminology\/analogy.",
        "ts": "1437832878.000007"
    },
    {
        "type": "message",
        "user": "U0474AT8P",
        "text": "U can type again <@U048X85UT>",
        "ts": "1437844407.000009"
    },
    {
        "type": "message",
        "user": "U048X85UT",
        "text": "<@U0474AYFT> announced a 2500 amp bounty for new terminology for @'s and #'s.",
        "ts": "1437844573.000010"
    },
    {
        "type": "message",
        "user": "U048X85UT",
        "text": "See the discussion in <#C048QUHB5> starting July 22 for discussion on the topic.",
        "ts": "1437844782.000011"
    },
    {
        "type": "message",
        "user": "U048X85UT",
        "text": "I goofed initially in saying the bounty was 25k, it is 2500 amps.",
        "ts": "1437844827.000012"
    }
]