[
    {
        "type": "message",
        "subtype": "file_comment",
        "text": "<@U048T3M8W|lapin7> commented on <@U0474AYFT|leithaus>'s file <https:\/\/synereonet.slack.com\/files\/leithaus\/F06FRLV3M\/reactivemediaptv-i.pdf|ReactiveMediaPtV-I.pdf>: <@U0474AYFT>: What would happen if you take chemistry as a metaphor for mixing content and content-creators\/consumers? I see already a melting pot or a nice soup in front of me. :simple_smile:",
        "file": {
            "id": "F06FRLV3M",
            "created": 1434576401,
            "timestamp": 1434576401,
            "name": "ReactiveMediaPtV-I.pdf",
            "title": "ReactiveMediaPtV-I.pdf",
            "mimetype": "application\/pdf",
            "filetype": "pdf",
            "pretty_type": "PDF",
            "user": "U0474AYFT",
            "editable": false,
            "size": 1962342,
            "mode": "hosted",
            "is_external": false,
            "external_type": "",
            "is_public": true,
            "public_url_shared": false,
            "display_as_bot": false,
            "username": "",
            "url_private": "https:\/\/files.slack.com\/files-pri\/T0474AT8K-F06FRLV3M\/reactivemediaptv-i.pdf?t=xoxe-4242367291-30199722806-30156974547-d9aca652b4",
            "url_private_download": "https:\/\/files.slack.com\/files-pri\/T0474AT8K-F06FRLV3M\/download\/reactivemediaptv-i.pdf?t=xoxe-4242367291-30199722806-30156974547-d9aca652b4",
            "permalink": "https:\/\/synereonet.slack.com\/files\/leithaus\/F06FRLV3M\/reactivemediaptv-i.pdf",
            "permalink_public": "https:\/\/slack-files.com\/T0474AT8K-F06FRLV3M-a7420e8c83",
            "channels": [
                "C0474CWNK"
            ],
            "groups": [
    
            ],
            "ims": [
    
            ],
            "comments_count": 1
        },
        "comment": {
            "id": "Fc06P9JRA6",
            "created": 1435150011,
            "timestamp": 1435150011,
            "user": "U048T3M8W",
            "comment": "<@U0474AYFT>: What would happen if you take chemistry as a metaphor for mixing content and content-creators\/consumers? I see already a melting pot or a nice soup in front of me. :simple_smile:"
        },
        "ts": "1435150011.000151"
    },
    {
        "type": "message",
        "subtype": "file_share",
        "text": "<@U048X85UT|jimscarver> uploaded a file: <https:\/\/synereonet.slack.com\/files\/jimscarver\/F06PCTWT1\/pasted_image_at_2015_06_24_09_59_am.png|chemlambda>",
        "file": {
            "id": "F06PCTWT1",
            "created": 1435154385,
            "timestamp": 1435154385,
            "name": "Pasted image at 2015_06_24 09_59 AM.png",
            "title": "chemlambda",
            "mimetype": "image\/png",
            "filetype": "png",
            "pretty_type": "PNG",
            "user": "U048X85UT",
            "editable": false,
            "size": 74026,
            "mode": "hosted",
            "is_external": false,
            "external_type": "",
            "is_public": true,
            "public_url_shared": false,
            "display_as_bot": false,
            "username": "",
            "url_private": "https:\/\/files.slack.com\/files-pri\/T0474AT8K-F06PCTWT1\/pasted_image_at_2015_06_24_09_59_am.png?t=xoxe-4242367291-30199722806-30156974547-d9aca652b4",
            "url_private_download": "https:\/\/files.slack.com\/files-pri\/T0474AT8K-F06PCTWT1\/download\/pasted_image_at_2015_06_24_09_59_am.png?t=xoxe-4242367291-30199722806-30156974547-d9aca652b4",
            "thumb_64": "https:\/\/files.slack.com\/files-tmb\/T0474AT8K-F06PCTWT1-3880af1fcb\/pasted_image_at_2015_06_24_09_59_am_64.png?t=xoxe-4242367291-30199722806-30156974547-d9aca652b4",
            "thumb_80": "https:\/\/files.slack.com\/files-tmb\/T0474AT8K-F06PCTWT1-3880af1fcb\/pasted_image_at_2015_06_24_09_59_am_80.png?t=xoxe-4242367291-30199722806-30156974547-d9aca652b4",
            "thumb_360": "https:\/\/files.slack.com\/files-tmb\/T0474AT8K-F06PCTWT1-3880af1fcb\/pasted_image_at_2015_06_24_09_59_am_360.png?t=xoxe-4242367291-30199722806-30156974547-d9aca652b4",
            "thumb_360_w": 282,
            "thumb_360_h": 270,
            "thumb_160": "https:\/\/files.slack.com\/files-tmb\/T0474AT8K-F06PCTWT1-3880af1fcb\/pasted_image_at_2015_06_24_09_59_am_160.png?t=xoxe-4242367291-30199722806-30156974547-d9aca652b4",
            "image_exif_rotation": 1,
            "original_w": 282,
            "original_h": 270,
            "permalink": "https:\/\/synereonet.slack.com\/files\/jimscarver\/F06PCTWT1\/pasted_image_at_2015_06_24_09_59_am.png",
            "permalink_public": "https:\/\/slack-files.com\/T0474AT8K-F06PCTWT1-2550f19797",
            "channels": [
                "C0474CWNK"
            ],
            "groups": [
    
            ],
            "ims": [
    
            ],
            "comments_count": 0
        },
        "user": "U048X85UT",
        "upload": true,
        "display_as_bot": false,
        "username": "<@U048X85UT|jimscarver>",
        "bot_id": null,
        "ts": "1435154387.000152"
    },
    {
        "type": "message",
        "user": "U048X85UT",
        "text": "<https:\/\/lh3.googleusercontent.com\/-9m2DdohyukQ\/VYp6uC5N3WI\/AAAAAAAABpI\/xuaqicji5xg\/w519-h497\/ackermann_3_2_64x.gif>",
        "attachments": [
            {
                "fallback": "282x270px image",
                "image_url": "https:\/\/lh3.googleusercontent.com\/-9m2DdohyukQ\/VYp6uC5N3WI\/AAAAAAAABpI\/xuaqicji5xg\/w519-h497\/ackermann_3_2_64x.gif",
                "image_width": 282,
                "image_height": 270,
                "image_bytes": 1713738,
                "from_url": "https:\/\/lh3.googleusercontent.com\/-9m2DdohyukQ\/VYp6uC5N3WI\/AAAAAAAABpI\/xuaqicji5xg\/w519-h497\/ackermann_3_2_64x.gif",
                "id": 1
            }
        ],
        "ts": "1435154485.000153"
    },
    {
        "type": "message",
        "user": "U0474AYFT",
        "text": "Here's the participants' link: <https:\/\/plus.google.com\/hangouts\/_\/hoaevent\/AP36tYe99fP4WAqVsGrJIGG2A-4dWNnJHY1-CDKkWvwhRBVduGUU8g?authuser=0&amp;eid=109002904706315055045&amp;hl=en>",
        "ts": "1435176192.000155"
    }
]