[
    {
        "type": "message",
        "user": "U0474E4KZ",
        "text": "Yeah, we'll put it up on YouTube soon.",
        "ts": "1428053402.000009"
    },
    {
        "user": "U048NQPTE",
        "type": "message",
        "subtype": "channel_join",
        "text": "<@U048NQPTE|joshn> has joined the channel",
        "ts": "1428093559.000010"
    },
    {
        "user": "U049CMBV9",
        "type": "message",
        "subtype": "channel_join",
        "text": "<@U049CMBV9|pythagoras> has joined the channel",
        "ts": "1428096803.000011"
    },
    {
        "user": "U048QD6CG",
        "type": "message",
        "subtype": "channel_join",
        "text": "<@U048QD6CG|ryan> has joined the channel",
        "ts": "1428103896.000012"
    },
    {
        "type": "message",
        "user": "U048XN527",
        "text": "Sounds great. Can't wait.",
        "ts": "1428106906.000013"
    },
    {
        "user": "U049F88PR",
        "type": "message",
        "subtype": "channel_join",
        "text": "<@U049F88PR|calem> has joined the channel",
        "ts": "1428113931.000014"
    }
]