[
    {
        "type": "message",
        "user": "U04BQ4FMC",
        "text": "<@U0474AT8P>",
        "ts": "1432911155.000002"
    },
    {
        "type": "message",
        "user": "U04BQ4FMC",
        "text": "or <@U0474AYFT> , <@U0474E4KZ> - do you guys have a breakdown for who uses which social media?  For example, I don't use twitR so I wouldn't see info posted there.  Since you are using google &amp; youtube for hangouts, it makes sense to have someone monitor those accounts, answer questions, etc.  This goes beyond your 'favorites', and more to the general idea of getting the message out there.",
        "ts": "1432911421.000003"
    },
    {
        "type": "message",
        "user": "U048XN527",
        "text": "Yes, and little Synereo \"plug ins\" like for a movie rating tool would help amp the Synereo sexy factor. So like Chrome has plug-ins you can install, it would be great if Synereo had little plug-ins like the movie tool, or maybe even (perfect for the 2016 U.S. election) a political candidate tool which uses out-of-the-box features to identify the candidate you relate to\/agree with the most.",
        "ts": "1432925278.000004"
    },
    {
        "type": "message",
        "user": "U048XN527",
        "text": "<@U048X85UT> I guess I should have directed my last response to you.",
        "ts": "1432925346.000005"
    },
    {
        "type": "message",
        "user": "U048X85UT",
        "text": "We ought to be able to define social contracts for such applications.   A social contract in principle can represent the orchestration of any social application process.   Instead of \"plugins\" we could share these social apps with each other and tailor them for our own purposes. :simple_smile:",
        "ts": "1432929943.000006"
    }
]