[
    {
        "user": "U049N8MT7",
        "type": "message",
        "subtype": "channel_join",
        "text": "<@U049N8MT7|sieva> has joined the channel",
        "ts": "1428476809.000020"
    },
    {
        "type": "message",
        "user": "U049N8MT7",
        "text": "hello, is their any animation or video production about synereo?",
        "ts": "1428476887.000021"
    },
    {
        "type": "message",
        "user": "U0474E4KZ",
        "text": "Yeah. It'll be published soon.",
        "ts": "1428490412.000022"
    },
    {
        "type": "message",
        "user": "U0474AT8P",
        "text": "<@U049N8MT7> can you do video too?",
        "ts": "1428493867.000023"
    },
    {
        "type": "message",
        "user": "U0474AT8P",
        "text": "or anyone else can do a short 5\/6 second intro and outro video to attach at the beginning  and the end of our Synereo videos?",
        "ts": "1428493960.000024"
    },
    {
        "type": "message",
        "user": "U048XN527",
        "text": "My suggestion would be to take advantage of the YouTube Creator Studio tool and trim\/edit any recorded hangouts, adding custom thumbnails, links, etc. I also highly encourage captioning. Many folk cannot watch video at their place of business. However, they can read subtitles.",
        "ts": "1428497247.000025"
    },
    {
        "type": "message",
        "user": "U0474AT8P",
        "text": "that is a good suggestion, but I can edit in Adobe Premiere so not a big issue there just need a start and end animation of the logo",
        "ts": "1428499698.000026"
    },
    {
        "type": "message",
        "user": "U0474AT8P",
        "text": "which looks good",
        "edited": {
            "user": "U0474AT8P",
            "ts": "1428499728.000000"
        },
        "ts": "1428499718.000027"
    },
    {
        "type": "message",
        "user": "U049N8MT7",
        "text": "Hey <@U0474AT8P> i do some Animation Stuff with After Effects",
        "ts": "1428505994.000029"
    },
    {
        "type": "message",
        "user": "U0474AT8P",
        "text": "cool send me a PM with some samples please",
        "ts": "1428506014.000030"
    },
    {
        "type": "message",
        "user": "U049N8MT7",
        "text": "On my old page are some Animation Projects <http:\/\/www.sandroieva.com\/_index.html|www.sandroieva.com\/_index.html>",
        "ts": "1428506106.000031"
    },
    {
        "type": "message",
        "user": "U0474AT8P",
        "text": "thanks will check it out",
        "ts": "1428507722.000032"
    },
    {
        "type": "message",
        "user": "U048XN527",
        "text": "It was more of a suggestion for whomever hosts a Google hangout - so the super awkward waiting doesnt hit YouTube. But yeah, offline editing is the way to go. ",
        "ts": "1428526275.000033"
    }
]