[
    {
        "user": "U048XN527",
        "type": "message",
        "subtype": "channel_join",
        "text": "<@U048XN527|adamhackbarth> has joined the channel",
        "ts": "1428016521.000002"
    },
    {
        "type": "message",
        "user": "U048XN527",
        "text": "How's the video coming along? Has the narration been recorded yet?",
        "edited": {
            "user": "U048XN527",
            "ts": "1428019839.000000"
        },
        "ts": "1428019775.000003"
    },
    {
        "type": "message",
        "user": "U0474AT8P",
        "text": "the last I saw it looked pretty good",
        "ts": "1428023723.000006"
    },
    {
        "type": "message",
        "user": "U0474AT8P",
        "text": "narration was recorded",
        "ts": "1428023745.000007"
    },
    {
        "user": "U04910F4Z",
        "type": "message",
        "subtype": "channel_join",
        "text": "<@U04910F4Z|jsgalt> has joined the channel",
        "ts": "1428026580.000008"
    }
]