[
    {
        "type": "message",
        "user": "U04A8095T",
        "text": "To the point <@U048X85UT> and <@U048NQPTE> are making, what would be helpful to several of us is a storyboard sequence for showing a typical set of interactions a user would go through, for example:  see the default view, subscribe to an additional channel\/friend\/feed, see the list of mixes, pick a mix, see their friend's tweets in that selected feed-view, and \"like\" one of the posts.   After the storyboard is presented, the purpose of each of the UI Elements will be better understood and can described in more detail if needed.",
        "ts": "1434092603.000028"
    },
    {
        "type": "message",
        "user": "U04A8095T",
        "text": "<@U0474AYFT> and I will be at an event in Seattle the afternoon of June 18th (<http:\/\/www.surfincubator.com\/surf-expo-2-0\/>) and will have an opportunity to talk up Synereo and LivelyGig.  I'd like to create a 11x17 inch sign for Synereo.  Does anyone happen to have a high-resolution bitmap of the Synereo logo?  I can then pull other content form the website to make a decent sign.",
        "attachments": [
            {
                "service_name": "SURF Incubator",
                "title": "- SURF Incubator",
                "title_link": "http:\/\/www.surfincubator.com\/surf-expo-2-0\/",
                "text": "Second Annual SURF EXPO: The largest gathering of the Seattle startup community: 100+ Startups on display 22,000 Square foot venue, drinks and appetizers.",
                "fallback": "SURF Incubator: - SURF Incubator",
                "image_url": "http:\/\/www.surfincubator.com\/wp-content\/uploads\/2015\/05\/SURF_EXPO-300x85.jpg",
                "from_url": "http:\/\/www.surfincubator.com\/surf-expo-2-0\/",
                "image_width": 300,
                "image_height": 85,
                "image_bytes": 7125,
                "id": 1
            }
        ],
        "ts": "1434093087.000029"
    },
    {
        "type": "message",
        "user": "U0474AYFT",
        "text": "This is great to have some engagement!",
        "ts": "1434108076.000031"
    },
    {
        "type": "message",
        "user": "U0474AYFT",
        "text": "It's very useful to begin the work of clarifying what each person means.",
        "ts": "1434108169.000032"
    },
    {
        "type": "message",
        "subtype": "file_share",
        "text": "<@U0474AYFT|leithaus> uploaded a file: <https:\/\/synereonet.slack.com\/files\/leithaus\/F06925XG9\/reactivemediaptiv-feedwiretap.jpg|ReactiveMediaPtIV-FeedWireTap.jpg>",
        "file": {
            "id": "F06925XG9",
            "created": 1434108355,
            "timestamp": 1434108355,
            "name": "ReactiveMediaPtIV-FeedWireTap.jpg",
            "title": "ReactiveMediaPtIV-FeedWireTap.jpg",
            "mimetype": "image\/jpeg",
            "filetype": "jpg",
            "pretty_type": "JPEG",
            "user": "U0474AYFT",
            "editable": false,
            "size": 470051,
            "mode": "hosted",
            "is_external": false,
            "external_type": "",
            "is_public": true,
            "public_url_shared": false,
            "display_as_bot": false,
            "username": "",
            "url_private": "https:\/\/files.slack.com\/files-pri\/T0474AT8K-F06925XG9\/reactivemediaptiv-feedwiretap.jpg?t=xoxe-4242367291-30199722806-30156974547-d9aca652b4",
            "url_private_download": "https:\/\/files.slack.com\/files-pri\/T0474AT8K-F06925XG9\/download\/reactivemediaptiv-feedwiretap.jpg?t=xoxe-4242367291-30199722806-30156974547-d9aca652b4",
            "thumb_64": "https:\/\/files.slack.com\/files-tmb\/T0474AT8K-F06925XG9-4e0a47de3b\/reactivemediaptiv-feedwiretap_64.png?t=xoxe-4242367291-30199722806-30156974547-d9aca652b4",
            "thumb_80": "https:\/\/files.slack.com\/files-tmb\/T0474AT8K-F06925XG9-4e0a47de3b\/reactivemediaptiv-feedwiretap_80.png?t=xoxe-4242367291-30199722806-30156974547-d9aca652b4",
            "thumb_360": "https:\/\/files.slack.com\/files-tmb\/T0474AT8K-F06925XG9-4e0a47de3b\/reactivemediaptiv-feedwiretap_360.png?t=xoxe-4242367291-30199722806-30156974547-d9aca652b4",
            "thumb_360_w": 360,
            "thumb_360_h": 263,
            "thumb_480": "https:\/\/files.slack.com\/files-tmb\/T0474AT8K-F06925XG9-4e0a47de3b\/reactivemediaptiv-feedwiretap_480.png?t=xoxe-4242367291-30199722806-30156974547-d9aca652b4",
            "thumb_480_w": 480,
            "thumb_480_h": 351,
            "thumb_160": "https:\/\/files.slack.com\/files-tmb\/T0474AT8K-F06925XG9-4e0a47de3b\/reactivemediaptiv-feedwiretap_160.png?t=xoxe-4242367291-30199722806-30156974547-d9aca652b4",
            "thumb_720": "https:\/\/files.slack.com\/files-tmb\/T0474AT8K-F06925XG9-4e0a47de3b\/reactivemediaptiv-feedwiretap_720.png?t=xoxe-4242367291-30199722806-30156974547-d9aca652b4",
            "thumb_720_w": 720,
            "thumb_720_h": 527,
            "thumb_960": "https:\/\/files.slack.com\/files-tmb\/T0474AT8K-F06925XG9-4e0a47de3b\/reactivemediaptiv-feedwiretap_960.png?t=xoxe-4242367291-30199722806-30156974547-d9aca652b4",
            "thumb_960_w": 960,
            "thumb_960_h": 702,
            "thumb_1024": "https:\/\/files.slack.com\/files-tmb\/T0474AT8K-F06925XG9-4e0a47de3b\/reactivemediaptiv-feedwiretap_1024.png?t=xoxe-4242367291-30199722806-30156974547-d9aca652b4",
            "thumb_1024_w": 1024,
            "thumb_1024_h": 749,
            "image_exif_rotation": 1,
            "original_w": 1493,
            "original_h": 1092,
            "permalink": "https:\/\/synereonet.slack.com\/files\/leithaus\/F06925XG9\/reactivemediaptiv-feedwiretap.jpg",
            "permalink_public": "https:\/\/slack-files.com\/T0474AT8K-F06925XG9-53a2dbfaf8",
            "channels": [
                "C0474CWNK"
            ],
            "groups": [
    
            ],
            "ims": [
    
            ],
            "comments_count": 0
        },
        "user": "U0474AYFT",
        "upload": true,
        "display_as_bot": false,
        "username": "<@U0474AYFT|leithaus>",
        "bot_id": null,
        "ts": "1434108363.000035"
    },
    {
        "type": "message",
        "user": "U0474AYFT",
        "text": "One way to understand drawings like this is as a UI mockup. Each component in the drawing corresponds to an element from a flow-graph builder.",
        "ts": "1434108438.000036"
    },
    {
        "type": "message",
        "user": "U0474AYFT",
        "text": "The user drags the elements into place in a manner that's a lot like common chart builders like cacoo, or lucidchart, or gliffy (all web-based, cloud-based chart services), or visio or omnigraffle (desktop apps).",
        "ts": "1434108539.000037"
    },
    {
        "type": "message",
        "user": "U0474AYFT",
        "text": "Similarly, in this drawing",
        "ts": "1434108553.000038"
    },
    {
        "type": "message",
        "subtype": "file_share",
        "text": "<@U0474AYFT|leithaus> uploaded a file: <https:\/\/synereonet.slack.com\/files\/leithaus\/F0692ASMS\/reactivemediaptiv-initialscreen.jpg|ReactiveMediaPtIV-InitialScreen.jpg>",
        "file": {
            "id": "F0692ASMS",
            "created": 1434108620,
            "timestamp": 1434108620,
            "name": "ReactiveMediaPtIV-InitialScreen.jpg",
            "title": "ReactiveMediaPtIV-InitialScreen.jpg",
            "mimetype": "image\/jpeg",
            "filetype": "jpg",
            "pretty_type": "JPEG",
            "user": "U0474AYFT",
            "editable": false,
            "size": 344632,
            "mode": "hosted",
            "is_external": false,
            "external_type": "",
            "is_public": true,
            "public_url_shared": false,
            "display_as_bot": false,
            "username": "",
            "url_private": "https:\/\/files.slack.com\/files-pri\/T0474AT8K-F0692ASMS\/reactivemediaptiv-initialscreen.jpg?t=xoxe-4242367291-30199722806-30156974547-d9aca652b4",
            "url_private_download": "https:\/\/files.slack.com\/files-pri\/T0474AT8K-F0692ASMS\/download\/reactivemediaptiv-initialscreen.jpg?t=xoxe-4242367291-30199722806-30156974547-d9aca652b4",
            "thumb_64": "https:\/\/files.slack.com\/files-tmb\/T0474AT8K-F0692ASMS-4c6f70aa96\/reactivemediaptiv-initialscreen_64.png?t=xoxe-4242367291-30199722806-30156974547-d9aca652b4",
            "thumb_80": "https:\/\/files.slack.com\/files-tmb\/T0474AT8K-F0692ASMS-4c6f70aa96\/reactivemediaptiv-initialscreen_80.png?t=xoxe-4242367291-30199722806-30156974547-d9aca652b4",
            "thumb_360": "https:\/\/files.slack.com\/files-tmb\/T0474AT8K-F0692ASMS-4c6f70aa96\/reactivemediaptiv-initialscreen_360.png?t=xoxe-4242367291-30199722806-30156974547-d9aca652b4",
            "thumb_360_w": 360,
            "thumb_360_h": 263,
            "thumb_480": "https:\/\/files.slack.com\/files-tmb\/T0474AT8K-F0692ASMS-4c6f70aa96\/reactivemediaptiv-initialscreen_480.png?t=xoxe-4242367291-30199722806-30156974547-d9aca652b4",
            "thumb_480_w": 480,
            "thumb_480_h": 351,
            "thumb_160": "https:\/\/files.slack.com\/files-tmb\/T0474AT8K-F0692ASMS-4c6f70aa96\/reactivemediaptiv-initialscreen_160.png?t=xoxe-4242367291-30199722806-30156974547-d9aca652b4",
            "thumb_720": "https:\/\/files.slack.com\/files-tmb\/T0474AT8K-F0692ASMS-4c6f70aa96\/reactivemediaptiv-initialscreen_720.png?t=xoxe-4242367291-30199722806-30156974547-d9aca652b4",
            "thumb_720_w": 720,
            "thumb_720_h": 527,
            "thumb_960": "https:\/\/files.slack.com\/files-tmb\/T0474AT8K-F0692ASMS-4c6f70aa96\/reactivemediaptiv-initialscreen_960.png?t=xoxe-4242367291-30199722806-30156974547-d9aca652b4",
            "thumb_960_w": 960,
            "thumb_960_h": 702,
            "thumb_1024": "https:\/\/files.slack.com\/files-tmb\/T0474AT8K-F0692ASMS-4c6f70aa96\/reactivemediaptiv-initialscreen_1024.png?t=xoxe-4242367291-30199722806-30156974547-d9aca652b4",
            "thumb_1024_w": 1024,
            "thumb_1024_h": 749,
            "image_exif_rotation": 1,
            "original_w": 1493,
            "original_h": 1092,
            "permalink": "https:\/\/synereonet.slack.com\/files\/leithaus\/F0692ASMS\/reactivemediaptiv-initialscreen.jpg",
            "permalink_public": "https:\/\/slack-files.com\/T0474AT8K-F0692ASMS-cc42aafd78",
            "channels": [
                "C0474CWNK"
            ],
            "groups": [
    
            ],
            "ims": [
    
            ],
            "comments_count": 0
        },
        "user": "U0474AYFT",
        "upload": true,
        "display_as_bot": false,
        "username": "<@U0474AYFT|leithaus>",
        "bot_id": null,
        "ts": "1434108626.000039"
    },
    {
        "type": "message",
        "user": "U0474AYFT",
        "text": "This is one possible initial screen.",
        "ts": "1434108655.000040"
    },
    {
        "type": "message",
        "user": "U0474AYFT",
        "text": "<@U04A8095T>'s interpretation that the blue \"bubbles\" like \"Wall\" mix or Politics or Science etc are tags is a useful misinterpretation.",
        "ts": "1434108721.000041"
    },
    {
        "type": "message",
        "user": "U0474AYFT",
        "text": "The idea here is that they are _mixes_ or entire flow-graphs + attached feed-views. (Not just tags or '#s' as we've been calling them. You can tell this because they have a possibly composite feed-view associated with them.)",
        "edited": {
            "user": "U0474AYFT",
            "ts": "1434110146.000000"
        },
        "ts": "1434108772.000042"
    },
    {
        "type": "message",
        "user": "U0474AYFT",
        "text": "Clicking on the bubble takes you straight to the composite feed-view.",
        "ts": "1434108795.000043"
    },
    {
        "type": "message",
        "user": "U0474AYFT",
        "text": "Clicking on the graph icon takes you to the flow-graph.",
        "ts": "1434108810.000044"
    },
    {
        "type": "message",
        "user": "U0474AYFT",
        "text": "That's what we're indicating with",
        "ts": "1434108874.000045"
    },
    {
        "type": "message",
        "subtype": "file_share",
        "text": "<@U0474AYFT|leithaus> uploaded a file: <https:\/\/synereonet.slack.com\/files\/leithaus\/F0692F6EQ\/reactivemediaptiv-clicktofeedview.jpg|ReactiveMediaPtIV-ClickToFeedView.jpg>",
        "file": {
            "id": "F0692F6EQ",
            "created": 1434108935,
            "timestamp": 1434108935,
            "name": "ReactiveMediaPtIV-ClickToFeedView.jpg",
            "title": "ReactiveMediaPtIV-ClickToFeedView.jpg",
            "mimetype": "image\/jpeg",
            "filetype": "jpg",
            "pretty_type": "JPEG",
            "user": "U0474AYFT",
            "editable": false,
            "size": 423154,
            "mode": "hosted",
            "is_external": false,
            "external_type": "",
            "is_public": true,
            "public_url_shared": false,
            "display_as_bot": false,
            "username": "",
            "url_private": "https:\/\/files.slack.com\/files-pri\/T0474AT8K-F0692F6EQ\/reactivemediaptiv-clicktofeedview.jpg?t=xoxe-4242367291-30199722806-30156974547-d9aca652b4",
            "url_private_download": "https:\/\/files.slack.com\/files-pri\/T0474AT8K-F0692F6EQ\/download\/reactivemediaptiv-clicktofeedview.jpg?t=xoxe-4242367291-30199722806-30156974547-d9aca652b4",
            "thumb_64": "https:\/\/files.slack.com\/files-tmb\/T0474AT8K-F0692F6EQ-163a4247bb\/reactivemediaptiv-clicktofeedview_64.png?t=xoxe-4242367291-30199722806-30156974547-d9aca652b4",
            "thumb_80": "https:\/\/files.slack.com\/files-tmb\/T0474AT8K-F0692F6EQ-163a4247bb\/reactivemediaptiv-clicktofeedview_80.png?t=xoxe-4242367291-30199722806-30156974547-d9aca652b4",
            "thumb_360": "https:\/\/files.slack.com\/files-tmb\/T0474AT8K-F0692F6EQ-163a4247bb\/reactivemediaptiv-clicktofeedview_360.png?t=xoxe-4242367291-30199722806-30156974547-d9aca652b4",
            "thumb_360_w": 360,
            "thumb_360_h": 263,
            "thumb_480": "https:\/\/files.slack.com\/files-tmb\/T0474AT8K-F0692F6EQ-163a4247bb\/reactivemediaptiv-clicktofeedview_480.png?t=xoxe-4242367291-30199722806-30156974547-d9aca652b4",
            "thumb_480_w": 480,
            "thumb_480_h": 351,
            "thumb_160": "https:\/\/files.slack.com\/files-tmb\/T0474AT8K-F0692F6EQ-163a4247bb\/reactivemediaptiv-clicktofeedview_160.png?t=xoxe-4242367291-30199722806-30156974547-d9aca652b4",
            "thumb_720": "https:\/\/files.slack.com\/files-tmb\/T0474AT8K-F0692F6EQ-163a4247bb\/reactivemediaptiv-clicktofeedview_720.png?t=xoxe-4242367291-30199722806-30156974547-d9aca652b4",
            "thumb_720_w": 720,
            "thumb_720_h": 527,
            "thumb_960": "https:\/\/files.slack.com\/files-tmb\/T0474AT8K-F0692F6EQ-163a4247bb\/reactivemediaptiv-clicktofeedview_960.png?t=xoxe-4242367291-30199722806-30156974547-d9aca652b4",
            "thumb_960_w": 960,
            "thumb_960_h": 702,
            "thumb_1024": "https:\/\/files.slack.com\/files-tmb\/T0474AT8K-F0692F6EQ-163a4247bb\/reactivemediaptiv-clicktofeedview_1024.png?t=xoxe-4242367291-30199722806-30156974547-d9aca652b4",
            "thumb_1024_w": 1024,
            "thumb_1024_h": 749,
            "image_exif_rotation": 1,
            "original_w": 1493,
            "original_h": 1092,
            "permalink": "https:\/\/synereonet.slack.com\/files\/leithaus\/F0692F6EQ\/reactivemediaptiv-clicktofeedview.jpg",
            "permalink_public": "https:\/\/slack-files.com\/T0474AT8K-F0692F6EQ-fa5ccbb341",
            "channels": [
                "C0474CWNK"
            ],
            "groups": [
    
            ],
            "ims": [
    
            ],
            "comments_count": 0
        },
        "user": "U0474AYFT",
        "upload": true,
        "display_as_bot": false,
        "username": "<@U0474AYFT|leithaus>",
        "bot_id": null,
        "ts": "1434108941.000046"
    },
    {
        "type": "message",
        "user": "U0474AYFT",
        "text": "and with",
        "ts": "1434108948.000047"
    },
    {
        "type": "message",
        "subtype": "file_share",
        "text": "<@U0474AYFT|leithaus> uploaded a file: <https:\/\/synereonet.slack.com\/files\/leithaus\/F0692G30C\/reactivemediaptiv-clicktoflowgraph.jpg|ReactiveMediaPtIV-ClickToFlowGraph.jpg>",
        "file": {
            "id": "F0692G30C",
            "created": 1434109007,
            "timestamp": 1434109007,
            "name": "ReactiveMediaPtIV-ClickToFlowGraph.jpg",
            "title": "ReactiveMediaPtIV-ClickToFlowGraph.jpg",
            "mimetype": "image\/jpeg",
            "filetype": "jpg",
            "pretty_type": "JPEG",
            "user": "U0474AYFT",
            "editable": false,
            "size": 519839,
            "mode": "hosted",
            "is_external": false,
            "external_type": "",
            "is_public": true,
            "public_url_shared": false,
            "display_as_bot": false,
            "username": "",
            "url_private": "https:\/\/files.slack.com\/files-pri\/T0474AT8K-F0692G30C\/reactivemediaptiv-clicktoflowgraph.jpg?t=xoxe-4242367291-30199722806-30156974547-d9aca652b4",
            "url_private_download": "https:\/\/files.slack.com\/files-pri\/T0474AT8K-F0692G30C\/download\/reactivemediaptiv-clicktoflowgraph.jpg?t=xoxe-4242367291-30199722806-30156974547-d9aca652b4",
            "thumb_64": "https:\/\/files.slack.com\/files-tmb\/T0474AT8K-F0692G30C-10223c7d5c\/reactivemediaptiv-clicktoflowgraph_64.png?t=xoxe-4242367291-30199722806-30156974547-d9aca652b4",
            "thumb_80": "https:\/\/files.slack.com\/files-tmb\/T0474AT8K-F0692G30C-10223c7d5c\/reactivemediaptiv-clicktoflowgraph_80.png?t=xoxe-4242367291-30199722806-30156974547-d9aca652b4",
            "thumb_360": "https:\/\/files.slack.com\/files-tmb\/T0474AT8K-F0692G30C-10223c7d5c\/reactivemediaptiv-clicktoflowgraph_360.png?t=xoxe-4242367291-30199722806-30156974547-d9aca652b4",
            "thumb_360_w": 360,
            "thumb_360_h": 263,
            "thumb_480": "https:\/\/files.slack.com\/files-tmb\/T0474AT8K-F0692G30C-10223c7d5c\/reactivemediaptiv-clicktoflowgraph_480.png?t=xoxe-4242367291-30199722806-30156974547-d9aca652b4",
            "thumb_480_w": 480,
            "thumb_480_h": 351,
            "thumb_160": "https:\/\/files.slack.com\/files-tmb\/T0474AT8K-F0692G30C-10223c7d5c\/reactivemediaptiv-clicktoflowgraph_160.png?t=xoxe-4242367291-30199722806-30156974547-d9aca652b4",
            "thumb_720": "https:\/\/files.slack.com\/files-tmb\/T0474AT8K-F0692G30C-10223c7d5c\/reactivemediaptiv-clicktoflowgraph_720.png?t=xoxe-4242367291-30199722806-30156974547-d9aca652b4",
            "thumb_720_w": 720,
            "thumb_720_h": 527,
            "thumb_960": "https:\/\/files.slack.com\/files-tmb\/T0474AT8K-F0692G30C-10223c7d5c\/reactivemediaptiv-clicktoflowgraph_960.png?t=xoxe-4242367291-30199722806-30156974547-d9aca652b4",
            "thumb_960_w": 960,
            "thumb_960_h": 702,
            "thumb_1024": "https:\/\/files.slack.com\/files-tmb\/T0474AT8K-F0692G30C-10223c7d5c\/reactivemediaptiv-clicktoflowgraph_1024.png?t=xoxe-4242367291-30199722806-30156974547-d9aca652b4",
            "thumb_1024_w": 1024,
            "thumb_1024_h": 749,
            "image_exif_rotation": 1,
            "original_w": 1493,
            "original_h": 1092,
            "permalink": "https:\/\/synereonet.slack.com\/files\/leithaus\/F0692G30C\/reactivemediaptiv-clicktoflowgraph.jpg",
            "permalink_public": "https:\/\/slack-files.com\/T0474AT8K-F0692G30C-35a67a4645",
            "channels": [
                "C0474CWNK"
            ],
            "groups": [
    
            ],
            "ims": [
    
            ],
            "comments_count": 0
        },
        "user": "U0474AYFT",
        "upload": true,
        "display_as_bot": false,
        "username": "<@U0474AYFT|leithaus>",
        "bot_id": null,
        "ts": "1434109018.000048"
    },
    {
        "type": "message",
        "user": "U0474AYFT",
        "text": "i'm grateful that this is creating the desire for mockups!",
        "ts": "1434109061.000049"
    },
    {
        "type": "message",
        "user": "U0474AYFT",
        "text": "This is exactly what we're hoping to generate.",
        "ts": "1434109083.000050"
    },
    {
        "type": "message",
        "user": "U0474AYFT",
        "text": "i've been deferring these to get some basic principles in place.",
        "ts": "1434109105.000051"
    },
    {
        "type": "message",
        "user": "U0474AYFT",
        "text": "This choice is motivated in part because the mockup templates in most tools will lead you quickly to old ways of thinking about the product -- and hide the principles you're trying to discover and mix in a whole bunch of implicit assumptions about how UI does and should work.",
        "edited": {
            "user": "U0474AYFT",
            "ts": "1434110253.000000"
        },
        "ts": "1434109197.000052"
    },
    {
        "type": "message",
        "user": "U0474AYFT",
        "text": "To offset the confusion i've build a working prototype of one form of flow-graph editor.",
        "ts": "1434109240.000053"
    },
    {
        "type": "message",
        "user": "U0474AYFT",
        "text": "<http:\/\/www.splicious.net:5714\/index.html>",
        "attachments": [
            {
                "text": "An Example of Synereo Stream Mixer",
                "fallback": "An Example of Synereo Stream Mixer",
                "from_url": "http:\/\/www.splicious.net:5714\/index.html",
                "id": 1
            }
        ],
        "ts": "1434109290.000054"
    },
    {
        "type": "message",
        "user": "U0474AYFT",
        "text": "Please play with it!",
        "ts": "1434109325.000056"
    },
    {
        "type": "message",
        "user": "U0474AYFT",
        "text": "Remember that the lightbulb is a standin for the feed-view.",
        "ts": "1434109345.000057"
    },
    {
        "type": "message",
        "user": "U048X85UT",
        "text": "Is the interface we tried in the last early access demo defunct?  It was pretty awesome.  I can't relate this to that yet.",
        "ts": "1434109365.000058"
    },
    {
        "type": "message",
        "user": "U0474AYFT",
        "text": "Wow! Thanks Jim! That's the first time i've gotten feedback that <http:\/\/www.splicious.net:9876\/agentui\/agentui.html?demo=false#> is awesome. Apart from Vlad Patryshev's feedback.",
        "ts": "1434109442.000059"
    },
    {
        "type": "message",
        "user": "U0474AYFT",
        "text": "Usually people tell me it sucks. :wink:",
        "ts": "1434109455.000060"
    },
    {
        "type": "message",
        "user": "U0474AYFT",
        "text": "The relationship between the two is mapped out in this slide from the ReactiveMedia PtI.",
        "edited": {
            "user": "U0474AYFT",
            "ts": "1434109977.000000"
        },
        "ts": "1434109511.000061"
    },
    {
        "type": "message",
        "subtype": "file_share",
        "text": "<@U0474AYFT|leithaus> uploaded a file: <https:\/\/synereonet.slack.com\/files\/leithaus\/F0692NA30\/reactivemedia-oldversiontonew.jpg|ReactiveMedia-OldVersionToNew.jpg>",
        "file": {
            "id": "F0692NA30",
            "created": 1434109593,
            "timestamp": 1434109593,
            "name": "ReactiveMedia-OldVersionToNew.jpg",
            "title": "ReactiveMedia-OldVersionToNew.jpg",
            "mimetype": "image\/jpeg",
            "filetype": "jpg",
            "pretty_type": "JPEG",
            "user": "U0474AYFT",
            "editable": false,
            "size": 606920,
            "mode": "hosted",
            "is_external": false,
            "external_type": "",
            "is_public": true,
            "public_url_shared": false,
            "display_as_bot": false,
            "username": "",
            "url_private": "https:\/\/files.slack.com\/files-pri\/T0474AT8K-F0692NA30\/reactivemedia-oldversiontonew.jpg?t=xoxe-4242367291-30199722806-30156974547-d9aca652b4",
            "url_private_download": "https:\/\/files.slack.com\/files-pri\/T0474AT8K-F0692NA30\/download\/reactivemedia-oldversiontonew.jpg?t=xoxe-4242367291-30199722806-30156974547-d9aca652b4",
            "thumb_64": "https:\/\/files.slack.com\/files-tmb\/T0474AT8K-F0692NA30-3696d70cd8\/reactivemedia-oldversiontonew_64.png?t=xoxe-4242367291-30199722806-30156974547-d9aca652b4",
            "thumb_80": "https:\/\/files.slack.com\/files-tmb\/T0474AT8K-F0692NA30-3696d70cd8\/reactivemedia-oldversiontonew_80.png?t=xoxe-4242367291-30199722806-30156974547-d9aca652b4",
            "thumb_360": "https:\/\/files.slack.com\/files-tmb\/T0474AT8K-F0692NA30-3696d70cd8\/reactivemedia-oldversiontonew_360.png?t=xoxe-4242367291-30199722806-30156974547-d9aca652b4",
            "thumb_360_w": 360,
            "thumb_360_h": 263,
            "thumb_480": "https:\/\/files.slack.com\/files-tmb\/T0474AT8K-F0692NA30-3696d70cd8\/reactivemedia-oldversiontonew_480.png?t=xoxe-4242367291-30199722806-30156974547-d9aca652b4",
            "thumb_480_w": 480,
            "thumb_480_h": 351,
            "thumb_160": "https:\/\/files.slack.com\/files-tmb\/T0474AT8K-F0692NA30-3696d70cd8\/reactivemedia-oldversiontonew_160.png?t=xoxe-4242367291-30199722806-30156974547-d9aca652b4",
            "thumb_720": "https:\/\/files.slack.com\/files-tmb\/T0474AT8K-F0692NA30-3696d70cd8\/reactivemedia-oldversiontonew_720.png?t=xoxe-4242367291-30199722806-30156974547-d9aca652b4",
            "thumb_720_w": 720,
            "thumb_720_h": 527,
            "thumb_960": "https:\/\/files.slack.com\/files-tmb\/T0474AT8K-F0692NA30-3696d70cd8\/reactivemedia-oldversiontonew_960.png?t=xoxe-4242367291-30199722806-30156974547-d9aca652b4",
            "thumb_960_w": 960,
            "thumb_960_h": 702,
            "thumb_1024": "https:\/\/files.slack.com\/files-tmb\/T0474AT8K-F0692NA30-3696d70cd8\/reactivemedia-oldversiontonew_1024.png?t=xoxe-4242367291-30199722806-30156974547-d9aca652b4",
            "thumb_1024_w": 1024,
            "thumb_1024_h": 749,
            "image_exif_rotation": 1,
            "original_w": 1493,
            "original_h": 1092,
            "permalink": "https:\/\/synereonet.slack.com\/files\/leithaus\/F0692NA30\/reactivemedia-oldversiontonew.jpg",
            "permalink_public": "https:\/\/slack-files.com\/T0474AT8K-F0692NA30-c9a2ad82a5",
            "channels": [
                "C0474CWNK"
            ],
            "groups": [
    
            ],
            "ims": [
    
            ],
            "comments_count": 1
        },
        "user": "U0474AYFT",
        "upload": true,
        "display_as_bot": false,
        "username": "<@U0474AYFT|leithaus>",
        "bot_id": null,
        "ts": "1434109599.000062"
    },
    {
        "type": "message",
        "user": "U0474AYFT",
        "text": "The area at the top  of the central panel is a poor man's version of the flow-graph builder.",
        "edited": {
            "user": "U0474AYFT",
            "ts": "1434109749.000000"
        },
        "ts": "1434109617.000063"
    },
    {
        "type": "message",
        "user": "U0474AYFT",
        "text": "In the new version we extend the flow-graph builder.",
        "ts": "1434109775.000066"
    },
    {
        "type": "message",
        "user": "U048T3M8W",
        "text": "I don't want to complicate the matter, but is it an idea to integrate the Aquabrowser as a mixer of the content streams that your friends provide? This browser is used at several libraries for searching subjects. See for example: <http:\/\/discovery.wrlc.org\/?hreciid=%7Clibrary%2Fm%2FGW%7C14101013>",
        "attachments": [
            {
                "text": "Explore AquaBrowser Library \u00ae - WRLC: a user friendly search and discovery tool for library materials and more.",
                "fallback": "Explore AquaBrowser Library \u00ae - WRLC: a user friendly search and discovery tool for library materials and more.",
                "from_url": "http:\/\/discovery.wrlc.org\/?hreciid=%7Clibrary%2Fm%2FGW%7C14101013",
                "id": 1
            }
        ],
        "ts": "1434109782.000067"
    },
    {
        "type": "message",
        "user": "U0474AYFT",
        "text": "Thanks for the link! i don't know the AquaBrowser.",
        "ts": "1434109860.000069"
    },
    {
        "type": "message",
        "user": "U0474AYFT",
        "text": "So, i can't say that i had an idea to integrate it. i'll investigate and let you know.",
        "ts": "1434109884.000070"
    },
    {
        "type": "message",
        "user": "U048T3M8W",
        "text": "It's not so known in North America. In Europe it's implemented in several libraries.",
        "ts": "1434109939.000071"
    },
    {
        "type": "message",
        "user": "U0474AYFT",
        "text": "Cool. i'll take a look.",
        "ts": "1434110039.000073"
    },
    {
        "type": "message",
        "user": "U048T3M8W",
        "text": "Your last hangout was very interesting. I finally grasp a bit of what you're trying to with this DJ mixer and what kind of interface that needs for a user.",
        "ts": "1434110139.000075"
    },
    {
        "type": "message",
        "user": "U0474AYFT",
        "text": "Sweet!",
        "ts": "1434110175.000077"
    },
    {
        "type": "message",
        "user": "U0474AYFT",
        "text": "We would be very grateful if you could share your understanding.",
        "ts": "1434110327.000079"
    },
    {
        "type": "message",
        "user": "U048X85UT",
        "text": "What is needed is a concrete user story examples",
        "ts": "1434110500.000080"
    },
    {
        "type": "message",
        "user": "U0474AYFT",
        "text": "Cool. That's next.",
        "ts": "1434110525.000081"
    },
    {
        "type": "message",
        "user": "U0474AYFT",
        "text": "To foreshadow... a user, say Dean Pelton, logs into Synereo. This is the first thing he sees.",
        "ts": "1434110650.000082"
    },
    {
        "type": "message",
        "subtype": "file_share",
        "text": "<@U0474AYFT|leithaus> uploaded a file: <https:\/\/synereonet.slack.com\/files\/leithaus\/F0693E6P4\/reactivemediaptiv-initialscreen.jpg|ReactiveMediaPtIV-InitialScreen.jpg>",
        "file": {
            "id": "F0693E6P4",
            "created": 1434110671,
            "timestamp": 1434110671,
            "name": "ReactiveMediaPtIV-InitialScreen.jpg",
            "title": "ReactiveMediaPtIV-InitialScreen.jpg",
            "mimetype": "image\/jpeg",
            "filetype": "jpg",
            "pretty_type": "JPEG",
            "user": "U0474AYFT",
            "editable": false,
            "size": 344632,
            "mode": "hosted",
            "is_external": false,
            "external_type": "",
            "is_public": true,
            "public_url_shared": false,
            "display_as_bot": false,
            "username": "",
            "url_private": "https:\/\/files.slack.com\/files-pri\/T0474AT8K-F0693E6P4\/reactivemediaptiv-initialscreen.jpg?t=xoxe-4242367291-30199722806-30156974547-d9aca652b4",
            "url_private_download": "https:\/\/files.slack.com\/files-pri\/T0474AT8K-F0693E6P4\/download\/reactivemediaptiv-initialscreen.jpg?t=xoxe-4242367291-30199722806-30156974547-d9aca652b4",
            "thumb_64": "https:\/\/files.slack.com\/files-tmb\/T0474AT8K-F0693E6P4-f3d6202ac5\/reactivemediaptiv-initialscreen_64.png?t=xoxe-4242367291-30199722806-30156974547-d9aca652b4",
            "thumb_80": "https:\/\/files.slack.com\/files-tmb\/T0474AT8K-F0693E6P4-f3d6202ac5\/reactivemediaptiv-initialscreen_80.png?t=xoxe-4242367291-30199722806-30156974547-d9aca652b4",
            "thumb_360": "https:\/\/files.slack.com\/files-tmb\/T0474AT8K-F0693E6P4-f3d6202ac5\/reactivemediaptiv-initialscreen_360.png?t=xoxe-4242367291-30199722806-30156974547-d9aca652b4",
            "thumb_360_w": 360,
            "thumb_360_h": 263,
            "thumb_480": "https:\/\/files.slack.com\/files-tmb\/T0474AT8K-F0693E6P4-f3d6202ac5\/reactivemediaptiv-initialscreen_480.png?t=xoxe-4242367291-30199722806-30156974547-d9aca652b4",
            "thumb_480_w": 480,
            "thumb_480_h": 351,
            "thumb_160": "https:\/\/files.slack.com\/files-tmb\/T0474AT8K-F0693E6P4-f3d6202ac5\/reactivemediaptiv-initialscreen_160.png?t=xoxe-4242367291-30199722806-30156974547-d9aca652b4",
            "thumb_720": "https:\/\/files.slack.com\/files-tmb\/T0474AT8K-F0693E6P4-f3d6202ac5\/reactivemediaptiv-initialscreen_720.png?t=xoxe-4242367291-30199722806-30156974547-d9aca652b4",
            "thumb_720_w": 720,
            "thumb_720_h": 527,
            "thumb_960": "https:\/\/files.slack.com\/files-tmb\/T0474AT8K-F0693E6P4-f3d6202ac5\/reactivemediaptiv-initialscreen_960.png?t=xoxe-4242367291-30199722806-30156974547-d9aca652b4",
            "thumb_960_w": 960,
            "thumb_960_h": 702,
            "thumb_1024": "https:\/\/files.slack.com\/files-tmb\/T0474AT8K-F0693E6P4-f3d6202ac5\/reactivemediaptiv-initialscreen_1024.png?t=xoxe-4242367291-30199722806-30156974547-d9aca652b4",
            "thumb_1024_w": 1024,
            "thumb_1024_h": 749,
            "image_exif_rotation": 1,
            "original_w": 1493,
            "original_h": 1092,
            "permalink": "https:\/\/synereonet.slack.com\/files\/leithaus\/F0693E6P4\/reactivemediaptiv-initialscreen.jpg",
            "permalink_public": "https:\/\/slack-files.com\/T0474AT8K-F0693E6P4-16344ec37e",
            "channels": [
                "C0474CWNK"
            ],
            "groups": [
    
            ],
            "ims": [
    
            ],
            "comments_count": 0
        },
        "user": "U0474AYFT",
        "upload": true,
        "display_as_bot": false,
        "username": "<@U0474AYFT|leithaus>",
        "bot_id": null,
        "ts": "1434110678.000083"
    },
    {
        "type": "message",
        "user": "U0474AYFT",
        "text": "Dean Pelton has a bunch of mixes already defined: \"Wall\" mix (the feed-view of which is a lot like his FaceBook wall); Politics mix; Science, Crypto, and Music mix.",
        "ts": "1434110787.000084"
    },
    {
        "type": "message",
        "user": "U0474AYFT",
        "text": "Dean Pelton can see that there are new events \/ posts waiting to be viewed on the feed-view of these mixes. His \"Wall\" mix is the most active with 21 new events.",
        "edited": {
            "user": "U0474AYFT",
            "ts": "1434110890.000000"
        },
        "ts": "1434110879.000085"
    },
    {
        "type": "message",
        "subtype": "file_comment",
        "text": "<@U048T3M8W|lapin7> commented on <@U0474AYFT|leithaus>'s file <https:\/\/synereonet.slack.com\/files\/leithaus\/F0692NA30\/reactivemedia-oldversiontonew.jpg|ReactiveMedia-OldVersionToNew.jpg>: Could the @\u2019s be presented as a LinkedIn social graph? And that you can zoom into an @ by clicking on it? Like that @ stream and it\u2019s network would be emphasised.\nAlso an TopBottom movement could present time or history of generated content.\n\nThe # could be in a Aquabrowser type presentation. ",
        "file": {
            "id": "F0692NA30",
            "created": 1434109593,
            "timestamp": 1434109593,
            "name": "ReactiveMedia-OldVersionToNew.jpg",
            "title": "ReactiveMedia-OldVersionToNew.jpg",
            "mimetype": "image\/jpeg",
            "filetype": "jpg",
            "pretty_type": "JPEG",
            "user": "U0474AYFT",
            "editable": false,
            "size": 606920,
            "mode": "hosted",
            "is_external": false,
            "external_type": "",
            "is_public": true,
            "public_url_shared": false,
            "display_as_bot": false,
            "username": "",
            "url_private": "https:\/\/files.slack.com\/files-pri\/T0474AT8K-F0692NA30\/reactivemedia-oldversiontonew.jpg?t=xoxe-4242367291-30199722806-30156974547-d9aca652b4",
            "url_private_download": "https:\/\/files.slack.com\/files-pri\/T0474AT8K-F0692NA30\/download\/reactivemedia-oldversiontonew.jpg?t=xoxe-4242367291-30199722806-30156974547-d9aca652b4",
            "thumb_64": "https:\/\/files.slack.com\/files-tmb\/T0474AT8K-F0692NA30-3696d70cd8\/reactivemedia-oldversiontonew_64.png?t=xoxe-4242367291-30199722806-30156974547-d9aca652b4",
            "thumb_80": "https:\/\/files.slack.com\/files-tmb\/T0474AT8K-F0692NA30-3696d70cd8\/reactivemedia-oldversiontonew_80.png?t=xoxe-4242367291-30199722806-30156974547-d9aca652b4",
            "thumb_360": "https:\/\/files.slack.com\/files-tmb\/T0474AT8K-F0692NA30-3696d70cd8\/reactivemedia-oldversiontonew_360.png?t=xoxe-4242367291-30199722806-30156974547-d9aca652b4",
            "thumb_360_w": 360,
            "thumb_360_h": 263,
            "thumb_480": "https:\/\/files.slack.com\/files-tmb\/T0474AT8K-F0692NA30-3696d70cd8\/reactivemedia-oldversiontonew_480.png?t=xoxe-4242367291-30199722806-30156974547-d9aca652b4",
            "thumb_480_w": 480,
            "thumb_480_h": 351,
            "thumb_160": "https:\/\/files.slack.com\/files-tmb\/T0474AT8K-F0692NA30-3696d70cd8\/reactivemedia-oldversiontonew_160.png?t=xoxe-4242367291-30199722806-30156974547-d9aca652b4",
            "thumb_720": "https:\/\/files.slack.com\/files-tmb\/T0474AT8K-F0692NA30-3696d70cd8\/reactivemedia-oldversiontonew_720.png?t=xoxe-4242367291-30199722806-30156974547-d9aca652b4",
            "thumb_720_w": 720,
            "thumb_720_h": 527,
            "thumb_960": "https:\/\/files.slack.com\/files-tmb\/T0474AT8K-F0692NA30-3696d70cd8\/reactivemedia-oldversiontonew_960.png?t=xoxe-4242367291-30199722806-30156974547-d9aca652b4",
            "thumb_960_w": 960,
            "thumb_960_h": 702,
            "thumb_1024": "https:\/\/files.slack.com\/files-tmb\/T0474AT8K-F0692NA30-3696d70cd8\/reactivemedia-oldversiontonew_1024.png?t=xoxe-4242367291-30199722806-30156974547-d9aca652b4",
            "thumb_1024_w": 1024,
            "thumb_1024_h": 749,
            "image_exif_rotation": 1,
            "original_w": 1493,
            "original_h": 1092,
            "permalink": "https:\/\/synereonet.slack.com\/files\/leithaus\/F0692NA30\/reactivemedia-oldversiontonew.jpg",
            "permalink_public": "https:\/\/slack-files.com\/T0474AT8K-F0692NA30-c9a2ad82a5",
            "channels": [
                "C0474CWNK"
            ],
            "groups": [
    
            ],
            "ims": [
    
            ],
            "comments_count": 1
        },
        "comment": {
            "id": "Fc0693F9MF",
            "created": 1434110909,
            "timestamp": 1434110909,
            "user": "U048T3M8W",
            "comment": "Could the @\u2019s be presented as a LinkedIn social graph? And that you can zoom into an @ by clicking on it? Like that @ stream and it\u2019s network would be emphasised.\nAlso an TopBottom movement could present time or history of generated content.\n\nThe # could be in a Aquabrowser type presentation. "
        },
        "ts": "1434110909.000087"
    },
    {
        "type": "message",
        "user": "U0474AYFT",
        "text": "The @'s are sources\/syncs of events. That includes people. So, a flow-graph involving @'s includes the LinkedIn social graph. However, it also includes other things, for example devices and sensors in the Internet of Things. Or web services, like a stock ticker, or an RSS feed.",
        "ts": "1434111027.000088"
    },
    {
        "type": "message",
        "user": "U0474AYFT",
        "text": "The #'s are filters you can place on an @.",
        "ts": "1434111067.000089"
    },
    {
        "type": "message",
        "user": "U0474AYFT",
        "text": "There are two aspects of this: tagging and filtering.",
        "ts": "1434111096.000090"
    },
    {
        "type": "message",
        "user": "U0474AYFT",
        "text": "Users can tag content so that it can later be filtered.",
        "ts": "1434111108.000091"
    },
    {
        "type": "message",
        "user": "U048T3M8W",
        "text": "And when content is not tagged, is there also a search-engine on text?",
        "ts": "1434111207.000092"
    },
    {
        "type": "message",
        "user": "U0474AYFT",
        "text": "No!",
        "ts": "1434111215.000093"
    },
    {
        "type": "message",
        "user": "U0474AYFT",
        "text": "Synereo cannot see into user content.",
        "ts": "1434111225.000094"
    },
    {
        "type": "message",
        "user": "U0474AYFT",
        "text": "This is our promise to users.",
        "ts": "1434111231.000095"
    },
    {
        "type": "message",
        "user": "U0474AYFT",
        "text": "The system cannot see your stuff.",
        "ts": "1434111240.000096"
    },
    {
        "type": "message",
        "user": "U0474AYFT",
        "text": "You and the people you share it with can see your stuff.",
        "ts": "1434111259.000097"
    },
    {
        "type": "message",
        "user": "U0474AYFT",
        "text": "And, that's it.",
        "ts": "1434111262.000098"
    },
    {
        "type": "message",
        "user": "U0474AYFT",
        "text": "That way if any other agency says to us, we want to see <@U048T3M8W>'s stuff we can say, sorry but you have to ask <@U048T3M8W>.",
        "ts": "1434111304.000099"
    },
    {
        "type": "message",
        "user": "U0474AYFT",
        "text": "We can't see it, that's just the way the math works and we follow the math.",
        "ts": "1434111323.000100"
    },
    {
        "type": "message",
        "user": "U0474AYFT",
        "text": ":wink:",
        "ts": "1434111356.000101"
    },
    {
        "type": "message",
        "user": "U0474AYFT",
        "text": "Does that make sense?",
        "ts": "1434111488.000102"
    },
    {
        "type": "message",
        "user": "U048T3M8W",
        "text": "Yes it does. But Christian (I think that\u2019s the name of the blond guy with his awesome insight) was talking about inviting Dr. Bruce Damer in one of your hangout. If he would do so within Synereo. How would I find more info about content about Bruce Damer?",
        "ts": "1434111834.000103"
    },
    {
        "type": "message",
        "user": "U0474AYFT",
        "text": "There are two basic ways i can see.",
        "ts": "1434112194.000104"
    },
    {
        "type": "message",
        "user": "U0474AYFT",
        "text": "First, just the way you did with the hangout. You were following a stream of communications and it got mentioned in the stream.",
        "ts": "1434112217.000105"
    },
    {
        "type": "message",
        "user": "U0474AYFT",
        "text": "Second, you were searching streams of communications for tags that Bruce Damer material got tagged with.",
        "ts": "1434112254.000106"
    },
    {
        "type": "message",
        "user": "U0474AYFT",
        "text": "Obviously, if someone sent it to you directly, you'd get it that way, but we include it with the first.",
        "ts": "1434112293.000107"
    },
    {
        "type": "message",
        "user": "U048T3M8W",
        "text": "Got it.",
        "ts": "1434112415.000108"
    },
    {
        "type": "message",
        "user": "U048T3M8W",
        "text": "Thx.",
        "ts": "1434112423.000109"
    },
    {
        "type": "message",
        "user": "U0474AYFT",
        "text": "Cool.",
        "ts": "1434112437.000110"
    },
    {
        "type": "message",
        "user": "U0474AYFT",
        "text": "This is one of the reasons tags are first class in Splicious and Synereo.",
        "ts": "1434112454.000111"
    },
    {
        "type": "message",
        "user": "U0474AYFT",
        "text": "You need to be able to share a tag you made (or got from someone else) and tag content with -- that they might not have.",
        "edited": {
            "user": "U0474AYFT",
            "ts": "1434112545.000000"
        },
        "ts": "1434112515.000112"
    },
    {
        "type": "message",
        "user": "U0474AYFT",
        "text": "And, you need to be able to search for tags using tags.",
        "ts": "1434112850.000114"
    },
    {
        "type": "message",
        "user": "U048X85UT",
        "text": "there is a similar issue in freetrust in searching linked data you are allowed to see.  My thinking is to possibly use client side searching something like <http:\/\/linkeddatafragments.org\/>",
        "ts": "1434113110.000115"
    },
    {
        "type": "message",
        "user": "U048X85UT",
        "text": "with a graphical UI like <http:\/\/vowl.visualdataweb.org\/queryvowl\/index.html>",
        "attachments": [
            {
                "text": "Visual Querying of Linked Data",
                "fallback": "Visual Querying of Linked Data",
                "from_url": "http:\/\/vowl.visualdataweb.org\/queryvowl\/index.html",
                "id": 1
            }
        ],
        "ts": "1434113131.000116"
    },
    {
        "type": "message",
        "user": "U048X85UT",
        "text": "But an isolated user agent can also search on the server side without exposing data to \"the system\".",
        "ts": "1434113286.000118"
    },
    {
        "type": "message",
        "user": "U048X85UT",
        "text": "in the end, for freetrust, I cannot see anyway around having a distributed user agent that isolates users from the system.",
        "ts": "1434113475.000119"
    },
    {
        "type": "message",
        "user": "U0474AYFT",
        "text": "People are free to search their own content in whatever way they wish.",
        "ts": "1434113968.000120"
    },
    {
        "type": "message",
        "user": "U0474AYFT",
        "text": "But, Synereo doesn't have system-wide visibility into content flowing through the system.",
        "ts": "1434114009.000121"
    },
    {
        "type": "message",
        "user": "U048X85UT",
        "text": "phew.  had me scared for a moment.  it would seem public info should be searchable. is there a such thing as public info in synereo?",
        "ts": "1434115660.000122"
    },
    {
        "type": "message",
        "user": "U0474AYFT",
        "text": "Yes and no.",
        "ts": "1434115709.000123"
    },
    {
        "type": "message",
        "user": "U0474AYFT",
        "text": "Any two parties are connected by a bi-directional channel.",
        "ts": "1434115795.000124"
    },
    {
        "type": "message",
        "user": "U0474AYFT",
        "text": "A group is made of a bunch of bi-directional channels.",
        "ts": "1434115827.000125"
    },
    {
        "type": "message",
        "user": "U0474AYFT",
        "text": "In the Britta-Jeff channel, Britta has access to the content she has shared with Jeff and the content Jeff has shared with her.",
        "ts": "1434115915.000126"
    },
    {
        "type": "message",
        "user": "U0474AYFT",
        "text": "However, if Jeff severs the connection, Britta only has access to the content she has shared with Jeff.",
        "ts": "1434115942.000127"
    },
    {
        "type": "message",
        "user": "U0474AYFT",
        "text": "This explains the model: <http:\/\/biosimilarity.com\/qoid-an-origin-story.html>",
        "attachments": [
            {
                "title": "QOID: An Origin Story",
                "title_link": "http:\/\/biosimilarity.com\/qoid-an-origin-story.html",
                "text": "Monadic Design Patters, Scala Web Development, <tel:206-618-8302|206-618-8302>, Seattle, WA 98136",
                "fallback": "QOID: An Origin Story",
                "from_url": "http:\/\/biosimilarity.com\/qoid-an-origin-story.html",
                "id": 1
            }
        ],
        "ts": "1434115994.000128"
    },
    {
        "type": "message",
        "user": "U0474AYFT",
        "text": "So, there's no such thing as public in the traditional sense.",
        "ts": "1434116041.000130"
    },
    {
        "type": "message",
        "user": "U0474AYFT",
        "text": "But, there is an experience that looks like 'public'.",
        "ts": "1434116054.000131"
    },
    {
        "type": "message",
        "user": "U048X85UT",
        "text": "There is a nice presentation of it at <http:\/\/qoid.com\/>",
        "ts": "1434125258.000132"
    },
    {
        "type": "message",
        "user": "U048X85UT",
        "text": "pages not linked to are also found <http:\/\/qoid.com\/vision\/> and <http:\/\/qoid.com\/faq\/>",
        "ts": "1434125328.000133"
    },
    {
        "type": "message",
        "user": "U048X85UT",
        "text": "its basically the same as OAuth or OpenID authentication except everyone is an IdP.  Grass roots trust which freetrust aims to integrate with the identity ecosystem.",
        "ts": "1434126186.000134"
    },
    {
        "type": "message",
        "user": "U048X85UT",
        "text": "Its beautiful how the qoid monoid distributes permissions safely on the network :simple_smile:",
        "edited": {
            "user": "U048X85UT",
            "ts": "1434127685.000000"
        },
        "ts": "1434127155.000135"
    },
    {
        "type": "message",
        "user": "U048X85UT",
        "text": "Its an identity field that grows :stuck_out_tongue:",
        "ts": "1434127335.000136"
    },
    {
        "type": "message",
        "user": "U048X85UT",
        "text": "abstract field, real growth :stuck_out_tongue:",
        "ts": "1434127492.000137"
    },
    {
        "type": "message",
        "user": "U048X85UT",
        "text": "proven secure :simple_smile:",
        "ts": "1434127716.000140"
    },
    {
        "type": "message",
        "user": "U04A8095T",
        "text": "BTW, I found the Synereo logo artwork I was looking for on github -- <https:\/\/github.com\/synereo\/assets\/tree\/master\/logos>",
        "attachments": [
            {
                "service_name": "GitHub",
                "title": "synereo\/assets",
                "title_link": "https:\/\/github.com\/synereo\/assets\/tree\/master\/logos",
                "text": "Synereo logos, graphic assets, etc.",
                "fallback": "GitHub: synereo\/assets",
                "thumb_url": "https:\/\/avatars2.githubusercontent.com\/u\/9357884?v=3&s=400",
                "from_url": "https:\/\/github.com\/synereo\/assets\/tree\/master\/logos",
                "thumb_width": 400,
                "thumb_height": 400,
                "id": 1
            }
        ],
        "ts": "1434141790.000141"
    }
]