[
    {
        "type": "message",
        "user": "U048X85UT",
        "text": "We need something exactly like this adding the benefit of synereo social contracts among peers. <https:\/\/www.youtube.com\/watch?v=qeClrbY6_hw>",
        "attachments": [
            {
                "service_name": "YouTube",
                "service_url": "https:\/\/www.youtube.com\/",
                "title": "KUBE peer to peer",
                "title_link": "https:\/\/www.youtube.com\/watch?v=qeClrbY6_hw",
                "author_name": "Red Scotch Software",
                "author_link": "https:\/\/www.youtube.com\/channel\/UCv8vz-vpv3CauIuOSg5_HyQ",
                "thumb_url": "https:\/\/i.ytimg.com\/vi\/qeClrbY6_hw\/hqdefault.jpg",
                "thumb_width": 480,
                "thumb_height": 360,
                "fallback": "YouTube Video: KUBE peer to peer",
                "video_html": "<iframe width=\"400\" height=\"225\" src=\"https:\/\/www.youtube.com\/embed\/qeClrbY6_hw?feature=oembed\" frameborder=\"0\" allowfullscreen><\/iframe>",
                "video_html_width": 400,
                "video_html_height": 225,
                "from_url": "https:\/\/www.youtube.com\/watch?v=qeClrbY6_hw",
                "id": 1
            }
        ],
        "ts": "1446473037.000003"
    }
]