[
    {
        "user": "U048X85UT",
        "type": "message",
        "subtype": "channel_join",
        "text": "<@U048X85UT|jimscarver> has joined the channel",
        "ts": "1428150202.000015"
    },
    {
        "type": "message",
        "user": "U048X85UT",
        "text": "In web marketing 101 they teach that you got to have a great video that it short, to the point, entertaining and compelling or you  won't get shit.   We really need one of those.",
        "ts": "1428150499.000016"
    },
    {
        "type": "message",
        "user": "U04910F4Z",
        "text": "i vouch for that",
        "ts": "1428173154.000017"
    }
]