[
    {
        "type": "message",
        "user": "U0474AYFT",
        "text": "The Synereo Community Hangout participant's link is here: <https:\/\/plus.google.com\/hangouts\/_\/hoaevent\/AP36tYdv_gWaJcwAfHcHYwqt6fKNWAu7l0u3ds3mW_ollwFdUmuFaQ?authuser=0&amp;eid=109002904706315055045&amp;hl=en>",
        "ts": "1434571172.000145"
    },
    {
        "type": "message",
        "subtype": "file_share",
        "text": "<@U0474AYFT|leithaus> uploaded a file: <https:\/\/synereonet.slack.com\/files\/leithaus\/F06FRLV3M\/reactivemediaptv-i.pdf|ReactiveMediaPtV-I.pdf>",
        "file": {
            "id": "F06FRLV3M",
            "created": 1434576401,
            "timestamp": 1434576401,
            "name": "ReactiveMediaPtV-I.pdf",
            "title": "ReactiveMediaPtV-I.pdf",
            "mimetype": "application\/pdf",
            "filetype": "pdf",
            "pretty_type": "PDF",
            "user": "U0474AYFT",
            "editable": false,
            "size": 1962342,
            "mode": "hosted",
            "is_external": false,
            "external_type": "",
            "is_public": true,
            "public_url_shared": false,
            "display_as_bot": false,
            "username": "",
            "url_private": "https:\/\/files.slack.com\/files-pri\/T0474AT8K-F06FRLV3M\/reactivemediaptv-i.pdf?t=xoxe-4242367291-30199722806-30156974547-d9aca652b4",
            "url_private_download": "https:\/\/files.slack.com\/files-pri\/T0474AT8K-F06FRLV3M\/download\/reactivemediaptv-i.pdf?t=xoxe-4242367291-30199722806-30156974547-d9aca652b4",
            "permalink": "https:\/\/synereonet.slack.com\/files\/leithaus\/F06FRLV3M\/reactivemediaptv-i.pdf",
            "permalink_public": "https:\/\/slack-files.com\/T0474AT8K-F06FRLV3M-a7420e8c83",
            "channels": [
                "C0474CWNK"
            ],
            "groups": [
    
            ],
            "ims": [
    
            ],
            "comments_count": 1
        },
        "user": "U0474AYFT",
        "upload": true,
        "display_as_bot": false,
        "username": "<@U0474AYFT|leithaus>",
        "bot_id": null,
        "ts": "1434576402.000146"
    }
]