[
    {
        "type": "message",
        "user": "U0474AYFT",
        "text": "<@U04BQ4FMC>: thanks for the feedback and the question!",
        "ts": "1430904418.000076"
    },
    {
        "type": "message",
        "user": "U0474AYFT",
        "text": "The idea is to make some very specific proposals about what's in scope for the MVP.",
        "ts": "1430904446.000077"
    },
    {
        "type": "message",
        "user": "U04BQ4FMC",
        "text": "Well, I appreciated the Feynman diagram &amp; other analogies presented.  I really think that in this case, almost everyone that is, or will be involved in the Beta version are not looking at it from an 'MVP' POV.  The potential of Synereo is the driver, not the bells &amp; whistles.  Not to say that those are not going to be important, but just not at this stage.  We will need a large and growing userbase for it to reach that potential, and they will want some certain features, and UI look.  The Beta users are thinking of the long-term goal and potential though.  Basically, I think that the simple functions that it already has are enough for Betas.  Going from Beta to 'early adopters' will need to think of the MVP for an attractive social media platform.",
        "ts": "1430913770.000078"
    },
    {
        "type": "message",
        "user": "U04BQ4FMC",
        "text": "So, for example, with marketing\/promotion, we can't invite people to the network for a while, so the focus should be on (wherever we each have some reach elsewhere) really educating more people to the general needs and potential of the network, without trying to 'sell' Synereo specifically.  Anybody who is on Google+ should try to hook up with me on this page, which I've converted to this purpose: <https:\/\/plus.google.com\/b\/101066793456797075257\/101066793456797075257\/posts> .",
        "attachments": [
            {
                "title": "Curating Content for the Attention Economy - Google+",
                "title_link": "https:\/\/plus.google.com\/b\/101066793456797075257\/101066793456797075257\/posts",
                "text": "Curating Content for the Attention Economy - Your Content, Your Attention, Your Networks, Your Place in the Information Paradigm - We are passing through the final throes of the Industrial Age, and living in the era of critical mass and majority being reached by working age adults who've only known life post-Digital",
                "fallback": "Curating Content for the Attention Economy - Google+",
                "image_url": "http:\/\/lh3.googleusercontent.com\/-zSIZ2BDkEww\/U9FyapV2v1I\/AAAAAAAAJrc\/TlXg82XIZGk\/s426\/mona%2Blisa%2Bcancer%2Bawareness.png",
                "from_url": "https:\/\/plus.google.com\/b\/101066793456797075257\/101066793456797075257\/posts",
                "image_width": 250,
                "image_height": 250,
                "image_bytes": 189926,
                "id": 1
            }
        ],
        "ts": "1430914058.000079"
    },
    {
        "type": "message",
        "user": "U04BQ4FMC",
        "text": "If you're on Facebook, do something similar.  On Twitter, good luck with that 140 character thing!  :smile:",
        "ts": "1430914120.000081"
    },
    {
        "type": "message",
        "user": "U04BQ4FMC",
        "text": "I know this has been going on with some of you already, on Reddit and elsewhere.  Just keep it rolling!",
        "ts": "1430914516.000082"
    },
    {
        "type": "message",
        "user": "U04BQ4FMC",
        "text": "Also, it's not my intention to critique what's happening - most of this is already going on well, so it's more of a reaffirmation!",
        "ts": "1430919468.000083"
    },
    {
        "type": "message",
        "user": "U04BQ4FMC",
        "text": "\"This messy process of discovery, bootstrapping, and iteration has been consistently sanitized from the stories of past innovations. Since complex anecdotes are less \u201csticky\u201d than simple ones, only basic interpretations become widely distributed. This distillation creates the harmful misconception that a single \u201cbig idea\u201d is a prerequisite for any revolutionary innovation.\n\nDear inventors, do not be tricked by soundbites. Explore your little hunches with ruthless persistence. Trust that the byproduct of such a pursuit will be the magic recipe of mini-innovations that sparks a significant breakthrough.\"",
        "ts": "1430923374.000084"
    },
    {
        "type": "message",
        "user": "U04BQ4FMC",
        "text": "<http:\/\/seanmaroni.com\/how-invention-actually-works\/>",
        "attachments": [
            {
                "text": "An innovation is almost never one single idea. Breakthroughs which are an order of magnitude better than the status quo are typically sets of many little",
                "fallback": "An innovation is almost never one single idea. Breakthroughs which are an order of magnitude better than the status quo are typically sets of many little",
                "from_url": "http:\/\/seanmaroni.com\/how-invention-actually-works\/",
                "id": 1
            }
        ],
        "ts": "1430923399.000085"
    },
    {
        "type": "message",
        "user": "U0474AYFT",
        "text": "<@U04BQ4FMC>: thanks! We very much agree with the sentiments you're expressing here. That's part of why we're giving visibility into our early stage process.",
        "ts": "1430927669.000087"
    },
    {
        "type": "message",
        "user": "U0474AYFT",
        "text": "i'm also glad you liked the Feynman diagram.",
        "ts": "1430927698.000088"
    },
    {
        "type": "message",
        "user": "U0474AYFT",
        "text": "We've taken the string diagram metaphor pretty far.",
        "ts": "1430927735.000089"
    },
    {
        "type": "message",
        "user": "U0474AYFT",
        "text": "<http:\/\/arxiv.org\/pdf\/1504.04311v1.pdf>",
        "ts": "1430927746.000090"
    },
    {
        "type": "message",
        "user": "U0474AYFT",
        "text": "That was just accepted to HDRA.",
        "ts": "1430927754.000091"
    },
    {
        "type": "message",
        "user": "U0474AYFT",
        "text": "<http:\/\/rdp15.mimuw.edu.pl\/index.php?site=hdra>",
        "ts": "1430927817.000092"
    },
    {
        "type": "message",
        "user": "U0474AYFT",
        "text": "The point is that the streams and filters metaphor is pretty broad ranging.",
        "ts": "1430927866.000093"
    },
    {
        "type": "message",
        "user": "U0474AYFT",
        "text": "But, to begin to get feedback from the community we have to distill it down to something they can play with and give us feedback on -- without having to understand all the connections.",
        "ts": "1430927922.000094"
    },
    {
        "type": "message",
        "user": "U0474AYFT",
        "text": "So, we want to focus the making streams from streams experience.",
        "ts": "1430927946.000095"
    },
    {
        "type": "message",
        "user": "U0474AYFT",
        "text": "Your built in streams are connections to members of your community(, and possibly some other data sources).",
        "ts": "1430927985.000096"
    },
    {
        "type": "message",
        "user": "U0474AYFT",
        "text": "You have a toolbox of elements to make mixes and mashups from those.",
        "ts": "1430928015.000097"
    },
    {
        "type": "message",
        "user": "U04BQ4FMC",
        "text": "Yes.  We might just note that we'll have (at least) 2 distinct languages being spoken: 1 for those inventors\/experts, and another for the general public.   Physics analogies are nice, but may open small cans of worms along the way.  Not so much for us here, I think.  We may want to remain vigilant, and be prepared for the entrenched incumbent entities to resist us, in the form of petty faulting within some analogy.  Bohr and Dirac were a formidable peanut gallery, sitting at the back of the room in Pocono when Feynman introduced his diagrams, telling him what an idiot he was for trying to describe what we can never see or test.",
        "ts": "1430929445.000098"
    },
    {
        "user": "U048T3M8W",
        "type": "message",
        "subtype": "channel_join",
        "text": "<@U048T3M8W|lapin7> has joined the channel",
        "ts": "1430930105.000099"
    },
    {
        "type": "message",
        "user": "U0474AYFT",
        "text": "<@U04BQ4FMC>: indeed! There's a brilliant article on the history of Feynman diagrams that captures much of what you describe. It was a source of inspiration and succor when i was attempting to introduce the mobile process calculi to the biology community. <http:\/\/web.mit.edu\/dikaiser\/www\/FdsAmSci.pdf>",
        "ts": "1430930400.000100"
    },
    {
        "type": "message",
        "user": "U04BQ4FMC",
        "text": "And, as the quote mentions above, the simple version was the one that stuck - the diagrams lived on, and helped generations grasp those concepts.  Still, there is truth in the concern for reifying concepts.  It can easily lead down dead-ends of fantasy.",
        "ts": "1430930874.000101"
    },
    {
        "type": "message",
        "user": "U04BMCE7Q",
        "text": "<@U04BQ4FMC>: reply pm",
        "ts": "1430930908.000102"
    },
    {
        "type": "message",
        "user": "U04BQ4FMC",
        "text": "It's hard to imagine what faults people mights find, other than the one that someone mentioned in Reddit \"judge a network by its userbase\".  Clearly, to do that at the outset fails to make a reasonable comparison.",
        "ts": "1430930960.000103"
    },
    {
        "type": "message",
        "user": "U04BQ4FMC",
        "text": "So, <@U0474AYFT> , to continue on the analogies made..  I don't think I saw mention of 'emergence' in there.  At least in the realm of REO and Trust, trying to go with physical things like filters &amp; junctions might make it difficult to explain the 'wisdom of the crowds'.  Maybe another analogy can do that better?  I'm working on one that has a very low common denominator, so that we don't only appeal to coders, neurophysicists, or quantum mechanics.  :simple_smile:",
        "ts": "1430931706.000104"
    },
    {
        "type": "message",
        "user": "U0474AYFT",
        "text": "Agreed. This is where games and gamification come into play (pun gratefully accepted).",
        "ts": "1430931819.000105"
    },
    {
        "type": "message",
        "user": "U0474AYFT",
        "text": "Our view is that games provide the language between the individual and the collective.",
        "ts": "1430931837.000106"
    },
    {
        "type": "message",
        "user": "U0474AYFT",
        "text": "So, we are very conscious about the opportunities for gamification inside the application.",
        "ts": "1430931867.000107"
    },
    {
        "type": "message",
        "user": "U0474AYFT",
        "text": "We invite others to find ways to gamify the application.",
        "ts": "1430931890.000108"
    },
    {
        "type": "message",
        "user": "U048X85UT",
        "text": "Yes <@U04BQ4FMC> it is not clear to me either how the \"extra dimensions\" emerge comprehensibly  in the model. <@U0474AYFT> I suggest there needs to be concentric local to more global abstraction of being interaction to realize the relative experience in world being created.  This is what we are solving for in <#C04BLQ4CX> to get relative trust. Gaming is important and cool, it develops intuition about the system but not facilitate emergence naturally.",
        "ts": "1430932475.000109"
    },
    {
        "type": "message",
        "user": "U0474AYFT",
        "text": "<@U048X85UT>: our data about games and access to the collective wisdom is different. Here's just one example of hundreds: <http:\/\/conteneo.co\/san-jose-residents-play-4th-annual-budget-games\/>",
        "ts": "1430932672.000110"
    },
    {
        "type": "message",
        "user": "U0474AYFT",
        "text": "Serious games and serious play have been used in this way in the corporate sector for decades now.",
        "ts": "1430932749.000111"
    },
    {
        "type": "message",
        "user": "U0474AYFT",
        "text": "The movement to build upon this success in the public sector has been underway in Europe for a decade.",
        "ts": "1430932776.000112"
    },
    {
        "type": "message",
        "user": "U0474AYFT",
        "text": "And, is beginning to gather steam in North America.",
        "ts": "1430932796.000113"
    },
    {
        "type": "message",
        "user": "U048X85UT",
        "text": "I get, that, and crowdsourcing trust is one of the techniques in <#C04BLQ4CX> but that is engineered emergence, not natural emergence.",
        "ts": "1430932808.000114"
    },
    {
        "type": "message",
        "user": "U04BQ4FMC",
        "text": "I think it's in there, with \"@a + @b = @c\", but I too have a hard time relating @c with anything specific in a network.",
        "ts": "1430932833.000115"
    },
    {
        "type": "message",
        "user": "U0474AYFT",
        "text": "My own experience of 16 years with Robert Fripp's Guitar Craft also makes it clear that games play a huge role in the natural emergence of the collective intelligence.",
        "ts": "1430932882.000116"
    },
    {
        "type": "message",
        "user": "U0474AYFT",
        "text": "Let's have this talk on today's Synereo Community Hangout.",
        "ts": "1430932913.000117"
    },
    {
        "type": "message",
        "user": "U0474AYFT",
        "text": "We can compare notes.",
        "ts": "1430932933.000118"
    },
    {
        "type": "message",
        "user": "U0474AYFT",
        "text": "i've got to get back to babysitting the AMP distribution.",
        "ts": "1430932949.000119"
    },
    {
        "type": "message",
        "user": "U048X85UT",
        "text": "I do not dissagree but there is another side to emergence of intelligence.",
        "ts": "1430933016.000120"
    },
    {
        "type": "message",
        "user": "U048X85UT",
        "text": "The God's eye view of an environment.",
        "ts": "1430933095.000121"
    },
    {
        "type": "message",
        "user": "U0474AYFT",
        "text": "<https:\/\/plus.google.com\/u\/0\/b\/109002904706315055045\/events\/cdt8gdnuk45m98195d7jeigp71g>",
        "attachments": [
            {
                "service_name": "Google+",
                "title": "Synereo Community Hangout - UI\/UX experience in the MVP - Google+",
                "title_link": "https:\/\/plus.google.com\/u\/0\/b\/109002904706315055045\/events\/cdt8gdnuk45m98195d7jeigp71g",
                "text": "Synereo Community Hangout - UI\/UX experience in the MVP",
                "fallback": "Google+: Synereo Community Hangout - UI\/UX experience in the MVP - Google+",
                "image_url": "https:\/\/lh3.googleusercontent.com\/_tcY7QLx6X_8\/UY1_0TJEqGI\/AAAAAAAACLo\/Ls1BaI-xmIQ\/w940-h280-n\/06_hangouts_yellow.jpg.png",
                "from_url": "https:\/\/plus.google.com\/u\/0\/b\/109002904706315055045\/events\/cdt8gdnuk45m98195d7jeigp71g",
                "image_width": 839,
                "image_height": 250,
                "image_bytes": 201345,
                "id": 1
            }
        ],
        "ts": "1430933128.000122"
    },
    {
        "type": "message",
        "user": "U04BQ4FMC",
        "text": "I can only pop in from time to time today.  Hope you saw my earlier comment about Monday's time, <@U0474AYFT>",
        "ts": "1430938666.000124"
    },
    {
        "type": "message",
        "user": "U048X85UT",
        "text": "can we get a participant link?",
        "ts": "1430942143.000125"
    },
    {
        "user": "U049R4YN1",
        "type": "message",
        "subtype": "channel_join",
        "text": "<@U049R4YN1|stephen> has joined the channel",
        "ts": "1430949500.000126"
    },
    {
        "type": "message",
        "user": "U049R4YN1",
        "text": "The replay for the hangout seems to be locked - is it possible to get access? I probably won't be able to get into a live session for a while.",
        "ts": "1430950062.000127"
    },
    {
        "type": "message",
        "user": "U048X85UT",
        "text": "it says this video is private",
        "ts": "1430957111.000128"
    }
]