[
    {
        "type": "message",
        "subtype": "file_share",
        "text": "<@U04BMCE7Q|theo.godspeed> uploaded a file: <https:\/\/synereonet.slack.com\/files\/theo.godspeed\/F04FEP75M\/snowden_quote.jpg|snowden_quote.jpg>",
        "file": {
            "id": "F04FEP75M",
            "created": 1429444928,
            "timestamp": 1429444928,
            "name": "snowden_quote.jpg",
            "title": "snowden_quote.jpg",
            "mimetype": "image\/jpeg",
            "filetype": "jpg",
            "pretty_type": "JPEG",
            "user": "U04BMCE7Q",
            "editable": false,
            "size": 138902,
            "mode": "hosted",
            "is_external": false,
            "external_type": "",
            "is_public": true,
            "public_url_shared": false,
            "display_as_bot": false,
            "username": "",
            "url_private": "https:\/\/files.slack.com\/files-pri\/T0474AT8K-F04FEP75M\/snowden_quote.jpg?t=xoxe-4242367291-30199722806-30156974547-d9aca652b4",
            "url_private_download": "https:\/\/files.slack.com\/files-pri\/T0474AT8K-F04FEP75M\/download\/snowden_quote.jpg?t=xoxe-4242367291-30199722806-30156974547-d9aca652b4",
            "thumb_64": "https:\/\/files.slack.com\/files-tmb\/T0474AT8K-F04FEP75M-fdd4fa82ba\/snowden_quote_64.png?t=xoxe-4242367291-30199722806-30156974547-d9aca652b4",
            "thumb_80": "https:\/\/files.slack.com\/files-tmb\/T0474AT8K-F04FEP75M-fdd4fa82ba\/snowden_quote_80.png?t=xoxe-4242367291-30199722806-30156974547-d9aca652b4",
            "thumb_360": "https:\/\/files.slack.com\/files-tmb\/T0474AT8K-F04FEP75M-fdd4fa82ba\/snowden_quote_360.png?t=xoxe-4242367291-30199722806-30156974547-d9aca652b4",
            "thumb_360_w": 360,
            "thumb_360_h": 344,
            "thumb_160": "https:\/\/files.slack.com\/files-tmb\/T0474AT8K-F04FEP75M-fdd4fa82ba\/snowden_quote_160.png?t=xoxe-4242367291-30199722806-30156974547-d9aca652b4",
            "image_exif_rotation": 1,
            "original_w": 599,
            "original_h": 572,
            "permalink": "https:\/\/synereonet.slack.com\/files\/theo.godspeed\/F04FEP75M\/snowden_quote.jpg",
            "permalink_public": "https:\/\/slack-files.com\/T0474AT8K-F04FEP75M-4ea5bb6e27",
            "channels": [
                "C0474CWNK"
            ],
            "groups": [
    
            ],
            "ims": [
    
            ],
            "comments_count": 1
        },
        "user": "U04BMCE7Q",
        "upload": true,
        "display_as_bot": false,
        "username": "<@U04BMCE7Q|theo.godspeed>",
        "bot_id": null,
        "ts": "1429444931.000039"
    },
    {
        "type": "message",
        "subtype": "file_comment",
        "text": "<@U0492BA08|pdube> commented on <@U04BMCE7Q|theo.godspeed>'s file <https:\/\/synereonet.slack.com\/files\/theo.godspeed\/F04FEP75M\/snowden_quote.jpg|snowden_quote.jpg>: with @ProvenSecure !",
        "file": {
            "id": "F04FEP75M",
            "created": 1429444928,
            "timestamp": 1429444928,
            "name": "snowden_quote.jpg",
            "title": "snowden_quote.jpg",
            "mimetype": "image\/jpeg",
            "filetype": "jpg",
            "pretty_type": "JPEG",
            "user": "U04BMCE7Q",
            "editable": false,
            "size": 138902,
            "mode": "hosted",
            "is_external": false,
            "external_type": "",
            "is_public": true,
            "public_url_shared": false,
            "display_as_bot": false,
            "username": "",
            "url_private": "https:\/\/files.slack.com\/files-pri\/T0474AT8K-F04FEP75M\/snowden_quote.jpg?t=xoxe-4242367291-30199722806-30156974547-d9aca652b4",
            "url_private_download": "https:\/\/files.slack.com\/files-pri\/T0474AT8K-F04FEP75M\/download\/snowden_quote.jpg?t=xoxe-4242367291-30199722806-30156974547-d9aca652b4",
            "thumb_64": "https:\/\/files.slack.com\/files-tmb\/T0474AT8K-F04FEP75M-fdd4fa82ba\/snowden_quote_64.png?t=xoxe-4242367291-30199722806-30156974547-d9aca652b4",
            "thumb_80": "https:\/\/files.slack.com\/files-tmb\/T0474AT8K-F04FEP75M-fdd4fa82ba\/snowden_quote_80.png?t=xoxe-4242367291-30199722806-30156974547-d9aca652b4",
            "thumb_360": "https:\/\/files.slack.com\/files-tmb\/T0474AT8K-F04FEP75M-fdd4fa82ba\/snowden_quote_360.png?t=xoxe-4242367291-30199722806-30156974547-d9aca652b4",
            "thumb_360_w": 360,
            "thumb_360_h": 344,
            "thumb_160": "https:\/\/files.slack.com\/files-tmb\/T0474AT8K-F04FEP75M-fdd4fa82ba\/snowden_quote_160.png?t=xoxe-4242367291-30199722806-30156974547-d9aca652b4",
            "image_exif_rotation": 1,
            "original_w": 599,
            "original_h": 572,
            "permalink": "https:\/\/synereonet.slack.com\/files\/theo.godspeed\/F04FEP75M\/snowden_quote.jpg",
            "permalink_public": "https:\/\/slack-files.com\/T0474AT8K-F04FEP75M-4ea5bb6e27",
            "channels": [
                "C0474CWNK"
            ],
            "groups": [
    
            ],
            "ims": [
    
            ],
            "comments_count": 1
        },
        "comment": {
            "id": "Fc04FFKVA3",
            "created": 1429456552,
            "timestamp": 1429456552,
            "user": "U0492BA08",
            "comment": "with @ProvenSecure !"
        },
        "ts": "1429456551.000040"
    },
    {
        "type": "message",
        "user": "U04BMCE7Q",
        "text": ":smile:",
        "edited": {
            "user": "U04BMCE7Q",
            "ts": "1429456595.000000"
        },
        "ts": "1429456591.000041"
    }
]