[
    {
        "type": "message",
        "user": "U048T3M8W",
        "text": "<@U0J9CQF9S>: <@U06AAH8F3> I was so free to set up a \"Functional Design\" doc. \nMost of the presentations of <@U0JA3NQ11> and <@U06AAH8F3> have been inserted.\n\nBut maybe there's a much better kind of template or already available based on the discussions between <@U0474E4KZ>, <@U0474AYFT>, <@U0JA3NQ11> and <@U06AAH8F3>.\n\nI will post this also in Taiga.",
        "ts": "1454949023.000037"
    },
    {
        "type": "message",
        "user": "U048T3M8W",
        "text": "Where's the designer NOY on slack?",
        "ts": "1454949066.000038"
    }
]