[
    {
        "type": "message",
        "user": "U048T3M8W",
        "text": "We need a # for Design. This will be an important # because when it's well done, it will set the strategy for what \"we\" are going to do. Will Synereo be a real \"Open Source Designed\" platform\/application?",
        "ts": "1452857235.000016"
    },
    {
        "type": "message",
        "user": "U048T3M8W",
        "text": "<@U0JA3NQ11> Do you have a kind of template document for all the info that is needed for a proper design? A google doc could be created and fill out by the community.",
        "ts": "1452857430.000017"
    }
]