[
    {
        "type": "message",
        "user": "U048T3M8W",
        "text": "<@U0JA3NQ11> the <http:\/\/invis.io|invis.io> tool is fine, but it's now \"Over quota! This share link cannot be viewed because this project is over quota.\"\n\nApparently they want $$$ when you use it a lot. So maybe we have to look for another tool to share designs. :disappointed:",
        "ts": "1455988729.000004"
    },
    {
        "type": "message",
        "user": "U048T3M8W",
        "text": "<@U06AAH8F3> Is it an idea to set up a new project on Taiga just for Design? I think the whole Scrum set up could work out better, because currently we're abusing \"User Stories\" to identify \"area's\" that need projectmanagement.",
        "ts": "1455988911.000005"
    },
    {
        "user": "U0MRFBCKU",
        "type": "message",
        "subtype": "channel_join",
        "text": "<@U0MRFBCKU|cm> has joined the channel",
        "ts": "1455998822.000006"
    }
]