[
    {
        "type": "message",
        "user": "U048T3M8W",
        "text": "<@U0PCK9TKL>: Is the eye above the triangle of the illuminati. And does the triangle represent a hierarchical construction? Are the icons below a kind of bottom up fight to this triangle and the eye?",
        "ts": "1456920508.000032"
    },
    {
        "type": "message",
        "user": "U048T3M8W",
        "text": "Is the pin up to show that woman are objects of pleasure?",
        "ts": "1456920558.000033"
    },
    {
        "type": "message",
        "user": "U0PCK9TKL",
        "text": "No thought behind the flyer just quick artwork. It's not meant for official use",
        "ts": "1456927782.000034"
    },
    {
        "type": "message",
        "user": "U04BQ4FMC",
        "text": "Does it reflect a young, male audience?  I'm sure that, given modern statistics on technology like computers, and more men seem interested than women, and more young than old.  There's a delicate balance between catering to your market, and sending the wrong vibes, even unintentionally.",
        "ts": "1456959629.000035"
    },
    {
        "type": "message",
        "user": "U04BQ4FMC",
        "text": "Some minor tweaks, and it's very good, I think!",
        "ts": "1456959651.000036"
    },
    {
        "type": "message",
        "user": "U04BQ4FMC",
        "text": "We probably need to consolidate \"digital assets\", as <@U06AAH8F3> recently suggested, and clearly post the rights chosen for the products.  If it's open use, with citation, no changes, etc.",
        "ts": "1456959828.000037"
    },
    {
        "type": "message",
        "user": "U04BQ4FMC",
        "text": "The easier way is to create your own fan-generated logo, like the one your friend did - <@U0PCK9TKL>",
        "ts": "1456959888.000038"
    },
    {
        "type": "message",
        "user": "U0PCK9TKL",
        "text": "Woo fan art :)",
        "ts": "1456962685.000039"
    },
    {
        "type": "message",
        "user": "U0PCK9TKL",
        "text": "Yes it's not meant to be serious. But yes I do like openly joking about the illuminati ",
        "ts": "1456962850.000040"
    }
]