[
    {
        "user": "U0DKBHZN1",
        "type": "message",
        "subtype": "channel_join",
        "text": "<@U0DKBHZN1|nodes> has joined the channel",
        "ts": "1452767106.000010"
    },
    {
        "type": "message",
        "user": "U0474AYFT",
        "text": "<@U0JA3NQ11>: thanks! i'm really looking forward to see your designs!",
        "ts": "1452801289.000012"
    },
    {
        "type": "message",
        "user": "U0FESR742",
        "text": "Requesting a rough description for this group! If it doesn't have a specific need, maybe merge with general.",
        "ts": "1452804247.000013"
    },
    {
        "user": "U06AAH8F3",
        "purpose": "For discussion and collaboration on the creative product design side of Synereo including graphic design, UX design, inspirational multimedia, and relevant videos.",
        "type": "message",
        "subtype": "channel_purpose",
        "text": "<@U06AAH8F3|eeik> set the channel purpose: For discussion and collaboration on the creative product design side of Synereo including graphic design, UX design, inspirational multimedia, and relevant videos.",
        "ts": "1452811683.000014",
        "reactions": [
            {
                "name": "+1",
                "users": [
                    "U0474E4KZ"
                ],
                "count": 1
            }
        ]
    },
    {
        "type": "message",
        "user": "U06AAH8F3",
        "text": "I've updated this channel's purpose as I see that it aligns with the creative design process better than any other channel. Updating it's title to #design might be a more appropriate alteration than merging with <#C0474AT8X>.",
        "ts": "1452811834.000015",
        "reactions": [
            {
                "name": "+1",
                "users": [
                    "U0FESR742"
                ],
                "count": 1
            }
        ]
    }
]