[
    {
        "type": "message",
        "user": "U048T3M8W",
        "text": "Can we have such a kind of trailer for BTTF?\n<https:\/\/www.youtube.com\/watch?v=OvHVLHZiXHk>\nAnd probably <@U0474AYFT> on TEDx?\n<https:\/\/www.youtube.com\/watch?v=1_-2wOnkc_k>",
        "attachments": [
            {
                "service_name": "YouTube",
                "service_url": "https:\/\/www.youtube.com\/",
                "title": "URBANFARMERS image film (English)",
                "title_link": "https:\/\/www.youtube.com\/watch?v=OvHVLHZiXHk",
                "author_name": "UrbanFarmersCH",
                "author_link": "https:\/\/www.youtube.com\/user\/UrbanFarmersCH",
                "thumb_url": "https:\/\/i.ytimg.com\/vi\/OvHVLHZiXHk\/hqdefault.jpg",
                "thumb_width": 480,
                "thumb_height": 360,
                "fallback": "YouTube Video: URBANFARMERS image film (English)",
                "video_html": "<iframe width=\"400\" height=\"225\" src=\"https:\/\/www.youtube.com\/embed\/OvHVLHZiXHk?feature=oembed&autoplay=1&iv_load_policy=3\" frameborder=\"0\" allowfullscreen><\/iframe>",
                "video_html_width": 400,
                "video_html_height": 225,
                "from_url": "https:\/\/www.youtube.com\/watch?v=OvHVLHZiXHk",
                "id": 1
            },
            {
                "service_name": "YouTube",
                "service_url": "https:\/\/www.youtube.com\/",
                "title": "TEDxZurich - Molly Crockett - Drugs and morals",
                "title_link": "https:\/\/www.youtube.com\/watch?v=1_-2wOnkc_k",
                "author_name": "TEDx Talks",
                "author_link": "https:\/\/www.youtube.com\/user\/TEDxTalks",
                "thumb_url": "https:\/\/i.ytimg.com\/vi\/1_-2wOnkc_k\/hqdefault.jpg",
                "thumb_width": 480,
                "thumb_height": 360,
                "fallback": "YouTube Video: TEDxZurich - Molly Crockett - Drugs and morals",
                "video_html": "<iframe width=\"400\" height=\"225\" src=\"https:\/\/www.youtube.com\/embed\/1_-2wOnkc_k?feature=oembed&autoplay=1&iv_load_policy=3\" frameborder=\"0\" allowfullscreen><\/iframe>",
                "video_html_width": 400,
                "video_html_height": 225,
                "from_url": "https:\/\/www.youtube.com\/watch?v=1_-2wOnkc_k",
                "id": 2
            }
        ],
        "ts": "1458254023.000021",
        "reactions": [
            {
                "name": "simple_smile",
                "users": [
                    "U04BQ4FMC"
                ],
                "count": 1
            }
        ]
    },
    {
        "type": "message",
        "user": "U04BQ4FMC",
        "text": "I've got a guy who wants to make a proposal for a video, but he has to finish the project he's on now - should be soon..",
        "ts": "1458263188.000023"
    },
    {
        "user": "U0TJN6K09",
        "type": "message",
        "subtype": "channel_join",
        "text": "<@U0TJN6K09|agent_kat> has joined the channel",
        "ts": "1458268332.000024"
    },
    {
        "user": "U0TKLLX7Z",
        "type": "message",
        "subtype": "channel_join",
        "text": "<@U0TKLLX7Z|kennyrowe> has joined the channel",
        "ts": "1458279784.000025"
    }
]