[
    {
        "type": "message",
        "subtype": "file_share",
        "text": "<@U0474E4KZ|dor> uploaded a file: <https:\/\/synereonet.slack.com\/files\/dor\/F0LR1C3T8\/img_20160210_165715.jpg|:-)>",
        "file": {
            "id": "F0LR1C3T8",
            "created": 1455116284,
            "timestamp": 1455116284,
            "name": "IMG_20160210_165715.jpg",
            "title": ":-)",
            "mimetype": "image\/jpeg",
            "filetype": "jpg",
            "pretty_type": "JPEG",
            "user": "U0474E4KZ",
            "editable": false,
            "size": 2849881,
            "mode": "hosted",
            "is_external": false,
            "external_type": "",
            "is_public": true,
            "public_url_shared": false,
            "display_as_bot": false,
            "username": "",
            "url_private": "https:\/\/files.slack.com\/files-pri\/T0474AT8K-F0LR1C3T8\/img_20160210_165715.jpg?t=xoxe-4242367291-30199722806-30156974547-d9aca652b4",
            "url_private_download": "https:\/\/files.slack.com\/files-pri\/T0474AT8K-F0LR1C3T8\/download\/img_20160210_165715.jpg?t=xoxe-4242367291-30199722806-30156974547-d9aca652b4",
            "thumb_64": "https:\/\/files.slack.com\/files-tmb\/T0474AT8K-F0LR1C3T8-d5caf241cf\/img_20160210_165715_64.jpg?t=xoxe-4242367291-30199722806-30156974547-d9aca652b4",
            "thumb_80": "https:\/\/files.slack.com\/files-tmb\/T0474AT8K-F0LR1C3T8-d5caf241cf\/img_20160210_165715_80.jpg?t=xoxe-4242367291-30199722806-30156974547-d9aca652b4",
            "thumb_360": "https:\/\/files.slack.com\/files-tmb\/T0474AT8K-F0LR1C3T8-d5caf241cf\/img_20160210_165715_360.jpg?t=xoxe-4242367291-30199722806-30156974547-d9aca652b4",
            "thumb_360_w": 360,
            "thumb_360_h": 270,
            "thumb_480": "https:\/\/files.slack.com\/files-tmb\/T0474AT8K-F0LR1C3T8-d5caf241cf\/img_20160210_165715_480.jpg?t=xoxe-4242367291-30199722806-30156974547-d9aca652b4",
            "thumb_480_w": 480,
            "thumb_480_h": 360,
            "thumb_160": "https:\/\/files.slack.com\/files-tmb\/T0474AT8K-F0LR1C3T8-d5caf241cf\/img_20160210_165715_160.jpg?t=xoxe-4242367291-30199722806-30156974547-d9aca652b4",
            "thumb_720": "https:\/\/files.slack.com\/files-tmb\/T0474AT8K-F0LR1C3T8-d5caf241cf\/img_20160210_165715_720.jpg?t=xoxe-4242367291-30199722806-30156974547-d9aca652b4",
            "thumb_720_w": 720,
            "thumb_720_h": 540,
            "thumb_960": "https:\/\/files.slack.com\/files-tmb\/T0474AT8K-F0LR1C3T8-d5caf241cf\/img_20160210_165715_960.jpg?t=xoxe-4242367291-30199722806-30156974547-d9aca652b4",
            "thumb_960_w": 960,
            "thumb_960_h": 720,
            "thumb_1024": "https:\/\/files.slack.com\/files-tmb\/T0474AT8K-F0LR1C3T8-d5caf241cf\/img_20160210_165715_1024.jpg?t=xoxe-4242367291-30199722806-30156974547-d9aca652b4",
            "thumb_1024_w": 1024,
            "thumb_1024_h": 768,
            "image_exif_rotation": 1,
            "original_w": 4128,
            "original_h": 3096,
            "permalink": "https:\/\/synereonet.slack.com\/files\/dor\/F0LR1C3T8\/img_20160210_165715.jpg",
            "permalink_public": "https:\/\/slack-files.com\/T0474AT8K-F0LR1C3T8-035274684b",
            "channels": [
                "C0474CWNK"
            ],
            "groups": [
    
            ],
            "ims": [
    
            ],
            "comments_count": 0
        },
        "user": "U0474E4KZ",
        "upload": true,
        "display_as_bot": false,
        "username": "<@U0474E4KZ|dor>",
        "bot_id": null,
        "ts": "1455116292.000044"
    },
    {
        "type": "message",
        "user": "U0474E4KZ",
        "text": "(I love invision) ",
        "ts": "1455116344.000045"
    }
]