[
    {
        "type": "message",
        "user": "U0JA3NQ11",
        "text": "<!channel>: Thank you all for the feedback here and in the Hangouts. It is much appreciated. \n\nI'd like to reiterate that we are in very early stages of product planning and design. Eric, Noy, Dor, Greg and I are working together at this point to rough out the possibilities and start to uncover all the paths of inquiry that naturally are uncovered by each new step in the \"what to design next\" process. \n\nWe will be sharing mostly UI wireframes for the near future to get through the \"Current UX Focus Phases\": <https:\/\/synereonet.slack.com\/files\/eeik\/F0L7HKUBU\/2016.02.04_-_current_ux_focus_phases.pdf>\n\nAlso, note, the current assumption we are making is that the target audience for the initial Minimum Lovable Product we're roughing out is the bitcoin tech, hacker, and generally tech savvy enthusiasts.",
        "ts": "1454714870.000028",
        "reactions": [
            {
                "name": "dart",
                "users": [
                    "U04BQ4FMC"
                ],
                "count": 1
            }
        ]
    },
    {
        "type": "message",
        "subtype": "file_mention",
        "text": "<@U0JA3NQ11|dina> mentioned a file: <https:\/\/synereonet.slack.com\/files\/eeik\/F0L7HKUBU\/2016.02.04_-_current_ux_focus_phases.pdf|2016.02.04 - Current UX Focus Phases.pdf>",
        "file": {
            "id": "F0L7HKUBU",
            "created": 1454531231,
            "timestamp": 1454531231,
            "name": "2016.02.04 - Current UX Focus Phases.pdf",
            "title": "2016.02.04 - Current UX Focus Phases.pdf",
            "mimetype": "application\/pdf",
            "filetype": "pdf",
            "pretty_type": "PDF",
            "user": "U06AAH8F3",
            "editable": false,
            "size": 80311,
            "mode": "hosted",
            "is_external": false,
            "external_type": "",
            "is_public": true,
            "public_url_shared": false,
            "display_as_bot": false,
            "username": "",
            "url_private": "https:\/\/files.slack.com\/files-pri\/T0474AT8K-F0L7HKUBU\/2016.02.04_-_current_ux_focus_phases.pdf?t=xoxe-4242367291-30199722806-30156974547-d9aca652b4",
            "url_private_download": "https:\/\/files.slack.com\/files-pri\/T0474AT8K-F0L7HKUBU\/download\/2016.02.04_-_current_ux_focus_phases.pdf?t=xoxe-4242367291-30199722806-30156974547-d9aca652b4",
            "permalink": "https:\/\/synereonet.slack.com\/files\/eeik\/F0L7HKUBU\/2016.02.04_-_current_ux_focus_phases.pdf",
            "permalink_public": "https:\/\/slack-files.com\/T0474AT8K-F0L7HKUBU-fb0beef6ca",
            "channels": [
                "C0474CWNK"
            ],
            "groups": [
    
            ],
            "ims": [
    
            ],
            "comments_count": 1,
            "initial_comment": {
                "id": "Fc0L7EDBGB",
                "created": 1454531231,
                "timestamp": 1454531231,
                "user": "U06AAH8F3",
                "comment": "Thanks for your attention today everyone! As presented, our current UX focus phases are as follows..."
            }
        },
        "user": "U0JA3NQ11",
        "ts": "1454714871.000029"
    },
    {
        "user": "U0J9CQF9S",
        "type": "message",
        "subtype": "channel_join",
        "text": "<@U0J9CQF9S|shdwdm> has joined the channel",
        "ts": "1454717322.000030"
    },
    {
        "type": "message",
        "user": "U0FESR742",
        "text": "Great stuff so far. I think the biggest concern from a community standpoint is people's urge to jump in with judgement and coldness first. The best thing we can do is talk in a way that \"gives room\" to the designers, expands their choices, not limits their choices. Dina and Eric, amazing work and very professional approach, bravo!",
        "ts": "1454738715.000031"
    }
]