[
    {
        "type": "message",
        "user": "U048T3M8W",
        "text": "There are more companies in the RuleBased, SmartContract playing with drop like images. <https:\/\/www.google.nl\/maps\/uv?hl=en&amp;pb=!1s0x47c6ee655974dd4d:0xb7af7300feba324f!2m5!2m2!1i80!2i80!3m1!2i100!3m1!7e1!4s\/\/plus.google.com\/photos\/photo\/114612930488879409891\/5985054284200661874!5sblueriq+-+Google+Search&amp;sa=X&amp;ved=0ahUKEwik_Z7l58TLAhXGPhQKHQ3iCDQQoioIaDAM>",
        "ts": "1458118374.000003"
    },
    {
        "type": "message",
        "user": "U04BQ4FMC",
        "text": "Originality is an illusion best enjoyed alone.",
        "ts": "1458128530.000004"
    },
    {
        "type": "message",
        "user": "U048T3M8W",
        "text": "<@U0PCK9TKL> Do you know who won the war between France and UK. That war with Napoleon at Waterloo?",
        "ts": "1458139836.000005"
    },
    {
        "type": "message",
        "user": "U0PCK9TKL",
        "text": "France lost",
        "ts": "1458139914.000006"
    },
    {
        "type": "message",
        "user": "U0PCK9TKL",
        "text": "Correct?",
        "ts": "1458139923.000007"
    },
    {
        "type": "message",
        "user": "U048T3M8W",
        "text": "But the UK also. In fact it was Rothschild who won that war with trading his war-bonds and making 6000% of profit in one single day. That was the start of the illuminati :wink:",
        "ts": "1458140042.000008"
    },
    {
        "type": "message",
        "user": "U0PCK9TKL",
        "text": "Lol",
        "ts": "1458140057.000009"
    },
    {
        "type": "message",
        "user": "U0PCK9TKL",
        "text": "That's so evil",
        "ts": "1458140066.000010"
    },
    {
        "type": "message",
        "user": "U048X85UT",
        "text": "the dawning of the information war",
        "ts": "1458140184.000011"
    },
    {
        "type": "message",
        "user": "U048T3M8W",
        "text": "Have a fast horse and good sailing boat :simple_smile:",
        "ts": "1458140303.000012"
    },
    {
        "type": "message",
        "user": "U04BQ4FMC",
        "text": "<#C0474AT8Z>",
        "ts": "1458140319.000013",
        "reactions": [
            {
                "name": "man_in_business_suit_levitating",
                "users": [
                    "U04BQ4FMC"
                ],
                "count": 1
            }
        ]
    },
    {
        "type": "message",
        "user": "U04GDL62L",
        "text": "<@U048T3M8W>: please re-post the link you shared above. I'd like to see, but for me it leads to a blank page. page source reveals <https:\/\/www.blueriq.com> but ik spreek niet goed Nederlands.",
        "ts": "1458148627.000014"
    },
    {
        "type": "message",
        "user": "U04BQ4FMC",
        "text": "it works for me - just shows a design scheme similar to synereo's",
        "ts": "1458149219.000015"
    },
    {
        "type": "message",
        "user": "U04BQ4FMC",
        "text": "logo",
        "ts": "1458149224.000016"
    },
    {
        "user": "U048RB6E6",
        "type": "message",
        "subtype": "channel_join",
        "text": "<@U048RB6E6|grumpy> has joined the channel",
        "ts": "1458158395.000017"
    },
    {
        "type": "message",
        "user": "U048RB6E6",
        "text": "the MLP prototype design is nice, good job, as nice as the login prototype page we saw in a hangout some times ago",
        "edited": {
            "user": "U048RB6E6",
            "ts": "1458158801.000000"
        },
        "ts": "1458158420.000018",
        "reactions": [
            {
                "name": "white_check_mark",
                "users": [
                    "U049CMCCZ",
                    "U0474E4KZ"
                ],
                "count": 2
            },
            {
                "name": "+1",
                "users": [
                    "U06AAH8F3"
                ],
                "count": 1
            }
        ]
    },
    {
        "user": "U07N27RCH",
        "type": "message",
        "subtype": "channel_join",
        "text": "<@U07N27RCH|klemenito7> has joined the channel",
        "ts": "1458180723.000020"
    }
]