[
    {
        "user": "U0PCK9TKL",
        "type": "message",
        "subtype": "channel_join",
        "text": "<@U0PCK9TKL|dj.ruesue> has joined the channel",
        "ts": "1456858599.000029"
    },
    {
        "type": "message",
        "user": "U0474AYFT",
        "text": "Wow!",
        "ts": "1456882680.000030"
    },
    {
        "user": "U0PR49KPS",
        "type": "message",
        "subtype": "channel_join",
        "text": "<@U0PR49KPS|dcblockchain> has joined the channel",
        "ts": "1456886218.000031"
    }
]