[
    {
        "type": "message",
        "subtype": "file_share",
        "text": "<@U06AAH8F3|eeik> uploaded a file: <https:\/\/synereonet.slack.com\/files\/eeik\/F0L7HKUBU\/2016.02.04_-_current_ux_focus_phases.pdf|2016.02.04 - Current UX Focus Phases.pdf> and commented: Thanks for your attention today everyone! As presented, our current UX focus phases are as follows...",
        "file": {
            "id": "F0L7HKUBU",
            "created": 1454531231,
            "timestamp": 1454531231,
            "name": "2016.02.04 - Current UX Focus Phases.pdf",
            "title": "2016.02.04 - Current UX Focus Phases.pdf",
            "mimetype": "application\/pdf",
            "filetype": "pdf",
            "pretty_type": "PDF",
            "user": "U06AAH8F3",
            "editable": false,
            "size": 80311,
            "mode": "hosted",
            "is_external": false,
            "external_type": "",
            "is_public": true,
            "public_url_shared": false,
            "display_as_bot": false,
            "username": "",
            "url_private": "https:\/\/files.slack.com\/files-pri\/T0474AT8K-F0L7HKUBU\/2016.02.04_-_current_ux_focus_phases.pdf?t=xoxe-4242367291-30199722806-30156974547-d9aca652b4",
            "url_private_download": "https:\/\/files.slack.com\/files-pri\/T0474AT8K-F0L7HKUBU\/download\/2016.02.04_-_current_ux_focus_phases.pdf?t=xoxe-4242367291-30199722806-30156974547-d9aca652b4",
            "permalink": "https:\/\/synereonet.slack.com\/files\/eeik\/F0L7HKUBU\/2016.02.04_-_current_ux_focus_phases.pdf",
            "permalink_public": "https:\/\/slack-files.com\/T0474AT8K-F0L7HKUBU-fb0beef6ca",
            "channels": [
                "C0474CWNK"
            ],
            "groups": [
    
            ],
            "ims": [
    
            ],
            "comments_count": 1,
            "initial_comment": {
                "id": "Fc0L7EDBGB",
                "created": 1454531231,
                "timestamp": 1454531231,
                "user": "U06AAH8F3",
                "comment": "Thanks for your attention today everyone! As presented, our current UX focus phases are as follows..."
            }
        },
        "user": "U06AAH8F3",
        "upload": true,
        "display_as_bot": false,
        "username": "<@U06AAH8F3|eeik>",
        "bot_id": null,
        "ts": "1454531232.000002"
    },
    {
        "type": "message",
        "user": "U048T3M8W",
        "text": "Great. I will work on the summary of what has been discussed solar.",
        "ts": "1454531277.000003"
    },
    {
        "type": "message",
        "subtype": "file_share",
        "text": "<@U06AAH8F3|eeik> uploaded a file: <https:\/\/synereonet.slack.com\/files\/eeik\/F0L7J6QPR\/2016.02.03_-_ux_sprint_0_intro.pptx|2016.02.03 - UX Sprint 0 Intro.pptx> and commented: Narrowing our focus for UX explorations. This deck is a work in progress, but for now, I'd love to hear your feedback following today's HOA. Feel free to PM me with direct feedback!",
        "file": {
            "id": "F0L7J6QPR",
            "created": 1454531612,
            "timestamp": 1454531612,
            "name": "2016.02.03 - UX Sprint 0 Intro.pptx",
            "title": "2016.02.03 - UX Sprint 0 Intro.pptx",
            "mimetype": "application\/vnd.openxmlformats-officedocument.presentationml.presentation",
            "filetype": "pptx",
            "pretty_type": "PowerPoint Presentation",
            "user": "U06AAH8F3",
            "editable": false,
            "size": 886590,
            "mode": "hosted",
            "is_external": false,
            "external_type": "",
            "is_public": true,
            "public_url_shared": false,
            "display_as_bot": false,
            "username": "",
            "url_private": "https:\/\/files.slack.com\/files-pri\/T0474AT8K-F0L7J6QPR\/2016.02.03_-_ux_sprint_0_intro.pptx?t=xoxe-4242367291-30199722806-30156974547-d9aca652b4",
            "url_private_download": "https:\/\/files.slack.com\/files-pri\/T0474AT8K-F0L7J6QPR\/download\/2016.02.03_-_ux_sprint_0_intro.pptx?t=xoxe-4242367291-30199722806-30156974547-d9aca652b4",
            "permalink": "https:\/\/synereonet.slack.com\/files\/eeik\/F0L7J6QPR\/2016.02.03_-_ux_sprint_0_intro.pptx",
            "permalink_public": "https:\/\/slack-files.com\/T0474AT8K-F0L7J6QPR-c0fee66161",
            "channels": [
                "C0474CWNK"
            ],
            "groups": [
    
            ],
            "ims": [
    
            ],
            "comments_count": 1,
            "initial_comment": {
                "id": "Fc0L7C0C8L",
                "created": 1454531612,
                "timestamp": 1454531612,
                "user": "U06AAH8F3",
                "comment": "Narrowing our focus for UX explorations. This deck is a work in progress, but for now, I'd love to hear your feedback following today's HOA. Feel free to PM me with direct feedback!"
            }
        },
        "user": "U06AAH8F3",
        "upload": true,
        "display_as_bot": false,
        "username": "<@U06AAH8F3|eeik>",
        "bot_id": null,
        "ts": "1454531613.000004"
    },
    {
        "type": "message",
        "subtype": "file_share",
        "text": "<@U0JA3NQ11|dina> uploaded a file: <https:\/\/synereonet.slack.com\/files\/dina\/F0L8AKMJN\/login_nodes.jpg|Login Nodes.jpg> and commented: This is the proposed flow for v1 login based on the feedback from the hangout today",
        "file": {
            "id": "F0L8AKMJN",
            "created": 1454550619,
            "timestamp": 1454550619,
            "name": "Login Nodes.jpg",
            "title": "Login Nodes.jpg",
            "mimetype": "image\/jpeg",
            "filetype": "jpg",
            "pretty_type": "JPEG",
            "user": "U0JA3NQ11",
            "editable": false,
            "size": 647343,
            "mode": "hosted",
            "is_external": false,
            "external_type": "",
            "is_public": true,
            "public_url_shared": false,
            "display_as_bot": false,
            "username": "",
            "url_private": "https:\/\/files.slack.com\/files-pri\/T0474AT8K-F0L8AKMJN\/login_nodes.jpg?t=xoxe-4242367291-30199722806-30156974547-d9aca652b4",
            "url_private_download": "https:\/\/files.slack.com\/files-pri\/T0474AT8K-F0L8AKMJN\/download\/login_nodes.jpg?t=xoxe-4242367291-30199722806-30156974547-d9aca652b4",
            "thumb_64": "https:\/\/files.slack.com\/files-tmb\/T0474AT8K-F0L8AKMJN-6e1d3ff607\/login_nodes_64.jpg?t=xoxe-4242367291-30199722806-30156974547-d9aca652b4",
            "thumb_80": "https:\/\/files.slack.com\/files-tmb\/T0474AT8K-F0L8AKMJN-6e1d3ff607\/login_nodes_80.jpg?t=xoxe-4242367291-30199722806-30156974547-d9aca652b4",
            "thumb_360": "https:\/\/files.slack.com\/files-tmb\/T0474AT8K-F0L8AKMJN-6e1d3ff607\/login_nodes_360.jpg?t=xoxe-4242367291-30199722806-30156974547-d9aca652b4",
            "thumb_360_w": 360,
            "thumb_360_h": 228,
            "thumb_480": "https:\/\/files.slack.com\/files-tmb\/T0474AT8K-F0L8AKMJN-6e1d3ff607\/login_nodes_480.jpg?t=xoxe-4242367291-30199722806-30156974547-d9aca652b4",
            "thumb_480_w": 480,
            "thumb_480_h": 304,
            "thumb_160": "https:\/\/files.slack.com\/files-tmb\/T0474AT8K-F0L8AKMJN-6e1d3ff607\/login_nodes_160.jpg?t=xoxe-4242367291-30199722806-30156974547-d9aca652b4",
            "thumb_720": "https:\/\/files.slack.com\/files-tmb\/T0474AT8K-F0L8AKMJN-6e1d3ff607\/login_nodes_720.jpg?t=xoxe-4242367291-30199722806-30156974547-d9aca652b4",
            "thumb_720_w": 720,
            "thumb_720_h": 455,
            "thumb_960": "https:\/\/files.slack.com\/files-tmb\/T0474AT8K-F0L8AKMJN-6e1d3ff607\/login_nodes_960.jpg?t=xoxe-4242367291-30199722806-30156974547-d9aca652b4",
            "thumb_960_w": 960,
            "thumb_960_h": 607,
            "thumb_1024": "https:\/\/files.slack.com\/files-tmb\/T0474AT8K-F0L8AKMJN-6e1d3ff607\/login_nodes_1024.jpg?t=xoxe-4242367291-30199722806-30156974547-d9aca652b4",
            "thumb_1024_w": 1024,
            "thumb_1024_h": 648,
            "image_exif_rotation": 1,
            "original_w": 2000,
            "original_h": 1265,
            "permalink": "https:\/\/synereonet.slack.com\/files\/dina\/F0L8AKMJN\/login_nodes.jpg",
            "permalink_public": "https:\/\/slack-files.com\/T0474AT8K-F0L8AKMJN-395fa1a582",
            "channels": [
                "C0474CWNK"
            ],
            "groups": [
    
            ],
            "ims": [
    
            ],
            "comments_count": 2,
            "initial_comment": {
                "id": "Fc0L87DTDH",
                "created": 1454550619,
                "timestamp": 1454550619,
                "user": "U0JA3NQ11",
                "comment": "This is the proposed flow for v1 login based on the feedback from the hangout today"
            }
        },
        "user": "U0JA3NQ11",
        "upload": true,
        "display_as_bot": false,
        "username": "<@U0JA3NQ11|dina>",
        "bot_id": null,
        "ts": "1454550622.000005"
    },
    {
        "type": "message",
        "subtype": "file_comment",
        "text": "<@U06AAH8F3|eeik> commented on <@U0JA3NQ11|dina>'s file <https:\/\/synereonet.slack.com\/files\/dina\/F0L8AKMJN\/login_nodes.jpg|Login Nodes.jpg>: Additionally, this does not *yet* include the \"stand up your own node\" path but it will be folded in via \"Create Node\" in the upper right of the screens.",
        "file": {
            "id": "F0L8AKMJN",
            "created": 1454550619,
            "timestamp": 1454550619,
            "name": "Login Nodes.jpg",
            "title": "Login Nodes.jpg",
            "mimetype": "image\/jpeg",
            "filetype": "jpg",
            "pretty_type": "JPEG",
            "user": "U0JA3NQ11",
            "editable": false,
            "size": 647343,
            "mode": "hosted",
            "is_external": false,
            "external_type": "",
            "is_public": true,
            "public_url_shared": false,
            "display_as_bot": false,
            "username": "",
            "url_private": "https:\/\/files.slack.com\/files-pri\/T0474AT8K-F0L8AKMJN\/login_nodes.jpg?t=xoxe-4242367291-30199722806-30156974547-d9aca652b4",
            "url_private_download": "https:\/\/files.slack.com\/files-pri\/T0474AT8K-F0L8AKMJN\/download\/login_nodes.jpg?t=xoxe-4242367291-30199722806-30156974547-d9aca652b4",
            "thumb_64": "https:\/\/files.slack.com\/files-tmb\/T0474AT8K-F0L8AKMJN-6e1d3ff607\/login_nodes_64.jpg?t=xoxe-4242367291-30199722806-30156974547-d9aca652b4",
            "thumb_80": "https:\/\/files.slack.com\/files-tmb\/T0474AT8K-F0L8AKMJN-6e1d3ff607\/login_nodes_80.jpg?t=xoxe-4242367291-30199722806-30156974547-d9aca652b4",
            "thumb_360": "https:\/\/files.slack.com\/files-tmb\/T0474AT8K-F0L8AKMJN-6e1d3ff607\/login_nodes_360.jpg?t=xoxe-4242367291-30199722806-30156974547-d9aca652b4",
            "thumb_360_w": 360,
            "thumb_360_h": 228,
            "thumb_480": "https:\/\/files.slack.com\/files-tmb\/T0474AT8K-F0L8AKMJN-6e1d3ff607\/login_nodes_480.jpg?t=xoxe-4242367291-30199722806-30156974547-d9aca652b4",
            "thumb_480_w": 480,
            "thumb_480_h": 304,
            "thumb_160": "https:\/\/files.slack.com\/files-tmb\/T0474AT8K-F0L8AKMJN-6e1d3ff607\/login_nodes_160.jpg?t=xoxe-4242367291-30199722806-30156974547-d9aca652b4",
            "thumb_720": "https:\/\/files.slack.com\/files-tmb\/T0474AT8K-F0L8AKMJN-6e1d3ff607\/login_nodes_720.jpg?t=xoxe-4242367291-30199722806-30156974547-d9aca652b4",
            "thumb_720_w": 720,
            "thumb_720_h": 455,
            "thumb_960": "https:\/\/files.slack.com\/files-tmb\/T0474AT8K-F0L8AKMJN-6e1d3ff607\/login_nodes_960.jpg?t=xoxe-4242367291-30199722806-30156974547-d9aca652b4",
            "thumb_960_w": 960,
            "thumb_960_h": 607,
            "thumb_1024": "https:\/\/files.slack.com\/files-tmb\/T0474AT8K-F0L8AKMJN-6e1d3ff607\/login_nodes_1024.jpg?t=xoxe-4242367291-30199722806-30156974547-d9aca652b4",
            "thumb_1024_w": 1024,
            "thumb_1024_h": 648,
            "image_exif_rotation": 1,
            "original_w": 2000,
            "original_h": 1265,
            "permalink": "https:\/\/synereonet.slack.com\/files\/dina\/F0L8AKMJN\/login_nodes.jpg",
            "permalink_public": "https:\/\/slack-files.com\/T0474AT8K-F0L8AKMJN-395fa1a582",
            "channels": [
                "C0474CWNK"
            ],
            "groups": [
    
            ],
            "ims": [
    
            ],
            "comments_count": 2,
            "initial_comment": {
                "id": "Fc0L87DTDH",
                "created": 1454550619,
                "timestamp": 1454550619,
                "user": "U0JA3NQ11",
                "comment": "This is the proposed flow for v1 login based on the feedback from the hangout today"
            }
        },
        "comment": {
            "id": "Fc0L87R7AP",
            "created": 1454551110,
            "timestamp": 1454551110,
            "user": "U06AAH8F3",
            "comment": "Additionally, this does not *yet* include the \"stand up your own node\" path but it will be folded in via \"Create Node\" in the upper right of the screens."
        },
        "ts": "1454551110.000006"
    },
    {
        "type": "message",
        "user": "U048T3M8W",
        "text": "With deep respect for the designers I have listened in the HOA to their explanation of the design. It must be the result of a careful study, analyse and creative thinking of what Synereo is supposed to be. What Dina and Eric have shown until now, is simply amazing. :+1: :+1: But I feel ashamed of our reactions on the presented icon at the login page. :imp: :imp: :imp:Within 10 seconds the judgement about the icon was set. No further exploration about the deeper thoughts behind the icon happened. No, instead the group thought it could be something completely different. Poor proposals popped up suddenly. :rage: I mean that's unthinkable! :confounded:That's not the way to go forward. We must remember that we are only in an advisable role towards design.  :innocent: We are only allowed to enrich their thinking. So next time we must be much more humble and give them more input for design. :kissing_heart:",
        "edited": {
            "user": "U048T3M8W",
            "ts": "1454572239.000000"
        },
        "ts": "1454571755.000008",
        "reactions": [
            {
                "name": "+1",
                "users": [
                    "U0FESR742"
                ],
                "count": 1
            }
        ]
    },
    {
        "type": "message",
        "user": "U048T3M8W",
        "text": "<http:\/\/i.imgur.com\/bxiK3bl.jpg>",
        "attachments": [
            {
                "fallback": "255x297px image",
                "image_url": "http:\/\/i.imgur.com\/bxiK3bl.jpg",
                "image_width": 255,
                "image_height": 297,
                "image_bytes": 15068,
                "from_url": "http:\/\/i.imgur.com\/bxiK3bl.jpg",
                "id": 1
            }
        ],
        "ts": "1454572671.000015"
    }
]