[
    {
        "type": "message",
        "subtype": "file_share",
        "text": "<@U0JA3NQ11|dina> uploaded a file: <https:\/\/synereonet.slack.com\/files\/dina\/F0JDSP7S6\/intro_design_to_communitee_-_synereo.pptx|Design introduction to Synereo community.pptx> and commented: Hey everyone. This is the deck that I shared on the Wednesday hangout.  If you have any thoughts, feedback, or the design skills noted in this deck I'd love to chat.",
        "file": {
            "id": "F0JDSP7S6",
            "created": 1452756184,
            "timestamp": 1452756184,
            "name": "Intro design to communitee - Synereo.pptx",
            "title": "Design introduction to Synereo community.pptx",
            "mimetype": "application\/vnd.openxmlformats-officedocument.presentationml.presentation",
            "filetype": "pptx",
            "pretty_type": "PowerPoint Presentation",
            "user": "U0JA3NQ11",
            "editable": false,
            "size": 553666,
            "mode": "hosted",
            "is_external": false,
            "external_type": "",
            "is_public": true,
            "public_url_shared": false,
            "display_as_bot": false,
            "username": "",
            "url_private": "https:\/\/files.slack.com\/files-pri\/T0474AT8K-F0JDSP7S6\/intro_design_to_communitee_-_synereo.pptx?t=xoxe-4242367291-30199722806-30156974547-d9aca652b4",
            "url_private_download": "https:\/\/files.slack.com\/files-pri\/T0474AT8K-F0JDSP7S6\/download\/intro_design_to_communitee_-_synereo.pptx?t=xoxe-4242367291-30199722806-30156974547-d9aca652b4",
            "permalink": "https:\/\/synereonet.slack.com\/files\/dina\/F0JDSP7S6\/intro_design_to_communitee_-_synereo.pptx",
            "permalink_public": "https:\/\/slack-files.com\/T0474AT8K-F0JDSP7S6-34a21a4594",
            "channels": [
                "C0474CWNK"
            ],
            "groups": [
    
            ],
            "ims": [
    
            ],
            "comments_count": 1,
            "initial_comment": {
                "id": "Fc0JDSTDNJ",
                "created": 1452756184,
                "timestamp": 1452756184,
                "user": "U0JA3NQ11",
                "comment": "Hey everyone. This is the deck that I shared on the Wednesday hangout.  If you have any thoughts, feedback, or the design skills noted in this deck I'd love to chat."
            },
            "reactions": [
                {
                    "name": "+1",
                    "users": [
                        "U0474E4KZ"
                    ],
                    "count": 1
                }
            ]
        },
        "user": "U0JA3NQ11",
        "upload": true,
        "display_as_bot": false,
        "username": "<@U0JA3NQ11|dina>",
        "bot_id": null,
        "ts": "1452756184.000009"
    }
]