[
    {
        "type": "message",
        "user": "U0474E4KZ",
        "text": "<http:\/\/www.forbes.com\/sites\/kathleenchaykowski\/2016\/02\/24\/facebook-no-longer-just-has-a-like-button-thanks-to-global-launch-of-emoji-reactions\/#5abae4d64994>",
        "attachments": [
            {
                "service_name": "Forbes",
                "title": "Facebook No Longer Just Has A 'Like' Button, Thanks To Global Launch Of Emoji 'Reactions'",
                "title_link": "http:\/\/www.forbes.com\/sites\/kathleenchaykowski\/2016\/02\/24\/facebook-no-longer-just-has-a-like-button-thanks-to-global-launch-of-emoji-reactions\/#5abae4d64994",
                "text": "After more than a year of working to build alternatives to its trademark \"like\" button, Facebook has globally launched emoji 'Reactions.'",
                "fallback": "Forbes: Facebook No Longer Just Has A 'Like' Button, Thanks To Global Launch Of Emoji 'Reactions'",
                "image_url": "http:\/\/blogs-images.forbes.com\/kathleenchaykowski\/files\/2016\/02\/Reactions-Graphics-1200x675.png",
                "from_url": "http:\/\/www.forbes.com\/sites\/kathleenchaykowski\/2016\/02\/24\/facebook-no-longer-just-has-a-like-button-thanks-to-global-launch-of-emoji-reactions\/#5abae4d64994",
                "image_width": 444,
                "image_height": 250,
                "image_bytes": 86547,
                "id": 1
            }
        ],
        "ts": "1456322947.000008"
    },
    {
        "type": "message",
        "user": "U0J9CQF9S",
        "text": "God that's just sad as hell..",
        "ts": "1456330826.000010"
    },
    {
        "type": "message",
        "user": "U0474E4KZ",
        "text": "Why do you think? ",
        "ts": "1456333728.000011"
    },
    {
        "type": "message",
        "user": "U0J9CQF9S",
        "text": "Multi billion dollar company's new feature is emoji. I would kill myself if i worked for Facebook.",
        "edited": {
            "user": "U0J9CQF9S",
            "ts": "1456334170.000000"
        },
        "ts": "1456334144.000012"
    },
    {
        "type": "message",
        "subtype": "file_share",
        "text": "<@U0J9CQF9S|shdwdm> uploaded a file: <https:\/\/synereonet.slack.com\/files\/shdwdm\/F0NTA65KK\/gameification_synereo_model.odp|Gameification Synereo Model.odp>",
        "file": {
            "id": "F0NTA65KK",
            "created": 1456341822,
            "timestamp": 1456341822,
            "name": "Gameification Synereo Model.odp",
            "title": "Gameification Synereo Model.odp",
            "mimetype": "application\/zip",
            "filetype": "zip",
            "pretty_type": "Zip",
            "user": "U0J9CQF9S",
            "editable": false,
            "size": 26683780,
            "mode": "hosted",
            "is_external": false,
            "external_type": "",
            "is_public": true,
            "public_url_shared": false,
            "display_as_bot": false,
            "username": "",
            "url_private": "https:\/\/files.slack.com\/files-pri\/T0474AT8K-F0NTA65KK\/gameification_synereo_model.odp?t=xoxe-4242367291-30199722806-30156974547-d9aca652b4",
            "url_private_download": "https:\/\/files.slack.com\/files-pri\/T0474AT8K-F0NTA65KK\/download\/gameification_synereo_model.odp?t=xoxe-4242367291-30199722806-30156974547-d9aca652b4",
            "permalink": "https:\/\/synereonet.slack.com\/files\/shdwdm\/F0NTA65KK\/gameification_synereo_model.odp",
            "permalink_public": "https:\/\/slack-files.com\/T0474AT8K-F0NTA65KK-a3808dfebb",
            "channels": [
                "C0474CWNK"
            ],
            "groups": [
    
            ],
            "ims": [
    
            ],
            "comments_count": 0
        },
        "user": "U0J9CQF9S",
        "upload": true,
        "display_as_bot": false,
        "username": "<@U0J9CQF9S|shdwdm>",
        "bot_id": null,
        "ts": "1456341824.000015"
    },
    {
        "type": "message",
        "subtype": "file_share",
        "text": "<@U0J9CQF9S|shdwdm> uploaded a file: <https:\/\/synereonet.slack.com\/files\/shdwdm\/F0NTA4QQ7\/gameification_synereo_model.pdf|Gameification Synereo Model.pdf>",
        "file": {
            "id": "F0NTA4QQ7",
            "created": 1456341887,
            "timestamp": 1456341887,
            "name": "Gameification Synereo Model.pdf",
            "title": "Gameification Synereo Model.pdf",
            "mimetype": "application\/pdf",
            "filetype": "pdf",
            "pretty_type": "PDF",
            "user": "U0J9CQF9S",
            "editable": false,
            "size": 17604958,
            "mode": "hosted",
            "is_external": false,
            "external_type": "",
            "is_public": true,
            "public_url_shared": false,
            "display_as_bot": false,
            "username": "",
            "url_private": "https:\/\/files.slack.com\/files-pri\/T0474AT8K-F0NTA4QQ7\/gameification_synereo_model.pdf?t=xoxe-4242367291-30199722806-30156974547-d9aca652b4",
            "url_private_download": "https:\/\/files.slack.com\/files-pri\/T0474AT8K-F0NTA4QQ7\/download\/gameification_synereo_model.pdf?t=xoxe-4242367291-30199722806-30156974547-d9aca652b4",
            "permalink": "https:\/\/synereonet.slack.com\/files\/shdwdm\/F0NTA4QQ7\/gameification_synereo_model.pdf",
            "permalink_public": "https:\/\/slack-files.com\/T0474AT8K-F0NTA4QQ7-65b8fb5c4e",
            "channels": [
                "C0474CWNK"
            ],
            "groups": [
    
            ],
            "ims": [
    
            ],
            "comments_count": 0,
            "num_stars": 1,
            "reactions": [
                {
                    "name": "clap",
                    "users": [
                        "U04BQ4FMC"
                    ],
                    "count": 1
                },
                {
                    "name": "heart",
                    "users": [
                        "U048X85UT"
                    ],
                    "count": 1
                }
            ]
        },
        "user": "U0J9CQF9S",
        "upload": true,
        "display_as_bot": false,
        "username": "<@U0J9CQF9S|shdwdm>",
        "bot_id": null,
        "ts": "1456341890.000016"
    },
    {
        "type": "message",
        "user": "U0J9CQF9S",
        "text": "<https:\/\/youtu.be\/1Pzl6GVMi0Q>",
        "edited": {
            "user": "U0J9CQF9S",
            "ts": "1456352078.000000"
        },
        "ts": "1456352075.000019"
    }
]