[
    {
        "user": "U0LEE1H33",
        "type": "message",
        "subtype": "channel_join",
        "text": "<@U0LEE1H33|physiological_diver> has joined the channel",
        "ts": "1455024825.000039"
    },
    {
        "type": "message",
        "user": "U0JA3NQ11",
        "text": "Here is a *rough* click-through made with the sketches posted above. I'm testing out Invision for sharing and collaborating on flows. Let me know how you like using this tool. \n--&gt; <https:\/\/invis.io\/VJ5X1AQ9G>\n\nThis flow should do the trick for login if we provide a \"Synereo sandbox\" area for new users who do not yet want, or are not able\/willing to set up a node. Also note that the node listing area would obviously only be public nodes that are connected to and opting in as member nodes of the \"Synereo sandbox\". When a user creates a new node they can connect to \"Synereo sandbox\" to grow their initial network and have content from all the public nodes already hooked in to it. This would make the \"Synereo sandbox\" the \"centralish\" collection of nodes in the decentralized node network, or \"nodework\".",
        "attachments": [
            {
                "service_name": "InVision Share Link",
                "title": "Click here to view the project `Synereo Login`",
                "title_link": "https:\/\/invis.io\/VJ5X1AQ9G",
                "text": "MarcomPg",
                "fallback": "InVision Share Link: Click here to view the project `Synereo Login`",
                "image_url": "https:\/\/s3.invisionapp-cdn.com\/storage.invisionapp.com\/screens\/thumbnails\/133334578.gif?x-amz-meta-ck=7e5cd27eff67783f03274ba97ec56fab&response-cache-control=max-age%3D2419200&x-amz-meta-mdi=0&x-amz-meta-iv=1&AWSAccessKeyId=AKIAJFUMDU3L6GTLUDYA&Expires=1456808400&Signature=JjBl%2BQ5ouxPpXFJKThtlozkME9k%3D",
                "from_url": "https:\/\/invis.io\/VJ5X1AQ9G",
                "image_width": 370,
                "image_height": 249,
                "image_bytes": 37884,
                "id": 1
            }
        ],
        "ts": "1455087838.000040",
        "reactions": [
            {
                "name": "heart",
                "users": [
                    "U048T3M8W",
                    "U0474E4KZ"
                ],
                "count": 2
            }
        ]
    },
    {
        "type": "message",
        "user": "U048T3M8W",
        "text": "Great, awesome. Later a bit more feedback",
        "ts": "1455090753.000042"
    },
    {
        "type": "message",
        "user": "U048T3M8W",
        "text": ":+1::skin-tone-5:",
        "ts": "1455090767.000043"
    }
]