[
    {
        "type": "message",
        "user": "U048T3M8W",
        "text": "<http:\/\/www.thegrocer.co.uk\/Pictures\/web\/d\/c\/n\/kelloggs-special-_620.jpg> Do you think this is the right name for an essential world wide used protocol? I mean how much do we know about design?",
        "attachments": [
            {
                "fallback": "620x460px image",
                "image_url": "http:\/\/www.thegrocer.co.uk\/Pictures\/web\/d\/c\/n\/kelloggs-special-_620.jpg",
                "image_width": 620,
                "image_height": 460,
                "image_bytes": 76829,
                "from_url": "http:\/\/www.thegrocer.co.uk\/Pictures\/web\/d\/c\/n\/kelloggs-special-_620.jpg",
                "id": 1
            }
        ],
        "edited": {
            "user": "U048T3M8W",
            "ts": "1454572862.000000"
        },
        "ts": "1454572807.000017"
    },
    {
        "type": "message",
        "user": "U0DKBHZN1",
        "text": "I'm not in favor using the current logo.  Last year the crypto-currency \"Darkcoin\" rebranded itself to \"Dash\". They removed the \"Dark\". If we want to attract more users, the logo should be changed. It might give the wrong  impression about synereo. A question that was never answered fully: who are we targeting? are we looking for a general users or specific niches.",
        "edited": {
            "user": "U0DKBHZN1",
            "ts": "1454583504.000000"
        },
        "ts": "1454582939.000020"
    },
    {
        "type": "message",
        "user": "U0DKBHZN1",
        "text": "Dina, Eric great presentation! :+1:",
        "ts": "1454583102.000021"
    },
    {
        "type": "message",
        "user": "U04GDL62L",
        "text": "Regarding the designs proposed for the login page; the hangout participants praised the designers work, but didn't like 'spy character'. There were no rude or hasty remarks. Nothing to be ashamed of. My impression is that the designers appreciate MORE feedback, not less.",
        "ts": "1454585018.000023"
    },
    {
        "type": "message",
        "user": "U04BQ4FMC",
        "text": "My thoughts ride in the middle of <@U048T3M8W> &amp; <@U04GDL62L> - I don't think there was anything to be ashamed of or rude, but on the other hand, what happened was not the best use of our time and resources (including their work).  I think it's simply due to the perceived pressure of being on a live broadcast, or at least, the time limitation.  These are things that need to be looked at quietly and thought about with intent.  I'm not really sure if it was meant to be a presentation of a final product, or literally \"here's what our ideas are, what do you think?\"  If it's the latter, it's not so bad then.  The part that might have been the most rushed would be the ideas that popped up while in the HOA.  Either way, I don't think the hangout is a good place for brainstorming - they should be used for presenting summarized info that has already been discussed in depth elsewhere.  Not to say that we could not do that in a video chat, but we don't need to record &amp; publicize the meeting, because it adds subconscious pressure, and is too rushed.",
        "ts": "1454588134.000024"
    },
    {
        "type": "message",
        "user": "U048T3M8W",
        "text": "<@U04BQ4FMC> Could you try this with me as a Chrome-tool for video-conferencing: \n<https:\/\/appear.in\/lapin7-synereo-community>",
        "attachments": [
            {
                "title": "appear.in",
                "title_link": "https:\/\/appear.in\/lapin7-synereo-community",
                "text": "Video conversations with up to 8 people for free - no login, no downloads. Create a video room. Share the link. Appear together. Try it now at <https:\/\/appear.in>",
                "fallback": "appear.in",
                "image_url": "https:\/\/d1x2efl61akomv.cloudfront.net\/images\/icons\/appearin-preview-1200x630.fa749109.png",
                "from_url": "https:\/\/appear.in\/lapin7-synereo-community",
                "image_width": 476,
                "image_height": 250,
                "image_bytes": 12998,
                "id": 1
            }
        ],
        "ts": "1454588358.000025"
    },
    {
        "type": "message",
        "user": "U04BQ4FMC",
        "text": "Limit of 8?  That's a step down.",
        "ts": "1454588602.000027"
    }
]