[
    {
        "type": "message",
        "user": "U0J9CQF9S",
        "text": "<@U0JA3NQ11> <@U06AAH8F3> please post your design updates here: <https:\/\/tree.taiga.io\/project\/synereo-synpm\/backlog> We would like to give you feedback on the UX design and track your workflow.",
        "attachments": [
            {
                "service_name": "Taiga - Love your projects",
                "title": "Backlog - SynPM",
                "title_link": "https:\/\/tree.taiga.io\/project\/synereo-synpm\/backlog",
                "text": "The backlog panel, with user stories and sprints of the project SynPM: We want to create a distributed decentralised social network. Finally it aims to reset the Internet with respect for privacy and economy. Creators get rewarded by their consumers in the most direct way.",
                "fallback": "Taiga - Love your projects: Backlog - SynPM",
                "thumb_url": "https:\/\/tree.taiga.io\/v-1454675265890\/images\/logo-color.png",
                "from_url": "https:\/\/tree.taiga.io\/project\/synereo-synpm\/backlog",
                "thumb_width": 300,
                "thumb_height": 300,
                "id": 1
            }
        ],
        "ts": "1454800302.000032"
    },
    {
        "type": "message",
        "user": "U048T3M8W",
        "text": "<@U0JA3NQ11> <@U06AAH8F3> Your updates would be even better here\n<https:\/\/tree.taiga.io\/project\/synereo-synpm\/us\/4?no-milestone=1>",
        "attachments": [
            {
                "service_name": "Taiga - Love your projects",
                "title": "Design - User Story #4 - SynPM",
                "title_link": "https:\/\/tree.taiga.io\/project\/synereo-synpm\/us\/4?no-milestone=1",
                "text": "Status: New. Completed 0% (0 of 0 tasks closed). Points: 15. Description: The vision describes why the project is being undertaken and what the desired end state is. The product vision paints a picture of the future that draws people in. It describes who the customers are, what customers need, and...",
                "fallback": "Taiga - Love your projects: Design - User Story #4 - SynPM",
                "thumb_url": "https:\/\/tree.taiga.io\/v-1454675265890\/images\/logo-color.png",
                "from_url": "https:\/\/tree.taiga.io\/project\/synereo-synpm\/us\/4?no-milestone=1",
                "thumb_width": 300,
                "thumb_height": 300,
                "id": 1
            }
        ],
        "ts": "1454805674.000034"
    }
]