[
    {
        "type": "message",
        "subtype": "file_share",
        "text": "<@U048T3M8W|lapin7> uploaded a file: <https:\/\/synereonet.slack.com\/files\/lapin7\/F0JPN3E77\/exampleapp-feature-list.xls|ExampleApp-Feature-List.xls> and commented: <@U0JA3NQ11>: Here is an example doc and two spreadsheets for functionality.",
        "file": {
            "id": "F0JPN3E77",
            "created": 1453157188,
            "timestamp": 1453157188,
            "name": "ExampleApp-Feature-List.xls",
            "title": "ExampleApp-Feature-List.xls",
            "mimetype": "application\/vnd.ms-excel",
            "filetype": "xls",
            "pretty_type": "Excel Spreadsheet",
            "user": "U048T3M8W",
            "editable": false,
            "size": 85504,
            "mode": "hosted",
            "is_external": false,
            "external_type": "",
            "is_public": true,
            "public_url_shared": false,
            "display_as_bot": false,
            "username": "",
            "url_private": "https:\/\/files.slack.com\/files-pri\/T0474AT8K-F0JPN3E77\/exampleapp-feature-list.xls?t=xoxe-4242367291-30199722806-30156974547-d9aca652b4",
            "url_private_download": "https:\/\/files.slack.com\/files-pri\/T0474AT8K-F0JPN3E77\/download\/exampleapp-feature-list.xls?t=xoxe-4242367291-30199722806-30156974547-d9aca652b4",
            "permalink": "https:\/\/synereonet.slack.com\/files\/lapin7\/F0JPN3E77\/exampleapp-feature-list.xls",
            "permalink_public": "https:\/\/slack-files.com\/T0474AT8K-F0JPN3E77-1b3583252f",
            "channels": [
                "C0474CWNK"
            ],
            "groups": [
    
            ],
            "ims": [
    
            ],
            "comments_count": 1,
            "initial_comment": {
                "id": "Fc0JPP4VCK",
                "created": 1453157188,
                "timestamp": 1453157188,
                "user": "U048T3M8W",
                "comment": "<@U0JA3NQ11>: Here is an example doc and two spreadsheets for functionality."
            }
        },
        "user": "U048T3M8W",
        "upload": true,
        "display_as_bot": false,
        "username": "<@U048T3M8W|lapin7>",
        "bot_id": null,
        "ts": "1453157188.000020"
    },
    {
        "type": "message",
        "subtype": "file_share",
        "text": "<@U048T3M8W|lapin7> uploaded a file: <https:\/\/synereonet.slack.com\/files\/lapin7\/F0JPN3ER3\/exampleapp-functional-specification.xls|ExampleApp-Functional-Specification.xls>",
        "file": {
            "id": "F0JPN3ER3",
            "created": 1453157192,
            "timestamp": 1453157192,
            "name": "ExampleApp-Functional-Specification.xls",
            "title": "ExampleApp-Functional-Specification.xls",
            "mimetype": "application\/vnd.ms-excel",
            "filetype": "xls",
            "pretty_type": "Excel Spreadsheet",
            "user": "U048T3M8W",
            "editable": false,
            "size": 956928,
            "mode": "hosted",
            "is_external": false,
            "external_type": "",
            "is_public": true,
            "public_url_shared": false,
            "display_as_bot": false,
            "username": "",
            "url_private": "https:\/\/files.slack.com\/files-pri\/T0474AT8K-F0JPN3ER3\/exampleapp-functional-specification.xls?t=xoxe-4242367291-30199722806-30156974547-d9aca652b4",
            "url_private_download": "https:\/\/files.slack.com\/files-pri\/T0474AT8K-F0JPN3ER3\/download\/exampleapp-functional-specification.xls?t=xoxe-4242367291-30199722806-30156974547-d9aca652b4",
            "permalink": "https:\/\/synereonet.slack.com\/files\/lapin7\/F0JPN3ER3\/exampleapp-functional-specification.xls",
            "permalink_public": "https:\/\/slack-files.com\/T0474AT8K-F0JPN3ER3-330af08b52",
            "channels": [
                "C0474CWNK"
            ],
            "groups": [
    
            ],
            "ims": [
    
            ],
            "comments_count": 0
        },
        "user": "U048T3M8W",
        "upload": true,
        "display_as_bot": false,
        "username": "<@U048T3M8W|lapin7>",
        "bot_id": null,
        "ts": "1453157192.000021"
    },
    {
        "type": "message",
        "subtype": "file_share",
        "text": "<@U048T3M8W|lapin7> uploaded a file: <https:\/\/synereonet.slack.com\/files\/lapin7\/F0JPKQSAG\/functional_design_document.docx|Functional Design Document.docx>",
        "file": {
            "id": "F0JPKQSAG",
            "created": 1453157198,
            "timestamp": 1453157198,
            "name": "Functional Design Document.docx",
            "title": "Functional Design Document.docx",
            "mimetype": "application\/vnd.openxmlformats-officedocument.wordprocessingml.document",
            "filetype": "docx",
            "pretty_type": "Word Document",
            "user": "U048T3M8W",
            "editable": false,
            "size": 48634,
            "mode": "hosted",
            "is_external": false,
            "external_type": "",
            "is_public": true,
            "public_url_shared": false,
            "display_as_bot": false,
            "username": "",
            "url_private": "https:\/\/files.slack.com\/files-pri\/T0474AT8K-F0JPKQSAG\/functional_design_document.docx?t=xoxe-4242367291-30199722806-30156974547-d9aca652b4",
            "url_private_download": "https:\/\/files.slack.com\/files-pri\/T0474AT8K-F0JPKQSAG\/download\/functional_design_document.docx?t=xoxe-4242367291-30199722806-30156974547-d9aca652b4",
            "permalink": "https:\/\/synereonet.slack.com\/files\/lapin7\/F0JPKQSAG\/functional_design_document.docx",
            "permalink_public": "https:\/\/slack-files.com\/T0474AT8K-F0JPKQSAG-7f22a01b10",
            "channels": [
                "C0474CWNK"
            ],
            "groups": [
    
            ],
            "ims": [
    
            ],
            "comments_count": 0
        },
        "user": "U048T3M8W",
        "upload": true,
        "display_as_bot": false,
        "username": "<@U048T3M8W|lapin7>",
        "bot_id": null,
        "ts": "1453157198.000022"
    },
    {
        "type": "message",
        "user": "U04A8095T",
        "text": "<@U048T3M8W>: HJ, thank you for these.    Getting clarity on target initial market\/community for Synereo, defining personas (prototypical users), and prioritized user stories -- these would be great context for driving feature design.",
        "ts": "1453164376.000023"
    }
]