[
    {
        "user": "U0FESR742",
        "topic": "For discussion and collaboration on the creative product design side of Synereo including graphic design, UX design, inspirational multimedia, and relevant videos.",
        "type": "message",
        "subtype": "channel_topic",
        "text": "<@U0FESR742|jwalls> set the channel topic: For discussion and collaboration on the creative product design side of Synereo including graphic design, UX design, inspirational multimedia, and relevant videos.",
        "ts": "1455825326.000002"
    },
    {
        "user": "U0G8ZB4R4",
        "type": "message",
        "subtype": "channel_join",
        "text": "<@U0G8ZB4R4|n> has joined the channel",
        "ts": "1455840812.000003"
    }
]