[
    {
        "type": "message",
        "subtype": "file_share",
        "text": "<@U0J9CQF9S|shdwdm> uploaded a file: <https:\/\/synereonet.slack.com\/files\/shdwdm\/F0PBDG28P\/target_audience1.jpg|Target Audience1.jpg>",
        "file": {
            "id": "F0PBDG28P",
            "created": 1456593810,
            "timestamp": 1456593810,
            "name": "Target Audience1.jpg",
            "title": "Target Audience1.jpg",
            "mimetype": "image\/jpeg",
            "filetype": "jpg",
            "pretty_type": "JPEG",
            "user": "U0J9CQF9S",
            "editable": false,
            "size": 366926,
            "mode": "hosted",
            "is_external": false,
            "external_type": "",
            "is_public": true,
            "public_url_shared": false,
            "display_as_bot": false,
            "username": "",
            "url_private": "https:\/\/files.slack.com\/files-pri\/T0474AT8K-F0PBDG28P\/target_audience1.jpg?t=xoxe-4242367291-30199722806-30156974547-d9aca652b4",
            "url_private_download": "https:\/\/files.slack.com\/files-pri\/T0474AT8K-F0PBDG28P\/download\/target_audience1.jpg?t=xoxe-4242367291-30199722806-30156974547-d9aca652b4",
            "thumb_64": "https:\/\/files.slack.com\/files-tmb\/T0474AT8K-F0PBDG28P-f9e79949f5\/target_audience1_64.jpg?t=xoxe-4242367291-30199722806-30156974547-d9aca652b4",
            "thumb_80": "https:\/\/files.slack.com\/files-tmb\/T0474AT8K-F0PBDG28P-f9e79949f5\/target_audience1_80.jpg?t=xoxe-4242367291-30199722806-30156974547-d9aca652b4",
            "thumb_360": "https:\/\/files.slack.com\/files-tmb\/T0474AT8K-F0PBDG28P-f9e79949f5\/target_audience1_360.jpg?t=xoxe-4242367291-30199722806-30156974547-d9aca652b4",
            "thumb_360_w": 360,
            "thumb_360_h": 270,
            "thumb_480": "https:\/\/files.slack.com\/files-tmb\/T0474AT8K-F0PBDG28P-f9e79949f5\/target_audience1_480.jpg?t=xoxe-4242367291-30199722806-30156974547-d9aca652b4",
            "thumb_480_w": 480,
            "thumb_480_h": 360,
            "thumb_160": "https:\/\/files.slack.com\/files-tmb\/T0474AT8K-F0PBDG28P-f9e79949f5\/target_audience1_160.jpg?t=xoxe-4242367291-30199722806-30156974547-d9aca652b4",
            "thumb_720": "https:\/\/files.slack.com\/files-tmb\/T0474AT8K-F0PBDG28P-f9e79949f5\/target_audience1_720.jpg?t=xoxe-4242367291-30199722806-30156974547-d9aca652b4",
            "thumb_720_w": 720,
            "thumb_720_h": 539,
            "thumb_960": "https:\/\/files.slack.com\/files-tmb\/T0474AT8K-F0PBDG28P-f9e79949f5\/target_audience1_960.jpg?t=xoxe-4242367291-30199722806-30156974547-d9aca652b4",
            "thumb_960_w": 960,
            "thumb_960_h": 719,
            "thumb_1024": "https:\/\/files.slack.com\/files-tmb\/T0474AT8K-F0PBDG28P-f9e79949f5\/target_audience1_1024.jpg?t=xoxe-4242367291-30199722806-30156974547-d9aca652b4",
            "thumb_1024_w": 1024,
            "thumb_1024_h": 767,
            "image_exif_rotation": 1,
            "original_w": 1654,
            "original_h": 1239,
            "permalink": "https:\/\/synereonet.slack.com\/files\/shdwdm\/F0PBDG28P\/target_audience1.jpg",
            "permalink_public": "https:\/\/slack-files.com\/T0474AT8K-F0PBDG28P-3164a76e20",
            "channels": [
                "C0474CWNK"
            ],
            "groups": [
    
            ],
            "ims": [
    
            ],
            "comments_count": 0
        },
        "user": "U0J9CQF9S",
        "upload": true,
        "display_as_bot": false,
        "username": "<@U0J9CQF9S|shdwdm>",
        "bot_id": null,
        "ts": "1456593816.000028"
    }
]