[
    {
        "text": "\n    \n    New Task created:  *<https:\/\/tree.taiga.io\/project\/synereo-synpm\/task\/27|#27: I've created a public community calendar. Most of active persons have full access rights. We can schedule HOA's in it and maybe also a kind of timeline for projects in progress.>*\n",
        "username": "Taiga (HJ)",
        "bot_id": "B0KGN1UB1",
        "icons": {
            "image_48": "https:\/\/s3-us-west-2.amazonaws.com\/slack-files2\/bot_icons\/2016-02-09\/20702864161_48.png"
        },
        "attachments": [
            {
                "fallback": "\n    \n    New Task created:  *<https:\/\/tree.taiga.io\/project\/synereo-synpm\/task\/27|#27: I've created a public community calendar. Most of active persons have full access rights. We can schedule HOA's in it and maybe also a kind of timeline for projects in progress.>*\n",
                "id": 1,
                "color": "36a64f",
                "fields": [
                    {
                        "title": "Creator",
                        "value": "HJ",
                        "short": true
                    }
                ]
            }
        ],
        "type": "message",
        "subtype": "bot_message",
        "ts": "1455808749.000024"
    },
    {
        "text": "Changed Task:  *<https:\/\/tree.taiga.io\/project\/synereo-synpm\/task\/27|#27: https:\/\/calendar.google.com\/calendar\/b\/1\/render?tab=mc#main_7I've created a public community calendar. Most of active persons have full access rights. We can schedule HOA's in it and maybe also a kind of timeline for projects in progress.>*",
        "username": "Taiga (HJ)",
        "bot_id": "B0KGN1UB1",
        "icons": {
            "image_48": "https:\/\/s3-us-west-2.amazonaws.com\/slack-files2\/bot_icons\/2016-02-09\/20702864161_48.png"
        },
        "attachments": [
            {
                "fallback": "*subject:* from *I&amp;#39;ve created a public community calendar. Most of active persons have full access rights. We can schedule HOA&amp;#39;s in it and maybe also a kind of timeline for projects in progress.* to *<https:\/\/calendar.google.com\/calendar\/b\/1\/render?tab=mc#main_7I&amp;#39;ve> created a public community calendar. Most of active persons have full access rights. We can schedule HOA&amp;#39;s in it and maybe also a kind of timeline for projects in progress.*",
                "title": "subject",
                "id": 1,
                "color": "daa038",
                "fields": [
                    {
                        "title": "From",
                        "value": "I've created a public community calendar. Most of active persons have full access rights. We can schedule HOA's in it and maybe also a kind of timeline for projects in progress.",
                        "short": false
                    },
                    {
                        "title": "To",
                        "value": "<https:\/\/calendar.google.com\/calendar\/b\/1\/render?tab=mc#main_7I've> created a public community calendar. Most of active persons have full access rights. We can schedule HOA's in it and maybe also a kind of timeline for projects in progress.",
                        "short": false
                    }
                ],
                "mrkdwn_in": [
                    "fields",
                    "title",
                    "fallback"
                ]
            }
        ],
        "type": "message",
        "subtype": "bot_message",
        "ts": "1455808787.000025"
    },
    {
        "text": "Changed Task:  *<https:\/\/tree.taiga.io\/project\/synereo-synpm\/task\/27|#27: https:\/\/calendar.google.com\/calendar\/b\/1\/render?tab=mc#main_7      >&gt;&gt; I've created a public community calendar. Most of active persons have full access rights. We can schedule HOA's in it and maybe also a kind of timeline for projects in progress.&gt;*",
        "username": "Taiga (HJ)",
        "bot_id": "B0KGN1UB1",
        "icons": {
            "image_48": "https:\/\/s3-us-west-2.amazonaws.com\/slack-files2\/bot_icons\/2016-02-09\/20702864161_48.png"
        },
        "attachments": [
            {
                "fallback": "*subject:* from *<https:\/\/calendar.google.com\/calendar\/b\/1\/render?tab=mc#main_7I&amp;#39;ve> created a public community calendar. Most of active persons have full access rights. We can schedule HOA&amp;#39;s in it and maybe also a kind of timeline for projects in progress.* to *<https:\/\/calendar.google.com\/calendar\/b\/1\/render?tab=mc#main_7>      &gt;&gt;&gt; I&amp;#39;ve created a public community calendar. Most of active persons have full access rights. We can schedule HOA&amp;#39;s in it and maybe also a kind of timeline for projects in progress.*",
                "title": "subject",
                "id": 1,
                "color": "daa038",
                "fields": [
                    {
                        "title": "From",
                        "value": "<https:\/\/calendar.google.com\/calendar\/b\/1\/render?tab=mc#main_7I've> created a public community calendar. Most of active persons have full access rights. We can schedule HOA's in it and maybe also a kind of timeline for projects in progress.",
                        "short": false
                    },
                    {
                        "title": "To",
                        "value": "<https:\/\/calendar.google.com\/calendar\/b\/1\/render?tab=mc#main_7>      &gt;&gt;&gt; I've created a public community calendar. Most of active persons have full access rights. We can schedule HOA's in it and maybe also a kind of timeline for projects in progress.",
                        "short": false
                    }
                ],
                "mrkdwn_in": [
                    "fields",
                    "title",
                    "fallback"
                ]
            }
        ],
        "type": "message",
        "subtype": "bot_message",
        "ts": "1455808800.000026"
    },
    {
        "text": "Changed Task:  *<https:\/\/tree.taiga.io\/project\/synereo-synpm\/task\/27|#27: https:\/\/calendar.google.com\/calendar\/b\/1\/render?tab=mc#main_7      >&gt;&gt; I've created a public community calendar. Most of active persons have full access rights. We can schedule HOA's in it and maybe also a kind of timeline for projects in progress.&gt;*\n\n*Comment by HJ:* Here's the proper link to the agenda (<https:\/\/calendar.google.com\/calendar\/b\/1\/render?tab=mc#main_7>)",
        "username": "Taiga (HJ)",
        "bot_id": "B0KGN1UB1",
        "icons": {
            "image_48": "https:\/\/s3-us-west-2.amazonaws.com\/slack-files2\/bot_icons\/2016-02-09\/20702864161_48.png"
        },
        "type": "message",
        "subtype": "bot_message",
        "ts": "1455808947.000027"
    },
    {
        "text": "\n    \n    New Task created:  *<https:\/\/tree.taiga.io\/project\/synereo-synpm\/task\/28|#28: The Blog http:\/\/blog.synereo.com\/ misses the last HOA of Feb10. It needs a new update. It has to do with frequent updates for getting the links correct.>*\n",
        "username": "Taiga (HJ)",
        "bot_id": "B0KGN1UB1",
        "icons": {
            "image_48": "https:\/\/s3-us-west-2.amazonaws.com\/slack-files2\/bot_icons\/2016-02-09\/20702864161_48.png"
        },
        "attachments": [
            {
                "fallback": "\n    \n    New Task created:  *<https:\/\/tree.taiga.io\/project\/synereo-synpm\/task\/28|#28: The Blog http:\/\/blog.synereo.com\/ misses the last HOA of Feb10. It needs a new update. It has to do with frequent updates for getting the links correct.>*\n",
                "id": 1,
                "color": "36a64f",
                "fields": [
                    {
                        "title": "Creator",
                        "value": "HJ",
                        "short": true
                    }
                ]
            }
        ],
        "type": "message",
        "subtype": "bot_message",
        "ts": "1455813571.000028"
    },
    {
        "text": "Changed Task:  *<https:\/\/tree.taiga.io\/project\/synereo-synpm\/task\/28|#28: The Blog http:\/\/blog.synereo.com\/ misses the last HOA of Feb10. It needs a new update. It has to do with frequent updates for getting the links correct.>*",
        "username": "Taiga (HJ)",
        "bot_id": "B0KGN1UB1",
        "icons": {
            "image_48": "https:\/\/s3-us-west-2.amazonaws.com\/slack-files2\/bot_icons\/2016-02-09\/20702864161_48.png"
        },
        "attachments": [
            {
                "fallback": "*assigned_to:* from *Unassigned* to Dor Konforty*",
                "id": 1,
                "color": "daa038",
                "fields": [
                    {
                        "title": "assigned to",
                        "value": "*From* Unassigned *to* Dor Konforty",
                        "short": true
                    }
                ],
                "mrkdwn_in": [
                    "fields",
                    "title",
                    "fallback"
                ]
            }
        ],
        "type": "message",
        "subtype": "bot_message",
        "ts": "1455813590.000029"
    },
    {
        "text": "Changed Task:  *<https:\/\/tree.taiga.io\/project\/synereo-synpm\/task\/28|#28: The Blog http:\/\/blog.synereo.com\/ misses the last HOA of Feb10. It needs a new update. It has to do with frequent updates for getting the links correct.>*",
        "username": "Taiga ()",
        "bot_id": "B0KGN1UB1",
        "icons": {
            "image_48": "https:\/\/s3-us-west-2.amazonaws.com\/slack-files2\/bot_icons\/2016-02-18\/22024843847_48.png"
        },
        "attachments": [
            {
                "fallback": "*status:* from *Backlog* to *Closed*",
                "id": 1,
                "color": "daa038",
                "fields": [
                    {
                        "title": "status",
                        "value": "*From* Backlog *to* Closed",
                        "short": true
                    }
                ],
                "mrkdwn_in": [
                    "fields",
                    "title",
                    "fallback"
                ]
            }
        ],
        "type": "message",
        "subtype": "bot_message",
        "ts": "1455816423.000030"
    },
    {
        "user": "U0FESR742",
        "type": "message",
        "subtype": "channel_join",
        "text": "<@U0FESR742|jwalls> has joined the channel",
        "ts": "1455830146.000031"
    }
]