[
    {
        "text": "Changed Issue:  *<https:\/\/tree.taiga.io\/project\/synereo-synpm\/issue\/47|#47: translation whitepaper>*",
        "username": "Taiga (HJ)",
        "bot_id": "B0KGN1UB1",
        "icons": {
            "image_48": "https:\/\/s3-us-west-2.amazonaws.com\/slack-files2\/bot_icons\/2016-02-09\/20702864161_48.png"
        },
        "attachments": [
            {
                "fallback": "*status:* from *Closed* to *Awaiting input*",
                "id": 1,
                "color": "daa038",
                "fields": [
                    {
                        "title": "status",
                        "value": "*From* Closed *to* Awaiting input",
                        "short": true
                    }
                ],
                "mrkdwn_in": [
                    "fields",
                    "title",
                    "fallback"
                ]
            }
        ],
        "type": "message",
        "subtype": "bot_message",
        "ts": "1458466400.000063"
    },
    {
        "text": "Changed Issue:  *<https:\/\/tree.taiga.io\/project\/synereo-synpm\/issue\/47|#47: translation whitepaper &amp; investor deck>*\n\n*Comment by HJ:* The investor deck is translated by @dfgv12 into Indonesian. Please tweet it around and mention @synereo. \nThe USD-AMP rate is: $0.04026034 on \t\t\t20\/3\/2016 23:00:00\t\nBounty:\tTranslation of HOA from English into Spanish\t\t\t\n@dfgv12\t100.00%\tAMP 1,210.87\t1FZhjNKfZuBqjHRxBmAxpNPno3wV9CVqUx\t<https:\/\/blockchain.info\/address\/1PM92UrPgGHVzanHKQGbgQAUz3oqtcFkrB?sort=0>",
        "username": "Taiga (HJ)",
        "bot_id": "B0KGN1UB1",
        "icons": {
            "image_48": "https:\/\/s3-us-west-2.amazonaws.com\/slack-files2\/bot_icons\/2016-02-09\/20702864161_48.png"
        },
        "attachments": [
            {
                "fallback": "*subject:* from *translation whitepaper* to *translation whitepaper &amp; investor deck*",
                "title": "subject",
                "id": 1,
                "color": "daa038",
                "fields": [
                    {
                        "title": "From",
                        "value": "translation whitepaper",
                        "short": false
                    },
                    {
                        "title": "To",
                        "value": "translation whitepaper &amp; investor deck",
                        "short": false
                    }
                ],
                "mrkdwn_in": [
                    "fields",
                    "title",
                    "fallback"
                ]
            }
        ],
        "type": "message",
        "subtype": "bot_message",
        "ts": "1458466492.000064"
    },
    {
        "text": "Changed Issue:  *<https:\/\/tree.taiga.io\/project\/synereo-synpm\/issue\/47|#47: translation whitepaper &amp; investor deck>*\n\n*Comment by HJ:* The translation of the investor deck is a problem, because the whole presentation is set up with one image per page. Text and images are merged. So translation is cumbersome.\nHere's one solution.\n<https:\/\/drive.google.com\/open?id=13488zwqsvsjbdElb-CvjXkEFmzt4JzsAwYjdpaZqH7M>",
        "username": "Taiga (HJ)",
        "bot_id": "B0KGN1UB1",
        "icons": {
            "image_48": "https:\/\/s3-us-west-2.amazonaws.com\/slack-files2\/bot_icons\/2016-02-09\/20702864161_48.png"
        },
        "type": "message",
        "subtype": "bot_message",
        "ts": "1458476867.000065"
    },
    {
        "text": "Changed Issue:  *<https:\/\/tree.taiga.io\/project\/synereo-synpm\/issue\/47|#47: translation whitepaper &amp; investor deck>*\n\n*Comment by Javier de Juan Franco:* There an issuo in translate the deck. The powere point is not editable meaning all inside are pictures (icluding text). We have 2 solutions:\n1- write over the original text with some color behind (to hide the original text)\n2- write just a text, and then the editor of the deck could copy and paste our text instead of the original one.",
        "username": "Taiga (Javier de Juan Franco)",
        "bot_id": "B0KGN1UB1",
        "icons": {
            "image_48": "https:\/\/s3-us-west-2.amazonaws.com\/slack-files2\/bot_icons\/2016-03-20\/28060324740_48.png"
        },
        "type": "message",
        "subtype": "bot_message",
        "ts": "1458476885.000066"
    },
    {
        "text": "Changed Issue:  *<https:\/\/tree.taiga.io\/project\/synereo-synpm\/issue\/47|#47: translation whitepaper &amp; investor deck>*\n\n*Comment by Javier de Juan Franco:* oooh ok. Its ok we can make in that way",
        "username": "Taiga (Javier de Juan Franco)",
        "bot_id": "B0KGN1UB1",
        "icons": {
            "image_48": "https:\/\/s3-us-west-2.amazonaws.com\/slack-files2\/bot_icons\/2016-03-20\/28060324740_48.png"
        },
        "type": "message",
        "subtype": "bot_message",
        "ts": "1458476995.000067"
    },
    {
        "text": "Changed Issue:  *<https:\/\/tree.taiga.io\/project\/synereo-synpm\/issue\/47|#47: translation whitepaper &amp; investor deck>*\n\n*Comment by Community Manager:* @dor is going to get us a version with \"Text and Images\" separated. So wait a moment with the Balloon version. @troisel77 @delawer @dfgv12 @bhokor",
        "username": "Taiga (Community Manager)",
        "bot_id": "B0KGN1UB1",
        "icons": {
            "image_48": "https:\/\/s3-us-west-2.amazonaws.com\/slack-files2\/bot_icons\/2016-03-20\/28068128134_48.png"
        },
        "type": "message",
        "subtype": "bot_message",
        "ts": "1458483010.000068"
    },
    {
        "text": "Changed Issue:  *<https:\/\/tree.taiga.io\/project\/synereo-synpm\/issue\/47|#47: translation whitepaper &amp; investor deck>*\n\n*Comment by Javier de Juan Franco:* ok cool",
        "username": "Taiga (Javier de Juan Franco)",
        "bot_id": "B0KGN1UB1",
        "icons": {
            "image_48": "https:\/\/s3-us-west-2.amazonaws.com\/slack-files2\/bot_icons\/2016-03-20\/28060324740_48.png"
        },
        "type": "message",
        "subtype": "bot_message",
        "ts": "1458483983.000069"
    },
    {
        "text": "\n    \n    New Issue created:  *<https:\/\/tree.taiga.io\/project\/synereo-synpm\/issue\/50|#50: save slack history>*\n",
        "username": "Taiga (Jim Whitecarver)",
        "bot_id": "B0KGN1UB1",
        "icons": {
            "image_48": "https:\/\/s3-us-west-2.amazonaws.com\/slack-files2\/bot_icons\/2016-02-23\/22678761185_48.png"
        },
        "attachments": [
            {
                "fallback": "\n    \n    New Issue created:  *<https:\/\/tree.taiga.io\/project\/synereo-synpm\/issue\/50|#50: save slack history>*\n",
                "id": 1,
                "color": "36a64f",
                "fields": [
                    {
                        "title": "Creator",
                        "value": "Jim Whitecarver",
                        "short": true
                    },
                    {
                        "title": "Description",
                        "value": "slack deletes history after 10k messages we need to archive",
                        "short": false
                    }
                ]
            }
        ],
        "type": "message",
        "subtype": "bot_message",
        "ts": "1458490822.000070"
    },
    {
        "text": "Changed Issue:  *<https:\/\/tree.taiga.io\/project\/synereo-synpm\/issue\/50|#50: save slack history>*",
        "username": "Taiga (Jim Whitecarver)",
        "bot_id": "B0KGN1UB1",
        "icons": {
            "image_48": "https:\/\/s3-us-west-2.amazonaws.com\/slack-files2\/bot_icons\/2016-02-23\/22678761185_48.png"
        },
        "attachments": [
            {
                "fallback": "*assigned_to:* from *Unassigned* to Ian Bloom*",
                "id": 1,
                "color": "daa038",
                "fields": [
                    {
                        "title": "assigned to",
                        "value": "*From* Unassigned *to* Ian Bloom",
                        "short": true
                    }
                ],
                "mrkdwn_in": [
                    "fields",
                    "title",
                    "fallback"
                ]
            }
        ],
        "type": "message",
        "subtype": "bot_message",
        "ts": "1458490850.000071"
    },
    {
        "text": "Changed Issue:  *<https:\/\/tree.taiga.io\/project\/synereo-synpm\/issue\/50|#50: save slack history>*\n\n*Comment by Jim Whitecarver:* @hj will make ian admin in slack.",
        "username": "Taiga (Jim Whitecarver)",
        "bot_id": "B0KGN1UB1",
        "icons": {
            "image_48": "https:\/\/s3-us-west-2.amazonaws.com\/slack-files2\/bot_icons\/2016-02-23\/22678761185_48.png"
        },
        "type": "message",
        "subtype": "bot_message",
        "ts": "1458491175.000072"
    }
]