[
    {
        "text": "Changed Task:  *<https:\/\/tree.taiga.io\/project\/synereo-synpm\/task\/21|#21: Workshop GlosEval, Scala Development>*",
        "username": "Taiga (HJ)",
        "bot_id": "B0KGN1UB1",
        "icons": {
            "image_48": "https:\/\/s3-us-west-2.amazonaws.com\/slack-files2\/bot_icons\/2016-02-09\/20702864161_48.png"
        },
        "attachments": [
            {
                "fallback": "*subject:* from *Workshop GlosEval, Scala Dev* to *Workshop GlosEval, Scala Development*",
                "title": "subject",
                "id": 1,
                "color": "daa038",
                "fields": [
                    {
                        "title": "From",
                        "value": "Workshop GlosEval, Scala Dev",
                        "short": false
                    },
                    {
                        "title": "To",
                        "value": "Workshop GlosEval, Scala Development",
                        "short": false
                    }
                ],
                "mrkdwn_in": [
                    "fields",
                    "title",
                    "fallback"
                ]
            }
        ],
        "type": "message",
        "subtype": "bot_message",
        "ts": "1455100497.000058"
    },
    {
        "text": "Changed Issue:  *<https:\/\/tree.taiga.io\/project\/synereo-synpm\/issue\/16|#16: Make summary HOA>*\n\n*Comment by HJ:* Hangout 20160210 is available for editing\n<https:\/\/docs.google.com\/document\/d\/17snAJh7uGr6tjQWokJjVehijJGHU9Z2pJEtsv_lO-Qw\/edit>",
        "username": "Taiga (HJ)",
        "bot_id": "B0KGN1UB1",
        "icons": {
            "image_48": "https:\/\/s3-us-west-2.amazonaws.com\/slack-files2\/bot_icons\/2016-02-09\/20702864161_48.png"
        },
        "type": "message",
        "subtype": "bot_message",
        "ts": "1455137923.000059"
    },
    {
        "type": "message",
        "user": "U0J9CQF9S",
        "text": "W",
        "ts": "1455150081.000060"
    }
]