[
    {
        "user": "U0474E4KZ",
        "type": "message",
        "subtype": "channel_join",
        "text": "<@U0474E4KZ|dor> has joined the channel",
        "ts": "1453897342.000002"
    },
    {
        "user": "U048T3M8W",
        "inviter": "U0474E4KZ",
        "type": "message",
        "subtype": "channel_join",
        "text": "<@U048T3M8W|lapin7> has joined the channel",
        "ts": "1453897343.000003"
    },
    {
        "text": "added an integration to this channel: <https:\/\/synereonet.slack.com\/services\/B0KGN1UB1|incoming-webhook>",
        "bot_id": "B0KGN1UB1",
        "type": "message",
        "subtype": "bot_add",
        "user": "U0474E4KZ",
        "ts": "1453897373.000004"
    },
    {
        "type": "message",
        "user": "U048T3M8W",
        "text": "Great idea !",
        "ts": "1453897376.000005"
    },
    {
        "type": "message",
        "user": "U0474E4KZ",
        "text": "<https:\/\/hooks.slack.com\/services\/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>",
        "ts": "1453897386.000006"
    },
    {
        "type": "message",
        "user": "U048T3M8W",
        "text": "Thanks.",
        "ts": "1453897398.000007"
    },
    {
        "type": "message",
        "user": "U048T3M8W",
        "text": "You will see a test message from Taiga in a minute",
        "ts": "1453897420.000008"
    },
    {
        "text": "\n    \n    New User Story created:  *<https:\/\/tree.taiga.io\/project\/lapin7-synereo-community\/us\/10|#10: Integration Slack with: Taiga, Github, ....>*\n",
        "username": "Taiga (HJ)",
        "bot_id": "B0KGN1UB1",
        "icons": {
            "image_48": "https:\/\/s3-us-west-2.amazonaws.com\/slack-files2\/bot_icons\/2016-01-27\/19566701206_48.png"
        },
        "attachments": [
            {
                "fallback": "\n    \n    New User Story created:  *<https:\/\/tree.taiga.io\/project\/lapin7-synereo-community\/us\/10|#10: Integration Slack with: Taiga, Github, ....>*\n",
                "id": 1,
                "color": "36a64f",
                "fields": [
                    {
                        "title": "Creator",
                        "value": "HJ",
                        "short": true
                    },
                    {
                        "title": "Description",
                        "value": "Project management wants to post each update into the slack channel of Synereo",
                        "short": false
                    }
                ]
            }
        ],
        "type": "message",
        "subtype": "bot_message",
        "ts": "1453897805.000009"
    },
    {
        "text": "Changed User Story:  *<https:\/\/tree.taiga.io\/project\/lapin7-synereo-community\/us\/10|#10: Integration Slack with: Taiga, Github, ....>*\n\n*Comment by HJ:* All updates on user stories will arrive into the channel #project",
        "username": "Taiga (HJ)",
        "bot_id": "B0KGN1UB1",
        "icons": {
            "image_48": "https:\/\/s3-us-west-2.amazonaws.com\/slack-files2\/bot_icons\/2016-01-27\/19566701206_48.png"
        },
        "type": "message",
        "subtype": "bot_message",
        "ts": "1453899351.000010"
    },
    {
        "text": "Changed User Story:  *<https:\/\/tree.taiga.io\/project\/lapin7-synereo-community\/us\/10|#10: Integration Slack with: Taiga, Github, ....>*",
        "username": "Taiga (HJ)",
        "bot_id": "B0KGN1UB1",
        "icons": {
            "image_48": "https:\/\/s3-us-west-2.amazonaws.com\/slack-files2\/bot_icons\/2016-01-27\/19566701206_48.png"
        },
        "attachments": [
            {
                "fallback": "*status:* from *New* to *In progress*",
                "id": 1,
                "color": "daa038",
                "fields": [
                    {
                        "title": "status",
                        "value": "*From* New *to* In progress",
                        "short": true
                    }
                ],
                "mrkdwn_in": [
                    "fields",
                    "title",
                    "fallback"
                ]
            }
        ],
        "type": "message",
        "subtype": "bot_message",
        "ts": "1453899622.000011"
    },
    {
        "text": "\n    \n    New Task created:  *&lt;<https:\/\/tree.taiga.io\/project\/lapin7-synereo-community\/task\/11%7C#11>: Create connection GitHub &lt;&gt; Taiga &lt;&gt; Slack&gt;*\n",
        "username": "Taiga (HJ)",
        "bot_id": "B0KGN1UB1",
        "icons": {
            "image_48": "https:\/\/s3-us-west-2.amazonaws.com\/slack-files2\/bot_icons\/2016-01-27\/19566701206_48.png"
        },
        "attachments": [
            {
                "fallback": "\n    \n    New Task created:  *&lt;<https:\/\/tree.taiga.io\/project\/lapin7-synereo-community\/task\/11%7C#11>: Create connection GitHub &lt;&gt; Taiga &lt;&gt; Slack&gt;*\n",
                "id": 1,
                "color": "36a64f",
                "fields": [
                    {
                        "title": "Creator",
                        "value": "HJ",
                        "short": true
                    }
                ]
            }
        ],
        "type": "message",
        "subtype": "bot_message",
        "ts": "1453899874.000012"
    },
    {
        "text": "Changed Task:  *&lt;<https:\/\/tree.taiga.io\/project\/lapin7-synereo-community\/task\/11%7C#11>: Create connection GitHub &lt;&gt; Taiga &lt;&gt; Slack&gt;*",
        "username": "Taiga (HJ)",
        "bot_id": "B0KGN1UB1",
        "icons": {
            "image_48": "https:\/\/s3-us-west-2.amazonaws.com\/slack-files2\/bot_icons\/2016-01-27\/19566701206_48.png"
        },
        "attachments": [
            {
                "fallback": "*assigned_to:* from *Unassigned* to HJ*",
                "id": 1,
                "color": "daa038",
                "fields": [
                    {
                        "title": "assigned to",
                        "value": "*From* Unassigned *to* HJ",
                        "short": true
                    }
                ],
                "mrkdwn_in": [
                    "fields",
                    "title",
                    "fallback"
                ]
            }
        ],
        "type": "message",
        "subtype": "bot_message",
        "ts": "1453899885.000013"
    },
    {
        "text": "Changed User Story:  *<https:\/\/tree.taiga.io\/project\/lapin7-synereo-community\/us\/10|#10: Integration Slack with: Taiga, Github, ....>*\n\n*Comment by HJ:* That could be an overload of info",
        "username": "Taiga (HJ)",
        "bot_id": "B0KGN1UB1",
        "icons": {
            "image_48": "https:\/\/s3-us-west-2.amazonaws.com\/slack-files2\/bot_icons\/2016-01-27\/19566701206_48.png"
        },
        "type": "message",
        "subtype": "bot_message",
        "ts": "1453899920.000014"
    },
    {
        "text": "Changed User Story:  *<https:\/\/tree.taiga.io\/project\/lapin7-synereo-community\/us\/6|#6: White paper>*\n\n*Comment by Malthus John:* Why?",
        "username": "Taiga (Malthus John)",
        "bot_id": "B0KGN1UB1",
        "icons": {
            "image_48": "https:\/\/s3-us-west-2.amazonaws.com\/slack-files2\/bot_icons\/2016-01-27\/19589817715_48.png"
        },
        "type": "message",
        "subtype": "bot_message",
        "ts": "1453914172.000015"
    },
    {
        "text": "Changed User Story:  *<https:\/\/tree.taiga.io\/project\/lapin7-synereo-community\/us\/6|#6: White paper>*",
        "username": "Taiga (HJ)",
        "bot_id": "B0KGN1UB1",
        "icons": {
            "image_48": "https:\/\/s3-us-west-2.amazonaws.com\/slack-files2\/bot_icons\/2016-01-27\/19566701206_48.png"
        },
        "attachments": [
            {
                "fallback": "*description*\n    \n    *from*:\n    White paper has to be re-written. How do we do that?\n\n[White paper](<http:\/\/www.synereo.com\/whitepapers\/synereo.pdf> &amp;#34;White paper&amp;#34;)\n    \n    *to*:\n    On the 18th of March the white paper will be discussed and improved.\nLet&amp;#39;s make some sub tasks:\nLike:\nAdd chapters\nImprove style\nRefer to a post that has already been discussing this white paper. (I will provide the link later)\n\n[White paper](<http:\/\/www.synereo.com\/whitepapers\/synereo.pdf> &amp;#34;White paper&amp;#34;)",
                "title": "description",
                "id": 1,
                "color": "daa038",
                "fields": [
                    {
                        "title": "from",
                        "value": "White paper has to be re-written. How do we do that?\n\n[White paper](<http:\/\/www.synereo.com\/whitepapers\/synereo.pdf> \"White paper\")",
                        "short": false
                    },
                    {
                        "title": "to",
                        "value": "On the 18th of March the white paper will be discussed and improved.\nLet's make some sub tasks:\nLike:\nAdd chapters\nImprove style\nRefer to a post that has already been discussing this white paper. (I will provide the link later)\n\n[White paper](<http:\/\/www.synereo.com\/whitepapers\/synereo.pdf> \"White paper\")",
                        "short": false
                    }
                ],
                "mrkdwn_in": [
                    "fields",
                    "title",
                    "fallback"
                ]
            }
        ],
        "type": "message",
        "subtype": "bot_message",
        "ts": "1453920027.000016"
    },
    {
        "text": "\n    \n    New User Story created:  *<https:\/\/tree.taiga.io\/project\/lapin7-synereo-community\/us\/12|#12: Organisation &amp; WorkFlow>*\n",
        "username": "Taiga (HJ)",
        "bot_id": "B0KGN1UB1",
        "icons": {
            "image_48": "https:\/\/s3-us-west-2.amazonaws.com\/slack-files2\/bot_icons\/2016-01-27\/19566701206_48.png"
        },
        "attachments": [
            {
                "fallback": "\n    \n    New User Story created:  *<https:\/\/tree.taiga.io\/project\/lapin7-synereo-community\/us\/12|#12: Organisation &amp; WorkFlow>*\n",
                "id": 1,
                "color": "36a64f",
                "fields": [
                    {
                        "title": "Creator",
                        "value": "HJ",
                        "short": true
                    },
                    {
                        "title": "Description",
                        "value": "Please add your changes to this document:\n<https:\/\/docs.google.com\/document\/d\/1c1vJks6RAhTynbkKkgQvl8RUanlJRBTr2PnyB1zW-_g\/edit>",
                        "short": false
                    }
                ]
            }
        ],
        "type": "message",
        "subtype": "bot_message",
        "ts": "1453922367.000017"
    },
    {
        "user": "U06AAH8F3",
        "type": "message",
        "subtype": "channel_join",
        "text": "<@U06AAH8F3|eeik> has joined the channel",
        "ts": "1453922651.000018"
    },
    {
        "type": "message",
        "user": "U048T3M8W",
        "text": "Taiga won't send messages to Slack. It first needs a proper set up. Updates are coming soon.",
        "ts": "1453929107.000019"
    },
    {
        "user": "U0474AT8P",
        "type": "message",
        "subtype": "channel_join",
        "text": "<@U0474AT8P|nic> has joined the channel",
        "ts": "1453931829.000020"
    },
    {
        "user": "U093F8U10",
        "type": "message",
        "subtype": "channel_join",
        "text": "<@U093F8U10|ernestojc> has joined the channel",
        "ts": "1453948260.000021"
    }
]