[
    {
        "text": "Changed User Story:  *<https:\/\/tree.taiga.io\/project\/synereo-synpm\/us\/2|#2: Organise this project \/ Governance>*\n\n*Comment by Dor Konforty:* +1 @dearjulian \nIf you find an app that makes sense for this, please bring it forward. Loomio seemed the most advanced and workable last I checked. \nWe can discuss options you find on the Wednesday hangout.",
        "username": "Taiga (Dor Konforty)",
        "bot_id": "B0KGN1UB1",
        "icons": {
            "image_48": "https:\/\/s3-us-west-2.amazonaws.com\/slack-files2\/bot_icons\/2016-02-17\/21842347185_48.png"
        },
        "type": "message",
        "subtype": "bot_message",
        "ts": "1456139138.000056"
    },
    {
        "text": "Changed Issue:  *<https:\/\/tree.taiga.io\/project\/synereo-synpm\/issue\/33|#33: Improve #channel names in Slack>*\n\n*Comment by Dor Konforty:* @jed_synereo",
        "username": "Taiga (Dor Konforty)",
        "bot_id": "B0KGN1UB1",
        "icons": {
            "image_48": "https:\/\/s3-us-west-2.amazonaws.com\/slack-files2\/bot_icons\/2016-02-17\/21842347185_48.png"
        },
        "type": "message",
        "subtype": "bot_message",
        "ts": "1456139140.000057"
    },
    {
        "text": "Changed Issue:  *<https:\/\/tree.taiga.io\/project\/synereo-synpm\/issue\/31|#31: New job: Digital Marketing Leader>*\n\n*Comment by Dor Konforty:* @jed_synereo",
        "username": "Taiga (Dor Konforty)",
        "bot_id": "B0KGN1UB1",
        "icons": {
            "image_48": "https:\/\/s3-us-west-2.amazonaws.com\/slack-files2\/bot_icons\/2016-02-17\/21842347185_48.png"
        },
        "type": "message",
        "subtype": "bot_message",
        "ts": "1456139141.000058"
    },
    {
        "text": "Changed Issue:  *<https:\/\/tree.taiga.io\/project\/synereo-synpm\/issue\/30|#30: Open bounties on main website>*\n\n*Comment by Dor Konforty:* Yes.",
        "username": "Taiga (Dor Konforty)",
        "bot_id": "B0KGN1UB1",
        "icons": {
            "image_48": "https:\/\/s3-us-west-2.amazonaws.com\/slack-files2\/bot_icons\/2016-02-17\/21842347185_48.png"
        },
        "type": "message",
        "subtype": "bot_message",
        "ts": "1456139141.000059"
    },
    {
        "text": "Changed User Story:  *<https:\/\/tree.taiga.io\/project\/synereo-synpm\/us\/2|#2: Organise this project \/ Governance>*\n\n*Comment by Julian Dumitrascu:* @Synereo I have opened each sheet of this document and haven't found any for voting. Will you instruct me further?\n@Dor I have been in touch with the Loomio team, and have even got involved in designing this application. But it has disappointed me.\nI want to help build a net(work) of applications, which would include applications for communication, collaboration and information management. In the communication software suite I want enable networks of people, messages and labels. I want the communication suite to include a voting application \/ voting functions. \nFor now I would suggest a voting application that fits (acceptably) well in the Synereo network of people (e.g. team and clients) and helps them best to reach their goals.",
        "username": "Taiga (Julian Dumitrascu)",
        "bot_id": "B0KGN1UB1",
        "icons": {
            "image_48": "https:\/\/s3-us-west-2.amazonaws.com\/slack-files2\/bot_icons\/2016-02-21\/22409413971_48.png"
        },
        "type": "message",
        "subtype": "bot_message",
        "ts": "1456160182.000060"
    },
    {
        "text": "Changed User Story:  *<https:\/\/tree.taiga.io\/project\/synereo-synpm\/us\/2|#2: Organise this project \/ Governance>*\n\n*Comment by Dor Konforty:* Certainly you've come to the right place, because this is what we're aiming for as well. :)\n\nSo which voting app do you suggest?",
        "username": "Taiga (Dor Konforty)",
        "bot_id": "B0KGN1UB1",
        "icons": {
            "image_48": "https:\/\/s3-us-west-2.amazonaws.com\/slack-files2\/bot_icons\/2016-02-17\/21842347185_48.png"
        },
        "type": "message",
        "subtype": "bot_message",
        "ts": "1456161312.000061"
    },
    {
        "text": "Changed User Story:  *<https:\/\/tree.taiga.io\/project\/synereo-synpm\/us\/2|#2: Organise this project \/ Governance>*\n\n*Comment by Julian Dumitrascu:* I am going to suggest e.g. a voting application after I understand the goals of the Synereo team. I can take time to read them or to listen to somebody talk about them. I think that you want e.g. to enable some improvements in our society, but I don't remember which. I think that you want to make computing freer, and I am myself interested in decentralization. I also want to let users own their inputs in the mun software.",
        "username": "Taiga (Julian Dumitrascu)",
        "bot_id": "B0KGN1UB1",
        "icons": {
            "image_48": "https:\/\/s3-us-west-2.amazonaws.com\/slack-files2\/bot_icons\/2016-02-21\/22409413971_48.png"
        },
        "type": "message",
        "subtype": "bot_message",
        "ts": "1456165630.000062"
    },
    {
        "text": "Changed Issue:  *<https:\/\/tree.taiga.io\/project\/synereo-synpm\/issue\/30|#30: Open bounties on main website>*\n\n*Comment by Julian Dumitrascu:* Where are these trades created now? If you allow me, I would participate in the discussion about them, and we might agree that I participate in creating them and \/ or trade with you.",
        "username": "Taiga (Julian Dumitrascu)",
        "bot_id": "B0KGN1UB1",
        "icons": {
            "image_48": "https:\/\/s3-us-west-2.amazonaws.com\/slack-files2\/bot_icons\/2016-02-21\/22409413971_48.png"
        },
        "type": "message",
        "subtype": "bot_message",
        "ts": "1456165854.000063"
    },
    {
        "text": "Changed Issue:  *<https:\/\/tree.taiga.io\/project\/synereo-synpm\/issue\/34|#34: Translate summary of HOA into Spanish>*",
        "username": "Taiga (HJ)",
        "bot_id": "B0KGN1UB1",
        "icons": {
            "image_48": "https:\/\/s3-us-west-2.amazonaws.com\/slack-files2\/bot_icons\/2016-02-09\/20702864161_48.png"
        },
        "attachments": [
            {
                "fallback": "*assigned_to:* from *Unassigned* to bhokor*",
                "id": 1,
                "color": "daa038",
                "fields": [
                    {
                        "title": "assigned to",
                        "value": "*From* Unassigned *to* bhokor",
                        "short": true
                    }
                ],
                "mrkdwn_in": [
                    "fields",
                    "title",
                    "fallback"
                ]
            }
        ],
        "type": "message",
        "subtype": "bot_message",
        "ts": "1456175032.000064"
    },
    {
        "text": "\n    \n    New Issue created:  *<https:\/\/tree.taiga.io\/project\/synereo-synpm\/issue\/34|#34: Translate summary of HOA into Spanish>*\n",
        "username": "Taiga (HJ)",
        "bot_id": "B0KGN1UB1",
        "icons": {
            "image_48": "https:\/\/s3-us-west-2.amazonaws.com\/slack-files2\/bot_icons\/2016-02-09\/20702864161_48.png"
        },
        "attachments": [
            {
                "fallback": "\n    \n    New Issue created:  *<https:\/\/tree.taiga.io\/project\/synereo-synpm\/issue\/34|#34: Translate summary of HOA into Spanish>*\n",
                "id": 1,
                "color": "36a64f",
                "fields": [
                    {
                        "title": "Creator",
                        "value": "HJ",
                        "short": true
                    },
                    {
                        "title": "Description",
                        "value": "Bhokor please translate this into spanish.\n<https:\/\/docs.google.com\/document\/d\/1QFMBbhTFdn36Kg9ueDutSnNT9NOLbWoMm32J1jezJ20\/edit>",
                        "short": false
                    }
                ]
            }
        ],
        "type": "message",
        "subtype": "bot_message",
        "ts": "1456175049.000065"
    },
    {
        "text": "Changed User Story:  *<https:\/\/tree.taiga.io\/project\/synereo-synpm\/us\/18|#18: Maintenance of WebSites>*\n\n*Comment by HJ:* Please follow the issues on: <http:\/\/Synereo.com|Synereo.com> Blog Issue List\nThere are still a few OPEN! The goal is to close\/solve them :-)\nWe have for example now also a Spanish version ready.",
        "username": "Taiga (HJ)",
        "bot_id": "B0KGN1UB1",
        "icons": {
            "image_48": "https:\/\/s3-us-west-2.amazonaws.com\/slack-files2\/bot_icons\/2016-02-09\/20702864161_48.png"
        },
        "type": "message",
        "subtype": "bot_message",
        "ts": "1456182726.000066"
    },
    {
        "text": "\n    \n    New Issue created:  *<https:\/\/tree.taiga.io\/project\/synereo-synpm\/issue\/35|#35: Translate the ANN thread into Spanish.>*\n",
        "username": "Taiga (HJ)",
        "bot_id": "B0KGN1UB1",
        "icons": {
            "image_48": "https:\/\/s3-us-west-2.amazonaws.com\/slack-files2\/bot_icons\/2016-02-09\/20702864161_48.png"
        },
        "attachments": [
            {
                "fallback": "\n    \n    New Issue created:  *<https:\/\/tree.taiga.io\/project\/synereo-synpm\/issue\/35|#35: Translate the ANN thread into Spanish.>*\n",
                "id": 1,
                "color": "36a64f",
                "fields": [
                    {
                        "title": "Creator",
                        "value": "HJ",
                        "short": true
                    },
                    {
                        "title": "Description",
                        "value": "Please translate the ANN thread into Spanish.\n<https:\/\/bitcointalk.org\/index.php?topic=995987.msg13969849#msg13969849>\nand post them on the Spanish BTT channels.",
                        "short": false
                    }
                ]
            }
        ],
        "type": "message",
        "subtype": "bot_message",
        "ts": "1456183153.000067"
    },
    {
        "text": "Changed Issue:  *<https:\/\/tree.taiga.io\/project\/synereo-synpm\/issue\/35|#35: Translate the ANN thread into Spanish.>*",
        "username": "Taiga (HJ)",
        "bot_id": "B0KGN1UB1",
        "icons": {
            "image_48": "https:\/\/s3-us-west-2.amazonaws.com\/slack-files2\/bot_icons\/2016-02-09\/20702864161_48.png"
        },
        "attachments": [
            {
                "fallback": "*assigned_to:* from *Unassigned* to bhokor*",
                "id": 1,
                "color": "daa038",
                "fields": [
                    {
                        "title": "assigned to",
                        "value": "*From* Unassigned *to* bhokor",
                        "short": true
                    }
                ],
                "mrkdwn_in": [
                    "fields",
                    "title",
                    "fallback"
                ]
            }
        ],
        "type": "message",
        "subtype": "bot_message",
        "ts": "1456183166.000068"
    },
    {
        "text": "Changed Issue:  *<https:\/\/tree.taiga.io\/project\/synereo-synpm\/issue\/34|#34: Translate summary of HOA into Spanish>*\n\n*Comment by bhokor:* Done",
        "username": "Taiga (bhokor)",
        "bot_id": "B0KGN1UB1",
        "icons": {
            "image_48": "https:\/\/s3-us-west-2.amazonaws.com\/slack-files2\/bot_icons\/2016-02-22\/22594125333_48.png"
        },
        "type": "message",
        "subtype": "bot_message",
        "ts": "1456188038.000069"
    },
    {
        "text": "Changed Issue:  *<https:\/\/tree.taiga.io\/project\/synereo-synpm\/issue\/34|#34: Translate summary of HOA into Spanish>*",
        "username": "Taiga (bhokor)",
        "bot_id": "B0KGN1UB1",
        "icons": {
            "image_48": "https:\/\/s3-us-west-2.amazonaws.com\/slack-files2\/bot_icons\/2016-02-22\/22594125333_48.png"
        },
        "attachments": [
            {
                "fallback": "*status:* from *New* to *Awaiting resolution confirmation*",
                "id": 1,
                "color": "daa038",
                "fields": [
                    {
                        "title": "status",
                        "value": "*From* New *to* Awaiting resolution confirmation",
                        "short": true
                    }
                ],
                "mrkdwn_in": [
                    "fields",
                    "title",
                    "fallback"
                ]
            }
        ],
        "type": "message",
        "subtype": "bot_message",
        "ts": "1456188051.000070"
    }
]