[
    {
        "type": "message",
        "subtype": "file_share",
        "text": "<@U0QANLBM3|delawer> uploaded a file: <https:\/\/synereonet.slack.com\/files\/delawer\/F0T2U2N2U\/white_paper_translatio-j_de_juan.rtf|white paper translatio-J de Juan.rtf> and commented: update 1\/10",
        "file": {
            "id": "F0T2U2N2U",
            "created": 1458124720,
            "timestamp": 1458124720,
            "name": "white paper translatio-J de Juan.rtf",
            "title": "white paper translatio-J de Juan.rtf",
            "mimetype": "text\/rtf",
            "filetype": "rtf",
            "pretty_type": "Rich Text File",
            "user": "U0QANLBM3",
            "editable": false,
            "size": 12236,
            "mode": "hosted",
            "is_external": false,
            "external_type": "",
            "is_public": true,
            "public_url_shared": false,
            "display_as_bot": false,
            "username": "",
            "url_private": "https:\/\/files.slack.com\/files-pri\/T0474AT8K-F0T2U2N2U\/white_paper_translatio-j_de_juan.rtf?t=xoxe-4242367291-28095460608-28095460624-739c22ae7e",
            "url_private_download": "https:\/\/files.slack.com\/files-pri\/T0474AT8K-F0T2U2N2U\/download\/white_paper_translatio-j_de_juan.rtf?t=xoxe-4242367291-28095460608-28095460624-739c22ae7e",
            "permalink": "https:\/\/synereonet.slack.com\/files\/delawer\/F0T2U2N2U\/white_paper_translatio-j_de_juan.rtf",
            "permalink_public": "https:\/\/slack-files.com\/T0474AT8K-F0T2U2N2U-558dac2d73",
            "channels": [
                "C0KGN7UES"
            ],
            "groups": [
    
            ],
            "ims": [
    
            ],
            "comments_count": 1,
            "initial_comment": {
                "id": "Fc0T18DCRH",
                "created": 1458124720,
                "timestamp": 1458124720,
                "user": "U0QANLBM3",
                "comment": "update 1\/10"
            }
        },
        "user": "U0QANLBM3",
        "upload": true,
        "display_as_bot": false,
        "username": "<@U0QANLBM3|delawer>",
        "bot_id": null,
        "ts": "1458124721.000011"
    },
    {
        "type": "message",
        "user": "U0QANLBM3",
        "text": "I reach some holyday now espect it go faster (is huge but a very well written white paper :simple_smile: )",
        "ts": "1458124790.000012",
        "reactions": [
            {
                "name": "+1",
                "users": [
                    "U04BQ4FMC"
                ],
                "count": 1
            }
        ]
    }
]