[
    {
        "type": "message",
        "user": "U048T3M8W",
        "text": "We have now people who want to translate in several languages. That's nice. But we need also people who're going to deal with the communication around the messages\/papers\/sites in local languages. So I'm going to make an issue in Taiga. Translators can expect an invite to Taiga in order to discuss things further. <@U0S13RXNG> <@U049P4TJ2> . Please reply if I've missed translators.",
        "ts": "1457819362.000002"
    },
    {
        "type": "message",
        "user": "U04BQ4FMC",
        "text": "<@U048T3M8W>: - I think <@U048ERGCQ> (Ger), then there was <@U0QANLBM3> and <@U0NGAG7V5> in (span) - there is a ES.Synereo page on FB, so a natural might be for there to be a German one too, and others to follow suite as you suggested.",
        "ts": "1457822900.000003"
    },
    {
        "type": "message",
        "user": "U0S13RXNG",
        "text": "<@U048T3M8W> joined the taiga",
        "ts": "1457826627.000004"
    },
    {
        "user": "U0QANLBM3",
        "inviter": "U04BQ4FMC",
        "type": "message",
        "subtype": "channel_join",
        "text": "<@U0QANLBM3|delawer> has joined the channel",
        "ts": "1457827825.000005"
    }
]