[
    {
        "text": "\n    \n    New User Story created:  *<https:\/\/tree.taiga.io\/project\/synereo-synpm\/us\/44|#44: sub>*\n",
        "username": "Taiga (Malthus John)",
        "bot_id": "B0KGN1UB1",
        "icons": {
            "image_48": "https:\/\/s3-us-west-2.amazonaws.com\/slack-files2\/bot_icons\/2016-02-25\/23093809732_48.png"
        },
        "attachments": [
            {
                "fallback": "\n    \n    New User Story created:  *<https:\/\/tree.taiga.io\/project\/synereo-synpm\/us\/44|#44: sub>*\n",
                "id": 1,
                "color": "36a64f",
                "fields": [
                    {
                        "title": "Creator",
                        "value": "Malthus John",
                        "short": true
                    },
                    {
                        "title": "Description",
                        "value": "desc",
                        "short": false
                    }
                ]
            }
        ],
        "type": "message",
        "subtype": "bot_message",
        "ts": "1457277343.000148"
    },
    {
        "text": "Changed User Story:  *<https:\/\/tree.taiga.io\/project\/synereo-synpm\/us\/44|#44: c>*",
        "username": "Taiga (Malthus John)",
        "bot_id": "B0KGN1UB1",
        "icons": {
            "image_48": "https:\/\/s3-us-west-2.amazonaws.com\/slack-files2\/bot_icons\/2016-02-25\/23093809732_48.png"
        },
        "attachments": [
            {
                "fallback": "*description*\n    \n    *from*:\n    desc\n    \n    *to*:\n    empty",
                "title": "description",
                "id": 1,
                "color": "daa038",
                "fields": [
                    {
                        "title": "to",
                        "value": "empty",
                        "short": false
                    }
                ],
                "mrkdwn_in": [
                    "fields",
                    "title",
                    "fallback"
                ]
            },
            {
                "fallback": "*subject:* from *sub* to *c*",
                "title": "subject",
                "id": 2,
                "color": "daa038",
                "fields": [
                    {
                        "title": "From",
                        "value": "sub",
                        "short": false
                    },
                    {
                        "title": "To",
                        "value": "c",
                        "short": false
                    }
                ],
                "mrkdwn_in": [
                    "fields",
                    "title",
                    "fallback"
                ]
            },
            {
                "fallback": "*UX Design role points:* from *1* to *Undefined*\n    \n        *Developer role points:* from *1* to *Undefined*",
                "id": 3,
                "color": "daa038",
                "fields": [
                    {
                        "title": "UX Design role points",
                        "value": "*From* 1 *to* Undefined",
                        "short": true
                    },
                    {
                        "title": "Developer role points",
                        "value": "*From* 1 *to* Undefined",
                        "short": true
                    }
                ],
                "mrkdwn_in": [
                    "fields",
                    "title",
                    "fallback"
                ]
            },
            {
                "fallback": "*tags:* from *test * to * *",
                "id": 4,
                "color": "daa038",
                "fields": [
                    {
                        "title": "tags",
                        "value": "*From* test *to* ",
                        "short": true
                    }
                ],
                "mrkdwn_in": [
                    "fields",
                    "title",
                    "fallback"
                ]
            }
        ],
        "type": "message",
        "subtype": "bot_message",
        "ts": "1457277450.000149"
    },
    {
        "text": "Changed User Story:  *<https:\/\/tree.taiga.io\/project\/synereo-synpm\/us\/44|#44: c>*",
        "username": "Taiga (Malthus John)",
        "bot_id": "B0KGN1UB1",
        "icons": {
            "image_48": "https:\/\/s3-us-west-2.amazonaws.com\/slack-files2\/bot_icons\/2016-02-25\/23093809732_48.png"
        },
        "attachments": [
            {
                "fallback": "*status:* from *Proposed* to *Rejected*",
                "id": 1,
                "color": "daa038",
                "fields": [
                    {
                        "title": "status",
                        "value": "*From* Proposed *to* Rejected",
                        "short": true
                    }
                ],
                "mrkdwn_in": [
                    "fields",
                    "title",
                    "fallback"
                ]
            }
        ],
        "type": "message",
        "subtype": "bot_message",
        "ts": "1457277478.000150"
    }
]