[
    {
        "type": "message",
        "user": "U048T3M8W",
        "text": "Hej <@U0474E4KZ>, I think <@U0J9CQF9S> deserves some AMP's. He's doing a awful lot of work on getting the project rolling like a fast train. :simple_smile:",
        "ts": "1454962402.000028"
    },
    {
        "type": "message",
        "user": "U0474E4KZ",
        "text": "Ahh! We're about to finalize the Ambassador role. He's already started, and we'll compensate him once we have it all ready and planned out.",
        "ts": "1454970182.000029"
    }
]