[
    {
        "type": "message",
        "user": "U04BQ4FMC",
        "text": "Taiga familiarization workshop starting in 5 minutes..\n<http:\/\/meet.jit.si|meet.jit.si>\nthen type synereosynpm",
        "ts": "1456415971.000095"
    },
    {
        "type": "message",
        "user": "U04BQ4FMC",
        "text": "- changed to <https:\/\/plus.google.com\/hangouts\/_\/i4lzi2obozb7nesm5s2ak6vazua?hl=en&amp;authuser=0>",
        "ts": "1456417482.000096"
    },
    {
        "text": "Changed User Story:  *<https:\/\/tree.taiga.io\/project\/synereo-synpm\/us\/1|#1: Ventrilo  Setup \/ Speaker Suggestions \/ Meeting Schedule>*",
        "username": "Taiga (Malthus John)",
        "bot_id": "B0KGN1UB1",
        "icons": {
            "image_48": "https:\/\/s3-us-west-2.amazonaws.com\/slack-files2\/bot_icons\/2016-02-25\/23093809732_48.png"
        },
        "attachments": [
            {
                "fallback": "*status:* from *In progress* to *Rejected*",
                "id": 1,
                "color": "daa038",
                "fields": [
                    {
                        "title": "status",
                        "value": "*From* In progress *to* Rejected",
                        "short": true
                    }
                ],
                "mrkdwn_in": [
                    "fields",
                    "title",
                    "fallback"
                ]
            }
        ],
        "type": "message",
        "subtype": "bot_message",
        "ts": "1456422210.000097"
    },
    {
        "text": "Changed User Story:  *<https:\/\/tree.taiga.io\/project\/synereo-synpm\/us\/8|#8: Prepare BnkToTheFuture>*\n\n*Comment by Malthus John:* Is this task to be completed solely by Dor?",
        "username": "Taiga (Malthus John)",
        "bot_id": "B0KGN1UB1",
        "icons": {
            "image_48": "https:\/\/s3-us-west-2.amazonaws.com\/slack-files2\/bot_icons\/2016-02-25\/23093809732_48.png"
        },
        "type": "message",
        "subtype": "bot_message",
        "ts": "1456424401.000098"
    }
]