[
    {
        "user": "U0N85EADU",
        "type": "message",
        "subtype": "channel_join",
        "text": "<@U0N85EADU|dodgers> has joined the channel",
        "ts": "1456073616.000041"
    },
    {
        "text": "Changed Issue:  *<https:\/\/tree.taiga.io\/project\/synereo-synpm\/issue\/33|#33: Improve #channel names in Slack>*\n\n*Comment by Julian Dumitrascu:* Hi!\nI would discuss any and all parts of the communication plan. \nIn order for me to do this, a decision maker on this team should give me the right to vote in all discussions or only in discussions about communication procedures. \nIf you want some people to vote on things we set out to do, we can use a service like IdeaScale.\nI want to build a team that helps very many people use the software environment that is (almost) optimal for them. Synereo might not have the optimal software environment yet because you develop better applications, which you cannot use yet, and you haven't decided on everything in the current software environment. \nWho wants to help me understand this team's goals?\nWho wants to create a communication plan that serves these goals well?\nWho wants to create a software environment that serves these goals well?\nWho wants to help me understand how we repay the people who carry out these tasks? I've seen some documents about rewards in AMP coins, which are convertible.",
        "username": "Taiga (Julian Dumitrascu)",
        "bot_id": "B0KGN1UB1",
        "icons": {
            "image_48": "https:\/\/s3-us-west-2.amazonaws.com\/slack-files2\/bot_icons\/2016-02-21\/22409413971_48.png"
        },
        "type": "message",
        "subtype": "bot_message",
        "ts": "1456090927.000042"
    },
    {
        "text": "Changed Issue:  *<https:\/\/tree.taiga.io\/project\/synereo-synpm\/issue\/31|#31: New job: Digital Marketing Leader>*\n\n*Comment by Julian Dumitrascu:* I incline towards another (less commercial) way to communicate with potential buyers.\nI have the power to decide on many things in my team (the mun team). Let me know whether you let me have a say in the Synereo marketing team. \nA few words about what I want the mun team to do: Communicate with individuals more directly. Pay more attention to them. Act so that current buyers advertise our services more effectively than an average buyer has during the last years.\nI find graphs (e.g. Plotly) more powerful than infographics.",
        "username": "Taiga (Julian Dumitrascu)",
        "bot_id": "B0KGN1UB1",
        "icons": {
            "image_48": "https:\/\/s3-us-west-2.amazonaws.com\/slack-files2\/bot_icons\/2016-02-21\/22409413971_48.png"
        },
        "type": "message",
        "subtype": "bot_message",
        "ts": "1456092326.000043",
        "reactions": [
            {
                "name": "heart",
                "users": [
                    "U048T3M8W"
                ],
                "count": 1
            }
        ]
    },
    {
        "text": "Changed Issue:  *<https:\/\/tree.taiga.io\/project\/synereo-synpm\/issue\/30|#30: Open bounties on main website>*\n\n*Comment by Julian Dumitrascu:* I find it useful to show people what you want and what you'd trade for it. Is this what you suggest?",
        "username": "Taiga (Julian Dumitrascu)",
        "bot_id": "B0KGN1UB1",
        "icons": {
            "image_48": "https:\/\/s3-us-west-2.amazonaws.com\/slack-files2\/bot_icons\/2016-02-21\/22409413971_48.png"
        },
        "type": "message",
        "subtype": "bot_message",
        "ts": "1456092831.000044"
    },
    {
        "text": "Changed Issue:  *<https:\/\/tree.taiga.io\/project\/synereo-synpm\/issue\/32|#32: Feed between Slack, Github, Taiga, BitcoinTalk, ......>*\n\n*Comment by HJ:* I requested to be part of Slack Shared Network (<https:\/\/bitcointalk.org\/index.php?topic=1357996.0>) on Bitcointalk. That would give a feed between bitcoin related work and Slack.",
        "username": "Taiga (HJ)",
        "bot_id": "B0KGN1UB1",
        "icons": {
            "image_48": "https:\/\/s3-us-west-2.amazonaws.com\/slack-files2\/bot_icons\/2016-02-09\/20702864161_48.png"
        },
        "attachments": [
            {
                "fallback": "*subject:* from *Admin access for CM to: Github, Slack, ......* to *Feed between Slack, Github, Taiga, BitcoinTalk, ......*",
                "title": "subject",
                "id": 1,
                "color": "daa038",
                "fields": [
                    {
                        "title": "From",
                        "value": "Admin access for CM to: Github, Slack, ......",
                        "short": false
                    },
                    {
                        "title": "To",
                        "value": "Feed between Slack, Github, Taiga, BitcoinTalk, ......",
                        "short": false
                    }
                ],
                "mrkdwn_in": [
                    "fields",
                    "title",
                    "fallback"
                ]
            }
        ],
        "type": "message",
        "subtype": "bot_message",
        "ts": "1456093394.000045"
    },
    {
        "text": "Changed Issue:  *<https:\/\/tree.taiga.io\/project\/synereo-synpm\/issue\/33|#33: Improve #channel names in Slack>*\n\n*Comment by HJ:* In reaction on rewards in AMP.\n\nThe procedure I see, is that we make well defined tasks. Like for example: Add this (<https:\/\/www.youtube.com\/watch?v=uV2VfoO30SA>) to Synereo's YouTube channel's playlist?\nThen we can set a bounty in AMPs for such a task. And the person get's rewarded.",
        "username": "Taiga (HJ)",
        "bot_id": "B0KGN1UB1",
        "icons": {
            "image_48": "https:\/\/s3-us-west-2.amazonaws.com\/slack-files2\/bot_icons\/2016-02-09\/20702864161_48.png"
        },
        "attachments": [
            {
                "service_name": "YouTube",
                "service_url": "https:\/\/www.youtube.com\/",
                "title": "A fully decentralized and distributed social platform: Synereo",
                "title_link": "https:\/\/www.youtube.com\/watch?v=uV2VfoO30SA",
                "author_name": "Crowd Expedition",
                "author_link": "https:\/\/www.youtube.com\/user\/crowdexpedition",
                "thumb_url": "https:\/\/i.ytimg.com\/vi\/uV2VfoO30SA\/hqdefault.jpg",
                "thumb_width": 480,
                "thumb_height": 360,
                "fallback": "YouTube Video: A fully decentralized and distributed social platform: Synereo",
                "video_html": "<iframe width=\"400\" height=\"225\" src=\"https:\/\/www.youtube.com\/embed\/uV2VfoO30SA?feature=oembed&autoplay=1&iv_load_policy=3\" frameborder=\"0\" allowfullscreen><\/iframe>",
                "video_html_width": 400,
                "video_html_height": 225,
                "from_url": "https:\/\/www.youtube.com\/watch?v=uV2VfoO30SA",
                "id": 1
            }
        ],
        "type": "message",
        "subtype": "bot_message",
        "ts": "1456094238.000046"
    },
    {
        "text": "Changed Task:  *<https:\/\/tree.taiga.io\/project\/synereo-synpm\/task\/27|#27: https:\/\/calendar.google.com\/calendar\/b\/1\/render?tab=mc#main_7      >&gt;&gt; I've created a public community calendar. Most of active persons have full access rights. We can schedule HOA's in it and maybe also a kind of timeline for projects in progress.&gt;*\n\n*Comment by Julian Dumitrascu:* This is the general URL, so I cannot see this calendar. I would coordinate with you using Google Calendar. In order to do this, my account and this account must be in contact somehow. This might be easy to achieve.",
        "username": "Taiga (Julian Dumitrascu)",
        "bot_id": "B0KGN1UB1",
        "icons": {
            "image_48": "https:\/\/s3-us-west-2.amazonaws.com\/slack-files2\/bot_icons\/2016-02-21\/22409413971_48.png"
        },
        "type": "message",
        "subtype": "bot_message",
        "ts": "1456094934.000048"
    },
    {
        "text": "Changed User Story:  *<https:\/\/tree.taiga.io\/project\/synereo-synpm\/us\/2|#2: Organise this project \/ Governance>*\n\n*Comment by Julian Dumitrascu:* I suggest using a voting application. I think that the voting application should be integrated in a communication application. I think nobody has done this yet, so it is on my agenda. \nUntil then we can e.g. build a team who chooses a voting application. I would have all stakeholders and just about anybody else vote on just about anything. (Yes, I want to do this in relation to mun software. The Synereo team will decide which of my suggestions they consider, and we'll see which suggestions you will vote to use.)",
        "username": "Taiga (Julian Dumitrascu)",
        "bot_id": "B0KGN1UB1",
        "icons": {
            "image_48": "https:\/\/s3-us-west-2.amazonaws.com\/slack-files2\/bot_icons\/2016-02-21\/22409413971_48.png"
        },
        "type": "message",
        "subtype": "bot_message",
        "ts": "1456095268.000049"
    },
    {
        "text": "Changed Task:  *<https:\/\/tree.taiga.io\/project\/synereo-synpm\/task\/10|#10: USA East Coast Meeting Times>*",
        "username": "Taiga (Julian Dumitrascu)",
        "bot_id": "B0KGN1UB1",
        "icons": {
            "image_48": "https:\/\/s3-us-west-2.amazonaws.com\/slack-files2\/bot_icons\/2016-02-21\/22409413971_48.png"
        },
        "attachments": [
            {
                "fallback": "*subject:* from *USA East Coat Meeting Times* to *USA East Coast Meeting Times*",
                "title": "subject",
                "id": 1,
                "color": "daa038",
                "fields": [
                    {
                        "title": "From",
                        "value": "USA East Coat Meeting Times",
                        "short": false
                    },
                    {
                        "title": "To",
                        "value": "USA East Coast Meeting Times",
                        "short": false
                    }
                ],
                "mrkdwn_in": [
                    "fields",
                    "title",
                    "fallback"
                ]
            }
        ],
        "type": "message",
        "subtype": "bot_message",
        "ts": "1456095827.000050",
        "reactions": [
            {
                "name": "heart",
                "users": [
                    "U0474E4KZ"
                ],
                "count": 1
            }
        ]
    },
    {
        "text": "Changed Task:  *<https:\/\/tree.taiga.io\/project\/synereo-synpm\/task\/27|#27: https:\/\/calendar.google.com\/calendar\/b\/1\/render?tab=mc#main_7      >&gt;&gt; I've created a public community calendar. Most of active persons have full access rights. We can schedule HOA's in it and maybe also a kind of timeline for projects in progress.&gt;*\n\n*Comment by HJ:* Iulian,\nYou have now access to this calendar (<https:\/\/calendar.google.com\/calendar\/b\/1\/render?tab=mc#main_7>)\nHJ",
        "username": "Taiga (HJ)",
        "bot_id": "B0KGN1UB1",
        "icons": {
            "image_48": "https:\/\/s3-us-west-2.amazonaws.com\/slack-files2\/bot_icons\/2016-02-09\/20702864161_48.png"
        },
        "type": "message",
        "subtype": "bot_message",
        "ts": "1456096510.000051"
    },
    {
        "text": "Changed Task:  *<https:\/\/tree.taiga.io\/project\/synereo-synpm\/task\/27|#27: https:\/\/calendar.google.com\/calendar\/b\/1\/render?tab=mc#main_7      >&gt;&gt; I've created a public community calendar. Most of active persons have full access rights. We can schedule HOA's in it and maybe also a kind of timeline for projects in progress.&gt;*",
        "username": "Taiga (HJ)",
        "bot_id": "B0KGN1UB1",
        "icons": {
            "image_48": "https:\/\/s3-us-west-2.amazonaws.com\/slack-files2\/bot_icons\/2016-02-09\/20702864161_48.png"
        },
        "attachments": [
            {
                "fallback": "*status:* from *Backlog* to *Closed*",
                "id": 1,
                "color": "daa038",
                "fields": [
                    {
                        "title": "status",
                        "value": "*From* Backlog *to* Closed",
                        "short": true
                    }
                ],
                "mrkdwn_in": [
                    "fields",
                    "title",
                    "fallback"
                ]
            }
        ],
        "type": "message",
        "subtype": "bot_message",
        "ts": "1456096600.000052"
    },
    {
        "text": "Changed User Story:  *<https:\/\/tree.taiga.io\/project\/synereo-synpm\/us\/2|#2: Organise this project \/ Governance>*\n\n*Comment by HJ:* I've made a spreadsheet for voting\n<https:\/\/docs.google.com\/spreadsheets\/d\/1wLZphSfp2ql_J8AUA4QvypUhdeusSAjQsn_PAkiWuPk\/edit#gid=1704940056>",
        "username": "Taiga (HJ)",
        "bot_id": "B0KGN1UB1",
        "icons": {
            "image_48": "https:\/\/s3-us-west-2.amazonaws.com\/slack-files2\/bot_icons\/2016-02-09\/20702864161_48.png"
        },
        "type": "message",
        "subtype": "bot_message",
        "ts": "1456097563.000053"
    },
    {
        "text": "Changed Task:  *<https:\/\/tree.taiga.io\/project\/synereo-synpm\/task\/10|#10: USA East Coast Meeting Times>*\n\n*Comment by HJ:* In Tab instructions you can see in the area which is green the times that people could be available on a convenient time.\n<https:\/\/docs.google.com\/spreadsheets\/d\/1wLZphSfp2ql_J8AUA4QvypUhdeusSAjQsn_PAkiWuPk\/edit#gid=1115838589>",
        "username": "Taiga (HJ)",
        "bot_id": "B0KGN1UB1",
        "icons": {
            "image_48": "https:\/\/s3-us-west-2.amazonaws.com\/slack-files2\/bot_icons\/2016-02-09\/20702864161_48.png"
        },
        "type": "message",
        "subtype": "bot_message",
        "ts": "1456097751.000054"
    },
    {
        "user": "U0GMNDN67",
        "type": "message",
        "subtype": "channel_join",
        "text": "<@U0GMNDN67|pigeons> has joined the channel",
        "ts": "1456116962.000055"
    }
]