[
    {
        "text": "Changed User Story:  *<https:\/\/tree.taiga.io\/project\/synereo-synpm\/us\/2|#2: Organise this project \/ Governance>*\n\n*Comment by Eric Blomquist:* In general, I like the idea ... I included the following comments within the \"FreeTrust\" project. Shall we create a unique one for \"Synereo\" project matters?\n\n==&gt; Eric Blomquist abstained: \nI have both positive and negative feelings on the topic here. 250 characters is hardly enough to capture a genuine \"concern\" on most matters of import. Depending upon the degree in which shared consensus is actually required, this tool might do the t\n==&gt; Comment by Eric Blomquist\nyep ... ran out of space in clarifying my position. Partly in jest, but also in earnest. My take is that certain community decisions make sense to have proposed and deliberated in this manner. For those, this tool seems great! For others however of a more specific fiduciary and strategic nature, this opens up pandora's \"design by committee box\" which should typically be left closed in these cases. The fineness of the lines between responsible, accountable, and consulted in our environment need to thicken up as a result of some judicious thought around the proposed protocols we intend to follow together. The subtleties of these \"decision making matters\" are of course why so much effort goes into clearly defining RACI matrices before embarking on a projects together in the corporate world ... I suppose however that's what we're doing here and now: <https:\/\/en.wikipedia.org\/wiki\/Responsibility_assignment_matrix>",
        "username": "Taiga (Eric Blomquist)",
        "bot_id": "B0KGN1UB1",
        "icons": {
            "image_48": "https:\/\/s3-us-west-2.amazonaws.com\/slack-files2\/bot_icons\/2016-02-17\/21833586451_48.png"
        },
        "type": "message",
        "subtype": "bot_message",
        "ts": "1457177814.000143"
    },
    {
        "text": "Changed User Story:  *<https:\/\/tree.taiga.io\/project\/synereo-synpm\/us\/2|#2: Organise this project \/ Governance>*\n\n*Comment by Jim Whitecarver:* For a quick summary of peoples positions 255 characters may be too long. There is no limit in discussions. Reviewing positions should not be reading a thesis. As Bamberger said, \"If you cannot write your idea on the back of a business card you do not have a clear idea.\"\n\nThere should be something simple for helping to make group decisions.  Are there any better alternatives?",
        "username": "Taiga (Jim Whitecarver)",
        "bot_id": "B0KGN1UB1",
        "icons": {
            "image_48": "https:\/\/s3-us-west-2.amazonaws.com\/slack-files2\/bot_icons\/2016-02-23\/22678761185_48.png"
        },
        "type": "message",
        "subtype": "bot_message",
        "ts": "1457183774.000144"
    },
    {
        "user": "U049CMCCZ",
        "type": "message",
        "subtype": "channel_join",
        "text": "<@U049CMCCZ|henri> has joined the channel",
        "ts": "1457184451.000145"
    },
    {
        "text": "Changed Wiki Page:  *<https:\/\/tree.taiga.io\/project\/synereo-synpm\/wiki\/document-repositories|document-repositories>*",
        "username": "Taiga (Shdwdm)",
        "bot_id": "B0KGN1UB1",
        "icons": {
            "image_48": "https:\/\/s3-us-west-2.amazonaws.com\/slack-files2\/bot_icons\/2016-03-05\/24628118002_48.png"
        },
        "attachments": [
            {
                "fallback": "*content*\n    \n    *from*:\n    At the moment we are synchronizing our strategy for docs ... \n\n\nDocument Links:\n------------------\n\n[Github Repositories](<https:\/\/github.com\/synereo> &amp;#34;Github Repositories&amp;#34;)\n[Google Drive](<https:\/\/drive.google.com\/open?id=0B2oJ08sgSZdaWTBVODh0eFhKTmM>)\n[Synereo Ops Document](<https:\/\/docs.google.com\/document\/d\/1c1vJks6RAhTynbkKkgQvl8RUanlJRBTr2PnyB1zW-_g\/edit> &amp;#34;Synereo Ops Document&amp;#34;)\n\n\nKey Synereo Project Links\n------------------\n* [Marketing Site](<http:\/\/www.synereo.com\/> &amp;#34;Marketing Site&amp;#34;)\n* [Fundamental Concepts](<http:\/\/www.synereo.com\/learn-more\/> &amp;#34;Fundamental Concepts&amp;#34;)\n* [Whitepaper](<http:\/\/www.synereo.com\/whitepapers\/synereo.pdf> &amp;#34;Whitepaper&amp;#34;)\n* [Slack Channel](<http:\/\/synereonet.slack.com\/> &amp;#34;Slack Channel&amp;#34;)\n* [Tech Demo (Old UI)](<https:\/\/www.youtube.com\/watch?v=pswRWPDzq6I> &amp;#34;Tech Demo (Old UI)&amp;#34;)\n\nPublic Communication Forums\n------------------\n* [Facebook Page](<https:\/\/www.facebook.com\/synereo\/> &amp;#34;Facebook&amp;#34;) - localization: [ES](<https:\/\/www.facebook.com\/EsSynereo\/> &amp;#34;Spanish&amp;#34;)\n* [G+ Stream](<https:\/\/plus.google.com\/u\/0\/+Synereo> &amp;#34;G+ Stream&amp;#34;)\n* [YouTube Channel](<https:\/\/www.youtube.com\/channel\/UCU5CBbxAeFYnodf32w3ahOQ> &amp;#34;YouTube Channel&amp;#34;)\n* [Twitter Stream](<https:\/\/twitter.com\/synereo> &amp;#34;Twitter Stream&amp;#34;)\n* [Reddit Discussions](<https:\/\/www.reddit.com\/r\/Synereo\/> &amp;#34;Reddit Discussions&amp;#34;)\n\nConferencing Channels\n------------------\n* [Jitsi](<https:\/\/meet.jit.si\/synereosynpm> &amp;#34;Jitsi&amp;#34;)\n* [Ventrilo](<http:\/\/www.ventrilo.com\/download.php>) _Hostname: <http:\/\/fierce.typefrag.com|fierce.typefrag.com> Port: 5505_\n    \n    *to*:\n    At the moment we are synchronizing our strategy for docs ... \n\n\nDocument Links:\n------------------\n\n[Github Repositories](<https:\/\/github.com\/synereo> &amp;#34;Github Repositories&amp;#34;)\n[Google Drive](<https:\/\/drive.google.com\/open?id=0B2oJ08sgSZdaWTBVODh0eFhKTmM>)\n[Synereo Ops Document](<https:\/\/docs.google.com\/document\/d\/1c1vJks6RAhTynbkKkgQvl8RUanlJRBTr2PnyB1zW-_g\/edit> &amp;#34;Synereo Ops Document&amp;#34;)\n\n\nKey Synereo Project Links\n------------------\n* [Marketing Site](<http:\/\/www.synereo.com\/> &amp;#34;Marketing Site&amp;#34;)\n* [Fundamental Concepts](<http:\/\/www.synereo.com\/learn-more\/> &amp;#34;Fundamental Concepts&amp;#34;)\n* [Whitepaper](<http:\/\/www.synereo.com\/whitepapers\/synereo.pdf> &amp;#34;Whitepaper&amp;#34;)\n* [Slack Channel](<http:\/\/synereonet.slack.com\/> &amp;#34;Slack Channel&amp;#34;)\n* [Tech Demo (Old UI)](<https:\/\/www.youtube.com\/watch?v=pswRWPDzq6I> &amp;#34;Tech Demo (Old UI)&amp;#34;)\n\nPublic Communication Forums\n------------------\n* [Facebook Page](<https:\/\/www.facebook.com\/synereo\/> &amp;#34;Facebook&amp;#34;) - localization: [ES](<https:\/\/www.facebook.com\/EsSynereo\/> &amp;#34;Spanish&amp;#34;)\n* [G+ Stream](<https:\/\/plus.google.com\/u\/0\/+Synereo> &amp;#34;G+ Stream&amp;#34;)\n* [YouTube Channel](<https:\/\/www.youtube.com\/channel\/UCU5CBbxAeFYnodf32w3ahOQ> &amp;#34;YouTube Channel&amp;#34;)\n* [Twitter Stream](<https:\/\/twitter.com\/synereo> &amp;#34;Twitter Stream&amp;#34;)\n* [Reddit Discussions](<https:\/\/www.reddit.com\/r\/Synereo\/> &amp;#34;Reddit Discussions&amp;#34;)\n\nConferencing Channels\n------------------\n* [Jitsi](<https:\/\/meet.jit.si\/synereosynpm> &amp;#34;Jitsi&amp;#34;)\n* [Ventrilo](down until interest is expressed in setting ventrilo back up)",
                "title": "content",
                "id": 1,
                "color": "daa038",
                "fields": [
                    {
                        "title": "from",
                        "value": "At the moment we are synchronizing our strategy for docs ... \n\n\nDocument Links:\n------------------\n\n[Github Repositories](<https:\/\/github.com\/synereo> \"Github Repositories\")\n[Google Drive](<https:\/\/drive.google.com\/open?id=0B2oJ08sgSZdaWTBVODh0eFhKTmM>)\n[Synereo Ops Document](<https:\/\/docs.google.com\/document\/d\/1c1vJks6RAhTynbkKkgQvl8RUanlJRBTr2PnyB1zW-_g\/edit> \"Synereo Ops Document\")\n\n\nKey Synereo Project Links\n------------------\n* [Marketing Site](<http:\/\/www.synereo.com\/> \"Marketing Site\")\n* [Fundamental Concepts](<http:\/\/www.synereo.com\/learn-more\/> \"Fundamental Concepts\")\n* [Whitepaper](<http:\/\/www.synereo.com\/whitepapers\/synereo.pdf> \"Whitepaper\")\n* [Slack Channel](<http:\/\/synereonet.slack.com\/> \"Slack Channel\")\n* [Tech Demo (Old UI)](<https:\/\/www.youtube.com\/watch?v=pswRWPDzq6I> \"Tech Demo (Old UI)\")\n\nPublic Communication Forums\n------------------\n* [Facebook Page](<https:\/\/www.facebook.com\/synereo\/> \"Facebook\") - localization: [ES](<https:\/\/www.facebook.com\/EsSynereo\/> \"Spanish\")\n* [G+ Stream](<https:\/\/plus.google.com\/u\/0\/+Synereo> \"G+ Stream\")\n* [YouTube Channel](<https:\/\/www.youtube.com\/channel\/UCU5CBbxAeFYnodf32w3ahOQ> \"YouTube Channel\")\n* [Twitter Stream](<https:\/\/twitter.com\/synereo> \"Twitter Stream\")\n* [Reddit Discussions](<https:\/\/www.reddit.com\/r\/Synereo\/> \"Reddit Discussions\")\n\nConferencing Channels\n------------------\n* [Jitsi](<https:\/\/meet.jit.si\/synereosynpm> \"Jitsi\")\n* [Ventrilo](<http:\/\/www.ventrilo.com\/download.php>) _Hostname: <http:\/\/fierce.typefrag.com|fierce.typefrag.com> Port: 5505_",
                        "short": false
                    },
                    {
                        "title": "to",
                        "value": "At the moment we are synchronizing our strategy for docs ... \n\n\nDocument Links:\n------------------\n\n[Github Repositories](<https:\/\/github.com\/synereo> \"Github Repositories\")\n[Google Drive](<https:\/\/drive.google.com\/open?id=0B2oJ08sgSZdaWTBVODh0eFhKTmM>)\n[Synereo Ops Document](<https:\/\/docs.google.com\/document\/d\/1c1vJks6RAhTynbkKkgQvl8RUanlJRBTr2PnyB1zW-_g\/edit> \"Synereo Ops Document\")\n\n\nKey Synereo Project Links\n------------------\n* [Marketing Site](<http:\/\/www.synereo.com\/> \"Marketing Site\")\n* [Fundamental Concepts](<http:\/\/www.synereo.com\/learn-more\/> \"Fundamental Concepts\")\n* [Whitepaper](<http:\/\/www.synereo.com\/whitepapers\/synereo.pdf> \"Whitepaper\")\n* [Slack Channel](<http:\/\/synereonet.slack.com\/> \"Slack Channel\")\n* [Tech Demo (Old UI)](<https:\/\/www.youtube.com\/watch?v=pswRWPDzq6I> \"Tech Demo (Old UI)\")\n\nPublic Communication Forums\n------------------\n* [Facebook Page](<https:\/\/www.facebook.com\/synereo\/> \"Facebook\") - localization: [ES](<https:\/\/www.facebook.com\/EsSynereo\/> \"Spanish\")\n* [G+ Stream](<https:\/\/plus.google.com\/u\/0\/+Synereo> \"G+ Stream\")\n* [YouTube Channel](<https:\/\/www.youtube.com\/channel\/UCU5CBbxAeFYnodf32w3ahOQ> \"YouTube Channel\")\n* [Twitter Stream](<https:\/\/twitter.com\/synereo> \"Twitter Stream\")\n* [Reddit Discussions](<https:\/\/www.reddit.com\/r\/Synereo\/> \"Reddit Discussions\")\n\nConferencing Channels\n------------------\n* [Jitsi](<https:\/\/meet.jit.si\/synereosynpm> \"Jitsi\")\n* [Ventrilo](down until interest is expressed in setting ventrilo back up)",
                        "short": false
                    }
                ],
                "mrkdwn_in": [
                    "fields",
                    "title",
                    "fallback"
                ]
            }
        ],
        "type": "message",
        "subtype": "bot_message",
        "ts": "1457185006.000146"
    },
    {
        "text": "Changed Wiki Page:  *<https:\/\/tree.taiga.io\/project\/synereo-synpm\/wiki\/document-repositories|document-repositories>*",
        "username": "Taiga (Shdwdm)",
        "bot_id": "B0KGN1UB1",
        "icons": {
            "image_48": "https:\/\/s3-us-west-2.amazonaws.com\/slack-files2\/bot_icons\/2016-03-05\/24628118002_48.png"
        },
        "attachments": [
            {
                "fallback": "*content*\n    \n    *from*:\n    At the moment we are synchronizing our strategy for docs ... \n\n\nDocument Links:\n------------------\n\n[Github Repositories](<https:\/\/github.com\/synereo> &amp;#34;Github Repositories&amp;#34;)\n[Google Drive](<https:\/\/drive.google.com\/open?id=0B2oJ08sgSZdaWTBVODh0eFhKTmM>)\n[Synereo Ops Document](<https:\/\/docs.google.com\/document\/d\/1c1vJks6RAhTynbkKkgQvl8RUanlJRBTr2PnyB1zW-_g\/edit> &amp;#34;Synereo Ops Document&amp;#34;)\n\n\nKey Synereo Project Links\n------------------\n* [Marketing Site](<http:\/\/www.synereo.com\/> &amp;#34;Marketing Site&amp;#34;)\n* [Fundamental Concepts](<http:\/\/www.synereo.com\/learn-more\/> &amp;#34;Fundamental Concepts&amp;#34;)\n* [Whitepaper](<http:\/\/www.synereo.com\/whitepapers\/synereo.pdf> &amp;#34;Whitepaper&amp;#34;)\n* [Slack Channel](<http:\/\/synereonet.slack.com\/> &amp;#34;Slack Channel&amp;#34;)\n* [Tech Demo (Old UI)](<https:\/\/www.youtube.com\/watch?v=pswRWPDzq6I> &amp;#34;Tech Demo (Old UI)&amp;#34;)\n\nPublic Communication Forums\n------------------\n* [Facebook Page](<https:\/\/www.facebook.com\/synereo\/> &amp;#34;Facebook&amp;#34;) - localization: [ES](<https:\/\/www.facebook.com\/EsSynereo\/> &amp;#34;Spanish&amp;#34;)\n* [G+ Stream](<https:\/\/plus.google.com\/u\/0\/+Synereo> &amp;#34;G+ Stream&amp;#34;)\n* [YouTube Channel](<https:\/\/www.youtube.com\/channel\/UCU5CBbxAeFYnodf32w3ahOQ> &amp;#34;YouTube Channel&amp;#34;)\n* [Twitter Stream](<https:\/\/twitter.com\/synereo> &amp;#34;Twitter Stream&amp;#34;)\n* [Reddit Discussions](<https:\/\/www.reddit.com\/r\/Synereo\/> &amp;#34;Reddit Discussions&amp;#34;)\n\nConferencing Channels\n------------------\n* [Jitsi](<https:\/\/meet.jit.si\/synereosynpm> &amp;#34;Jitsi&amp;#34;)\n* [Ventrilo](down until interest is expressed in setting ventrilo back up)\n    \n    *to*:\n    At the moment we are synchronizing our strategy for docs ... \n\n\nDocument Links:\n------------------\n\n[Github Repositories](<https:\/\/github.com\/synereo> &amp;#34;Github Repositories&amp;#34;)\n[Google Drive](<https:\/\/drive.google.com\/open?id=0B2oJ08sgSZdaWTBVODh0eFhKTmM>)\n[Synereo Ops Document](<https:\/\/docs.google.com\/document\/d\/1c1vJks6RAhTynbkKkgQvl8RUanlJRBTr2PnyB1zW-_g\/edit> &amp;#34;Synereo Ops Document&amp;#34;)\n\n\nKey Synereo Project Links\n------------------\n* [Marketing Site](<http:\/\/www.synereo.com\/> &amp;#34;Marketing Site&amp;#34;)\n* [Fundamental Concepts](<http:\/\/www.synereo.com\/learn-more\/> &amp;#34;Fundamental Concepts&amp;#34;)\n* [Whitepaper](<http:\/\/www.synereo.com\/whitepapers\/synereo.pdf> &amp;#34;Whitepaper&amp;#34;)\n* [Slack Channel](<http:\/\/synereonet.slack.com\/> &amp;#34;Slack Channel&amp;#34;)\n* [Tech Demo (Old UI)](<https:\/\/www.youtube.com\/watch?v=pswRWPDzq6I> &amp;#34;Tech Demo (Old UI)&amp;#34;)\n\nPublic Communication Forums\n------------------\n* [Facebook Page](<https:\/\/www.facebook.com\/synereo\/> &amp;#34;Facebook&amp;#34;) - localization: [ES](<https:\/\/www.facebook.com\/EsSynereo\/> &amp;#34;Spanish&amp;#34;)\n* [G+ Stream](<https:\/\/plus.google.com\/u\/0\/+Synereo> &amp;#34;G+ Stream&amp;#34;)\n* [YouTube Channel](<https:\/\/www.youtube.com\/channel\/UCU5CBbxAeFYnodf32w3ahOQ> &amp;#34;YouTube Channel&amp;#34;)\n* [Twitter Stream](<https:\/\/twitter.com\/synereo> &amp;#34;Twitter Stream&amp;#34;)\n* [Reddit Discussions](<https:\/\/www.reddit.com\/r\/Synereo\/> &amp;#34;Reddit Discussions&amp;#34;)\n\nConferencing Channels\n------------------\n* [Jitsi](<https:\/\/meet.jit.si\/synereosynpm> &amp;#34;Jitsi&amp;#34;)",
                "title": "content",
                "id": 1,
                "color": "daa038",
                "fields": [
                    {
                        "title": "from",
                        "value": "At the moment we are synchronizing our strategy for docs ... \n\n\nDocument Links:\n------------------\n\n[Github Repositories](<https:\/\/github.com\/synereo> \"Github Repositories\")\n[Google Drive](<https:\/\/drive.google.com\/open?id=0B2oJ08sgSZdaWTBVODh0eFhKTmM>)\n[Synereo Ops Document](<https:\/\/docs.google.com\/document\/d\/1c1vJks6RAhTynbkKkgQvl8RUanlJRBTr2PnyB1zW-_g\/edit> \"Synereo Ops Document\")\n\n\nKey Synereo Project Links\n------------------\n* [Marketing Site](<http:\/\/www.synereo.com\/> \"Marketing Site\")\n* [Fundamental Concepts](<http:\/\/www.synereo.com\/learn-more\/> \"Fundamental Concepts\")\n* [Whitepaper](<http:\/\/www.synereo.com\/whitepapers\/synereo.pdf> \"Whitepaper\")\n* [Slack Channel](<http:\/\/synereonet.slack.com\/> \"Slack Channel\")\n* [Tech Demo (Old UI)](<https:\/\/www.youtube.com\/watch?v=pswRWPDzq6I> \"Tech Demo (Old UI)\")\n\nPublic Communication Forums\n------------------\n* [Facebook Page](<https:\/\/www.facebook.com\/synereo\/> \"Facebook\") - localization: [ES](<https:\/\/www.facebook.com\/EsSynereo\/> \"Spanish\")\n* [G+ Stream](<https:\/\/plus.google.com\/u\/0\/+Synereo> \"G+ Stream\")\n* [YouTube Channel](<https:\/\/www.youtube.com\/channel\/UCU5CBbxAeFYnodf32w3ahOQ> \"YouTube Channel\")\n* [Twitter Stream](<https:\/\/twitter.com\/synereo> \"Twitter Stream\")\n* [Reddit Discussions](<https:\/\/www.reddit.com\/r\/Synereo\/> \"Reddit Discussions\")\n\nConferencing Channels\n------------------\n* [Jitsi](<https:\/\/meet.jit.si\/synereosynpm> \"Jitsi\")\n* [Ventrilo](down until interest is expressed in setting ventrilo back up)",
                        "short": false
                    },
                    {
                        "title": "to",
                        "value": "At the moment we are synchronizing our strategy for docs ... \n\n\nDocument Links:\n------------------\n\n[Github Repositories](<https:\/\/github.com\/synereo> \"Github Repositories\")\n[Google Drive](<https:\/\/drive.google.com\/open?id=0B2oJ08sgSZdaWTBVODh0eFhKTmM>)\n[Synereo Ops Document](<https:\/\/docs.google.com\/document\/d\/1c1vJks6RAhTynbkKkgQvl8RUanlJRBTr2PnyB1zW-_g\/edit> \"Synereo Ops Document\")\n\n\nKey Synereo Project Links\n------------------\n* [Marketing Site](<http:\/\/www.synereo.com\/> \"Marketing Site\")\n* [Fundamental Concepts](<http:\/\/www.synereo.com\/learn-more\/> \"Fundamental Concepts\")\n* [Whitepaper](<http:\/\/www.synereo.com\/whitepapers\/synereo.pdf> \"Whitepaper\")\n* [Slack Channel](<http:\/\/synereonet.slack.com\/> \"Slack Channel\")\n* [Tech Demo (Old UI)](<https:\/\/www.youtube.com\/watch?v=pswRWPDzq6I> \"Tech Demo (Old UI)\")\n\nPublic Communication Forums\n------------------\n* [Facebook Page](<https:\/\/www.facebook.com\/synereo\/> \"Facebook\") - localization: [ES](<https:\/\/www.facebook.com\/EsSynereo\/> \"Spanish\")\n* [G+ Stream](<https:\/\/plus.google.com\/u\/0\/+Synereo> \"G+ Stream\")\n* [YouTube Channel](<https:\/\/www.youtube.com\/channel\/UCU5CBbxAeFYnodf32w3ahOQ> \"YouTube Channel\")\n* [Twitter Stream](<https:\/\/twitter.com\/synereo> \"Twitter Stream\")\n* [Reddit Discussions](<https:\/\/www.reddit.com\/r\/Synereo\/> \"Reddit Discussions\")\n\nConferencing Channels\n------------------\n* [Jitsi](<https:\/\/meet.jit.si\/synereosynpm> \"Jitsi\")",
                        "short": false
                    }
                ],
                "mrkdwn_in": [
                    "fields",
                    "title",
                    "fallback"
                ]
            }
        ],
        "type": "message",
        "subtype": "bot_message",
        "ts": "1457185037.000147"
    }
]