[
    {
        "text": "Changed Issue:  *<https:\/\/tree.taiga.io\/project\/synereo-synpm\/issue\/16|#16: Make summary HOA>*\n\n*Comment by HJ:* The summary of HOA 20160217 (<https:\/\/github.com\/synereo\/blog.synereo.com\/blob\/gh-pages\/_drafts\/2016-02-17-Hangout-20160217.md>) is ready for review on Github.",
        "username": "Taiga (HJ)",
        "bot_id": "B0KGN1UB1",
        "icons": {
            "image_48": "https:\/\/s3-us-west-2.amazonaws.com\/slack-files2\/bot_icons\/2016-02-09\/20702864161_48.png"
        },
        "type": "message",
        "subtype": "bot_message",
        "ts": "1455987722.000032"
    },
    {
        "text": "Changed User Story:  *<https:\/\/tree.taiga.io\/project\/synereo-synpm\/us\/29|#29: Set up Conference tool for 15 minute stand-up>*\n\n*Comment by Ian Bloom:* We should use free resources like <https:\/\/meet.jit.si\/synereosynpm> and Google Hangouts as much as possible. Hosting our own conferencing server is a bit expensive, but could be helpful if we have too many participants, or need greater moderation abilities (passwords, booting users).\n\nI thought the grant was just for the Google Cloud platform. I'm waiting on Dor to give me access.",
        "username": "Taiga (Ian Bloom)",
        "bot_id": "B0KGN1UB1",
        "icons": {
            "image_48": "https:\/\/s3-us-west-2.amazonaws.com\/slack-files2\/bot_icons\/2016-02-14\/21330805382_48.png"
        },
        "type": "message",
        "subtype": "bot_message",
        "ts": "1455991450.000033"
    },
    {
        "text": "Changed User Story:  *<https:\/\/tree.taiga.io\/project\/synereo-synpm\/us\/29|#29: Set up Conference tool for 15 minute stand-up>*",
        "username": "Taiga (Ian Bloom)",
        "bot_id": "B0KGN1UB1",
        "icons": {
            "image_48": "https:\/\/s3-us-west-2.amazonaws.com\/slack-files2\/bot_icons\/2016-02-14\/21330805382_48.png"
        },
        "attachments": [
            {
                "fallback": "*status:* from *Proposed* to *Blocked*",
                "id": 1,
                "color": "daa038",
                "fields": [
                    {
                        "title": "status",
                        "value": "*From* Proposed *to* Blocked",
                        "short": true
                    }
                ],
                "mrkdwn_in": [
                    "fields",
                    "title",
                    "fallback"
                ]
            }
        ],
        "type": "message",
        "subtype": "bot_message",
        "ts": "1455991508.000034"
    },
    {
        "text": "Changed User Story:  *<https:\/\/tree.taiga.io\/project\/synereo-synpm\/us\/29|#29: Set up Conference tool for 15 minute stand-up>*\n\n*Comment by Ian Bloom:* We should use free resources like <https:\/\/meet.jit.si\/synereosynpm> and Google Hangouts as much as possible. Hosting our own conferencing server is a bit expensive, but could be helpful if we have too many participants, or need greater moderation abilities (passwords, booting users).\n\nI thought the grant was just for the Google Cloud platform. I'm **waiting on Dor** to give me access.",
        "username": "Taiga (Ian Bloom)",
        "bot_id": "B0KGN1UB1",
        "icons": {
            "image_48": "https:\/\/s3-us-west-2.amazonaws.com\/slack-files2\/bot_icons\/2016-02-14\/21330805382_48.png"
        },
        "type": "message",
        "subtype": "bot_message",
        "ts": "1455991719.000035"
    },
    {
        "text": "\n    \n    New Issue created:  *<https:\/\/tree.taiga.io\/project\/synereo-synpm\/issue\/30|#30: Open bounties on main website>*\n",
        "username": "Taiga (HJ)",
        "bot_id": "B0KGN1UB1",
        "icons": {
            "image_48": "https:\/\/s3-us-west-2.amazonaws.com\/slack-files2\/bot_icons\/2016-02-09\/20702864161_48.png"
        },
        "attachments": [
            {
                "fallback": "\n    \n    New Issue created:  *<https:\/\/tree.taiga.io\/project\/synereo-synpm\/issue\/30|#30: Open bounties on main website>*\n",
                "id": 1,
                "color": "36a64f",
                "fields": [
                    {
                        "title": "Creator",
                        "value": "HJ",
                        "short": true
                    },
                    {
                        "title": "Description",
                        "value": "We need to find an easy way to present the open bounties on a simple to view page that we can share on the site. A way to easily glean what's available and what the bounty is with links into Taiga for more info.",
                        "short": false
                    }
                ]
            }
        ],
        "type": "message",
        "subtype": "bot_message",
        "ts": "1455994590.000036"
    },
    {
        "text": "\n    \n    New Issue created:  *<https:\/\/tree.taiga.io\/project\/synereo-synpm\/issue\/31|#31: New job: Digital Marketing Leader>*\n",
        "username": "Taiga (HJ)",
        "bot_id": "B0KGN1UB1",
        "icons": {
            "image_48": "https:\/\/s3-us-west-2.amazonaws.com\/slack-files2\/bot_icons\/2016-02-09\/20702864161_48.png"
        },
        "attachments": [
            {
                "fallback": "\n    \n    New Issue created:  *<https:\/\/tree.taiga.io\/project\/synereo-synpm\/issue\/31|#31: New job: Digital Marketing Leader>*\n",
                "id": 1,
                "color": "36a64f",
                "fields": [
                    {
                        "title": "Creator",
                        "value": "HJ",
                        "short": true
                    },
                    {
                        "title": "Description",
                        "value": "Need for a marketing guy.\nSee doc\n<https:\/\/docs.google.com\/document\/d\/1irXhX-gRJth3rEUHz3jDetWlIm6iAHJkUC68AkE_HC8\/edit>\n\nShouldn't we put this doc into the folder Community Documents?\n\nLet's see where we can post this kind of job. Taiga Tribe, Reddit, LinkedIn.\nMaybe add: \n- a description of the company Sinereo Ltd.\n- salary indication (USD and\/or AMP)\n- way of working\n- doesn't it need a special way of marketing, because Synereo wants to get rid more or less of very commercial marketing",
                        "short": false
                    }
                ]
            }
        ],
        "type": "message",
        "subtype": "bot_message",
        "ts": "1455995775.000037"
    },
    {
        "text": "\n    \n    New Issue created:  *<https:\/\/tree.taiga.io\/project\/synereo-synpm\/issue\/32|#32: Admin access for CM to: Github, Slack, ......>*\n",
        "username": "Taiga (HJ)",
        "bot_id": "B0KGN1UB1",
        "icons": {
            "image_48": "https:\/\/s3-us-west-2.amazonaws.com\/slack-files2\/bot_icons\/2016-02-09\/20702864161_48.png"
        },
        "attachments": [
            {
                "fallback": "\n    \n    New Issue created:  *<https:\/\/tree.taiga.io\/project\/synereo-synpm\/issue\/32|#32: Admin access for CM to: Github, Slack, ......>*\n",
                "id": 1,
                "color": "36a64f",
                "fields": [
                    {
                        "title": "Creator",
                        "value": "HJ",
                        "short": true
                    },
                    {
                        "title": "Description",
                        "value": "For creating proper webhooks between the different platforms, admin access is needed.",
                        "short": false
                    }
                ]
            }
        ],
        "type": "message",
        "subtype": "bot_message",
        "ts": "1455995925.000038"
    },
    {
        "user": "U0MRFBCKU",
        "type": "message",
        "subtype": "channel_join",
        "text": "<@U0MRFBCKU|cm> has joined the channel",
        "ts": "1455998815.000039"
    },
    {
        "text": "\n    \n    New Issue created:  *<https:\/\/tree.taiga.io\/project\/synereo-synpm\/issue\/33|#33: Improve #channel names in Slack>*\n",
        "username": "Taiga (HJ)",
        "bot_id": "B0KGN1UB1",
        "icons": {
            "image_48": "https:\/\/s3-us-west-2.amazonaws.com\/slack-files2\/bot_icons\/2016-02-09\/20702864161_48.png"
        },
        "attachments": [
            {
                "fallback": "\n    \n    New Issue created:  *<https:\/\/tree.taiga.io\/project\/synereo-synpm\/issue\/33|#33: Improve #channel names in Slack>*\n",
                "id": 1,
                "color": "36a64f",
                "fields": [
                    {
                        "title": "Creator",
                        "value": "HJ",
                        "short": true
                    },
                    {
                        "title": "Description",
                        "value": "Proposal: \n* Can we write down the purpose of each channel in a single spot? I have trouble keeping track. \n* Can we then change the names to something more user friendly?\n\nWe need something that looks more like this:\n\n\n* Intros - Newcomers, introduce yourself here and tell us your skillset! This is where we make friends. \n* MainCommunity: Earn Amps! The place to check for news, updates, and stay in touch, ask questions.  Anything related to growing the community, and the social psychology of Synereo.\n* DesignHelp - Help us design the Synereo Social Network! \n* CodingHelp - Anything related to the code side of Synereo. We need Scala Developers! \n* AMP-Trading--Bitcoin: Info and news on AMP trading \/ bitcoin hacking. \n* ThirdPartyApps: Livelygig, Backfeed, Freetrust and more! \n* FreetrustApp: Dev news for the third party App, Freetrust. \n* WeeklyHangout: Helping create our Weekly Community Hangout + Blog Notes \n* NewsAroundTheWeb: News about Synereo from the web. \n* ResourceDump - post all the links to useful resources around the web. \n* Issues: Problems? Post them here!\n\nWe also need a description on every channel. (I gave examples above).",
                        "short": false
                    }
                ]
            }
        ],
        "type": "message",
        "subtype": "bot_message",
        "ts": "1456002495.000040"
    }
]