[
    {
        "text": "Changed Issue:  *<https:\/\/tree.taiga.io\/project\/synereo-synpm\/issue\/38|#38: Create spanish twitter and facebook account>*",
        "username": "Taiga (bhokor)",
        "bot_id": "B0KGN1UB1",
        "icons": {
            "image_48": "https:\/\/s3-us-west-2.amazonaws.com\/slack-files2\/bot_icons\/2016-02-22\/22594125333_48.png"
        },
        "attachments": [
            {
                "fallback": "*status:* from *Awaiting input* to *Awaiting resolution confirmation*",
                "id": 1,
                "color": "daa038",
                "fields": [
                    {
                        "title": "status",
                        "value": "*From* Awaiting input *to* Awaiting resolution confirmation",
                        "short": true
                    }
                ],
                "mrkdwn_in": [
                    "fields",
                    "title",
                    "fallback"
                ]
            }
        ],
        "type": "message",
        "subtype": "bot_message",
        "ts": "1456655830.000105"
    },
    {
        "text": "\n    \n    New Issue created:  *<https:\/\/tree.taiga.io\/project\/synereo-synpm\/issue\/41|#41: Translating the Web page to Spanish>*\n",
        "username": "Taiga (bhokor)",
        "bot_id": "B0KGN1UB1",
        "icons": {
            "image_48": "https:\/\/s3-us-west-2.amazonaws.com\/slack-files2\/bot_icons\/2016-02-22\/22594125333_48.png"
        },
        "attachments": [
            {
                "fallback": "\n    \n    New Issue created:  *<https:\/\/tree.taiga.io\/project\/synereo-synpm\/issue\/41|#41: Translating the Web page to Spanish>*\n",
                "id": 1,
                "color": "36a64f",
                "fields": [
                    {
                        "title": "Creator",
                        "value": "bhokor",
                        "short": true
                    }
                ]
            }
        ],
        "type": "message",
        "subtype": "bot_message",
        "ts": "1456655875.000106"
    },
    {
        "text": "Changed User Story:  *<https:\/\/tree.taiga.io\/project\/synereo-synpm\/us\/8|#8: Prepare BnkToTheFuture>*\n\n*Comment by Dor Konforty:* We'll soon have a private pitch page up that everyone could provide feedback on.",
        "username": "Taiga (Dor Konforty)",
        "bot_id": "B0KGN1UB1",
        "icons": {
            "image_48": "https:\/\/s3-us-west-2.amazonaws.com\/slack-files2\/bot_icons\/2016-02-17\/21842347185_48.png"
        },
        "type": "message",
        "subtype": "bot_message",
        "ts": "1456658274.000107"
    },
    {
        "text": "Changed User Story:  *<https:\/\/tree.taiga.io\/project\/synereo-synpm\/us\/39|#39: taiga onboarding>*",
        "username": "Taiga (Jim Whitecarver)",
        "bot_id": "B0KGN1UB1",
        "icons": {
            "image_48": "https:\/\/s3-us-west-2.amazonaws.com\/slack-files2\/bot_icons\/2016-02-23\/22678761185_48.png"
        },
        "attachments": [
            {
                "fallback": "*assigned_to:* from *Unassigned* to Jim Whitecarver*",
                "id": 1,
                "color": "daa038",
                "fields": [
                    {
                        "title": "assigned to",
                        "value": "*From* Unassigned *to* Jim Whitecarver",
                        "short": true
                    }
                ],
                "mrkdwn_in": [
                    "fields",
                    "title",
                    "fallback"
                ]
            }
        ],
        "type": "message",
        "subtype": "bot_message",
        "ts": "1456683499.000108"
    },
    {
        "text": "Changed User Story:  *<https:\/\/tree.taiga.io\/project\/synereo-synpm\/us\/39|#39: taiga onboarding>*",
        "username": "Taiga (Jim Whitecarver)",
        "bot_id": "B0KGN1UB1",
        "icons": {
            "image_48": "https:\/\/s3-us-west-2.amazonaws.com\/slack-files2\/bot_icons\/2016-02-23\/22678761185_48.png"
        },
        "attachments": [
            {
                "fallback": "*Deleted attachment:* watch1",
                "id": 1,
                "color": "daa038",
                "fields": [
                    {
                        "title": "Deleted attachment",
                        "value": "watch1 ",
                        "short": false
                    }
                ],
                "mrkdwn_in": [
                    "fields",
                    "title",
                    "fallback"
                ]
            }
        ],
        "type": "message",
        "subtype": "bot_message",
        "ts": "1456683635.000109"
    },
    {
        "text": "Changed User Story:  *<https:\/\/tree.taiga.io\/project\/synereo-synpm\/us\/39|#39: taiga onboarding>*",
        "username": "Taiga (Jim Whitecarver)",
        "bot_id": "B0KGN1UB1",
        "icons": {
            "image_48": "https:\/\/s3-us-west-2.amazonaws.com\/slack-files2\/bot_icons\/2016-02-23\/22678761185_48.png"
        },
        "attachments": [
            {
                "fallback": "*team requirement:* from *False* to *True*",
                "id": 1,
                "color": "daa038",
                "fields": [
                    {
                        "title": "team requirement",
                        "value": "*From* False *to* True",
                        "short": true
                    }
                ],
                "mrkdwn_in": [
                    "fields",
                    "title",
                    "fallback"
                ]
            }
        ],
        "type": "message",
        "subtype": "bot_message",
        "ts": "1456683659.000110"
    },
    {
        "text": "Changed User Story:  *<https:\/\/tree.taiga.io\/project\/synereo-synpm\/us\/39|#39: taiga onboarding>*\n\n*Comment by Jim Whitecarver:* This also includes issue tracking, duplicating in part a github capability.  If this was used we would have a clear idea of what was happening, who was doing it, and what our priorities are.  It does not replace slack, but augments it.  Whether we use this or something else does not really matter as long as we use something.  Teams don't seem to like using a project tracking tool and most often only use them if managements dictates that they do, but in my experience teams that use such tools are much more effective.  Tiaga has a lot of plusses.\n\nopen source, we can run ourselves, \nsupported export\/import between taigas\nintegrates well with git and slack\ngamifies participation with points that could earn amps.\nflexible customizable features \npowerful apis for integration with other programs\netc.\n\nAnd it is not difficult (no iocane) if people are onboarded effectively.",
        "username": "Taiga (Jim Whitecarver)",
        "bot_id": "B0KGN1UB1",
        "icons": {
            "image_48": "https:\/\/s3-us-west-2.amazonaws.com\/slack-files2\/bot_icons\/2016-02-23\/22678761185_48.png"
        },
        "type": "message",
        "subtype": "bot_message",
        "ts": "1456684438.000111"
    },
    {
        "text": "Changed Issue:  *<https:\/\/tree.taiga.io\/project\/synereo-synpm\/issue\/38|#38: Create spanish twitter and facebook account>*",
        "username": "Taiga (bhokor)",
        "bot_id": "B0KGN1UB1",
        "icons": {
            "image_48": "https:\/\/s3-us-west-2.amazonaws.com\/slack-files2\/bot_icons\/2016-02-22\/22594125333_48.png"
        },
        "attachments": [
            {
                "fallback": "*status:* from *Awaiting resolution confirmation* to *Closed*",
                "id": 1,
                "color": "daa038",
                "fields": [
                    {
                        "title": "status",
                        "value": "*From* Awaiting resolution confirmation *to* Closed",
                        "short": true
                    }
                ],
                "mrkdwn_in": [
                    "fields",
                    "title",
                    "fallback"
                ]
            }
        ],
        "type": "message",
        "subtype": "bot_message",
        "ts": "1456692176.000112"
    },
    {
        "text": "Changed Issue:  *<https:\/\/tree.taiga.io\/project\/synereo-synpm\/issue\/41|#41: Translating the Web page to Spanish>*",
        "username": "Taiga (bhokor)",
        "bot_id": "B0KGN1UB1",
        "icons": {
            "image_48": "https:\/\/s3-us-west-2.amazonaws.com\/slack-files2\/bot_icons\/2016-02-22\/22594125333_48.png"
        },
        "attachments": [
            {
                "fallback": "*description*\n    \n    *to*:\n    Translating <http:\/\/Synereo.com|Synereo.com> to Spanish",
                "title": "description",
                "id": 1,
                "color": "daa038",
                "fields": [
                    {
                        "title": "to",
                        "value": "Translating <http:\/\/Synereo.com|Synereo.com> to Spanish",
                        "short": false
                    }
                ],
                "mrkdwn_in": [
                    "fields",
                    "title",
                    "fallback"
                ]
            },
            {
                "fallback": "*status:* from *New* to *Awaiting input*",
                "id": 2,
                "color": "daa038",
                "fields": [
                    {
                        "title": "status",
                        "value": "*From* New *to* Awaiting input",
                        "short": true
                    }
                ],
                "mrkdwn_in": [
                    "fields",
                    "title",
                    "fallback"
                ]
            }
        ],
        "type": "message",
        "subtype": "bot_message",
        "ts": "1456692242.000113"
    },
    {
        "type": "message",
        "user": "U0474E4KZ",
        "text": "This is the page I've been sending out to onboard people now. <https:\/\/tree.taiga.io\/project\/synereo-synpm\/wiki\/home>",
        "attachments": [
            {
                "service_name": "Taiga - Love your projects",
                "title": "Home - Wiki - Synereo PM",
                "title_link": "https:\/\/tree.taiga.io\/project\/synereo-synpm\/wiki\/home",
                "text": "Last edition on 08 Feb 2016 20:33 (15 editions in total) Content: Synereo&amp;nbsp;is an open source, decentralized&amp;nbsp;social network. It is an&amp;nbsp;attention economy that rewards popular content and participation with crypto-currency. Content is promoted or advertised in a way that fairly rewards the...",
                "fallback": "Taiga - Love your projects: Home - Wiki - Synereo PM",
                "thumb_url": "https:\/\/tree.taiga.io\/v-1455616003168\/images\/logo-color.png",
                "from_url": "https:\/\/tree.taiga.io\/project\/synereo-synpm\/wiki\/home",
                "thumb_width": 300,
                "thumb_height": 300,
                "id": 1
            }
        ],
        "ts": "1456694138.000114"
    },
    {
        "type": "message",
        "user": "U0474E4KZ",
        "text": "Do we have something better? <@U048T3M8W>",
        "ts": "1456694143.000116"
    },
    {
        "type": "message",
        "user": "U0474E4KZ",
        "text": "I think it should also have a pointer to a list of open bounties.",
        "ts": "1456694161.000117"
    },
    {
        "type": "message",
        "user": "U0474E4KZ",
        "text": "Something that sticks out.",
        "ts": "1456694164.000118"
    },
    {
        "type": "message",
        "user": "U0474E4KZ",
        "text": "Perhaps a Wiki page will do for that as well.",
        "ts": "1456694172.000119"
    },
    {
        "type": "message",
        "user": "U048T3M8W",
        "text": "This is a good text. It's setup by <@U06AAH8F3> . Tomorrow I will make a list of open bounties and add it to this wiki. ",
        "ts": "1456696583.000120"
    }
]