[
    {
        "type": "message",
        "user": "U0QANLBM3",
        "text": "you can invite me if you can, I can translate into spanish",
        "ts": "1457866104.000006"
    },
    {
        "user": "U0R4YRVFB",
        "type": "message",
        "subtype": "channel_join",
        "text": "<@U0R4YRVFB|joeri.hypercube> has joined the channel",
        "ts": "1457905404.000007"
    },
    {
        "text": "Changed User Story:  *<https:\/\/tree.taiga.io\/project\/synereo-synpm\/us\/1|#1: TEAM SPEAK SERVER IS NOW UP>*",
        "username": "Taiga (Shdwdm)",
        "bot_id": "B0KGN1UB1",
        "icons": {
            "image_48": "https:\/\/s3-us-west-2.amazonaws.com\/slack-files2\/bot_icons\/2016-03-05\/24628118002_48.png"
        },
        "attachments": [
            {
                "fallback": "*description*\n    \n    *from*:\n    The Synereo ventrilo server is now setup. \n\nPlease talk to Shdwdm to begin organizing ventrilo community hangouts \/ discussions related to Synereo and topics of decentralization, the digital economy, crypto currencies etc. \n\nFrom now until March 29th. The general meeting times will be 12pm-3pm EST daily. \n\n13    2     1     0     -5    -8\nNZDT  IST   CET   GMT   EST   PST\n06:00 19:00 18:00 17:00 12:00 09:00\n07:00 20:00 19:00 18:00 13:00 10:00\n08:00 21:00 20:00 19:00 14:00 11:00\n09:00 22:00 21:00 20:00 15:00 12:00\n10:00 23:00 22:00 21:00 16:00 13:00\n\nIf anyone is interested in hosting meetings from different time zones please setup your own ventrilo server or talk to Shdwdm for admin access. (Remember that you can use ventrilo at any time during the day. This is the &amp;#34;official time&amp;#34;. We will be hosting community talks at this time until enough people wish to change that time). \n\nIf anyone has suggestions for speakers please comment below. If anyone wants to set something up or change the meeting times message Shdwdm on slack or comment below and I will get back to you ASAP.\n\nUnited States Ventrilo Hangout Time East Coast: 12-3pm (EST)\n\nDownload the client here: <http:\/\/ventrilo.com\/download.php|ventrilo.com\/download.php>\n\nServer name: <http:\/\/fierce.typefrag.com|fierce.typefrag.com> \nPort: 5505\n\nMac Users: System Preferences &gt; Security Privacy &gt; Accessibility &gt; Ventrilo (Make sure its Checked). Disconnect, Quit Ventrilo, Reconnect to the Server.\n\nAudio Setup: Go to Setup on the Main Ventrilo Gui\n\nSelect Input: Your Microphone\nSelect Ouput: Your Headphones\nSelect which hot key you want to use. The default is &amp;#34;control&amp;#34;. Hold down to talk, release when done.\n\nSetup &gt; Events &gt; &amp;#34;All Nothing&amp;#34; Select this \nSetup &gt; &amp;#39;Play Key Clicks&amp;#39; De-select this.\n\nMessage Shdwdm in the slack channel if you have more questions about setting up ventrilo.\n\nNote: You can also download ventrilo on your Android or Iphone App store.\n\nUse the related task tab below to find your Geo specific region to post when you are available to talk.\n    \n    *to*:\n    Team Speak is now setup: hostname <http:\/\/rutile.typefrag.com|rutile.typefrag.com> port 6501",
                "title": "description",
                "id": 1,
                "color": "daa038",
                "fields": [
                    {
                        "title": "from",
                        "value": "The Synereo ventrilo server is now setup. \n\nPlease talk to Shdwdm to begin organizing ventrilo community hangouts \/ discussions related to Synereo and topics of decentralization, the digital economy, crypto currencies etc. \n\nFrom now until March 29th. The general meeting times will be 12pm-3pm EST daily. \n\n13    2     1     0     -5    -8\nNZDT  IST   CET   GMT   EST   PST\n06:00 19:00 18:00 17:00 12:00 09:00\n07:00 20:00 19:00 18:00 13:00 10:00\n08:00 21:00 20:00 19:00 14:00 11:00\n09:00 22:00 21:00 20:00 15:00 12:00\n10:00 23:00 22:00 21:00 16:00 13:00\n\nIf anyone is interested in hosting meetings from different time zones please setup your own ventrilo server or talk to Shdwdm for admin access. (Remember that you can use ventrilo at any time during the day. This is the \"official time\". We will be hosting community talks at this time until enough people wish to change that time). \n\nIf anyone has suggestions for speakers please comment below. If anyone wants to set something up or change the meeting times message Shdwdm on slack or comment below and I will get back to you ASAP.\n\nUnited States Ventrilo Hangout Time East Coast: 12-3pm (EST)\n\nDownload the client here: <http:\/\/ventrilo.com\/download.php|ventrilo.com\/download.php>\n\nServer name: <http:\/\/fierce.typefrag.com|fierce.typefrag.com> \nPort: 5505\n\nMac Users: System Preferences &gt; Security Privacy &gt; Accessibility &gt; Ventrilo (Make sure its Checked). Disconnect, Quit Ventrilo, Reconnect to the Server.\n\nAudio Setup: Go to Setup on the Main Ventrilo Gui\n\nSelect Input: Your Microphone\nSelect Ouput: Your Headphones\nSelect which hot key you want to use. The default is \"control\". Hold down to talk, release when done.\n\nSetup &gt; Events &gt; \"All Nothing\" Select this \nSetup &gt; 'Play Key Clicks' De-select this.\n\nMessage Shdwdm in the slack channel if you have more questions about setting up ventrilo.\n\nNote: You can also download ventrilo on your Android or Iphone App store.\n\nUse the related task tab below to find your Ge\u2026",
                        "short": false
                    },
                    {
                        "title": "to",
                        "value": "Team Speak is now setup: hostname <http:\/\/rutile.typefrag.com|rutile.typefrag.com> port 6501",
                        "short": false
                    }
                ],
                "mrkdwn_in": [
                    "fields",
                    "title",
                    "fallback"
                ]
            },
            {
                "fallback": "*subject:* from *Ventrilo  Setup \/ Speaker Suggestions \/ Meeting Schedule* to *TEAM SPEAK SERVER IS NOW UP*",
                "title": "subject",
                "id": 2,
                "color": "daa038",
                "fields": [
                    {
                        "title": "From",
                        "value": "Ventrilo  Setup \/ Speaker Suggestions \/ Meeting Schedule",
                        "short": false
                    },
                    {
                        "title": "To",
                        "value": "TEAM SPEAK SERVER IS NOW UP",
                        "short": false
                    }
                ],
                "mrkdwn_in": [
                    "fields",
                    "title",
                    "fallback"
                ]
            }
        ],
        "type": "message",
        "subtype": "bot_message",
        "ts": "1457908940.000008"
    }
]