[
    {
        "type": "message",
        "user": "U0474E4KZ",
        "text": "<@U048T3M8W>: can you add a \"Jobs\" section?",
        "ts": "1455644895.000003"
    },
    {
        "type": "message",
        "user": "U0474E4KZ",
        "text": "And add this?",
        "ts": "1455644896.000004"
    },
    {
        "type": "message",
        "subtype": "file_share",
        "text": "<@U0474E4KZ|dor> shared a file: <https:\/\/synereonet.slack.com\/files\/dor\/F0MJK599U\/marketingleaderposition|Marketing Leader Position>",
        "file": {
            "id": "F0MJK599U",
            "created": 1455644897,
            "timestamp": 1455644897,
            "name": "Marketingleaderposition",
            "title": "Marketing Leader Position",
            "mimetype": "application\/vnd.google-apps.document",
            "filetype": "gdoc",
            "pretty_type": "GDocs Document",
            "user": "U0474E4KZ",
            "editable": false,
            "size": 1840,
            "mode": "external",
            "is_external": true,
            "external_type": "gdrive",
            "is_public": true,
            "public_url_shared": false,
            "display_as_bot": false,
            "username": "",
            "url_private": "https:\/\/docs.google.com\/document\/d\/1irXhX-gRJth3rEUHz3jDetWlIm6iAHJkUC68AkE_HC8\/edit?usp=drivesdk",
            "thumb_64": "https:\/\/a.slack-edge.com\/66f9\/img\/files\/gdraw_64.png",
            "thumb_360": "https:\/\/a.slack-edge.com\/272a\/img\/files\/gdoc_360.png",
            "thumb_360_w": 360,
            "thumb_360_h": 167,
            "permalink": "https:\/\/synereonet.slack.com\/files\/dor\/F0MJK599U\/marketingleaderposition",
            "channels": [
                "C0KGN7UES",
                "C0474AT8X"
            ],
            "groups": [
    
            ],
            "ims": [
    
            ],
            "comments_count": 0
        },
        "user": "U0474E4KZ",
        "upload": false,
        "display_as_bot": false,
        "username": "<@U0474E4KZ|dor>",
        "bot_id": null,
        "ts": "1455644898.000006"
    }
]