[
    {
        "text": "Changed Issue:  *<https:\/\/tree.taiga.io\/project\/synereo-synpm\/issue\/38|#38: Create spanish twitter and facebook account>*\n\n*Comment by bhokor:* If",
        "username": "Taiga (bhokor)",
        "bot_id": "B0KGN1UB1",
        "icons": {
            "image_48": "https:\/\/s3-us-west-2.amazonaws.com\/slack-files2\/bot_icons\/2016-02-22\/22594125333_48.png"
        },
        "attachments": [
            {
                "fallback": "*status:* from *Awaiting resolution confirmation* to *Awaiting input*",
                "id": 1,
                "color": "daa038",
                "fields": [
                    {
                        "title": "status",
                        "value": "*From* Awaiting resolution confirmation *to* Awaiting input",
                        "short": true
                    }
                ],
                "mrkdwn_in": [
                    "fields",
                    "title",
                    "fallback"
                ]
            }
        ],
        "type": "message",
        "subtype": "bot_message",
        "ts": "1456311069.000088"
    },
    {
        "text": "Changed Issue:  *<https:\/\/tree.taiga.io\/project\/synereo-synpm\/issue\/38|#38: Create spanish twitter and facebook account>*\n\n*Comment by bhokor:* If you are agree i would like to create a small text in spanish explaining Synereo keypart for post it in both accounts ( Basicly a \"What is Synereo\"?",
        "username": "Taiga (bhokor)",
        "bot_id": "B0KGN1UB1",
        "icons": {
            "image_48": "https:\/\/s3-us-west-2.amazonaws.com\/slack-files2\/bot_icons\/2016-02-22\/22594125333_48.png"
        },
        "type": "message",
        "subtype": "bot_message",
        "ts": "1456311168.000089"
    },
    {
        "text": "\n    \n    New Issue created:  *<https:\/\/tree.taiga.io\/project\/synereo-synpm\/issue\/40|#40: Add video interview Dor &amp; Martijn Arets>*\n",
        "username": "Taiga (HJ)",
        "bot_id": "B0KGN1UB1",
        "icons": {
            "image_48": "https:\/\/s3-us-west-2.amazonaws.com\/slack-files2\/bot_icons\/2016-02-09\/20702864161_48.png"
        },
        "attachments": [
            {
                "fallback": "\n    \n    New Issue created:  *<https:\/\/tree.taiga.io\/project\/synereo-synpm\/issue\/40|#40: Add video interview Dor &amp; Martijn Arets>*\n",
                "id": 1,
                "color": "36a64f",
                "fields": [
                    {
                        "title": "Creator",
                        "value": "HJ",
                        "short": true
                    },
                    {
                        "title": "Description",
                        "value": "YouTube channel \"Synereo\". For adding that video \"\nA fully decentralized and distributed social platform: Synereo\"\nChannel: <https:\/\/www.youtube.com\/channel\/UCU5CBbxAeFYnodf32w3ahOQ>\nVideo:\n<https:\/\/mail.google.com\/mail\/u\/1\/#sent\/15312ff153b374f6?projector=1>",
                        "short": false
                    }
                ]
            }
        ],
        "type": "message",
        "subtype": "bot_message",
        "ts": "1456319338.000090"
    },
    {
        "text": "Changed Issue:  *<https:\/\/tree.taiga.io\/project\/synereo-synpm\/issue\/40|#40: Add video interview Dor &amp; Martijn Arets>*",
        "username": "Taiga (HJ)",
        "bot_id": "B0KGN1UB1",
        "icons": {
            "image_48": "https:\/\/s3-us-west-2.amazonaws.com\/slack-files2\/bot_icons\/2016-02-09\/20702864161_48.png"
        },
        "attachments": [
            {
                "fallback": "*type:* from *Bug* to *Operational Task*",
                "id": 1,
                "color": "daa038",
                "fields": [
                    {
                        "title": "type",
                        "value": "*From* Bug *to* Operational Task",
                        "short": true
                    }
                ],
                "mrkdwn_in": [
                    "fields",
                    "title",
                    "fallback"
                ]
            }
        ],
        "type": "message",
        "subtype": "bot_message",
        "ts": "1456319374.000091"
    },
    {
        "text": "Changed Issue:  *<https:\/\/tree.taiga.io\/project\/synereo-synpm\/issue\/40|#40: Add video interview Dor &amp; Martijn Arets>*",
        "username": "Taiga (HJ)",
        "bot_id": "B0KGN1UB1",
        "icons": {
            "image_48": "https:\/\/s3-us-west-2.amazonaws.com\/slack-files2\/bot_icons\/2016-02-09\/20702864161_48.png"
        },
        "attachments": [
            {
                "fallback": "*assigned_to:* from *Unassigned* to HJ*",
                "id": 1,
                "color": "daa038",
                "fields": [
                    {
                        "title": "assigned to",
                        "value": "*From* Unassigned *to* HJ",
                        "short": true
                    }
                ],
                "mrkdwn_in": [
                    "fields",
                    "title",
                    "fallback"
                ]
            }
        ],
        "type": "message",
        "subtype": "bot_message",
        "ts": "1456319385.000092"
    },
    {
        "text": "Changed Issue:  *<https:\/\/tree.taiga.io\/project\/synereo-synpm\/issue\/36|#36: Get us a verified business account on Bitfinex>*",
        "username": "Taiga (HJ)",
        "bot_id": "B0KGN1UB1",
        "icons": {
            "image_48": "https:\/\/s3-us-west-2.amazonaws.com\/slack-files2\/bot_icons\/2016-02-09\/20702864161_48.png"
        },
        "attachments": [
            {
                "fallback": "*status:* from *New* to *Awaiting resolution confirmation*",
                "id": 1,
                "color": "daa038",
                "fields": [
                    {
                        "title": "status",
                        "value": "*From* New *to* Awaiting resolution confirmation",
                        "short": true
                    }
                ],
                "mrkdwn_in": [
                    "fields",
                    "title",
                    "fallback"
                ]
            }
        ],
        "type": "message",
        "subtype": "bot_message",
        "ts": "1456319521.000093"
    },
    {
        "type": "message",
        "user": "U04BQ4FMC",
        "text": "Why is this channel being flooded with Taiga updates?  Can we fix that so only BOUNTY info is here?",
        "ts": "1456324355.000094"
    }
]