[
    {
        "text": "Changed Issue:  *<https:\/\/tree.taiga.io\/project\/synereo-synpm\/issue\/43|#43: COALA Project: Synereo satellite session in April.>*\n\n*Comment by Community Manager:* @drbloom could you contact @leithaus about the \"invitation\" that we've set up for the Coala meeting about: law in coding, show mercy, open identity, etc.\n\nAnd put that doc into Community Documents with a link here in Taiga?",
        "username": "Taiga (Community Manager)",
        "bot_id": "B0KGN1UB1",
        "icons": {
            "image_48": "https:\/\/s3-us-west-2.amazonaws.com\/slack-files2\/bot_icons\/2016-03-19\/27951368676_48.png"
        },
        "type": "message",
        "subtype": "bot_message",
        "ts": "1458371237.000055"
    },
    {
        "text": "Changed Issue:  *<https:\/\/tree.taiga.io\/project\/synereo-synpm\/issue\/47|#47: translation whitepaper>*",
        "username": "Taiga (HJ)",
        "bot_id": "B0KGN1UB1",
        "icons": {
            "image_48": "https:\/\/s3-us-west-2.amazonaws.com\/slack-files2\/bot_icons\/2016-02-09\/20702864161_48.png"
        },
        "attachments": [
            {
                "fallback": "*description*\n    \n    *to*:\n    Translation is at the moment limited to 1) the white paper and 2) the investor deck\n\nPlease see if you can create a document in [Community Documents](<https:\/\/drive.google.com\/folderview?id=0B2oJ08sgSZdaWTBVODh0eFhKTmM&amp;usp=sharing>\n<https:\/\/drive.google.com\/folderview?id=0B2oJ08sgSZdaWTBVODh0eFhKTmM&amp;usp=sharing> &amp;#34;&amp;#34;)\n\n\nI think [the Investor Deck](<https:\/\/drive.google.com\/open?id=0B_oYGUwQhGJFcU1kYWltM2M5elVvMnVDbDlDcVExZXBNam5r> &amp;#34;&amp;#34;) is more important:\n\n[Whitepaper](<https:\/\/drive.google.com\/open?id=0BwX0krsxHncTamRxajV5OHhERkE> &amp;#34;&amp;#34;)\n\nAbout the height of the bounty we make a decision in TAB : Translation of Spreadsheet [AMP Rewards](<https:\/\/drive.google.com\/open?id=1wLZphSfp2ql_J8AUA4QvypUhdeusSAjQsn_PAkiWuPk> &amp;#34;&amp;#34;):\n\nWe can have a conversation about it in [Jitsi](<https:\/\/meet.jit.si\/synereosynpm> &amp;#34;&amp;#34;):",
                "title": "description",
                "id": 1,
                "color": "daa038",
                "fields": [
                    {
                        "title": "to",
                        "value": "Translation is at the moment limited to 1) the white paper and 2) the investor deck\n\nPlease see if you can create a document in [Community Documents](<https:\/\/drive.google.com\/folderview?id=0B2oJ08sgSZdaWTBVODh0eFhKTmM&amp;usp=sharing>\n<https:\/\/drive.google.com\/folderview?id=0B2oJ08sgSZdaWTBVODh0eFhKTmM&amp;usp=sharing> \"\")\n\n\nI think [the Investor Deck](<https:\/\/drive.google.com\/open?id=0B_oYGUwQhGJFcU1kYWltM2M5elVvMnVDbDlDcVExZXBNam5r> \"\") is more important:\n\n[Whitepaper](<https:\/\/drive.google.com\/open?id=0BwX0krsxHncTamRxajV5OHhERkE> \"\")\n\nAbout the height of the bounty we make a decision in TAB : Translation of Spreadsheet [AMP Rewards](<https:\/\/drive.google.com\/open?id=1wLZphSfp2ql_J8AUA4QvypUhdeusSAjQsn_PAkiWuPk> \"\"):\n\nWe can have a conversation about it in [Jitsi](<https:\/\/meet.jit.si\/synereosynpm> \"\"):\n",
                        "short": false
                    }
                ],
                "mrkdwn_in": [
                    "fields",
                    "title",
                    "fallback"
                ]
            },
            {
                "fallback": "*subject:* from *translation whitepaper into spanish* to *translation whitepaper*",
                "title": "subject",
                "id": 2,
                "color": "daa038",
                "fields": [
                    {
                        "title": "From",
                        "value": "translation whitepaper into spanish",
                        "short": false
                    },
                    {
                        "title": "To",
                        "value": "translation whitepaper",
                        "short": false
                    }
                ],
                "mrkdwn_in": [
                    "fields",
                    "title",
                    "fallback"
                ]
            }
        ],
        "type": "message",
        "subtype": "bot_message",
        "ts": "1458377129.000056"
    },
    {
        "type": "message",
        "user": "U048T3M8W",
        "text": "What was the bounty for tweets?",
        "ts": "1458380300.000057"
    },
    {
        "text": "Changed User Story:  *<https:\/\/tree.taiga.io\/project\/synereo-synpm\/us\/46|#46: Multilingual>*\n\n*Comment by HJ:* We've discussed translation.\n\n============================\nDecisions:\n----------\n\nLook at Hamburger index for proper payments? Probably it's easier to have worldwide payment according to western standards. Meaning 15USD per hour.\nTranslate only Investor Deck and White Paper\nLets communicate about Synereo through FB, Twitter, Reddit, Bitcointalk, etc. free under own name. It can be seen as Ambassadors for Synereo. Reward is being discussed at regular hours per week or maybe varying depending on what one does\nAMP reward looks good to make decisions: See TAB translation\n\nSee whole conversation at:\n<https:\/\/drive.google.com\/open?id=1mcQ9xUcT4vsTHSCrfwu6aUBOTnEsznHxX8JZYDgKZcA>",
        "username": "Taiga (HJ)",
        "bot_id": "B0KGN1UB1",
        "icons": {
            "image_48": "https:\/\/s3-us-west-2.amazonaws.com\/slack-files2\/bot_icons\/2016-02-09\/20702864161_48.png"
        },
        "type": "message",
        "subtype": "bot_message",
        "ts": "1458386233.000058"
    },
    {
        "text": "Changed User Story:  *<https:\/\/tree.taiga.io\/project\/synereo-synpm\/us\/46|#46: Multilingual>*\n\n*Comment by HJ:* The bounties for translating are almost set:\nOnly @troisel77 has to fill out his opinion on it.\n@Delawer and @troisel77 still have to send their PubKey of their Omniwallet\n\n\nInvestment Deck is $48.75\nWhite Paper is $107.50\nChannel Communication is $40.00 per week and depending on messages send.\n\nBounty calculation based on weighted average and individual price setting\t\t\t\t\t\t\t\t\t\t\t\nTranslation of White Paper, Investor Deck and Communication in Local Language through Twitter, FB, Reddit, Bitcointalk\t\t\t\t\t\t\t\t\t\t\t\n\tWeight\tInvestor Deck\t$-Check\tWhite Paper\t$-Check\tCC\t$-Check\t\t$-Check\t\t\n@dor\t53\t\t0\t\t0\t\t0\t\t0\t\t\n@cm\t53\t$35.00\t1\t$80.00\t1\t$40.00\t1\t\t0\tSynereo Community Manager\tHJ Hilbolling\n@malthusjohn\t53\t\t0\t\t0\t\t0\t\t0\t\t\n@drbloom\t53\t\t0\t\t0\t\t0\t\t0\t\t\n@bhokor\t53\t$50.00\t1\t$100.00\t1\t\t0\t\t0\tSpanish\tWaylon Baylon\n@dfgv12\t53\t$70.00\t1\t$150.00\t1\t$40.00\t1\t\t0\tIndonesian\tDhimas Pambudi\n@delawer\t53\t$40.00\t1\t$100.00\t1\t$40.00\t1\t\t0\tSpanish\tJJ de Juan\n@troisel77\t53\t\t0\t\t0\t\t0\t\t0\tGerman\tMela Hehla\n\t0\t\t0\t\t0\t\t0\t\t0\t\t\n\t0\t\t0\t\t0\t\t0\t\t0\t\t\n\t0\t\t0\t\t0\t\t0\t\t0\t\t\n\t0\t\t0\t\t0\t\t0\t\t0\t\t\nBounty\t\t$48.75\t4\t$107.50\t4\t$40.00\t4\t\t0",
        "username": "Taiga (HJ)",
        "bot_id": "B0KGN1UB1",
        "icons": {
            "image_48": "https:\/\/s3-us-west-2.amazonaws.com\/slack-files2\/bot_icons\/2016-02-09\/20702864161_48.png"
        },
        "type": "message",
        "subtype": "bot_message",
        "ts": "1458392649.000059"
    },
    {
        "text": "\n    \n    New Issue created:  *<https:\/\/tree.taiga.io\/project\/synereo-synpm\/issue\/49|#49: slack join link, slack.synereo.com is broken>*\n",
        "username": "Taiga (Jim Whitecarver)",
        "bot_id": "B0KGN1UB1",
        "icons": {
            "image_48": "https:\/\/s3-us-west-2.amazonaws.com\/slack-files2\/bot_icons\/2016-02-23\/22678761185_48.png"
        },
        "attachments": [
            {
                "fallback": "\n    \n    New Issue created:  *<https:\/\/tree.taiga.io\/project\/synereo-synpm\/issue\/49|#49: slack join link, slack.synereo.com is broken>*\n",
                "id": 1,
                "color": "36a64f",
                "fields": [
                    {
                        "title": "Creator",
                        "value": "Jim Whitecarver",
                        "short": true
                    }
                ]
            }
        ],
        "type": "message",
        "subtype": "bot_message",
        "ts": "1458413768.000060"
    },
    {
        "text": "Changed Issue:  *<https:\/\/tree.taiga.io\/project\/synereo-synpm\/issue\/49|#49: slack join link, slack.synereo.com is broken>*",
        "username": "Taiga (Jim Whitecarver)",
        "bot_id": "B0KGN1UB1",
        "icons": {
            "image_48": "https:\/\/s3-us-west-2.amazonaws.com\/slack-files2\/bot_icons\/2016-02-23\/22678761185_48.png"
        },
        "attachments": [
            {
                "fallback": "*description*\n    \n    *to*:\n    the <http:\/\/slack.synereo.com> fails.  Also the certificate is invalid for <https:\/\/slack.synereo.com>.",
                "title": "description",
                "id": 1,
                "color": "daa038",
                "fields": [
                    {
                        "title": "to",
                        "value": "the <http:\/\/slack.synereo.com> fails.  Also the certificate is invalid for <https:\/\/slack.synereo.com>.",
                        "short": false
                    }
                ],
                "mrkdwn_in": [
                    "fields",
                    "title",
                    "fallback"
                ]
            }
        ],
        "type": "message",
        "subtype": "bot_message",
        "ts": "1458413977.000061"
    },
    {
        "text": "Changed Issue:  *<https:\/\/tree.taiga.io\/project\/synereo-synpm\/issue\/49|#49: slack join link, slack.synereo.com is broken>*\n\n*Comment by Jim Whitecarver:* Three steps for rebooting slack invitations (integration free)\n1. Grab free API token (accessible to any Slack Admin i.e. @jed , @malthusjohn , @cm\n2. Deploy Heroku (Slack-invitation-automation)\n3. Point DNS entry <http:\/\/slack.synereo.com|slack.synereo.com> to the Heroku instance",
        "username": "Taiga (Jim Whitecarver)",
        "bot_id": "B0KGN1UB1",
        "icons": {
            "image_48": "https:\/\/s3-us-west-2.amazonaws.com\/slack-files2\/bot_icons\/2016-02-23\/22678761185_48.png"
        },
        "type": "message",
        "subtype": "bot_message",
        "ts": "1458414448.000062"
    }
]