[
    {
        "text": "Changed Issue:  *<https:\/\/tree.taiga.io\/project\/synereo-synpm\/issue\/34|#34: Translate summary of HOA into Spanish>*",
        "username": "Taiga (HJ)",
        "bot_id": "B0KGN1UB1",
        "icons": {
            "image_48": "https:\/\/s3-us-west-2.amazonaws.com\/slack-files2\/bot_icons\/2016-02-09\/20702864161_48.png"
        },
        "attachments": [
            {
                "fallback": "*status:* from *Awaiting resolution confirmation* to *Closed*",
                "id": 1,
                "color": "daa038",
                "fields": [
                    {
                        "title": "status",
                        "value": "*From* Awaiting resolution confirmation *to* Closed",
                        "short": true
                    }
                ],
                "mrkdwn_in": [
                    "fields",
                    "title",
                    "fallback"
                ]
            }
        ],
        "type": "message",
        "subtype": "bot_message",
        "ts": "1456215289.000071"
    },
    {
        "text": "\n    \n    New Issue created:  *<https:\/\/tree.taiga.io\/project\/synereo-synpm\/issue\/36|#36: Get us a verified business account on Bitfinex>*\n",
        "username": "Taiga (HJ)",
        "bot_id": "B0KGN1UB1",
        "icons": {
            "image_48": "https:\/\/s3-us-west-2.amazonaws.com\/slack-files2\/bot_icons\/2016-02-09\/20702864161_48.png"
        },
        "attachments": [
            {
                "fallback": "\n    \n    New Issue created:  *<https:\/\/tree.taiga.io\/project\/synereo-synpm\/issue\/36|#36: Get us a verified business account on Bitfinex>*\n",
                "id": 1,
                "color": "36a64f",
                "fields": [
                    {
                        "title": "Creator",
                        "value": "HJ",
                        "short": true
                    },
                    {
                        "title": "Description",
                        "value": "Describe the process and the docs needed",
                        "short": false
                    }
                ]
            }
        ],
        "type": "message",
        "subtype": "bot_message",
        "ts": "1456221669.000072"
    },
    {
        "text": "Changed Issue:  *<https:\/\/tree.taiga.io\/project\/synereo-synpm\/issue\/36|#36: Get us a verified business account on Bitfinex>*",
        "username": "Taiga (HJ)",
        "bot_id": "B0KGN1UB1",
        "icons": {
            "image_48": "https:\/\/s3-us-west-2.amazonaws.com\/slack-files2\/bot_icons\/2016-02-09\/20702864161_48.png"
        },
        "attachments": [
            {
                "fallback": "*assigned_to:* from *Unassigned* to HJ*",
                "id": 1,
                "color": "daa038",
                "fields": [
                    {
                        "title": "assigned to",
                        "value": "*From* Unassigned *to* HJ",
                        "short": true
                    }
                ],
                "mrkdwn_in": [
                    "fields",
                    "title",
                    "fallback"
                ]
            }
        ],
        "type": "message",
        "subtype": "bot_message",
        "ts": "1456221689.000073"
    },
    {
        "text": "Changed Issue:  *<https:\/\/tree.taiga.io\/project\/synereo-synpm\/issue\/35|#35: Translate the ANN thread into Spanish.>*\n\n*Comment by bhokor:* It is done, sorry for the delay\n<https:\/\/bitcointalk.org\/index.php?topic=1374355.msg13981498#msg13981498>",
        "username": "Taiga (bhokor)",
        "bot_id": "B0KGN1UB1",
        "icons": {
            "image_48": "https:\/\/s3-us-west-2.amazonaws.com\/slack-files2\/bot_icons\/2016-02-22\/22594125333_48.png"
        },
        "type": "message",
        "subtype": "bot_message",
        "ts": "1456226713.000074"
    },
    {
        "text": "Changed Issue:  *<https:\/\/tree.taiga.io\/project\/synereo-synpm\/issue\/35|#35: Translate the ANN thread into Spanish.>*",
        "username": "Taiga (bhokor)",
        "bot_id": "B0KGN1UB1",
        "icons": {
            "image_48": "https:\/\/s3-us-west-2.amazonaws.com\/slack-files2\/bot_icons\/2016-02-22\/22594125333_48.png"
        },
        "attachments": [
            {
                "fallback": "*status:* from *New* to *Awaiting resolution confirmation*",
                "id": 1,
                "color": "daa038",
                "fields": [
                    {
                        "title": "status",
                        "value": "*From* New *to* Awaiting resolution confirmation",
                        "short": true
                    }
                ],
                "mrkdwn_in": [
                    "fields",
                    "title",
                    "fallback"
                ]
            }
        ],
        "type": "message",
        "subtype": "bot_message",
        "ts": "1456226714.000075"
    },
    {
        "text": "Changed Issue:  *<https:\/\/tree.taiga.io\/project\/synereo-synpm\/issue\/35|#35: Translate the ANN thread into Spanish.>*\n\n*Comment by HJ:* Thx, wonderful job and AMP reward are send.\n\nThe USD-AMP rate is: $0.01834188 on 23\/2\/2016 Reward for HOA summary 2\/17 + BTT ANN\n\nAMP 3,271.20\t100.00%\t@bhokor\n\nPlease tweet on BTT or elsewhere how you feel about your just earned AMP for doing a task.",
        "username": "Taiga (HJ)",
        "bot_id": "B0KGN1UB1",
        "icons": {
            "image_48": "https:\/\/s3-us-west-2.amazonaws.com\/slack-files2\/bot_icons\/2016-02-09\/20702864161_48.png"
        },
        "type": "message",
        "subtype": "bot_message",
        "ts": "1456230258.000076"
    },
    {
        "text": "Changed Issue:  *<https:\/\/tree.taiga.io\/project\/synereo-synpm\/issue\/35|#35: Translate the ANN thread into Spanish.>*\n\n*Comment by bhokor:* Ok, i will make a post about my feelings now in BTT, do you want too i create a spanish Synereo twitter account and tweet it?",
        "username": "Taiga (bhokor)",
        "bot_id": "B0KGN1UB1",
        "icons": {
            "image_48": "https:\/\/s3-us-west-2.amazonaws.com\/slack-files2\/bot_icons\/2016-02-22\/22594125333_48.png"
        },
        "type": "message",
        "subtype": "bot_message",
        "ts": "1456230893.000077"
    },
    {
        "type": "message",
        "user": "U048T3M8W",
        "text": "<@U0NGAG7V5> What can you do more on BTT or elsewhere. If you have a suggestion please add it as an issue on Taiga.",
        "ts": "1456231484.000078"
    },
    {
        "user": "U0NGAG7V5",
        "inviter": "U048T3M8W",
        "type": "message",
        "subtype": "channel_join",
        "text": "<@U0NGAG7V5|bhokor> has joined the channel",
        "ts": "1456231501.000079"
    },
    {
        "text": "\n    \n    New Issue created:  *<https:\/\/tree.taiga.io\/project\/synereo-synpm\/issue\/37|#37: Transaction costs and rewards>*\n",
        "username": "Taiga (HJ)",
        "bot_id": "B0KGN1UB1",
        "icons": {
            "image_48": "https:\/\/s3-us-west-2.amazonaws.com\/slack-files2\/bot_icons\/2016-02-09\/20702864161_48.png"
        },
        "attachments": [
            {
                "fallback": "\n    \n    New Issue created:  *<https:\/\/tree.taiga.io\/project\/synereo-synpm\/issue\/37|#37: Transaction costs and rewards>*\n",
                "id": 1,
                "color": "36a64f",
                "fields": [
                    {
                        "title": "Creator",
                        "value": "HJ",
                        "short": true
                    },
                    {
                        "title": "Description",
                        "value": "Every transaction cost about 0.00045 BTC, or $0.1948 or 40 AMP. That's relatively expensive.\nSo maybe it's better to add up rewards until they have reached for example 20000 AMP and then send it to the Amployee.",
                        "short": false
                    }
                ]
            }
        ],
        "type": "message",
        "subtype": "bot_message",
        "ts": "1456232296.000080"
    },
    {
        "text": "Changed Issue:  *<https:\/\/tree.taiga.io\/project\/synereo-synpm\/issue\/35|#35: Translate the ANN thread into Spanish.>*",
        "username": "Taiga (HJ)",
        "bot_id": "B0KGN1UB1",
        "icons": {
            "image_48": "https:\/\/s3-us-west-2.amazonaws.com\/slack-files2\/bot_icons\/2016-02-09\/20702864161_48.png"
        },
        "attachments": [
            {
                "fallback": "*status:* from *Awaiting resolution confirmation* to *Closed*",
                "id": 1,
                "color": "daa038",
                "fields": [
                    {
                        "title": "status",
                        "value": "*From* Awaiting resolution confirmation *to* Closed",
                        "short": true
                    }
                ],
                "mrkdwn_in": [
                    "fields",
                    "title",
                    "fallback"
                ]
            }
        ],
        "type": "message",
        "subtype": "bot_message",
        "ts": "1456232316.000081"
    },
    {
        "text": "\n    \n    New Issue created:  *<https:\/\/tree.taiga.io\/project\/synereo-synpm\/issue\/38|#38: Create spanish twitter and facebook account>*\n",
        "username": "Taiga (bhokor)",
        "bot_id": "B0KGN1UB1",
        "icons": {
            "image_48": "https:\/\/s3-us-west-2.amazonaws.com\/slack-files2\/bot_icons\/2016-02-22\/22594125333_48.png"
        },
        "attachments": [
            {
                "fallback": "\n    \n    New Issue created:  *<https:\/\/tree.taiga.io\/project\/synereo-synpm\/issue\/38|#38: Create spanish twitter and facebook account>*\n",
                "id": 1,
                "color": "36a64f",
                "fields": [
                    {
                        "title": "Creator",
                        "value": "bhokor",
                        "short": true
                    }
                ]
            }
        ],
        "type": "message",
        "subtype": "bot_message",
        "ts": "1456233876.000082"
    },
    {
        "text": "\n    \n    New User Story created:  *<https:\/\/tree.taiga.io\/project\/synereo-synpm\/us\/39|#39: taiga onboarding>*\n",
        "username": "Taiga (Jim Whitecarver)",
        "bot_id": "B0KGN1UB1",
        "icons": {
            "image_48": "https:\/\/s3-us-west-2.amazonaws.com\/slack-files2\/bot_icons\/2016-02-23\/22678761185_48.png"
        },
        "attachments": [
            {
                "fallback": "\n    \n    New User Story created:  *<https:\/\/tree.taiga.io\/project\/synereo-synpm\/us\/39|#39: taiga onboarding>*\n",
                "id": 1,
                "color": "36a64f",
                "fields": [
                    {
                        "title": "Creator",
                        "value": "Jim Whitecarver",
                        "short": true
                    },
                    {
                        "title": "Description",
                        "value": "I am lost in taiga.  Seems complicated because it is new to me.  Onboarding is a process to be automated but before we write the pi-calc we need to defining the human process.\n1. what is the minimum a person needs to know?  Give it to them.\n2. point to a video like <https:\/\/www.youtube.com\/watch?v=po161DlGydk> which I watched parts of.  something shorter and sweeter would be better.\n3. what norms do we have for our use of taiga?\n4. What to do: see if any tasks are assigned to me (it seems I have none), join tasks I am part of (have not figured out that yet), add tasks I am working on or propose, move tasks to reflect current status. ??\ntiaga is starting to look very sweet.  It is already my #1 choice for freetrust to run after we get our jitsi server and gluu fr33id running.",
                        "short": false
                    }
                ]
            }
        ],
        "type": "message",
        "subtype": "bot_message",
        "ts": "1456237887.000083"
    },
    {
        "text": "Changed User Story:  *<https:\/\/tree.taiga.io\/project\/synereo-synpm\/us\/39|#39: taiga onboarding>*",
        "username": "Taiga (Jim Whitecarver)",
        "bot_id": "B0KGN1UB1",
        "icons": {
            "image_48": "https:\/\/s3-us-west-2.amazonaws.com\/slack-files2\/bot_icons\/2016-02-23\/22678761185_48.png"
        },
        "attachments": [
            {
                "fallback": "*Added new attachment:* <https:\/\/media.taiga.io\/attachments\/5\/0\/e\/6\/e957b0f423ffdfac6fb8de38cf1f2833765f8c15f057227bb3546891aeb4\/watch1|watch1>",
                "id": 1,
                "color": "daa038",
                "fields": [
                    {
                        "title": "Added new attachment",
                        "value": "<https:\/\/media.taiga.io\/attachments\/5\/0\/e\/6\/e957b0f423ffdfac6fb8de38cf1f2833765f8c15f057227bb3546891aeb4\/watch1|watch1> ",
                        "short": false
                    }
                ],
                "mrkdwn_in": [
                    "fields",
                    "title",
                    "fallback"
                ]
            }
        ],
        "type": "message",
        "subtype": "bot_message",
        "ts": "1456237888.000084"
    },
    {
        "text": "Changed Issue:  *<https:\/\/tree.taiga.io\/project\/synereo-synpm\/issue\/38|#38: Create spanish twitter and facebook account>*\n\n*Comment by bhokor:* Twitter account created <https:\/\/twitter.com\/Es_Synereo> (<https:\/\/twitter.com\/Es_Synereo>),",
        "username": "Taiga (bhokor)",
        "bot_id": "B0KGN1UB1",
        "icons": {
            "image_48": "https:\/\/s3-us-west-2.amazonaws.com\/slack-files2\/bot_icons\/2016-02-22\/22594125333_48.png"
        },
        "type": "message",
        "subtype": "bot_message",
        "ts": "1456259924.000085"
    },
    {
        "text": "Changed Issue:  *<https:\/\/tree.taiga.io\/project\/synereo-synpm\/issue\/38|#38: Create spanish twitter and facebook account>*",
        "username": "Taiga (bhokor)",
        "bot_id": "B0KGN1UB1",
        "icons": {
            "image_48": "https:\/\/s3-us-west-2.amazonaws.com\/slack-files2\/bot_icons\/2016-02-22\/22594125333_48.png"
        },
        "attachments": [
            {
                "fallback": "*status:* from *New* to *Awaiting resolution confirmation*",
                "id": 1,
                "color": "daa038",
                "fields": [
                    {
                        "title": "status",
                        "value": "*From* New *to* Awaiting resolution confirmation",
                        "short": true
                    }
                ],
                "mrkdwn_in": [
                    "fields",
                    "title",
                    "fallback"
                ]
            }
        ],
        "type": "message",
        "subtype": "bot_message",
        "ts": "1456261244.000086"
    },
    {
        "text": "Changed Issue:  *<https:\/\/tree.taiga.io\/project\/synereo-synpm\/issue\/38|#38: Create spanish twitter and facebook account>*\n\n*Comment by bhokor:* Facebook account created <https:\/\/www.facebook.com\/EsSynereo\/> (<https:\/\/www.facebook.com\/EsSynereo\/>)",
        "username": "Taiga (bhokor)",
        "bot_id": "B0KGN1UB1",
        "icons": {
            "image_48": "https:\/\/s3-us-west-2.amazonaws.com\/slack-files2\/bot_icons\/2016-02-22\/22594125333_48.png"
        },
        "type": "message",
        "subtype": "bot_message",
        "ts": "1456261308.000087"
    }
]