[
    {
        "text": "Changed Issue:  *<https:\/\/tree.taiga.io\/project\/synereo-synpm\/issue\/38|#38: Create spanish twitter and facebook account>*\n\n*Comment by HJ:* On Thu, Mar 3, 2016 at 9:47 AM, Dor Konforty &lt;dor@synereo.com&gt; wrote:\nWould it not be better to continue using it and simply \u201cerase\u201d the history by posting relevant content? He has quite a few followers there.\n \nFrom: Hendrik Jan Hilbolling [<mailto:lapin7@gmail.com>] \nSent: Thursday, March 03, 2016 10:46\nTo: Eric\nCc: Dor Konforty; Jedediah Walls\nSubject: Re: The \"ES\" twitter account\n \nProblem solved.\n@Bhokor set up this account.\nHe will delete it.\n \nSee conversation below.\n \nCheers,\nHJ09:19\n] \nbhokor Hi HJ\n[09:20] \nlapin7 Hi Bhokor\n[09:20] \nbhokor i am the creator of ES_SYNEREO Twitter account\n[09:20] \nshould i delete it?\n[09:41] \nlapin7 Well it's a transferred personal account to something with synereo.\n[09:42] \nThe history is not in line with Synereo's image. I think it's better to delete it. \nOf course you can make personal statements on Synereo. \nBut like this it looks like an official outlet channel of Synereo. That's not so good.\n\nOn Thu, Mar 3, 2016 at 8:00 AM, Eric &lt;eric@synereo.com&gt; wrote:\nI'd imagine a world in which we had several localized streams that were created and managed by someone central to Synereo with automated feeds coming into and out of Taiga in some way such that ...\n \n1) New Synereo Tweet needs to hit the wire!\n2) English version is put together\n3) Tweet is ingested by a service such as Zapier (automating the web)\n4) The tweet message is also placed into a spreadsheet row with date\/time stamp and URL\n5) This ingested tweet hits Taiga as a new \"Translation\" issue assigned to our enthusiastic translators\n6) These translators then head to the shared spreadsheet and update the translation column with the brief tweet text (since, well, 140 characters is pretty small)\n7) The content in the spreadsheet is then fired off as a new Tweet from the designated language specific Twitter feed\n8) Magical ponies dance all around!\n \nSo the above might be slightly ideal, though I'm SURE it can in fact be done with the tools at our disposal. This sort of automation is where I'd love for you to help look for opportunities to explore and devise strategies such as this to simplify and reduce our administrative overhead.\n \nThoughts?\n \nOn Thu, Mar 3, 2016 at 7:45 PM, Hendrik Jan Hilbolling &lt;lapin7@gmail.com&gt; wrote:\nHi Eric,\nThx for noticing.\nI will get in touch with this account on Twitter.\n\nOn Thu, Mar 3, 2016 at 2:22 AM, Eric &lt;eric@synereo.com&gt; wrote:\nHJ,\n \nWho is managing this content and why does it seem like this is a personal account that has been used for years now recently being flipped over to a \"Synereo\" branded account?\n \nThis is not putting forward a consistent brand look\/feel and voice of the platform. Have had a look at the stream?\n \n<https:\/\/twitter.com\/Es_Synereo>",
        "username": "Taiga (HJ)",
        "bot_id": "B0KGN1UB1",
        "icons": {
            "image_48": "https:\/\/s3-us-west-2.amazonaws.com\/slack-files2\/bot_icons\/2016-02-09\/20702864161_48.png"
        },
        "type": "message",
        "subtype": "bot_message",
        "ts": "1456996486.000128"
    },
    {
        "text": "Changed Issue:  *<https:\/\/tree.taiga.io\/project\/synereo-synpm\/issue\/38|#38: Create spanish twitter and facebook account>*\n\n*Comment by bhokor:* <https:\/\/twitter.com\/Es_Synereo> have been deleted",
        "username": "Taiga (bhokor)",
        "bot_id": "B0KGN1UB1",
        "icons": {
            "image_48": "https:\/\/s3-us-west-2.amazonaws.com\/slack-files2\/bot_icons\/2016-02-22\/22594125333_48.png"
        },
        "type": "message",
        "subtype": "bot_message",
        "ts": "1456998324.000129"
    },
    {
        "text": "Changed Issue:  *<https:\/\/tree.taiga.io\/project\/synereo-synpm\/issue\/38|#38: Create spanish twitter and facebook account>*\n\n*Comment by bhokor:* sorry for the inconveniences",
        "username": "Taiga (bhokor)",
        "bot_id": "B0KGN1UB1",
        "icons": {
            "image_48": "https:\/\/s3-us-west-2.amazonaws.com\/slack-files2\/bot_icons\/2016-02-22\/22594125333_48.png"
        },
        "type": "message",
        "subtype": "bot_message",
        "ts": "1456998449.000130"
    },
    {
        "text": "Changed Issue:  *<https:\/\/tree.taiga.io\/project\/synereo-synpm\/issue\/38|#38: Create spanish twitter and facebook account>*\n\n*Comment by bhokor:* I have changed the account name to es_cripto, i like the idea of create a feed from original synereo account and retweet it translated",
        "username": "Taiga (bhokor)",
        "bot_id": "B0KGN1UB1",
        "icons": {
            "image_48": "https:\/\/s3-us-west-2.amazonaws.com\/slack-files2\/bot_icons\/2016-02-22\/22594125333_48.png"
        },
        "type": "message",
        "subtype": "bot_message",
        "ts": "1457004916.000131"
    },
    {
        "user": "U049P4TJ2",
        "type": "message",
        "subtype": "channel_join",
        "text": "<@U049P4TJ2|troisel77> has joined the channel",
        "ts": "1457010923.000132"
    }
]