[
    {
        "text": "Changed User Story:  *<https:\/\/tree.taiga.io\/project\/synereo-synpm\/us\/39|#39: taiga onboarding>*\n\n*Comment by Julian Dumitrascu:* I see that this application includes e.g. projects with a log of user stories, prioritized issues, tasks, and links to other applications, e.g. Jitsi.\n1. You can negotiate this as you please. In general, the team who sell a service teach users. Irrespective of how many applications one accepts to test, one wants to do as much as they need with as few applications as possible. I want to help people choose the set of applications that helps them most and to reduce the number of applications when possible: one communication application can include e-mailing, blogging, social networking and chatting through a redesign.\n3. Depending on the goals of the Synereo team, we can design workflows and decide who uses what applications how. @edeykholt Do you want to participate in this discussion? You might help us use a service better than Taiga.",
        "username": "Taiga (Julian Dumitrascu)",
        "bot_id": "B0KGN1UB1",
        "icons": {
            "image_48": "https:\/\/s3-us-west-2.amazonaws.com\/slack-files2\/bot_icons\/2016-02-21\/22409413971_48.png"
        },
        "type": "message",
        "subtype": "bot_message",
        "ts": "1456592448.000099"
    },
    {
        "type": "message",
        "user": "U0J9CQF9S",
        "text": "julian we are working on workflow now.",
        "ts": "1456592504.000100"
    },
    {
        "type": "message",
        "user": "U0J9CQF9S",
        "text": "if you can design the system go for it.",
        "ts": "1456592526.000101"
    },
    {
        "type": "message",
        "user": "U0J9CQF9S",
        "text": "the paradox of decentralization is that things get done  almost randomly.",
        "ts": "1456592555.000102"
    },
    {
        "type": "message",
        "user": "U0J9CQF9S",
        "text": "if you can provide examples of how your project management is setup with mun that would be very helpful",
        "ts": "1456592581.000103"
    },
    {
        "text": "Changed User Story:  *<https:\/\/tree.taiga.io\/project\/synereo-synpm\/us\/8|#8: Prepare BnkToTheFuture>*\n\n*Comment by HJ:* Task assignment is not very clear yet. Yes has of course something to do with BTTF and he's probably most in the lead. But other's (for example Watchers) are most welcome to elaborate this project of doing a pitch at BTTF.",
        "username": "Taiga (HJ)",
        "bot_id": "B0KGN1UB1",
        "icons": {
            "image_48": "https:\/\/s3-us-west-2.amazonaws.com\/slack-files2\/bot_icons\/2016-02-09\/20702864161_48.png"
        },
        "type": "message",
        "subtype": "bot_message",
        "ts": "1456611454.000104"
    }
]