[
    {
        "text": "Changed User Story:  *<https:\/\/tree.taiga.io\/project\/synereo-synpm\/us\/4|#4: Design Product Vision>*",
        "username": "Taiga (HJ)",
        "bot_id": "B0KGN1UB1",
        "icons": {
            "image_48": "https:\/\/s3-us-west-2.amazonaws.com\/slack-files2\/bot_icons\/2016-01-27\/19566701206_48.png"
        },
        "attachments": [
            {
                "fallback": "*Added new attachment:* <https:\/\/media.taiga.io\/attachments\/4\/5\/a\/5\/8e3603262e920c1fc3581622ff59f5fec10d356639cb14884af0593964aa\/ExampleApp-Feature-List.xls|ExampleApp-Feature-List.xls>",
                "id": 1,
                "color": "daa038",
                "fields": [
                    {
                        "title": "Added new attachment",
                        "value": "<https:\/\/media.taiga.io\/attachments\/4\/5\/a\/5\/8e3603262e920c1fc3581622ff59f5fec10d356639cb14884af0593964aa\/ExampleApp-Feature-List.xls|ExampleApp-Feature-List.xls> ",
                        "short": false
                    }
                ],
                "mrkdwn_in": [
                    "fields",
                    "title",
                    "fallback"
                ]
            }
        ],
        "type": "message",
        "subtype": "bot_message",
        "ts": "1454686742.000022"
    },
    {
        "text": "Changed User Story:  *<https:\/\/tree.taiga.io\/project\/synereo-synpm\/us\/4|#4: Design Product Vision>*",
        "username": "Taiga (HJ)",
        "bot_id": "B0KGN1UB1",
        "icons": {
            "image_48": "https:\/\/s3-us-west-2.amazonaws.com\/slack-files2\/bot_icons\/2016-01-27\/19566701206_48.png"
        },
        "attachments": [
            {
                "fallback": "*Added new attachment:* <https:\/\/media.taiga.io\/attachments\/c\/0\/e\/1\/a83b35849984ef8ec2418e0fb1dff087f9b0693cf64163f87542d3411487\/2016.02.04_-_Current_UX_Focus_Phases.pdf|2016.02.04_-_Current_UX_Focus_Phases.pdf> \n        \n            *Added new attachment:* <https:\/\/media.taiga.io\/attachments\/6\/6\/5\/c\/cf92c2a88ab344ea8761b90a156e080ad6e0b7358368c375434e15a33372\/Functional_Design_Document.docx|Functional_Design_Document.docx>",
                "id": 1,
                "color": "daa038",
                "fields": [
                    {
                        "title": "Added new attachment",
                        "value": "<https:\/\/media.taiga.io\/attachments\/c\/0\/e\/1\/a83b35849984ef8ec2418e0fb1dff087f9b0693cf64163f87542d3411487\/2016.02.04_-_Current_UX_Focus_Phases.pdf|2016.02.04_-_Current_UX_Focus_Phases.pdf> ",
                        "short": false
                    },
                    {
                        "title": "Added new attachment",
                        "value": "<https:\/\/media.taiga.io\/attachments\/6\/6\/5\/c\/cf92c2a88ab344ea8761b90a156e080ad6e0b7358368c375434e15a33372\/Functional_Design_Document.docx|Functional_Design_Document.docx> ",
                        "short": false
                    }
                ],
                "mrkdwn_in": [
                    "fields",
                    "title",
                    "fallback"
                ]
            }
        ],
        "type": "message",
        "subtype": "bot_message",
        "ts": "1454686743.000023"
    },
    {
        "text": "Changed User Story:  *<https:\/\/tree.taiga.io\/project\/synereo-synpm\/us\/4|#4: Design Product Vision>*",
        "username": "Taiga (HJ)",
        "bot_id": "B0KGN1UB1",
        "icons": {
            "image_48": "https:\/\/s3-us-west-2.amazonaws.com\/slack-files2\/bot_icons\/2016-01-27\/19566701206_48.png"
        },
        "attachments": [
            {
                "fallback": "*Added new attachment:* <https:\/\/media.taiga.io\/attachments\/7\/7\/a\/0\/aedd30141a7c63b9bab3ed0c9910e365903205162ec0181d9e63d91a924a\/Intro_design_to_communitee_-_Synereo.pptx|Intro_design_to_communitee_-_Synereo.pptx>",
                "id": 1,
                "color": "daa038",
                "fields": [
                    {
                        "title": "Added new attachment",
                        "value": "<https:\/\/media.taiga.io\/attachments\/7\/7\/a\/0\/aedd30141a7c63b9bab3ed0c9910e365903205162ec0181d9e63d91a924a\/Intro_design_to_communitee_-_Synereo.pptx|Intro_design_to_communitee_-_Synereo.pptx> ",
                        "short": false
                    }
                ],
                "mrkdwn_in": [
                    "fields",
                    "title",
                    "fallback"
                ]
            }
        ],
        "type": "message",
        "subtype": "bot_message",
        "ts": "1454686745.000024"
    },
    {
        "text": "Changed User Story:  *<https:\/\/tree.taiga.io\/project\/synereo-synpm\/us\/4|#4: Design Product Vision>*",
        "username": "Taiga (HJ)",
        "bot_id": "B0KGN1UB1",
        "icons": {
            "image_48": "https:\/\/s3-us-west-2.amazonaws.com\/slack-files2\/bot_icons\/2016-01-27\/19566701206_48.png"
        },
        "attachments": [
            {
                "fallback": "*Added new attachment:* <https:\/\/media.taiga.io\/attachments\/e\/7\/2\/4\/4c87a693c9b8d63aa779eb9756552dee451327566c083cbc48eaf946ecf8\/ExampleApp-Functional-Specification.xls|ExampleApp-Functional-Specification.xls> \n        \n            *Added new attachment:* <https:\/\/media.taiga.io\/attachments\/c\/0\/f\/2\/f0f9a6c34c02f49050b29286d3a4ee64e4e932f5b5aa4012f4dded4edbfe\/2016.02.03_-_UX_Sprint_0_Intro.pptx|2016.02.03_-_UX_Sprint_0_Intro.pptx>",
                "id": 1,
                "color": "daa038",
                "fields": [
                    {
                        "title": "Added new attachment",
                        "value": "<https:\/\/media.taiga.io\/attachments\/e\/7\/2\/4\/4c87a693c9b8d63aa779eb9756552dee451327566c083cbc48eaf946ecf8\/ExampleApp-Functional-Specification.xls|ExampleApp-Functional-Specification.xls> ",
                        "short": false
                    },
                    {
                        "title": "Added new attachment",
                        "value": "<https:\/\/media.taiga.io\/attachments\/c\/0\/f\/2\/f0f9a6c34c02f49050b29286d3a4ee64e4e932f5b5aa4012f4dded4edbfe\/2016.02.03_-_UX_Sprint_0_Intro.pptx|2016.02.03_-_UX_Sprint_0_Intro.pptx> ",
                        "short": false
                    }
                ],
                "mrkdwn_in": [
                    "fields",
                    "title",
                    "fallback"
                ]
            }
        ],
        "type": "message",
        "subtype": "bot_message",
        "ts": "1454686746.000025"
    },
    {
        "user": "U0J9CQF9S",
        "type": "message",
        "subtype": "channel_join",
        "text": "<@U0J9CQF9S|shdwdm> has joined the channel",
        "ts": "1454691621.000026"
    }
]