[
    {
        "text": "Changed Issue:  *<https:\/\/tree.taiga.io\/project\/synereo-synpm\/issue\/40|#40: Add video interview Dor &amp; Martijn Arets>*\n\n*Comment by HJ:* How to add a Youtube video to Youtube channel Synereo?",
        "username": "Taiga (HJ)",
        "bot_id": "B0KGN1UB1",
        "icons": {
            "image_48": "https:\/\/s3-us-west-2.amazonaws.com\/slack-files2\/bot_icons\/2016-02-09\/20702864161_48.png"
        },
        "type": "message",
        "subtype": "bot_message",
        "ts": "1457711369.000196"
    }
]