[
    {
        "type": "message",
        "user": "U049P4TJ2",
        "text": "<@U04BQ4FMC>: Thank you, yes i planned to start a synereo node .. soon :simple_smile: .",
        "ts": "1457430087.000165",
        "reactions": [
            {
                "name": "+1",
                "users": [
                    "U04BQ4FMC"
                ],
                "count": 1
            }
        ]
    },
    {
        "type": "message",
        "user": "U049CMCCZ",
        "text": "I would like to start a node too, but don't know how to :disappointed:",
        "ts": "1457441585.000166"
    },
    {
        "type": "message",
        "user": "U0474E4KZ",
        "text": "It'll be a lot easier soon.",
        "ts": "1457452175.000167",
        "reactions": [
            {
                "name": "+1",
                "users": [
                    "U04BQ4FMC",
                    "U049P4TJ2",
                    "U049CMCCZ"
                ],
                "count": 3
            }
        ]
    },
    {
        "user": "U0RB90L2Y",
        "type": "message",
        "subtype": "channel_join",
        "text": "<@U0RB90L2Y|jake> has joined the channel",
        "ts": "1457493848.000168"
    }
]