[
    {
        "text": "Changed User Story:  *<https:\/\/tree.taiga.io\/project\/synereo-synpm\/us\/3|#3: Porting HTTP bridge>*",
        "username": "Taiga (HJ)",
        "bot_id": "B0KGN1UB1",
        "icons": {
            "image_48": "https:\/\/s3-us-west-2.amazonaws.com\/slack-files2\/bot_icons\/2016-02-09\/20702864161_48.png"
        },
        "attachments": [
            {
                "fallback": "*tribe gig:* from *None* to *{&amp;#39;id&amp;#39;: 91, &amp;#39;title&amp;#39;: &amp;#39;Synereo: Porting the HTTP bridge into the system over to a more recent release of Spray.&amp;#39;}*",
                "id": 1,
                "color": "daa038",
                "fields": [
                    {
                        "title": "tribe gig",
                        "value": "*From* None *to* {'id': 91, 'title': 'Synereo: Porting the HTTP bridge into the system over to a more recent release of Spray.'}",
                        "short": true
                    }
                ],
                "mrkdwn_in": [
                    "fields",
                    "title",
                    "fallback"
                ]
            },
            {
                "fallback": "*owner:* from *HJ* to *None*",
                "id": 2,
                "color": "daa038",
                "fields": [
                    {
                        "title": "owner",
                        "value": "*From* HJ *to* None",
                        "short": true
                    }
                ],
                "mrkdwn_in": [
                    "fields",
                    "title",
                    "fallback"
                ]
            }
        ],
        "type": "message",
        "subtype": "bot_message",
        "ts": "1455273552.000071"
    },
    {
        "text": "Changed User Story:  *<https:\/\/tree.taiga.io\/project\/synereo-synpm\/us\/6|#6: Porting HTTP bridge>*",
        "username": "Taiga (HJ)",
        "bot_id": "B0KGN1UB1",
        "icons": {
            "image_48": "https:\/\/s3-us-west-2.amazonaws.com\/slack-files2\/bot_icons\/2016-02-09\/20702864161_48.png"
        },
        "attachments": [
            {
                "fallback": "*description*\n    \n    *from*:\n    porting the HTTP bridge into the system over to a more recent release of Spray.\n\nThis kind of work would be ideal for someone who wants to get more experience with Scala, Scala&amp;#39;s ecosystem, and at the same time learn the Synereo and SpecialK APIs.\n\n[See github GlosEval](<https:\/\/github.com\/synereo\/gloseval>)\n\n[High level overview](<https:\/\/github.com\/synereo\/gloseval\/blob\/master\/doc\/IndividualAgentHighLevelArchitecture1.pdf>)\n\n[Documentation in OmniGraffle](<https:\/\/github.com\/synereo\/gloseval\/tree\/master\/doc>)\n\n[Example code 1](<https:\/\/github.com\/synereo\/gloseval\/blob\/master\/src\/test\/scala\/com\/example\/MyServiceSpec.scala>)\n\n[Example code 2](<https:\/\/github.com\/synereo\/gloseval\/commit\/fcb7ad3225a6da49f2a9a6b889bede4035cad4df>)\n\n[Master](<https:\/\/github.com\/synereo\/gloseval\/commits\/master>)\n    \n    *to*:\n    porting the HTTP bridge into the system over to a more recent release of Spray.\n\nThis kind of work would be ideal for someone who wants to get more experience with Scala, Scala&amp;#39;s ecosystem, and at the same time learn the Synereo and SpecialK APIs.\n\n[See github GlosEval](<https:\/\/github.com\/synereo\/gloseval>)\n\n[High level overview](<https:\/\/github.com\/synereo\/gloseval\/blob\/master\/doc\/IndividualAgentHighLevelArchitecture1.pdf>)\n\n[Documentation in OmniGraffle](<https:\/\/github.com\/synereo\/gloseval\/tree\/master\/doc>)\n\n[Example code 1](<https:\/\/github.com\/synereo\/gloseval\/blob\/master\/src\/test\/scala\/com\/example\/MyServiceSpec.scala>)\n\n[Example code 2](<https:\/\/github.com\/synereo\/gloseval\/commit\/fcb7ad3225a6da49f2a9a6b889bede4035cad4df>)\n\n[Master](<https:\/\/github.com\/synereo\/gloseval\/commits\/master>)\n\n[Gig posted on Tribe](<https:\/\/beta-tribe.taiga.io\/gigs\/91>)",
                "title": "description",
                "id": 1,
                "color": "daa038",
                "fields": [
                    {
                        "title": "from",
                        "value": "porting the HTTP bridge into the system over to a more recent release of Spray.\n\nThis kind of work would be ideal for someone who wants to get more experience with Scala, Scala's ecosystem, and at the same time learn the Synereo and SpecialK APIs.\n\n[See github GlosEval](<https:\/\/github.com\/synereo\/gloseval>)\n\n[High level overview](<https:\/\/github.com\/synereo\/gloseval\/blob\/master\/doc\/IndividualAgentHighLevelArchitecture1.pdf>)\n\n[Documentation in OmniGraffle](<https:\/\/github.com\/synereo\/gloseval\/tree\/master\/doc>)\n\n[Example code 1](<https:\/\/github.com\/synereo\/gloseval\/blob\/master\/src\/test\/scala\/com\/example\/MyServiceSpec.scala>)\n\n[Example code 2](<https:\/\/github.com\/synereo\/gloseval\/commit\/fcb7ad3225a6da49f2a9a6b889bede4035cad4df>)\n\n[Master](<https:\/\/github.com\/synereo\/gloseval\/commits\/master>)",
                        "short": false
                    },
                    {
                        "title": "to",
                        "value": "porting the HTTP bridge into the system over to a more recent release of Spray.\n\nThis kind of work would be ideal for someone who wants to get more experience with Scala, Scala's ecosystem, and at the same time learn the Synereo and SpecialK APIs.\n\n[See github GlosEval](<https:\/\/github.com\/synereo\/gloseval>)\n\n[High level overview](<https:\/\/github.com\/synereo\/gloseval\/blob\/master\/doc\/IndividualAgentHighLevelArchitecture1.pdf>)\n\n[Documentation in OmniGraffle](<https:\/\/github.com\/synereo\/gloseval\/tree\/master\/doc>)\n\n[Example code 1](<https:\/\/github.com\/synereo\/gloseval\/blob\/master\/src\/test\/scala\/com\/example\/MyServiceSpec.scala>)\n\n[Example code 2](<https:\/\/github.com\/synereo\/gloseval\/commit\/fcb7ad3225a6da49f2a9a6b889bede4035cad4df>)\n\n[Master](<https:\/\/github.com\/synereo\/gloseval\/commits\/master>)\n\n[Gig posted on Tribe](<https:\/\/beta-tribe.taiga.io\/gigs\/91>)",
                        "short": false
                    }
                ],
                "mrkdwn_in": [
                    "fields",
                    "title",
                    "fallback"
                ]
            }
        ],
        "type": "message",
        "subtype": "bot_message",
        "ts": "1455273663.000072"
    }
]