[
    {
        "text": "Changed User Story:  *<https:\/\/tree.taiga.io\/project\/synereo-synpm\/us\/39|#39: taiga onboarding>*",
        "username": "Taiga (Jim Whitecarver)",
        "bot_id": "B0KGN1UB1",
        "icons": {
            "image_48": "https:\/\/s3-us-west-2.amazonaws.com\/slack-files2\/bot_icons\/2016-02-23\/22678761185_48.png"
        },
        "attachments": [
            {
                "fallback": "*UX Design role points:* from *None* to *Undefined*\n    \n        *Developer role points:* from *None* to *Undefined*",
                "id": 1,
                "color": "daa038",
                "fields": [
                    {
                        "title": "UX Design role points",
                        "value": "*From* None *to* Undefined",
                        "short": true
                    },
                    {
                        "title": "Developer role points",
                        "value": "*From* None *to* Undefined",
                        "short": true
                    }
                ],
                "mrkdwn_in": [
                    "fields",
                    "title",
                    "fallback"
                ]
            }
        ],
        "type": "message",
        "subtype": "bot_message",
        "ts": "1457115596.000133"
    },
    {
        "text": "Changed User Story:  *<https:\/\/tree.taiga.io\/project\/synereo-synpm\/us\/42|#42: Decentralised Finance>*",
        "username": "Taiga (Jim Whitecarver)",
        "bot_id": "B0KGN1UB1",
        "icons": {
            "image_48": "https:\/\/s3-us-west-2.amazonaws.com\/slack-files2\/bot_icons\/2016-02-23\/22678761185_48.png"
        },
        "attachments": [
            {
                "fallback": "*UX Design role points:* from *None* to *Undefined*\n    \n        *Developer role points:* from *None* to *Undefined*\n    \n        *Product Owner role points:* from *None* to *Undefined*",
                "id": 1,
                "color": "daa038",
                "fields": [
                    {
                        "title": "UX Design role points",
                        "value": "*From* None *to* Undefined",
                        "short": true
                    },
                    {
                        "title": "Developer role points",
                        "value": "*From* None *to* Undefined",
                        "short": true
                    },
                    {
                        "title": "Product Owner role points",
                        "value": "*From* None *to* Undefined",
                        "short": true
                    }
                ],
                "mrkdwn_in": [
                    "fields",
                    "title",
                    "fallback"
                ]
            }
        ],
        "type": "message",
        "subtype": "bot_message",
        "ts": "1457115597.000134"
    },
    {
        "user": "U048X85UT",
        "type": "message",
        "subtype": "channel_join",
        "text": "<@U048X85UT|jimscarver> has joined the channel",
        "ts": "1457121436.000135"
    },
    {
        "type": "message",
        "user": "U048X85UT",
        "text": "i did not change anything today !?",
        "ts": "1457121612.000136"
    },
    {
        "text": "Changed User Story:  *<https:\/\/tree.taiga.io\/project\/synereo-synpm\/us\/2|#2: Organise this project \/ Governance>*\n\n*Comment by Jim Whitecarver:* this Demo: Making a Decision with Loomio, shows easy voting.  No?\n<https:\/\/www.youtube.com\/watch?v=ZipyebSY2Lo>",
        "username": "Taiga (Jim Whitecarver)",
        "bot_id": "B0KGN1UB1",
        "icons": {
            "image_48": "https:\/\/s3-us-west-2.amazonaws.com\/slack-files2\/bot_icons\/2016-02-23\/22678761185_48.png"
        },
        "attachments": [
            {
                "service_name": "YouTube",
                "service_url": "https:\/\/www.youtube.com\/",
                "title": "Demo: Making a Decision with Loomio",
                "title_link": "https:\/\/www.youtube.com\/watch?v=ZipyebSY2Lo",
                "author_name": "Loomio",
                "author_link": "https:\/\/www.youtube.com\/channel\/UC3wke78zNd9-j27JUsXQ7gg",
                "thumb_url": "https:\/\/i.ytimg.com\/vi\/ZipyebSY2Lo\/hqdefault.jpg",
                "thumb_width": 480,
                "thumb_height": 360,
                "fallback": "YouTube Video: Demo: Making a Decision with Loomio",
                "video_html": "<iframe width=\"400\" height=\"300\" src=\"https:\/\/www.youtube.com\/embed\/ZipyebSY2Lo?feature=oembed&autoplay=1&iv_load_policy=3\" frameborder=\"0\" allowfullscreen><\/iframe>",
                "video_html_width": 400,
                "video_html_height": 300,
                "from_url": "https:\/\/www.youtube.com\/watch?v=ZipyebSY2Lo",
                "id": 1
            }
        ],
        "type": "message",
        "subtype": "bot_message",
        "ts": "1457122325.000137"
    },
    {
        "text": "Changed User Story:  *<https:\/\/tree.taiga.io\/project\/synereo-synpm\/us\/2|#2: Organise this project \/ Governance>*\n\n*Comment by Jim Whitecarver:* I set up loomio for FreeTrust.  Please join and participate in the decision to use loomio or not. <https:\/\/www.loomio.org\/invitations\/c6a3d278c6a31bea9a25>",
        "username": "Taiga (Jim Whitecarver)",
        "bot_id": "B0KGN1UB1",
        "icons": {
            "image_48": "https:\/\/s3-us-west-2.amazonaws.com\/slack-files2\/bot_icons\/2016-02-23\/22678761185_48.png"
        },
        "type": "message",
        "subtype": "bot_message",
        "ts": "1457125848.000139",
        "reactions": [
            {
                "name": "+1",
                "users": [
                    "U04BQ4FMC"
                ],
                "count": 1
            }
        ]
    },
    {
        "type": "message",
        "user": "U04BQ4FMC",
        "text": "That looks really nice, Jim.",
        "ts": "1457126034.000140"
    },
    {
        "text": "Changed Issue:  *<https:\/\/tree.taiga.io\/project\/synereo-synpm\/issue\/20|#20: Video at Wiki page>*\n\n*Comment by Eric Blomquist:* We should probably keep this open if we want it to be actioned.",
        "username": "Taiga (Eric Blomquist)",
        "bot_id": "B0KGN1UB1",
        "icons": {
            "image_48": "https:\/\/s3-us-west-2.amazonaws.com\/slack-files2\/bot_icons\/2016-02-17\/21833586451_48.png"
        },
        "type": "message",
        "subtype": "bot_message",
        "ts": "1457150257.000141"
    },
    {
        "text": "Changed Issue:  *<https:\/\/tree.taiga.io\/project\/synereo-synpm\/issue\/20|#20: Video at Wiki page>*",
        "username": "Taiga (Eric Blomquist)",
        "bot_id": "B0KGN1UB1",
        "icons": {
            "image_48": "https:\/\/s3-us-west-2.amazonaws.com\/slack-files2\/bot_icons\/2016-02-17\/21833586451_48.png"
        },
        "attachments": [
            {
                "fallback": "*status:* from *Closed* to *Awaiting input*",
                "id": 1,
                "color": "daa038",
                "fields": [
                    {
                        "title": "status",
                        "value": "*From* Closed *to* Awaiting input",
                        "short": true
                    }
                ],
                "mrkdwn_in": [
                    "fields",
                    "title",
                    "fallback"
                ]
            }
        ],
        "type": "message",
        "subtype": "bot_message",
        "ts": "1457150265.000142"
    }
]