[
    {
        "type": "message",
        "user": "U048T3M8W",
        "text": "I think this is a good place to find Scala Dev's <http:\/\/www.nescala.org\/>",
        "ts": "1456922575.000126"
    },
    {
        "text": "\n    \n    New Issue created:  *<https:\/\/tree.taiga.io\/project\/synereo-synpm\/issue\/43|#43: COALA Project: Synereo satellite session in April.>*\n",
        "username": "Taiga (Ian Bloom)",
        "bot_id": "B0KGN1UB1",
        "icons": {
            "image_48": "https:\/\/s3-us-west-2.amazonaws.com\/slack-files2\/bot_icons\/2016-02-14\/21330805382_48.png"
        },
        "attachments": [
            {
                "fallback": "\n    \n    New Issue created:  *<https:\/\/tree.taiga.io\/project\/synereo-synpm\/issue\/43|#43: COALA Project: Synereo satellite session in April.>*\n",
                "id": 1,
                "color": "36a64f",
                "fields": [
                    {
                        "title": "Creator",
                        "value": "Ian Bloom",
                        "short": true
                    },
                    {
                        "title": "Description",
                        "value": "Coalition of Automated Legal Applications (COALA) - <http:\/\/coala.global\/>\n\nGreg has his eye on a venue, but wants help drafting a 'Call to Action' letter, making a participant list, and finding sponsors.",
                        "short": false
                    }
                ]
            }
        ],
        "type": "message",
        "subtype": "bot_message",
        "ts": "1456978958.000127"
    }
]