[
    {
        "type": "message",
        "user": "U04BQ4FMC",
        "text": "Changed Issue: \u00a0#47: translation whitepaper into spanish\n- status  From New to Closed\n\nshould be \"in progress\" ?  <@U048T3M8W>",
        "edited": {
            "user": "U04BQ4FMC",
            "ts": "1458303279.000000"
        },
        "ts": "1458303259.000019"
    },
    {
        "type": "message",
        "user": "U0QANLBM3",
        "text": "if there exist probalby but im not sure if the issues ares for finding one to do the work (and in that case should read closed) or if closed is when the work is done (in that case should read in progress or somthing like that)",
        "ts": "1458309289.000021"
    },
    {
        "type": "message",
        "user": "U04BQ4FMC",
        "text": "you're right, and this was one of my complaints about how Taiga is set up",
        "ts": "1458309398.000022"
    },
    {
        "type": "message",
        "user": "U04BQ4FMC",
        "text": "this is probably the hardest part of working collaboratively - getting off the ground with format &amp; foundation",
        "ts": "1458309530.000023"
    },
    {
        "type": "message",
        "user": "U048X85UT",
        "text": "We need norms for using tiaga.  I would expect a task be added under the user story assigned to jaun and the issue closed.",
        "ts": "1458309655.000024"
    },
    {
        "type": "message",
        "user": "U048X85UT",
        "text": "I would also expect the user story moved into a sprint if more than one person was involved or there was a deadline.",
        "ts": "1458309901.000025"
    },
    {
        "type": "message",
        "user": "U048X85UT",
        "text": "There appears however to be an issue however with overlaping sprints in tiaga so we probably ought to reserve sprints to align with development sprints covering all other aspects of a synereo release.  It might desireable for sub-teams with ongoing deliverables make a separate tiaga team to manage their sprints.",
        "ts": "1458310378.000026"
    },
    {
        "type": "message",
        "user": "U04BQ4FMC",
        "text": "if you mean actual dev stuff, they are not using this platform",
        "ts": "1458310498.000027"
    },
    {
        "type": "message",
        "user": "U048X85UT",
        "text": "I know, but I suggest we should instansiate their sprints in our tiaga in order to coordinate with dev.",
        "ts": "1458318105.000028"
    },
    {
        "type": "message",
        "user": "U048X85UT",
        "text": "bi-simulation :smile:",
        "ts": "1458318307.000029"
    },
    {
        "type": "message",
        "user": "U048X85UT",
        "text": "faster than light communication :stuck_out_tongue:",
        "ts": "1458318361.000030"
    },
    {
        "type": "message",
        "user": "U048X85UT",
        "text": "corrolation",
        "ts": "1458318413.000031"
    },
    {
        "text": "Changed User Story:  *<https:\/\/tree.taiga.io\/project\/synereo-synpm\/us\/3|#3: Porting HTTP bridge>*",
        "username": "Taiga (HJ)",
        "bot_id": "B0KGN1UB1",
        "icons": {
            "image_48": "https:\/\/s3-us-west-2.amazonaws.com\/slack-files2\/bot_icons\/2016-02-09\/20702864161_48.png"
        },
        "attachments": [
            {
                "fallback": "*description*\n    \n    *from*:\n    porting the HTTP bridge into the system over to a more recent release of Spray.\n\nThis kind of work would be ideal for someone who wants to get more experience with Scala, Scala&amp;#39;s ecosystem, and at the same time learn the Synereo and SpecialK APIs.\n\nHypertext Transfer Protocol (HTTP) is an application-layer protocol for transmitting hypermedia documents, such as HTML. It was designed for communication between web browsers and web servers, though it can be used for other purposes as well. It follows a classical client-server model, with a client opening a connection, making a request, then waiting until it receives a response. It is also a stateless protocol, meaning that the server doesn&amp;#39;t keep any data (state) between two requests.\n\nThough often based on a TCP\/IP layer, it could be used on any connection-oriented transport layer.\n\nSee further about HTTP &gt;&gt; \n<https:\/\/developer.mozilla.org\/en-US\/docs\/Web\/HTTP>\n    \n    *to*:\n    porting the HTTP bridge into the system over to a more recent release of Spray.\n\nThis kind of work would be ideal for someone who wants to get more experience with Scala, Scala&amp;#39;s ecosystem, and at the same time learn the Synereo and SpecialK APIs.\n\nHypertext Transfer Protocol (HTTP) is an application-layer protocol for transmitting hypermedia documents, such as HTML. It was designed for communication between web browsers and web servers, though it can be used for other purposes as well. It follows a classical client-server model, with a client opening a connection, making a request, then waiting until it receives a response. It is also a stateless protocol, meaning that the server doesn&amp;#39;t keep any data (state) between two requests.\n\nThough often based on a TCP\/IP layer, it could be used on any connection-oriented transport layer.\n\nSee further about HTTP &gt;&gt; \n<https:\/\/developer.mozilla.org\/en-US\/docs\/Web\/HTTP>\n\nporting the HTTP bridge into the system over to a more recent release of Spray.\n\nThis kind of work would be ideal for someone who wants to get more experience with Scala, Scala&amp;#39;s ecosystem, and at the same time learn the Synereo and SpecialK APIs.\n\n[See github GlosEval](<https:\/\/github.com\/synereo\/gloseval>)\n\n[High level overview](<https:\/\/github.com\/synereo\/gloseval\/blob\/master\/doc\/IndividualAgentHighLevelArchitecture1.pdf>)\n\n[Documentation in OmniGraffle](<https:\/\/github.com\/synereo\/gloseval\/tree\/master\/doc>)\n\n[Example code 1](<https:\/\/github.com\/synereo\/gloseval\/blob\/master\/src\/test\/scala\/com\/example\/MyServiceSpec.scala>)\n\n[Example code 2](<https:\/\/github.com\/synereo\/gloseval\/commit\/fcb7ad3225a6da49f2a9a6b889bede4035cad4df>)\n\n[Master](<https:\/\/github.com\/synereo\/gloseval\/commits\/master>)\n\n[Gig posted on Tribe](<https:\/\/beta-tribe.taiga.io\/gigs\/91>)",
                "title": "description",
                "id": 1,
                "color": "daa038",
                "fields": [
                    {
                        "title": "from",
                        "value": "porting the HTTP bridge into the system over to a more recent release of Spray.\n\nThis kind of work would be ideal for someone who wants to get more experience with Scala, Scala's ecosystem, and at the same time learn the Synereo and SpecialK APIs.\n\nHypertext Transfer Protocol (HTTP) is an application-layer protocol for transmitting hypermedia documents, such as HTML. It was designed for communication between web browsers and web servers, though it can be used for other purposes as well. It follows a classical client-server model, with a client opening a connection, making a request, then waiting until it receives a response. It is also a stateless protocol, meaning that the server doesn't keep any data (state) between two requests.\n\nThough often based on a TCP\/IP layer, it could be used on any connection-oriented transport layer.\n\nSee further about HTTP &gt;&gt; \n<https:\/\/developer.mozilla.org\/en-US\/docs\/Web\/HTTP>",
                        "short": false
                    },
                    {
                        "title": "to",
                        "value": "porting the HTTP bridge into the system over to a more recent release of Spray.\n\nThis kind of work would be ideal for someone who wants to get more experience with Scala, Scala's ecosystem, and at the same time learn the Synereo and SpecialK APIs.\n\nHypertext Transfer Protocol (HTTP) is an application-layer protocol for transmitting hypermedia documents, such as HTML. It was designed for communication between web browsers and web servers, though it can be used for other purposes as well. It follows a classical client-server model, with a client opening a connection, making a request, then waiting until it receives a response. It is also a stateless protocol, meaning that the server doesn't keep any data (state) between two requests.\n\nThough often based on a TCP\/IP layer, it could be used on any connection-oriented transport layer.\n\nSee further about HTTP &gt;&gt; \n<https:\/\/developer.mozilla.org\/en-US\/docs\/Web\/HTTP>\n\nporting the HTTP bridge into the system over to a more recent release of Spray.\n\nThis kind of work would be ideal for someone who wants to get more experience with Scala, Scala's ecosystem, and at the same time learn the Synereo and SpecialK APIs.\n\n[See github GlosEval](<https:\/\/github.com\/synereo\/gloseval>)\n\n[High level overview](<https:\/\/github.com\/synereo\/gloseval\/blob\/master\/doc\/IndividualAgentHighLevelArchitecture1.pdf>)\n\n[Documentation in OmniGraffle](<https:\/\/github.com\/synereo\/gloseval\/tree\/master\/doc>)\n\n[Example code 1](<https:\/\/github.com\/synereo\/gloseval\/blob\/master\/src\/test\/scala\/com\/example\/MyServiceSpec.scala>)\n\n[Example code 2](<https:\/\/github.com\/synereo\/gloseval\/commit\/fcb7ad3225a6da49f2a9a6b889bede4035cad4df>)\n\n[Master](<https:\/\/github.com\/synereo\/gloseval\/commits\/master>)\n\n[Gig posted on Tribe](<https:\/\/beta-tribe.taiga.io\/gigs\/91>)",
                        "short": false
                    }
                ],
                "mrkdwn_in": [
                    "fields",
                    "title",
                    "fallback"
                ]
            }
        ],
        "type": "message",
        "subtype": "bot_message",
        "ts": "1458342174.000032"
    },
    {
        "text": "Changed User Story:  *<https:\/\/tree.taiga.io\/project\/synereo-synpm\/us\/2|#2: Organise this project \/ Governance>*",
        "username": "Taiga (HJ)",
        "bot_id": "B0KGN1UB1",
        "icons": {
            "image_48": "https:\/\/s3-us-west-2.amazonaws.com\/slack-files2\/bot_icons\/2016-02-09\/20702864161_48.png"
        },
        "attachments": [
            {
                "fallback": "*description*\n    \n    *from*:\n    Create User stories and break them down in usable tasks.\n\nHow are we going to run this business and make decisions?\n    \n    *to*:\n    Create User stories and break them down in usable tasks.\n\nHow are we going to run this business and make decisions?\n\nI am lost in taiga.  Seems complicated because it is new to me.  Onboarding is a process to be automated but before we write the pi-calc we need to defining the human process.\n1. what is the minimum a person needs to know?  Give it to them.\n2. point to a video like <https:\/\/www.youtube.com\/watch?v=po161DlGydk> which I watched parts of.  something shorter and sweeter would be better.\n3. what norms do we have for our use of taiga?\n4. What to do: see if any tasks are assigned to me (it seems I have none), join tasks I am part of (have not figured out that yet), add tasks I am working on or propose, move tasks to reflect current status. ??\ntiaga is starting to look very sweet.  It is already my #1 choice for freetrust to run after we get our jitsi server and gluu fr33id running.",
                "title": "description",
                "id": 1,
                "color": "daa038",
                "fields": [
                    {
                        "title": "from",
                        "value": "Create User stories and break them down in usable tasks.\n\nHow are we going to run this business and make decisions?",
                        "short": false
                    },
                    {
                        "title": "to",
                        "value": "Create User stories and break them down in usable tasks.\n\nHow are we going to run this business and make decisions?\n\nI am lost in taiga.  Seems complicated because it is new to me.  Onboarding is a process to be automated but before we write the pi-calc we need to defining the human process.\n1. what is the minimum a person needs to know?  Give it to them.\n2. point to a video like <https:\/\/www.youtube.com\/watch?v=po161DlGydk> which I watched parts of.  something shorter and sweeter would be better.\n3. what norms do we have for our use of taiga?\n4. What to do: see if any tasks are assigned to me (it seems I have none), join tasks I am part of (have not figured out that yet), add tasks I am working on or propose, move tasks to reflect current status. ??\ntiaga is starting to look very sweet.  It is already my #1 choice for freetrust to run after we get our jitsi server and gluu fr33id running.",
                        "short": false
                    }
                ],
                "mrkdwn_in": [
                    "fields",
                    "title",
                    "fallback"
                ]
            }
        ],
        "type": "message",
        "subtype": "bot_message",
        "ts": "1458342340.000033"
    },
    {
        "text": "Changed User Story:  *<https:\/\/tree.taiga.io\/project\/synereo-synpm\/us\/46|#46: Multilingual>*",
        "username": "Taiga (HJ)",
        "bot_id": "B0KGN1UB1",
        "icons": {
            "image_48": "https:\/\/s3-us-west-2.amazonaws.com\/slack-files2\/bot_icons\/2016-02-09\/20702864161_48.png"
        },
        "attachments": [
            {
                "fallback": "*description*\n    \n    *from*:\n    It makes sense to translate all our content into different languages. A lot of things have to be arranged to make this a reality. Let&amp;#39;s make Issues that describe how we&amp;#39;re going to do that. In SLack their is a special channel #mulitilingual open for discussion.\n\nBelow are the people that have shown interest in translation.\n\n@troisel77 <mailto:reiseltbneun@yahoo.com|reiseltbneun@yahoo.com>\n@lapin7 <mailto:lapin7@gmail.com|lapin7@gmail.com>\n@delayer <mailto:javydejuan@hotmail.com|javydejuan@hotmail.com>\n@dfgv12 <mailto:dhimas_pambudi@yahoo.com|dhimas_pambudi@yahoo.com>\n@malthusjohn <mailto:malthusjohn@hotmail.com|malthusjohn@hotmail.com>\n@bhokor <mailto:bhokor@gmail.com|bhokor@gmail.com>\n@eeik <mailto:eric@blomquist.ws|eric@blomquist.ws>\nzackjongg@gmail.con\n    \n    *to*:\n    It doesn&amp;#39;t make sense to translate all our content into different languages. A lot of things have to be arranged to make this a reality. Let&amp;#39;s make Issues that describe how we&amp;#39;re going to do that. In SLack their is a special channel #mulitilingual open for discussion.\n\nFor the moment we only translate The white paper, Investor Deck\nThe rest of the communication can be in different languages, but has to be seen as an effort of ambassadors. It&amp;#39;s up to them how they do that.\nBelow are the people that have shown interest in translation.\n\n@troisel77 <mailto:reiseltbneun@yahoo.com|reiseltbneun@yahoo.com>\n@lapin7 <mailto:lapin7@gmail.com|lapin7@gmail.com>\n@delayer <mailto:javydejuan@hotmail.com|javydejuan@hotmail.com>\n@dfgv12 <mailto:dhimas_pambudi@yahoo.com|dhimas_pambudi@yahoo.com>\n@malthusjohn <mailto:malthusjohn@hotmail.com|malthusjohn@hotmail.com>\n@bhokor <mailto:bhokor@gmail.com|bhokor@gmail.com>\n@eeik <mailto:eric@blomquist.ws|eric@blomquist.ws>\nzackjongg@gmail.con",
                "title": "description",
                "id": 1,
                "color": "daa038",
                "fields": [
                    {
                        "title": "from",
                        "value": "It makes sense to translate all our content into different languages. A lot of things have to be arranged to make this a reality. Let's make Issues that describe how we're going to do that. In SLack their is a special channel #mulitilingual open for discussion.\n\nBelow are the people that have shown interest in translation.\n\n@troisel77 <mailto:reiseltbneun@yahoo.com|reiseltbneun@yahoo.com>\n@lapin7 <mailto:lapin7@gmail.com|lapin7@gmail.com>\n@delayer <mailto:javydejuan@hotmail.com|javydejuan@hotmail.com>\n@dfgv12 <mailto:dhimas_pambudi@yahoo.com|dhimas_pambudi@yahoo.com>\n@malthusjohn <mailto:malthusjohn@hotmail.com|malthusjohn@hotmail.com>\n@bhokor <mailto:bhokor@gmail.com|bhokor@gmail.com>\n@eeik <mailto:eric@blomquist.ws|eric@blomquist.ws>\nzackjongg@gmail.con",
                        "short": false
                    },
                    {
                        "title": "to",
                        "value": "It doesn't make sense to translate all our content into different languages. A lot of things have to be arranged to make this a reality. Let's make Issues that describe how we're going to do that. In SLack their is a special channel #mulitilingual open for discussion.\n\nFor the moment we only translate The white paper, Investor Deck\nThe rest of the communication can be in different languages, but has to be seen as an effort of ambassadors. It's up to them how they do that.\nBelow are the people that have shown interest in translation.\n\n@troisel77 <mailto:reiseltbneun@yahoo.com|reiseltbneun@yahoo.com>\n@lapin7 <mailto:lapin7@gmail.com|lapin7@gmail.com>\n@delayer <mailto:javydejuan@hotmail.com|javydejuan@hotmail.com>\n@dfgv12 <mailto:dhimas_pambudi@yahoo.com|dhimas_pambudi@yahoo.com>\n@malthusjohn <mailto:malthusjohn@hotmail.com|malthusjohn@hotmail.com>\n@bhokor <mailto:bhokor@gmail.com|bhokor@gmail.com>\n@eeik <mailto:eric@blomquist.ws|eric@blomquist.ws>\nzackjongg@gmail.con",
                        "short": false
                    }
                ],
                "mrkdwn_in": [
                    "fields",
                    "title",
                    "fallback"
                ]
            }
        ],
        "type": "message",
        "subtype": "bot_message",
        "ts": "1458342577.000034"
    },
    {
        "text": "Changed Issue:  *<https:\/\/tree.taiga.io\/project\/synereo-synpm\/issue\/41|#41: Translating the Web page to Spanish>*",
        "username": "Taiga (HJ)",
        "bot_id": "B0KGN1UB1",
        "icons": {
            "image_48": "https:\/\/s3-us-west-2.amazonaws.com\/slack-files2\/bot_icons\/2016-02-09\/20702864161_48.png"
        },
        "attachments": [
            {
                "fallback": "*status:* from *Awaiting input* to *Rejected*",
                "id": 1,
                "color": "daa038",
                "fields": [
                    {
                        "title": "status",
                        "value": "*From* Awaiting input *to* Rejected",
                        "short": true
                    }
                ],
                "mrkdwn_in": [
                    "fields",
                    "title",
                    "fallback"
                ]
            }
        ],
        "type": "message",
        "subtype": "bot_message",
        "ts": "1458342700.000035"
    },
    {
        "text": "Changed Issue:  *<https:\/\/tree.taiga.io\/project\/synereo-synpm\/issue\/37|#37: Transaction costs and rewards>*",
        "username": "Taiga (HJ)",
        "bot_id": "B0KGN1UB1",
        "icons": {
            "image_48": "https:\/\/s3-us-west-2.amazonaws.com\/slack-files2\/bot_icons\/2016-02-09\/20702864161_48.png"
        },
        "attachments": [
            {
                "fallback": "*status:* from *New* to *Closed*",
                "id": 1,
                "color": "daa038",
                "fields": [
                    {
                        "title": "status",
                        "value": "*From* New *to* Closed",
                        "short": true
                    }
                ],
                "mrkdwn_in": [
                    "fields",
                    "title",
                    "fallback"
                ]
            }
        ],
        "type": "message",
        "subtype": "bot_message",
        "ts": "1458342742.000036"
    },
    {
        "text": "Changed Issue:  *<https:\/\/tree.taiga.io\/project\/synereo-synpm\/issue\/36|#36: Get us a verified business account on Bitfinex>*",
        "username": "Taiga (HJ)",
        "bot_id": "B0KGN1UB1",
        "icons": {
            "image_48": "https:\/\/s3-us-west-2.amazonaws.com\/slack-files2\/bot_icons\/2016-02-09\/20702864161_48.png"
        },
        "attachments": [
            {
                "fallback": "*status:* from *Awaiting resolution confirmation* to *Closed*",
                "id": 1,
                "color": "daa038",
                "fields": [
                    {
                        "title": "status",
                        "value": "*From* Awaiting resolution confirmation *to* Closed",
                        "short": true
                    }
                ],
                "mrkdwn_in": [
                    "fields",
                    "title",
                    "fallback"
                ]
            }
        ],
        "type": "message",
        "subtype": "bot_message",
        "ts": "1458342770.000037"
    },
    {
        "text": "Changed Issue:  *<https:\/\/tree.taiga.io\/project\/synereo-synpm\/issue\/33|#33: Improve #channel names in Slack>*",
        "username": "Taiga (HJ)",
        "bot_id": "B0KGN1UB1",
        "icons": {
            "image_48": "https:\/\/s3-us-west-2.amazonaws.com\/slack-files2\/bot_icons\/2016-02-09\/20702864161_48.png"
        },
        "attachments": [
            {
                "fallback": "*status:* from *New* to *Closed*",
                "id": 1,
                "color": "daa038",
                "fields": [
                    {
                        "title": "status",
                        "value": "*From* New *to* Closed",
                        "short": true
                    }
                ],
                "mrkdwn_in": [
                    "fields",
                    "title",
                    "fallback"
                ]
            }
        ],
        "type": "message",
        "subtype": "bot_message",
        "ts": "1458342789.000038"
    },
    {
        "text": "Changed Issue:  *<https:\/\/tree.taiga.io\/project\/synereo-synpm\/issue\/16|#16: Make summary HOA>*",
        "username": "Taiga (HJ)",
        "bot_id": "B0KGN1UB1",
        "icons": {
            "image_48": "https:\/\/s3-us-west-2.amazonaws.com\/slack-files2\/bot_icons\/2016-02-09\/20702864161_48.png"
        },
        "attachments": [
            {
                "fallback": "*status:* from *New* to *Closed*",
                "id": 1,
                "color": "daa038",
                "fields": [
                    {
                        "title": "status",
                        "value": "*From* New *to* Closed",
                        "short": true
                    }
                ],
                "mrkdwn_in": [
                    "fields",
                    "title",
                    "fallback"
                ]
            }
        ],
        "type": "message",
        "subtype": "bot_message",
        "ts": "1458342899.000039"
    },
    {
        "type": "message",
        "user": "U048T3M8W",
        "text": "Hej <@U04BQ4FMC>   I've send you AMP: \u00c5 1,979.56\n<@U04BQ4FMC>\t1P8tPqYdrYGiD1vuu2Gh67YxQfuf7FMU9Q\tScribe HOA 20160217 finished 20160301\t\t\t\u00c5 381.09\t\t3\/18\/2016\t\n<@U04BQ4FMC>\t1P8tPqYdrYGiD1vuu2Gh67YxQfuf7FMU9Q\tScribe HOA 20160224 finished 20160315\t\t\t\u00c5 1,598.47\t\t3\/18\/2016\n\nYou can find the transaction in your Omniwallet Explorer with this transaction ID:\n9916616c8d740577f5c243bcc0cab9c387f6e967fb0db2a1abb393c31edc3ac7\n\nOr on the <http:\/\/blockchain.info|blockchain.info>\n<https:\/\/blockchain.info\/address\/1PM92UrPgGHVzanHKQGbgQAUz3oqtcFkrB?sort=0>",
        "ts": "1458345726.000040"
    },
    {
        "type": "message",
        "user": "U0MRFBCKU",
        "text": "Hej <@U048T3M8W> I've send you AMP: \u00c5 13,439.80\n\n<@U048T3M8W>\t1JyAjCLAosEUypLFWuUGBp4nad4ocARxtp\tWork Nov-Feb\t\t\t\u00c5 10,000.00\t\t3\/18\/2016\t\n<@U048T3M8W>\t1JyAjCLAosEUypLFWuUGBp4nad4ocARxtp\tScribe HOA 20160217 finished 20160301\t\t\t\u00c5 3,439.80\t\t3\/18\/2016\n\nYou can find the transaction in your Omniwallet Explorer with this transaction ID: \n6273e14cc3b7d353b9fcd5cff7f3231fc64730ff3baa2cf43f4e446a8fd7b261\n\nOr on the <http:\/\/blockchain.info|blockchain.info>\n<https:\/\/blockchain.info\/tx\/6273e14cc3b7d353b9fcd5cff7f3231fc64730ff3baa2cf43f4e446a8fd7b261>",
        "edited": {
            "user": "U0MRFBCKU",
            "ts": "1458346085.000000"
        },
        "ts": "1458345911.000041"
    },
    {
        "text": "Changed User Story:  *<https:\/\/tree.taiga.io\/project\/synereo-synpm\/us\/29|#29: Set up Conference tool for 15 minute stand-up meetings>*",
        "username": "Taiga (Ian Bloom)",
        "bot_id": "B0KGN1UB1",
        "icons": {
            "image_48": "https:\/\/s3-us-west-2.amazonaws.com\/slack-files2\/bot_icons\/2016-02-14\/21330805382_48.png"
        },
        "attachments": [
            {
                "fallback": "*UX Design role points:* from *None* to *Undefined*\n    \n        *Product Owner role points:* from *None* to *Undefined*",
                "id": 1,
                "color": "daa038",
                "fields": [
                    {
                        "title": "UX Design role points",
                        "value": "*From* None *to* Undefined",
                        "short": true
                    },
                    {
                        "title": "Product Owner role points",
                        "value": "*From* None *to* Undefined",
                        "short": true
                    }
                ],
                "mrkdwn_in": [
                    "fields",
                    "title",
                    "fallback"
                ]
            },
            {
                "fallback": "*subject:* from *Set up Conference tool for 15 minute stand-up* to *Set up Conference tool for 15 minute stand-up meetings*",
                "title": "subject",
                "id": 2,
                "color": "daa038",
                "fields": [
                    {
                        "title": "From",
                        "value": "Set up Conference tool for 15 minute stand-up",
                        "short": false
                    },
                    {
                        "title": "To",
                        "value": "Set up Conference tool for 15 minute stand-up meetings",
                        "short": false
                    }
                ],
                "mrkdwn_in": [
                    "fields",
                    "title",
                    "fallback"
                ]
            }
        ],
        "type": "message",
        "subtype": "bot_message",
        "ts": "1458348158.000043"
    },
    {
        "text": "Changed User Story:  *<https:\/\/tree.taiga.io\/project\/synereo-synpm\/us\/29|#29: Set up Conference tool for 15 minute stand-up meetings>*",
        "username": "Taiga (Ian Bloom)",
        "bot_id": "B0KGN1UB1",
        "icons": {
            "image_48": "https:\/\/s3-us-west-2.amazonaws.com\/slack-files2\/bot_icons\/2016-02-14\/21330805382_48.png"
        },
        "attachments": [
            {
                "fallback": "*description*\n    \n    *from*:\n    Set up a Jitsi server (or other tool) on Google. Synereo has a $100,000 grant to use cloud service from IBM, Google or AWS.\n    \n    *to*:\n    Set up a Jitsi server (or other tool) on Google. Synereo has a grant to use cloud service from IBM, Google or AWS.",
                "title": "description",
                "id": 1,
                "color": "daa038",
                "fields": [
                    {
                        "title": "from",
                        "value": "Set up a Jitsi server (or other tool) on Google. Synereo has a $100,000 grant to use cloud service from IBM, Google or AWS.",
                        "short": false
                    },
                    {
                        "title": "to",
                        "value": "Set up a Jitsi server (or other tool) on Google. Synereo has a grant to use cloud service from IBM, Google or AWS.",
                        "short": false
                    }
                ],
                "mrkdwn_in": [
                    "fields",
                    "title",
                    "fallback"
                ]
            },
            {
                "fallback": "*status:* from *Blocked* to *In progress*",
                "id": 2,
                "color": "daa038",
                "fields": [
                    {
                        "title": "status",
                        "value": "*From* Blocked *to* In progress",
                        "short": true
                    }
                ],
                "mrkdwn_in": [
                    "fields",
                    "title",
                    "fallback"
                ]
            }
        ],
        "type": "message",
        "subtype": "bot_message",
        "ts": "1458348209.000044"
    },
    {
        "text": "Changed User Story:  *<https:\/\/tree.taiga.io\/project\/synereo-synpm\/us\/29|#29: Set up Conference tool for 15 minute stand-up meetings>*\n\n*Comment by Ian Bloom:* I'm now credentialed under Greg's AWS account to create an EC2 instance and will work on it this weekend. I'll post a progress update here by monday, March 21.",
        "username": "Taiga (Ian Bloom)",
        "bot_id": "B0KGN1UB1",
        "icons": {
            "image_48": "https:\/\/s3-us-west-2.amazonaws.com\/slack-files2\/bot_icons\/2016-02-14\/21330805382_48.png"
        },
        "type": "message",
        "subtype": "bot_message",
        "ts": "1458348436.000045"
    },
    {
        "text": "Changed Issue:  *<https:\/\/tree.taiga.io\/project\/synereo-synpm\/issue\/45|#45: hangout videos begin with long silence>*\n\n*Comment by Ian Bloom:* Anyone with Admin access to Synereo's account can assign sub-admins to easily make online edits using YouTube's Video Manager tools.\n\nMore suggestions in Slack: <https:\/\/synereonet.slack.com\/archives\/hangouts\/p1458150504000028>\ndrbloom [1:48 PM] \nsuggestions:\n\u2022 Keep microphones &amp; cameras off until you have something to say.\n\u2022 Include live YouTube viewers by running the Q&amp;A sidebar instead of the chat sidebar.\n\u2022 Live viewers wishing to speak can contact Chris directly and ask for the link.",
        "username": "Taiga (Ian Bloom)",
        "bot_id": "B0KGN1UB1",
        "icons": {
            "image_48": "https:\/\/s3-us-west-2.amazonaws.com\/slack-files2\/bot_icons\/2016-02-14\/21330805382_48.png"
        },
        "type": "message",
        "subtype": "bot_message",
        "ts": "1458348847.000046"
    },
    {
        "text": "Changed Issue:  *<https:\/\/tree.taiga.io\/project\/synereo-synpm\/issue\/43|#43: COALA Project: Synereo satellite session in April.>*",
        "username": "Taiga (Ian Bloom)",
        "bot_id": "B0KGN1UB1",
        "icons": {
            "image_48": "https:\/\/s3-us-west-2.amazonaws.com\/slack-files2\/bot_icons\/2016-02-14\/21330805382_48.png"
        },
        "attachments": [
            {
                "fallback": "*assigned_to:* from *Unassigned* to Ian Bloom*",
                "id": 1,
                "color": "daa038",
                "fields": [
                    {
                        "title": "assigned to",
                        "value": "*From* Unassigned *to* Ian Bloom",
                        "short": true
                    }
                ],
                "mrkdwn_in": [
                    "fields",
                    "title",
                    "fallback"
                ]
            }
        ],
        "type": "message",
        "subtype": "bot_message",
        "ts": "1458348925.000047"
    },
    {
        "text": "Changed Issue:  *<https:\/\/tree.taiga.io\/project\/synereo-synpm\/issue\/43|#43: COALA Project: Synereo satellite session in April.>*\n\n*Comment by Ian Bloom:* Call to Action Letter \u2248 %50\nParticipant List      \u2248 %80\nSponsors              \u2248 %0 ??\n\nCheck in was scheduled for 3\/18\nDeadline for community input on these items 3\/21",
        "username": "Taiga (Ian Bloom)",
        "bot_id": "B0KGN1UB1",
        "icons": {
            "image_48": "https:\/\/s3-us-west-2.amazonaws.com\/slack-files2\/bot_icons\/2016-02-14\/21330805382_48.png"
        },
        "type": "message",
        "subtype": "bot_message",
        "ts": "1458349183.000048"
    },
    {
        "text": "Changed Issue:  *<https:\/\/tree.taiga.io\/project\/synereo-synpm\/issue\/43|#43: COALA Project: Synereo satellite session in April.>*",
        "username": "Taiga (Ian Bloom)",
        "bot_id": "B0KGN1UB1",
        "icons": {
            "image_48": "https:\/\/s3-us-west-2.amazonaws.com\/slack-files2\/bot_icons\/2016-02-14\/21330805382_48.png"
        },
        "attachments": [
            {
                "fallback": "*assigned_to:* from *Ian Bloom* to Jim Whitecarver*",
                "id": 1,
                "color": "daa038",
                "fields": [
                    {
                        "title": "assigned to",
                        "value": "*From* Ian Bloom *to* Jim Whitecarver",
                        "short": true
                    }
                ],
                "mrkdwn_in": [
                    "fields",
                    "title",
                    "fallback"
                ]
            }
        ],
        "type": "message",
        "subtype": "bot_message",
        "ts": "1458349207.000049"
    },
    {
        "text": "Changed Issue:  *<https:\/\/tree.taiga.io\/project\/synereo-synpm\/issue\/43|#43: COALA Project: Synereo satellite session in April.>*",
        "username": "Taiga (Ian Bloom)",
        "bot_id": "B0KGN1UB1",
        "icons": {
            "image_48": "https:\/\/s3-us-west-2.amazonaws.com\/slack-files2\/bot_icons\/2016-02-14\/21330805382_48.png"
        },
        "attachments": [
            {
                "fallback": "*assigned_to:* from *Jim Whitecarver* to Ian Bloom*",
                "id": 1,
                "color": "daa038",
                "fields": [
                    {
                        "title": "assigned to",
                        "value": "*From* Jim Whitecarver *to* Ian Bloom",
                        "short": true
                    }
                ],
                "mrkdwn_in": [
                    "fields",
                    "title",
                    "fallback"
                ]
            }
        ],
        "type": "message",
        "subtype": "bot_message",
        "ts": "1458349231.000050"
    },
    {
        "text": "Changed User Story:  *<https:\/\/tree.taiga.io\/project\/synereo-synpm\/us\/5|#5: Organise GitHub>*\n\n*Comment by Ian Bloom:* @Dor administers <https:\/\/github.com\/synereo> (<https:\/\/github.com\/cmsynereo>) and responds to pull request.\n\n@Synereo-HJ administers <https:\/\/github.com\/cmsynereo> (<https:\/\/github.com\/cmsynereo>)\n\nI administer Your text to link here.... (<https:\/\/github.com\/drbloom\/Drafts-Dev-blog.synereo.com>) which provides staging for blog entries at <http:\/\/blog.synereo.com\/> (<http:\/\/blog.synereo.com\/>) The URL to view the staging area is <http:\/\/dev.synereo.shtik.tk> (<http:\/\/dev.synereo.shtik.tk>), which I propose moving to <http:\/\/cmsynereo.github.io> (<http:\/\/cmsynereo.github.io>)\n\nContributers \/ collaborators can be added to any GitHub repository by following: \n<https:\/\/help.github.com\/articles\/adding-collaborators-to-a-personal-repository\/> (<https:\/\/help.github.com\/articles\/adding-collaborators-to-a-personal-repository\/>)",
        "username": "Taiga (Ian Bloom)",
        "bot_id": "B0KGN1UB1",
        "icons": {
            "image_48": "https:\/\/s3-us-west-2.amazonaws.com\/slack-files2\/bot_icons\/2016-02-14\/21330805382_48.png"
        },
        "type": "message",
        "subtype": "bot_message",
        "ts": "1458350255.000051"
    },
    {
        "text": "Changed User Story:  *<https:\/\/tree.taiga.io\/project\/synereo-synpm\/us\/5|#5: Organise GitHub>*\n\n*Comment by Ian Bloom:* @Dor administers <https:\/\/github.com\/synereo> (<https:\/\/github.com\/synereo>) and responds to pull requests.\n\n@Synereo-HJ administers <https:\/\/github.com\/cmsynereo> (<https:\/\/github.com\/cmsynereo>)\n\nI administer <https:\/\/github.com\/drbloom\/Drafts-Dev-blog.synereo.com> (<https:\/\/github.com\/drbloom\/Drafts-Dev-blog.synereo.com>) which provides staging for blog entries at <http:\/\/blog.synereo.com\/> (<http:\/\/blog.synereo.com\/>) The URL to view the staging area is <http:\/\/dev.synereo.shtik.tk> (<http:\/\/dev.synereo.shtik.tk>), which I propose moving to <http:\/\/cmsynereo.github.io>\n\nContributers \/ collaborators can be added to any GitHub repository by following: \n<https:\/\/help.github.com\/articles\/adding-collaborators-to-a-personal-repository\/> (<https:\/\/help.github.com\/articles\/adding-collaborators-to-a-personal-repository\/>)",
        "username": "Taiga (Ian Bloom)",
        "bot_id": "B0KGN1UB1",
        "icons": {
            "image_48": "https:\/\/s3-us-west-2.amazonaws.com\/slack-files2\/bot_icons\/2016-02-14\/21330805382_48.png"
        },
        "type": "message",
        "subtype": "bot_message",
        "ts": "1458350510.000052"
    },
    {
        "text": "Changed User Story:  *<https:\/\/tree.taiga.io\/project\/synereo-synpm\/us\/2|#2: Organise this project \/ Governance>*\n\n*Comment by Ian Bloom:* Update: Jim Created Synereo Community Steering Committee on Loomio:\n<https:\/\/www.loomio.org\/g\/o3VZUnTE\/synereo-community-steering-committee> (<https:\/\/www.loomio.org\/g\/o3VZUnTE\/synereo-community-steering-committee>)\n\nLoomio is working well so far,\nalthough Backfeed Protocol (<https:\/\/github.com\/Backfeed\/protocol-service>) would seem ideal.",
        "username": "Taiga (Ian Bloom)",
        "bot_id": "B0KGN1UB1",
        "icons": {
            "image_48": "https:\/\/s3-us-west-2.amazonaws.com\/slack-files2\/bot_icons\/2016-02-14\/21330805382_48.png"
        },
        "type": "message",
        "subtype": "bot_message",
        "ts": "1458351463.000053"
    },
    {
        "text": "\n    \n    New Issue created:  *<https:\/\/tree.taiga.io\/project\/synereo-synpm\/issue\/48|#48: Synereo needs a better presence on for example: P2P foundation>*\n",
        "username": "Taiga (HJ)",
        "bot_id": "B0KGN1UB1",
        "icons": {
            "image_48": "https:\/\/s3-us-west-2.amazonaws.com\/slack-files2\/bot_icons\/2016-02-09\/20702864161_48.png"
        },
        "attachments": [
            {
                "fallback": "\n    \n    New Issue created:  *<https:\/\/tree.taiga.io\/project\/synereo-synpm\/issue\/48|#48: Synereo needs a better presence on for example: P2P foundation>*\n",
                "id": 1,
                "color": "36a64f",
                "fields": [
                    {
                        "title": "Creator",
                        "value": "HJ",
                        "short": true
                    },
                    {
                        "title": "Description",
                        "value": "List websites hereunder:\n<http:\/\/p2pfoundation.net\/Distributed_Social_Network_Projects>",
                        "short": false
                    }
                ]
            }
        ],
        "type": "message",
        "subtype": "bot_message",
        "ts": "1458369599.000054"
    }
]