[
    {
        "type": "message",
        "user": "U0474E4KZ",
        "text": "<@U048T3M8W>: can you please add a bounty for 100$ worth of AMPs for someone to integrate a feed from BTT and Reddit into a channel in Slack?",
        "ts": "1455187772.000061"
    },
    {
        "type": "message",
        "user": "U0474E4KZ",
        "text": "We have the BTT integration working on another slack, so that part just requires duplication.",
        "ts": "1455187790.000062"
    },
    {
        "type": "message",
        "user": "U0474E4KZ",
        "text": "Reddit is from scratch.",
        "ts": "1455187794.000063"
    },
    {
        "type": "message",
        "user": "U0474E4KZ",
        "text": "It should work similar to how Twitter does, where it picks up mentions of @Synereo.",
        "ts": "1455187813.000064"
    },
    {
        "type": "message",
        "user": "U048T3M8W",
        "text": "<@U0474E4KZ> it's easy to do through <https:\/\/ifttt.com\/connect\/reddit\/slack>. Just sign up. Choose \"Post new mentions about your company ....\" (3rd button)\nFill out the details of Synereo Slack and Reddit.\nAnd you're set up",
        "attachments": [
            {
                "service_name": "IFTTT \/ Put the internet to work for you.",
                "title": "Connect reddit to Slack",
                "title_link": "https:\/\/ifttt.com\/connect\/reddit\/slack",
                "text": "Get the most out of reddit by connecting it to Slack and hundreds of apps and devices you use everyday.",
                "fallback": "IFTTT \/ Put the internet to work for you.: Connect reddit to Slack",
                "thumb_url": "https:\/\/ifttt.com\/images\/twitter_card_logo.png",
                "from_url": "https:\/\/ifttt.com\/connect\/reddit\/slack",
                "thumb_width": 190,
                "thumb_height": 190,
                "id": 1
            }
        ],
        "ts": "1455191505.000065"
    },
    {
        "type": "message",
        "user": "U0474E4KZ",
        "text": "Bounty is in place.",
        "ts": "1455191555.000067"
    },
    {
        "type": "message",
        "user": "U0474E4KZ",
        "text": "We need mentions from BTT, Reddit, Twitter, and every other place we can connect.",
        "ts": "1455191589.000068"
    },
    {
        "type": "message",
        "user": "U048T3M8W",
        "text": "ok. Where can I find that bounty?",
        "ts": "1455191882.000069"
    },
    {
        "type": "message",
        "user": "U0474E4KZ",
        "text": "Need to log it in Taiga",
        "ts": "1455193217.000070"
    }
]