[
    {
        "type": "message",
        "user": "U0474E4KZ",
        "text": "It's a crime that we don't get notifications for posts like this:",
        "ts": "1455452302.000073"
    },
    {
        "type": "message",
        "user": "U0474E4KZ",
        "text": "<https:\/\/www.reddit.com\/r\/ethereum\/comments\/43351n\/synereo_to_integrate_with_ethereum_tech_the\/>",
        "attachments": [
            {
                "service_name": "reddit",
                "title": "Synereo to integrate with Ethereum tech - \"The blockchain is likely going to be a mix of #Ethereum 2.0 and #Synereo technology\" \u2022 \/r\/ethereum",
                "title_link": "https:\/\/www.reddit.com\/r\/ethereum\/comments\/43351n\/synereo_to_integrate_with_ethereum_tech_the\/",
                "text": "25 points and 4 comments so far on reddit",
                "fallback": "reddit: Synereo to integrate with Ethereum tech - \"The blockchain is likely going to be a mix of #Ethereum 2.0 and #Synereo technology\" \u2022 \/r\/ethereum",
                "thumb_url": "https:\/\/i.redditmedia.com\/zhZUKzMcya6EbWVa8gNCxuDuJL9cZ9NG8Yqq3EkMqYc.jpg?w=320&s=3d47bf534a557732e2e14fa1d660c363",
                "from_url": "https:\/\/www.reddit.com\/r\/ethereum\/comments\/43351n\/synereo_to_integrate_with_ethereum_tech_the\/",
                "thumb_width": 320,
                "thumb_height": 189,
                "id": 1
            }
        ],
        "ts": "1455452303.000074"
    },
    {
        "type": "message",
        "user": "U0474E4KZ",
        "text": "HJ, can you please log the bounty to integrate Reddit mentions and such in Taiga?",
        "ts": "1455452332.000076"
    },
    {
        "type": "message",
        "user": "U048T3M8W",
        "text": "Yes, I will do today.",
        "ts": "1455452351.000077"
    },
    {
        "type": "message",
        "user": "U048T3M8W",
        "text": "But I need a kind of temporarily access to a synereo acccount that has access to Twitter, Reddit, GitHub, Facebook and so. This is for setting up proper webhooks between the systems.",
        "ts": "1455452506.000078"
    },
    {
        "text": "Changed Issue:  *<https:\/\/tree.taiga.io\/project\/synereo-synpm\/issue\/16|#16: Make summary HOA>*\n\n*Comment by Ian Bloom:* Please note that unlike Taiga, the 'Synereo Blog' website uses the 'kramdown' (<http:\/\/kramdown.gettalong.org\/>) style of Markdown. To see how the following summary would actually be rendered you can visit my GitHub fork of the blog at:\n\n* <http:\/\/drbloom.github.io\/synereoblog\/> (<http:\/\/drbloom.github.io\/synereoblog\/>)\n\n---\nlayout: post\nstatus: publish\npublished: true\ntitle: Synereo Weekly Update\ndate: '2016-02-10 08:00:00 +0200'\n---\n\n## Update Summary\n\nThis week Greg discusses the betting cycle within the Casper Proof of Stake protocol and explains the technology choices underlying the Synereo platform. The community discusses issues of governance and how project management can be implemented within the Synereo application itself.\n\n![Casper Betting Cycle](<http:\/\/cdn.loc.gov\/service\/pnp\/fsa\/8d41000\/8d41400\/8d41412r.jpg>)&lt;br&gt;\nEarly research on Casper Proof of Stake[^1].\n\n## Contents in Brief\n\n### Watch the full Hangout (<https:\/\/youtu.be\/2x9X-wVvarQ>)\n\n01:13 --- Quick updates (<https:\/\/youtu.be\/2x9X-wVvarQ?t=1m13s>)&lt;br&gt;\n12:14 --- Casper (Proof of Stake) (<https:\/\/youtu.be\/2x9X-wVvarQ?t=744>)&lt;br&gt;\n23:49 --- Service Discovery on a Sharded Blockchain (<https:\/\/youtu.be\/2x9X-wVvarQ?t=23m49s>)&lt;br&gt;\n28:22 --- Ambassador Role (<https:\/\/youtu.be\/2x9X-wVvarQ?t=28m22s>)&lt;br&gt;\n37:58 --- Governance (<https:\/\/youtu.be\/2x9X-wVvarQ?t=37m58s>)&lt;br&gt;\n56:50 --- Technology Choices (<https:\/\/youtu.be\/2x9X-wVvarQ?t=56m50s>)&lt;br&gt;\n1:08:34 - Bi-Weekly Core Community Meetings (<https:\/\/youtu.be\/2x9X-wVvarQ?t=1h08m34s>)&lt;br&gt;\n\n## Detailed Notes\n\n### 01:13 - Quick updates (<https:\/\/youtu.be\/2x9X-wVvarQ?t=1m13s>)\n\n* LivelyGig (<http:\/\/livelygig.com\/>): Ed Eykholt and Navneet Suman\n are working on creating an escrow protocol and log-in for their decentralized marketplace for Freelancers.\n\n* Greg has been talking with weWOWwe (<http:\/\/wewowwe.com>) about different ways that Synereo could be set up for their users.\n\n* We welcome Ty Simpson to the hangout. He is interested in open-sourced decentralized social networks for use in open governance and intentional communities.\n\n* Dory (@nodes, @007) has made good progress with the docker image. He has built specialK, the user (IA) model, and is now adding glosseval. A setup guide is coming together in the following Blog post (<https:\/\/discuss.synereo.com\/t\/node-testing-setup-guide\/66358>)\n\n### 12:14 - Casper (Proof of Stake) (<https:\/\/youtu.be\/2x9X-wVvarQ?t=744>)&lt;br&gt;\nGreg has been working with Aron Fischer (<https:\/\/twitter.com\/mathsguy>), Vlad Zamfir (<https:\/\/twitter.com\/VladZamfir>), and the Ethereum team to formalize the betting cycle behind Casper.\n\nGreg demonstrates with a model tetrahedron how the collection of probability distributions can be represented as a k-dimensional simplex structure. An updated bet by a validator is non-punishable if it traces a history through this space toward convergence onto a vertex.\n\n(I tried to find an illustrative diagram...)\n\n![simplex](<http:\/\/i.stack.imgur.com\/6fESJ.png>)\nTrajectory of bets converging on consensus within a 3-simplex[^2].\n&lt;br&gt;&lt;br&gt;\n\n#### Recent Casper Videos by Greg:\n\n* Casper - Betting cycle convergence (<https:\/\/youtu.be\/la45Qu20nX0>)&lt;br&gt;\nStreamed live on Feb 3, 2016\n\n* Casper Research Team Standup (<https:\/\/youtu.be\/2WulGGVIRcs>)&lt;br&gt;\nStreamed live on Feb 1, 2016&lt;br&gt;\nSharding and causal dependencies\n\n* Casper Research Team Standup (<https:\/\/youtu.be\/adunESrJTSk>)&lt;br&gt;\nStreamed live on Jan 25, 2016&lt;br&gt;\nThis week's standup topics include more on namespace sharding and types, as well as a discussion of Martin's Ambient-based proposals.\n\n### 23:49 - Service Discovery on a Sharded Blockchain (<https:\/\/youtu.be\/2x9X-wVvarQ?t=23m49s>)\n\nSynereo provides a decentralized content distribution network by utilizing SpecialK\/KVDB (<http:\/\/blog.synereo.com\/2015\/03\/17\/specialk-kvdb\/>) decentralized storage and transactional semantics. This same architecture could be used to provide service discovery for accounts residing in a sharded blockchain such as that proposed for Ethereum 2.0.\n\n### 28:22 - Ambassador Role (<https:\/\/youtu.be\/2x9X-wVvarQ?t=28m22s>)\n\nJed presents a new role available for outgoing community members wanting to help us out:\n\n~~~\nNEW ROLE ANNOUNCED: AMBASSADOR \n\nIn response to the amazing growth and activity we\u2019ve seen in our community, Synereo is announcing a new role: the Ambassador. \n\nAmbassadors are responsible for to going out into various communities across the web and acting as a liaison between them and Synereo. Ambassadors will play a key role in helping the early network establish partnerships with communities abroad.  \n\nAs Ambassadors, members will reach out to other community leaders and engage them about Synereo. In simple english, the Ambassadors will share links in communities that want them, and actively reach out to the leaders of these communities. Your job will be to establish a relationship with a few key communities, and get them the news they need when it works for them. This isn\u2019t about click-farming, far from it. This is about actually valuing people and helping communities work towards mutual goals, and playing a valuable role in the communities you are active in. \n\nPayouts for this role will be made on a weekly basis, and are based on reaching target goals within your community. Ambassadors will stay in touch with the community manager, and work together to help coordinate. The reward is `$15 to $50` dollars worth of AMPs per week, based on scope of work. Bonuses for extra sharing are available. \n\nThis role is monumental in helping Synereo as we make our push to build a truly decentralized tool that will not only help other partners create decentralized applications, but build a strong community around decentralized cultures. It\u2019s more than just an app, we are working with others in the greater community to build a whole new way interacting on a global scale. \n\nTo apply, please send an email to <mailto:hello@synereo.com|hello@synereo.com>.\n\nPriority will be given to people who are already active participants in the hangouts\/community and those who attach a sample of their writing - a post on a forum, a blog post, or anything showing that you can communicate with others in writing in an open and friendly way. \n\n\nThe Synereo Team\n\nBe Part of the Solution\n~~~\n\n### 37:58 - Governance (<https:\/\/youtu.be\/2x9X-wVvarQ?t=37m58s>)\n\nLiveleyGig is able to create Synereo based feeds to post and manage projects for Freelancers. Similarly, we would like to conduct our project Governance from within Synereo itself. The features that we need include the ability to track tasks, issues, backlogs, bounties, developer skills, etc. As we coordinate projects in Taiga (<https:\/\/tree.taiga.io\/project\/synereo-synpm\/wiki\/home>), please try to identify workflows that we can build into Synereo.\n\n### 56:50 - Technology Choices (<https:\/\/youtu.be\/2x9X-wVvarQ?t=56m50s>)\n\nSynereo's core technology is the applied \u03c0-calculus (\u03c0-calculus), an extensively vetted mathematical approach for formally modelling concurrent systems, studying concurrency, and process interaction. It informs our architecture and programming model. \n\n*Trust the math*{: style=\"color: red\"}. As an open-source project, anyone is welcome to inspect our code and the mathematical models on which it is based.\n\n#### Synereo Front-End\nThese are the 'Front-end' technologies being implemented by LivelyGig and Synereo: \n\n* Scala.js (<http:\/\/www.scala-js.org\/>)\n* React.js (<https:\/\/facebook.github.io\/react\/>)\n* Diode (<https:\/\/github.com\/ochrons\/diode>)\n\nYou can see how for yourself how the pieces fit together by visiting LivelyGig's GitHub (<https:\/\/github.com\/LivelyGig\/ProductWebUI\/tree\/master\/ProductWebScalaReact>).\n\n#### Synereo Tech Development Videos\nGreg recorded his recent meetings with Gary Stephenson (<https:\/\/plus.google.com\/110716450918614417772>), the Australian developer mentioned in this and last Wednesday's Hangout. More such videos will be forthcoming...\n\n* (Unlisted) Synereo Developer's Session (<https:\/\/youtu.be\/vLEXoi1wSbI>)&lt;br&gt;\nStreamed live on Jan 31, 2016\n\n* Synereo Developer node setup continued (<https:\/\/youtu.be\/4ieXoBeWoIs>)&lt;br&gt;\nStreamed live on Feb 10\n\n* SpecialK build (<https:\/\/youtu.be\/YXj5IWZk9PM>)&lt;br&gt;\nStreamed live on Feb 3, 2016&lt;br&gt;\nWe look at how to build SpecialK on an ubuntu image.\n\n### 1:08:34 - Bi-Weekly Core Community Meetings (<https:\/\/youtu.be\/2x9X-wVvarQ?t=1h08m34s>)\n\nIn addition to the weekly Community Hangout every Wednesday, we will soon be setting up 15 minute bi-weekly 'stand-up' meetings for any core community members who wish to share updates as to what each of us is working on. These will likely be hosted on a Jitsi Meet (<https:\/\/jitsi.org\/Projects\/JitsiMeet>) server.\n\nThat's all for this week!\n\n## If you like what we're creating, send some bitcoin to 18c1en55Cs2jBgBT2LTAiK9M81vMUmXmxw\n![18c1en55Cs2jBgBT2LTAiK9M81vMUmXmxw](<http:\/\/i.imgur.com\/jlHprSv.jpg>)\n\n[^1]:Washington, D.C. Walter Spangenberg (holding the pointer) giving a demonstration in geometry class at Woodrow Wilson High School, image from US Library of Congress, Call Number: LC-USW3- 039642-D [P&amp;P] (<http:\/\/www.loc.gov\/pictures\/item\/owi2001037245\/PP\/>)\n\n[^2]:cc by-sa 3.0 (<https:\/\/creativecommons.org\/licenses\/by-sa\/3.0\/>) image from Stack Exchange question (<http:\/\/mathematica.stackexchange.com\/questions\/2099\/plotting-a-set-of-trajectories-not-a-vector-field-in-3d>) by Istv\u00e1n Zachar (<http:\/\/mathematica.stackexchange.com\/users\/89\/istv%C3%A1n-zachar>)",
        "username": "Taiga (Ian Bloom)",
        "bot_id": "B0KGN1UB1",
        "icons": {
            "image_48": "https:\/\/s3-us-west-2.amazonaws.com\/slack-files2\/bot_icons\/2016-02-14\/21330805382_48.png"
        },
        "type": "message",
        "subtype": "bot_message",
        "ts": "1455459514.000079"
    },
    {
        "text": "Changed Issue:  *<https:\/\/tree.taiga.io\/project\/synereo-synpm\/issue\/16|#16: Make summary HOA>*",
        "username": "Taiga (Ian Bloom)",
        "bot_id": "B0KGN1UB1",
        "icons": {
            "image_48": "https:\/\/s3-us-west-2.amazonaws.com\/slack-files2\/bot_icons\/2016-02-14\/21330805382_48.png"
        },
        "attachments": [
            {
                "fallback": "*assigned_to:* from *HJ* to Ian Bloom*",
                "id": 1,
                "color": "daa038",
                "fields": [
                    {
                        "title": "assigned to",
                        "value": "*From* HJ *to* Ian Bloom",
                        "short": true
                    }
                ],
                "mrkdwn_in": [
                    "fields",
                    "title",
                    "fallback"
                ]
            }
        ],
        "type": "message",
        "subtype": "bot_message",
        "ts": "1455459648.000080"
    },
    {
        "text": "Changed Issue:  *<https:\/\/tree.taiga.io\/project\/synereo-synpm\/issue\/16|#16: Make summary HOA>*",
        "username": "Taiga (Ian Bloom)",
        "bot_id": "B0KGN1UB1",
        "icons": {
            "image_48": "https:\/\/s3-us-west-2.amazonaws.com\/slack-files2\/bot_icons\/2016-02-14\/21330805382_48.png"
        },
        "attachments": [
            {
                "fallback": "*assigned_to:* from *Ian Bloom* to HJ*",
                "id": 1,
                "color": "daa038",
                "fields": [
                    {
                        "title": "assigned to",
                        "value": "*From* Ian Bloom *to* HJ",
                        "short": true
                    }
                ],
                "mrkdwn_in": [
                    "fields",
                    "title",
                    "fallback"
                ]
            }
        ],
        "type": "message",
        "subtype": "bot_message",
        "ts": "1455459664.000081"
    }
]