[
    {
        "type": "message",
        "user": "U0474E4KZ",
        "text": "Thanks. Let's me know when it's done. I have a couple of interested guys.",
        "ts": "1456741171.000121"
    },
    {
        "type": "message",
        "user": "U0474E4KZ",
        "text": "How are we doing with importing Synereo mentions on BTT to <#C0483E0SC>?",
        "ts": "1456757438.000122"
    },
    {
        "text": "\n    \n    New User Story created:  *<https:\/\/tree.taiga.io\/project\/synereo-synpm\/us\/42|#42: Decentralised Finance>*\n",
        "username": "Taiga (HJ)",
        "bot_id": "B0KGN1UB1",
        "icons": {
            "image_48": "https:\/\/s3-us-west-2.amazonaws.com\/slack-files2\/bot_icons\/2016-02-09\/20702864161_48.png"
        },
        "attachments": [
            {
                "fallback": "\n    \n    New User Story created:  *<https:\/\/tree.taiga.io\/project\/synereo-synpm\/us\/42|#42: Decentralised Finance>*\n",
                "id": 1,
                "color": "36a64f",
                "fields": [
                    {
                        "title": "Creator",
                        "value": "HJ",
                        "short": true
                    },
                    {
                        "title": "Description",
                        "value": "We have a wonderful short opportunity to spend $ twice and everybody wins.\n\nAt the moment AMP have not much value. Only in theory there's a lot of potential value, if we believe Synereo takes off on a world wide scale.\n\nIt goes like this. An investor decides on what to spend the money. He transfers the bitcoin to Synereo. Synereo transfers the bitcoin to the spender and transfers the amount in AMPs to the investor. The spender buys the thing but Synereo is the owner of the thing.\n\nFor example: you need a suite for going to  the blockchain conference in Washington. I like that goal and send the needed bitcoin to Synereo. Synereo sends that amount of bitcoin to you. You buy the suite but Synereo is owner of that suite. Synereo also sends AMP (to the value of the amount of bitcoin) to me. So it's like I haven't lost anything, because I've AMPs. You can use your suite. Synereo has a suite as company asset.\n\nSuppose that Synereo doesn't like the spending goal, then the investor says: \"In that case I keep my bitcoin.\" And nothing will happen. You don't have your suite. Synereo has still it's AMP. And I have still my bitcoin.\n\nAnother advantage is that investors can decide where the money goes. We could also generalise the concept. For example an investor can invest in Marketing, Logistics, Development, Finance, Human Resource, ..... Synereo is only allowed to use that investment on the chosen functional business area.\n\nLike that investors have control on where the money goes. It's a kind of decision power. Synereo can intensify certain business area's. If Synereo thinks they need more money for Development, then they can make that more attractive for investors, i.e. you get more AMP when you invest in Development then if you want the invested money to be spend on Marketing.\n\nPlease tell me what you think in the comments section hereunder.\nIt means that Synereo is loosing some control on their investment plans and investors get a say on how the money is spent.",
                        "short": false
                    }
                ]
            }
        ],
        "type": "message",
        "subtype": "bot_message",
        "ts": "1456760200.000123"
    }
]