[
    {
        "text": "Changed Task:  *<https:\/\/tree.taiga.io\/project\/synereo-synpm\/task\/19|#19: Publish Taiga Wiki Page (https:\/\/tree.taiga.io\/project\/synereo-synpm\/wiki\/home on: Reddit, BitcoinTalk, Twitter, FB, ...>*",
        "username": "Taiga (HJ)",
        "bot_id": "B0KGN1UB1",
        "icons": {
            "image_48": "https:\/\/s3-us-west-2.amazonaws.com\/slack-files2\/bot_icons\/2016-02-09\/20702864161_48.png"
        },
        "attachments": [
            {
                "fallback": "*subject:* from *Publish Taiga Wiki (<https:\/\/tree.taiga.io\/project\/synereo-synpm\/wiki\/home> on: Reddit, BitcoinTalk, Twitter, FB, ...* to *Publish Taiga Wiki Page (<https:\/\/tree.taiga.io\/project\/synereo-synpm\/wiki\/home> on: Reddit, BitcoinTalk, Twitter, FB, ...*",
                "title": "subject",
                "id": 1,
                "color": "daa038",
                "fields": [
                    {
                        "title": "From",
                        "value": "Publish Taiga Wiki (<https:\/\/tree.taiga.io\/project\/synereo-synpm\/wiki\/home> on: Reddit, BitcoinTalk, Twitter, FB, ...",
                        "short": false
                    },
                    {
                        "title": "To",
                        "value": "Publish Taiga Wiki Page (<https:\/\/tree.taiga.io\/project\/synereo-synpm\/wiki\/home> on: Reddit, BitcoinTalk, Twitter, FB, ...",
                        "short": false
                    }
                ],
                "mrkdwn_in": [
                    "fields",
                    "title",
                    "fallback"
                ]
            }
        ],
        "type": "message",
        "subtype": "bot_message",
        "ts": "1455008344.000030"
    },
    {
        "type": "message",
        "user": "U0J9CQF9S",
        "text": "the wiki page looks good. are we ready to start posting it to Reddit and other sites to look for Scala developers etc. Or is there more documentation needed when it comes to explaining how these developers will be paid.(Bitcoin, cash or amps) I could just say at the end at the post that we do compensate for work but inquiries need to be expressed in <#C0KGN7UES|bounties> on the slack channel. I really don't want more people bombarding you with emails <@U0474E4KZ>.",
        "edited": {
            "user": "U0J9CQF9S",
            "ts": "1455014399.000000"
        },
        "ts": "1455013781.000031"
    },
    {
        "type": "message",
        "user": "U0474E4KZ",
        "text": "Developers will be paid on the basis of their skills and contribution. No reason to say anything more specific upfront.",
        "ts": "1455020040.000033"
    },
    {
        "type": "message",
        "user": "U048T3M8W",
        "text": "I think we have to set a bounty for each defined task in Taiga. And maybe it's better to ask people for a defined task instead of a general Job. And we could ask for general skills. Like We need Scala developers. \nLet's discuss this in the doc:\n<https:\/\/docs.google.com\/document\/d\/164NcStwRcdu5q6-l9Cb-uAo5dmL7130mQ8UY5an5r74\/edit>",
        "ts": "1455020435.000034"
    },
    {
        "type": "message",
        "subtype": "file_share",
        "text": "<@U048T3M8W|lapin7> shared a file: <https:\/\/synereonet.slack.com\/files\/lapin7\/F0LM3TNNM\/budgetallocation|Budget Allocation>",
        "file": {
            "id": "F0LM3TNNM",
            "created": 1455020436,
            "timestamp": 1455020436,
            "name": "BudgetAllocation",
            "title": "Budget Allocation",
            "mimetype": "application\/vnd.google-apps.document",
            "filetype": "gdoc",
            "pretty_type": "GDocs Document",
            "user": "U048T3M8W",
            "editable": false,
            "size": 216,
            "mode": "external",
            "is_external": true,
            "external_type": "gdrive",
            "is_public": true,
            "public_url_shared": false,
            "display_as_bot": false,
            "username": "",
            "url_private": "https:\/\/docs.google.com\/document\/d\/164NcStwRcdu5q6-l9Cb-uAo5dmL7130mQ8UY5an5r74\/edit?usp=drivesdk",
            "thumb_64": "https:\/\/a.slack-edge.com\/66f9\/img\/files\/gdraw_64.png",
            "thumb_360": "https:\/\/a.slack-edge.com\/272a\/img\/files\/gdoc_360.png",
            "thumb_360_w": 360,
            "thumb_360_h": 167,
            "permalink": "https:\/\/synereonet.slack.com\/files\/lapin7\/F0LM3TNNM\/budgetallocation",
            "channels": [
                "C0KGN7UES"
            ],
            "groups": [
    
            ],
            "ims": [
    
            ],
            "comments_count": 0
        },
        "user": "U048T3M8W",
        "upload": false,
        "display_as_bot": false,
        "username": "<@U048T3M8W|lapin7>",
        "bot_id": null,
        "ts": "1455020436.000035"
    },
    {
        "type": "message",
        "user": "U0474E4KZ",
        "text": "I agree, HJ. It's just that if we find a capable developer, we'll probably want to snatch him up. Other tasks should generally be more well defined.",
        "ts": "1455020489.000036"
    },
    {
        "type": "message",
        "user": "U0474E4KZ",
        "text": "<@U0J9CQF9S>: do you perhaps want to take up handling Reddit? Our own channel and the various others in the field where Synereo info could be appreciated?",
        "ts": "1455020569.000037"
    },
    {
        "type": "message",
        "user": "U0474E4KZ",
        "text": "Simply posting stuff that's happening in Taiga, the Scribe notes, and all sorts of other updates would be enough. Soon enough, people will start talking back at us and you'll be able to answer questions, get people excited about what we're up to, and lead these online communities for Synereo.",
        "ts": "1455020637.000038"
    },
    {
        "type": "message",
        "user": "U0474E4KZ",
        "text": "All for a bounty of AMPs, of course!",
        "ts": "1455020646.000039"
    },
    {
        "type": "message",
        "user": "U0474E4KZ",
        "text": "One thing <@U048T3M8W> suggested that I'd love to do is to start posting a periodic update on bounties given out.",
        "ts": "1455020698.000040"
    },
    {
        "type": "message",
        "user": "U0474E4KZ",
        "text": "This should be on all of our channels for people to get inspired to join in on the fun, at the least.",
        "ts": "1455020724.000041"
    },
    {
        "type": "message",
        "user": "U0474E4KZ",
        "text": "What do you say?",
        "ts": "1455020732.000042"
    },
    {
        "type": "message",
        "user": "U048T3M8W",
        "text": "As a general guideline it's also possible that the receivers Tweet how much AMP they got for a certain task. Like that we don't have to wait for a centralised periodic update. And the streams are more from different sources.",
        "ts": "1455020995.000043"
    },
    {
        "type": "message",
        "user": "U0474E4KZ",
        "text": "Oh, if they can do it, that's great. But I assume many won't be interested in doing that.",
        "ts": "1455021846.000044"
    },
    {
        "type": "message",
        "user": "U0474E4KZ",
        "text": "We can consider making it a condition for receiving the bounty, perhaps. I don't know if this will be appreciated by some.",
        "edited": {
            "user": "U0474E4KZ",
            "ts": "1455021872.000000"
        },
        "ts": "1455021861.000045"
    },
    {
        "type": "message",
        "user": "U048T3M8W",
        "text": "We'll see. Anyway there's a lot of personal contact with on boarding people. If they are Synatic enough then they will publish their received bounties. We could ask for example <@U0DKBHZN1> to Tweet his bounty for the Docker work. And if <@U0J9CQF9S> or <@U04BQ4FMC> get a bounty they will have no problem in Tweeting it as well.",
        "ts": "1455022102.000047"
    },
    {
        "user": "U0DKBHZN1",
        "inviter": "U048T3M8W",
        "type": "message",
        "subtype": "channel_join",
        "text": "<@U0DKBHZN1|nodes> has joined the channel",
        "ts": "1455022120.000048"
    },
    {
        "user": "U04BQ4FMC",
        "inviter": "U048T3M8W",
        "type": "message",
        "subtype": "channel_join",
        "text": "<@U04BQ4FMC|malthusjohn> has joined the channel",
        "ts": "1455022120.000049"
    },
    {
        "text": "Changed Issue:  *<https:\/\/tree.taiga.io\/project\/synereo-synpm\/issue\/20|#20: Video at Wiki page>*",
        "username": "Taiga (HJ)",
        "bot_id": "B0KGN1UB1",
        "icons": {
            "image_48": "https:\/\/s3-us-west-2.amazonaws.com\/slack-files2\/bot_icons\/2016-02-09\/20702864161_48.png"
        },
        "attachments": [
            {
                "fallback": "*description*\n    \n    *from*:\n    Dor thinks it&amp;#39;s preferable to have the short video at the wiki\/document-rep.:\n\n<https:\/\/tree.taiga.io\/project\/synereo-synpm\/wiki\/document-repositories>\n\nWhich video exactly??\n    \n    *to*:\n    Dor thinks it&amp;#39;s preferable to have the short video at the wiki\/document-rep.:\n\n<https:\/\/tree.taiga.io\/project\/synereo-synpm\/wiki\/document-repositories>\n\nWhich video exactly??\n\nFeel free to go to Taiga and resolve this issue :-)",
                "title": "description",
                "id": 1,
                "color": "daa038",
                "fields": [
                    {
                        "title": "from",
                        "value": "Dor thinks it's preferable to have the short video at the wiki\/document-rep.:\n\n<https:\/\/tree.taiga.io\/project\/synereo-synpm\/wiki\/document-repositories>\n\nWhich video exactly??",
                        "short": false
                    },
                    {
                        "title": "to",
                        "value": "Dor thinks it's preferable to have the short video at the wiki\/document-rep.:\n\n<https:\/\/tree.taiga.io\/project\/synereo-synpm\/wiki\/document-repositories>\n\nWhich video exactly??\n\nFeel free to go to Taiga and resolve this issue :-)",
                        "short": false
                    }
                ],
                "mrkdwn_in": [
                    "fields",
                    "title",
                    "fallback"
                ]
            }
        ],
        "type": "message",
        "subtype": "bot_message",
        "ts": "1455022960.000050"
    },
    {
        "text": "Changed Issue:  *<https:\/\/tree.taiga.io\/project\/synereo-synpm\/issue\/20|#20: Video at Wiki page>*\n\n*Comment by HJ:* Who can add a short video to the Wiki page of Taiga?",
        "username": "Taiga (HJ)",
        "bot_id": "B0KGN1UB1",
        "icons": {
            "image_48": "https:\/\/s3-us-west-2.amazonaws.com\/slack-files2\/bot_icons\/2016-02-09\/20702864161_48.png"
        },
        "type": "message",
        "subtype": "bot_message",
        "ts": "1455022961.000051"
    },
    {
        "text": "Changed Issue:  *<https:\/\/tree.taiga.io\/project\/synereo-synpm\/issue\/20|#20: Video at Wiki page>*",
        "username": "Taiga (HJ)",
        "bot_id": "B0KGN1UB1",
        "icons": {
            "image_48": "https:\/\/s3-us-west-2.amazonaws.com\/slack-files2\/bot_icons\/2016-02-09\/20702864161_48.png"
        },
        "attachments": [
            {
                "fallback": "*assigned_to:* from *Unassigned* to Dor Konforty*",
                "id": 1,
                "color": "daa038",
                "fields": [
                    {
                        "title": "assigned to",
                        "value": "*From* Unassigned *to* Dor Konforty",
                        "short": true
                    }
                ],
                "mrkdwn_in": [
                    "fields",
                    "title",
                    "fallback"
                ]
            }
        ],
        "type": "message",
        "subtype": "bot_message",
        "ts": "1455028410.000052"
    },
    {
        "text": "Changed Issue:  *<https:\/\/tree.taiga.io\/project\/synereo-synpm\/issue\/20|#20: Video at Wiki page>*",
        "username": "Taiga (HJ)",
        "bot_id": "B0KGN1UB1",
        "icons": {
            "image_48": "https:\/\/s3-us-west-2.amazonaws.com\/slack-files2\/bot_icons\/2016-02-09\/20702864161_48.png"
        },
        "attachments": [
            {
                "fallback": "*status:* from *New* to *Closed*",
                "id": 1,
                "color": "daa038",
                "fields": [
                    {
                        "title": "status",
                        "value": "*From* New *to* Closed",
                        "short": true
                    }
                ],
                "mrkdwn_in": [
                    "fields",
                    "title",
                    "fallback"
                ]
            }
        ],
        "type": "message",
        "subtype": "bot_message",
        "ts": "1455028424.000053"
    },
    {
        "type": "message",
        "user": "U0J9CQF9S",
        "text": "I'll have to hard reset my OS. (Virus) Hopefully this evening I'll be posting updates on Reddit. I don't have a Twitter following but if you think updating bounties through Twitter is the best means just let me know what hashtags to use. ",
        "ts": "1455029077.000054"
    },
    {
        "type": "message",
        "user": "U0474E4KZ",
        "text": "If you wanna do this, I'll give you our Twitter creds.",
        "ts": "1455029277.000055"
    },
    {
        "text": "Changed Issue:  *<https:\/\/tree.taiga.io\/project\/synereo-synpm\/issue\/20|#20: Video at Wiki page>*",
        "username": "Taiga (HJ)",
        "bot_id": "B0KGN1UB1",
        "icons": {
            "image_48": "https:\/\/s3-us-west-2.amazonaws.com\/slack-files2\/bot_icons\/2016-02-09\/20702864161_48.png"
        },
        "attachments": [
            {
                "fallback": "*status:* from *Closed* to *Awaiting resolution confirmation*",
                "id": 1,
                "color": "daa038",
                "fields": [
                    {
                        "title": "status",
                        "value": "*From* Closed *to* Awaiting resolution confirmation",
                        "short": true
                    }
                ],
                "mrkdwn_in": [
                    "fields",
                    "title",
                    "fallback"
                ]
            }
        ],
        "type": "message",
        "subtype": "bot_message",
        "ts": "1455029330.000056"
    },
    {
        "text": "Changed Issue:  *<https:\/\/tree.taiga.io\/project\/synereo-synpm\/issue\/20|#20: Video at Wiki page>*",
        "username": "Taiga (HJ)",
        "bot_id": "B0KGN1UB1",
        "icons": {
            "image_48": "https:\/\/s3-us-west-2.amazonaws.com\/slack-files2\/bot_icons\/2016-02-09\/20702864161_48.png"
        },
        "attachments": [
            {
                "fallback": "*status:* from *Awaiting resolution confirmation* to *Closed*",
                "id": 1,
                "color": "daa038",
                "fields": [
                    {
                        "title": "status",
                        "value": "*From* Awaiting resolution confirmation *to* Closed",
                        "short": true
                    }
                ],
                "mrkdwn_in": [
                    "fields",
                    "title",
                    "fallback"
                ]
            }
        ],
        "type": "message",
        "subtype": "bot_message",
        "ts": "1455029357.000057"
    }
]