[
    {
        "text": "Changed Issue:  *<https:\/\/tree.taiga.io\/project\/synereo-synpm\/issue\/24|#24: Post to Twitter>*",
        "username": "Taiga (Jedediah Walls)",
        "bot_id": "B0KGN1UB1",
        "icons": {
            "image_48": "https:\/\/s3-us-west-2.amazonaws.com\/slack-files2\/bot_icons\/2016-02-17\/21739465908_48.png"
        },
        "attachments": [
            {
                "fallback": "*description*\n    \n    *from*:\n    * Take approved posts and post them to twitter. \n* User must have Twitter access and be approved through Synereo. \n* User must have clearance and access to Synereo account.\n    \n    *to*:\n    * Take approved posts and post them to twitter. \n* User must have Twitter access and be approved through Synereo. \n* User must have clearance and access to Synereo account.\n* Comment here per Twitter post that is posted. \n* Contact <mailto:jed@synereo.com|jed@synereo.com> if you are interested in posting on Synereo&amp;#39;s behalf. \n\n\nProject will be given for a 30 day (month) period. Individual can renew at end of month, or can be re-assigned to another user. \n\nReward: 1 AMP",
                "title": "description",
                "id": 1,
                "color": "daa038",
                "fields": [
                    {
                        "title": "from",
                        "value": "* Take approved posts and post them to twitter. \n* User must have Twitter access and be approved through Synereo. \n* User must have clearance and access to Synereo account.",
                        "short": false
                    },
                    {
                        "title": "to",
                        "value": "* Take approved posts and post them to twitter. \n* User must have Twitter access and be approved through Synereo. \n* User must have clearance and access to Synereo account.\n* Comment here per Twitter post that is posted. \n* Contact <mailto:jed@synereo.com|jed@synereo.com> if you are interested in posting on Synereo's behalf. \n\n\nProject will be given for a 30 day (month) period. Individual can renew at end of month, or can be re-assigned to another user. \n\nReward: 1 AMP",
                        "short": false
                    }
                ],
                "mrkdwn_in": [
                    "fields",
                    "title",
                    "fallback"
                ]
            }
        ],
        "type": "message",
        "subtype": "bot_message",
        "ts": "1455702040.000008"
    },
    {
        "text": "Changed Issue:  *<https:\/\/tree.taiga.io\/project\/synereo-synpm\/issue\/24|#24: Post to Twitter>*",
        "username": "Taiga (Jedediah Walls)",
        "bot_id": "B0KGN1UB1",
        "icons": {
            "image_48": "https:\/\/s3-us-west-2.amazonaws.com\/slack-files2\/bot_icons\/2016-02-17\/21745823750_48.png"
        },
        "attachments": [
            {
                "fallback": "*description*\n    \n    *from*:\n    * Take approved posts and post them to twitter. \n* User must have Twitter access and be approved through Synereo. \n* User must have clearance and access to Synereo account.\n* Comment here per Twitter post that is posted. \n* Contact <mailto:jed@synereo.com|jed@synereo.com> if you are interested in posting on Synereo&amp;#39;s behalf. \n\n\nProject will be given for a 30 day (month) period. Individual can renew at end of month, or can be re-assigned to another user. \n\nReward: 1 AMP\n    \n    *to*:\n    * Take approved posts and post them to twitter. \n* User must have Twitter access and be approved through Synereo. \n* User must have clearance and access to Synereo account.\n* Comment here per Twitter post that is posted. \n* Contact <mailto:jed@synereo.com|jed@synereo.com> if you are interested in posting on Synereo&amp;#39;s behalf. \n\n\nProject will be given for a 30 day (month) period. Individual can renew at end of month, or can be re-assigned to another user. \n\nReward: 1 AMP per post",
                "title": "description",
                "id": 1,
                "color": "daa038",
                "fields": [
                    {
                        "title": "from",
                        "value": "* Take approved posts and post them to twitter. \n* User must have Twitter access and be approved through Synereo. \n* User must have clearance and access to Synereo account.\n* Comment here per Twitter post that is posted. \n* Contact <mailto:jed@synereo.com|jed@synereo.com> if you are interested in posting on Synereo's behalf. \n\n\nProject will be given for a 30 day (month) period. Individual can renew at end of month, or can be re-assigned to another user. \n\nReward: 1 AMP",
                        "short": false
                    },
                    {
                        "title": "to",
                        "value": "* Take approved posts and post them to twitter. \n* User must have Twitter access and be approved through Synereo. \n* User must have clearance and access to Synereo account.\n* Comment here per Twitter post that is posted. \n* Contact <mailto:jed@synereo.com|jed@synereo.com> if you are interested in posting on Synereo's behalf. \n\n\nProject will be given for a 30 day (month) period. Individual can renew at end of month, or can be re-assigned to another user. \n\nReward: 1 AMP per post",
                        "short": false
                    }
                ],
                "mrkdwn_in": [
                    "fields",
                    "title",
                    "fallback"
                ]
            }
        ],
        "type": "message",
        "subtype": "bot_message",
        "ts": "1455702058.000009"
    },
    {
        "text": "Changed Task:  *<https:\/\/tree.taiga.io\/project\/synereo-synpm\/task\/25|#25: @Dor @Leithaus @MalthusJohn Please fill out the REO that you award to yourself and other persons. See \"Budget Allocation\" in file \"AMP rewards\" https:\/\/docs.google.com\/spreadsheets\/d\/1wLZphSfp2ql_J8AUA4QvypUhdeusSAjQsn_PAkiWuPk\/edit#gid=1704940056>*",
        "username": "Taiga (HJ)",
        "bot_id": "B0KGN1UB1",
        "icons": {
            "image_48": "https:\/\/s3-us-west-2.amazonaws.com\/slack-files2\/bot_icons\/2016-02-09\/20702864161_48.png"
        },
        "attachments": [
            {
                "fallback": "*subject:* from *@Dor @Leithaus @MalthusJohn* to *@Dor @Leithaus @MalthusJohn Please fill out the REO that you award to yourself and other persons. See &amp;#34;Budget Allocation&amp;#34; in file &amp;#34;AMP rewards&amp;#34; <https:\/\/docs.google.com\/spreadsheets\/d\/1wLZphSfp2ql_J8AUA4QvypUhdeusSAjQsn_PAkiWuPk\/edit#gid=1704940056*>",
                "title": "subject",
                "id": 1,
                "color": "daa038",
                "fields": [
                    {
                        "title": "From",
                        "value": "@Dor @Leithaus @MalthusJohn",
                        "short": false
                    },
                    {
                        "title": "To",
                        "value": "@Dor @Leithaus @MalthusJohn Please fill out the REO that you award to yourself and other persons. See \"Budget Allocation\" in file \"AMP rewards\" <https:\/\/docs.google.com\/spreadsheets\/d\/1wLZphSfp2ql_J8AUA4QvypUhdeusSAjQsn_PAkiWuPk\/edit#gid=1704940056>",
                        "short": false
                    }
                ],
                "mrkdwn_in": [
                    "fields",
                    "title",
                    "fallback"
                ]
            }
        ],
        "type": "message",
        "subtype": "bot_message",
        "ts": "1455705169.000010"
    },
    {
        "type": "message",
        "user": "U0474E4KZ",
        "text": "I'm unsure what your intention is for this manual Reo allocation.",
        "ts": "1455710996.000011"
    },
    {
        "type": "message",
        "user": "U0474E4KZ",
        "text": "How do you see it working?",
        "ts": "1455711001.000012"
    },
    {
        "type": "message",
        "user": "U048T3M8W",
        "text": "If REO is not filled out then the bounty is not averaging out. If you don't have any REO then your opinion of the amount in USD is not taking in charge. If you have a lot of REO then your voice weights more in the final height of the bounty in USD.",
        "ts": "1455717781.000013"
    },
    {
        "type": "message",
        "user": "U048T3M8W",
        "text": "Maybe give it a try and you will see that final bounty setting changes.",
        "ts": "1455717810.000014"
    },
    {
        "text": "Changed Issue:  *<https:\/\/tree.taiga.io\/project\/synereo-synpm\/issue\/16|#16: Make summary HOA>*\n\n*Comment by HJ:* Is it an idea to give the scribes access to <http:\/\/blog.synereo.com|blog.synereo.com> (<https:\/\/github.com\/synereo\/blog.synereo.com\/tree\/gh-pages\/_drafts>) ?? Then @Dor or @jed_synereo  could move it from the _drafts to _posts after they've approved the content.\n\nI could also create a link from Github to Taiga. Taiga will send it then to Slack.",
        "username": "Taiga (HJ)",
        "bot_id": "B0KGN1UB1",
        "icons": {
            "image_48": "https:\/\/s3-us-west-2.amazonaws.com\/slack-files2\/bot_icons\/2016-02-09\/20702864161_48.png"
        },
        "type": "message",
        "subtype": "bot_message",
        "ts": "1455732423.000015"
    },
    {
        "text": "Changed User Story:  *<https:\/\/tree.taiga.io\/project\/synereo-synpm\/us\/18|#18: Maintenance of WebSites>*\n\n*Comment by Eric Blomquist:* This is great point and I wasn't sure how best to surface bugs to have developer eyeballs on the issues. Additionally, some of the fixes for the blog are trivial to address but I'm not sure how the publish process goes with regards to commits to GitHub ... if I make the change to GitHub, does it auto-publish to the site?",
        "username": "Taiga (Eric Blomquist)",
        "bot_id": "B0KGN1UB1",
        "icons": {
            "image_48": "https:\/\/s3-us-west-2.amazonaws.com\/slack-files2\/bot_icons\/2016-02-17\/21833586451_48.png"
        },
        "type": "message",
        "subtype": "bot_message",
        "ts": "1455737389.000016"
    },
    {
        "text": "Changed User Story:  *<https:\/\/tree.taiga.io\/project\/synereo-synpm\/us\/18|#18: Maintenance of WebSites>*",
        "username": "Taiga (Eric Blomquist)",
        "bot_id": "B0KGN1UB1",
        "icons": {
            "image_48": "https:\/\/s3-us-west-2.amazonaws.com\/slack-files2\/bot_icons\/2016-02-17\/21833586451_48.png"
        },
        "attachments": [
            {
                "fallback": "*description*\n    \n    *from*:\n    The websites need constant attention and updates for bugs and additions. The sites are maintained on GitHub.\n[main](<https:\/\/github.com\/synereo\/synereo.github.io>) \n[blog](<https:\/\/github.com\/synereo\/blog.synereo.com\/>)\nThe issues are mentioned on GitHub. At 2-9-2016 there are a few open issues.\n    \n    *to*:\n    The websites need constant attention and updates for bugs and additions. The sites are maintained on GitHub.\n- [<http:\/\/Synereo.com|Synereo.com> Issue List](<https:\/\/github.com\/synereo\/synereo.github.io\/issues> &amp;#34;Synereo.com Issue List&amp;#34;) \n- [<http:\/\/Synereo.com|Synereo.com> Blog Issue List](<https:\/\/github.com\/synereo\/blog.synereo.com\/issues> &amp;#34;Synereo.com Blog Issue List&amp;#34;)\n\nThe issues are mentioned on GitHub. At 2-9-2016 there are a few open issues.",
                "title": "description",
                "id": 1,
                "color": "daa038",
                "fields": [
                    {
                        "title": "from",
                        "value": "The websites need constant attention and updates for bugs and additions. The sites are maintained on GitHub.\n[main](<https:\/\/github.com\/synereo\/synereo.github.io>) \n[blog](<https:\/\/github.com\/synereo\/blog.synereo.com\/>)\nThe issues are mentioned on GitHub. At 2-9-2016 there are a few open issues.",
                        "short": false
                    },
                    {
                        "title": "to",
                        "value": "The websites need constant attention and updates for bugs and additions. The sites are maintained on GitHub.\n- [<http:\/\/Synereo.com|Synereo.com> Issue List](<https:\/\/github.com\/synereo\/synereo.github.io\/issues> \"<http:\/\/Synereo.com|Synereo.com> Issue List\") \n- [<http:\/\/Synereo.com|Synereo.com> Blog Issue List](<https:\/\/github.com\/synereo\/blog.synereo.com\/issues> \"<http:\/\/Synereo.com|Synereo.com> Blog Issue List\")\n\nThe issues are mentioned on GitHub. At 2-9-2016 there are a few open issues.",
                        "short": false
                    }
                ],
                "mrkdwn_in": [
                    "fields",
                    "title",
                    "fallback"
                ]
            }
        ],
        "type": "message",
        "subtype": "bot_message",
        "ts": "1455737522.000017"
    },
    {
        "text": "Changed User Story:  *<https:\/\/tree.taiga.io\/project\/synereo-synpm\/us\/18|#18: Maintenance of WebSites>*\n\n*Comment by Dor Konforty:* Yep.",
        "username": "Taiga (Dor Konforty)",
        "bot_id": "B0KGN1UB1",
        "icons": {
            "image_48": "https:\/\/s3-us-west-2.amazonaws.com\/slack-files2\/bot_icons\/2016-02-17\/21842347185_48.png"
        },
        "type": "message",
        "subtype": "bot_message",
        "ts": "1455739356.000018"
    },
    {
        "type": "message",
        "user": "U0474E4KZ",
        "text": "We need to find an easy way to present the open bounties on a simple to view page that we can share on the site.",
        "ts": "1455739423.000019"
    },
    {
        "type": "message",
        "user": "U0474E4KZ",
        "text": "A way to easily glean what's available and what the bounty is with links into Taiga for more info.",
        "ts": "1455739440.000020"
    },
    {
        "text": "Changed Issue:  *<https:\/\/tree.taiga.io\/project\/synereo-synpm\/issue\/16|#16: Make summary HOA>*\n\n*Comment by Dor Konforty:* If you guys are up for it, it'd be great.",
        "username": "Taiga (Dor Konforty)",
        "bot_id": "B0KGN1UB1",
        "icons": {
            "image_48": "https:\/\/s3-us-west-2.amazonaws.com\/slack-files2\/bot_icons\/2016-02-17\/21842347185_48.png"
        },
        "type": "message",
        "subtype": "bot_message",
        "ts": "1455740726.000021"
    },
    {
        "text": "Changed Issue:  *<https:\/\/tree.taiga.io\/project\/synereo-synpm\/issue\/16|#16: Make summary HOA>*\n\n*Comment by HJ:* I put the very very rough beginning of the summary into _drafts",
        "username": "Taiga (HJ)",
        "bot_id": "B0KGN1UB1",
        "icons": {
            "image_48": "https:\/\/s3-us-west-2.amazonaws.com\/slack-files2\/bot_icons\/2016-02-09\/20702864161_48.png"
        },
        "type": "message",
        "subtype": "bot_message",
        "ts": "1455740901.000022"
    },
    {
        "text": "Changed Issue:  *<https:\/\/tree.taiga.io\/project\/synereo-synpm\/issue\/16|#16: Make summary HOA>*\n\n*Comment by HJ:* It's not easy to join <http:\/\/synereonet.slack.com|synereonet.slack.com>\nThis link <https:\/\/slack.synereo.com> to get an invite has to be more prominent communicated: <http:\/\/synereo.com|synereo.com>, <http:\/\/discuss.synereo.com|discuss.synereo.com>, <http:\/\/blog.synereo.com|blog.synereo.com>, twitter, fb, hoa. \n\nAlso the certificate of <http:\/\/slack.synereo.com|slack.synereo.com> is not correct. This makes it suspicious and Chrome wants to get you out of there.",
        "username": "Taiga (HJ)",
        "bot_id": "B0KGN1UB1",
        "icons": {
            "image_48": "https:\/\/s3-us-west-2.amazonaws.com\/slack-files2\/bot_icons\/2016-02-09\/20702864161_48.png"
        },
        "type": "message",
        "subtype": "bot_message",
        "ts": "1455780981.000023"
    }
]