[
    {
        "type": "message",
        "user": "U049P4TJ2",
        "text": "Hello, to get a start here, i want translating the announcement thread in bitcointalk <https:\/\/bitcointalk.org\/index.php?topic=995987.0> and making a german thread, also i'm reading the whitepaper to get a bigger picture of the whole synereo ecosystem. If it is in your interest just send me a signal and i will start :simple_smile: . My bitcointalk account is \"Meladon\". Also i can translate the website, just let me know.  With best regards",
        "ts": "1457612745.000174"
    },
    {
        "type": "message",
        "user": "U0474E4KZ",
        "text": "We'll be happy for a translation of the ANN.",
        "ts": "1457619143.000175"
    },
    {
        "type": "message",
        "user": "U0474E4KZ",
        "text": "Our Community Master will coordinate with you. <@U0MRFBCKU>",
        "ts": "1457619181.000176"
    },
    {
        "text": "\n    \n    New Issue created:  *<https:\/\/tree.taiga.io\/project\/synereo-synpm\/issue\/45|#45: hangout videos begin with long silence>*\n",
        "username": "Taiga (Jim Whitecarver)",
        "bot_id": "B0KGN1UB1",
        "icons": {
            "image_48": "https:\/\/s3-us-west-2.amazonaws.com\/slack-files2\/bot_icons\/2016-02-23\/22678761185_48.png"
        },
        "attachments": [
            {
                "fallback": "\n    \n    New Issue created:  *<https:\/\/tree.taiga.io\/project\/synereo-synpm\/issue\/45|#45: hangout videos begin with long silence>*\n",
                "id": 1,
                "color": "36a64f",
                "fields": [
                    {
                        "title": "Creator",
                        "value": "Jim Whitecarver",
                        "short": true
                    },
                    {
                        "title": "Description",
                        "value": "some hangouts do not start for 10 minutes.  In order to capitalize on the hangout videos I think many of them need to be snipped. <https:\/\/www.youtube.com\/watch?v=PXU-2i7ASHQ>",
                        "short": false
                    }
                ]
            }
        ],
        "type": "message",
        "subtype": "bot_message",
        "ts": "1457630128.000177",
        "reactions": [
            {
                "name": "+1",
                "users": [
                    "U04BQ4FMC"
                ],
                "count": 1
            }
        ]
    },
    {
        "type": "message",
        "user": "U04BQ4FMC",
        "text": "I 2nd that.  I just did the last one as planned, since we started early and only talked details about taiga use improvements.  It's a clunky app that they have, but at least it's built in and you can do it right from youtube.",
        "ts": "1457636900.000178"
    },
    {
        "type": "message",
        "user": "U04BQ4FMC",
        "text": "But I noticed that same thing about the start of the hangouts - it would not be hard to do, but there are a lot of the hangout videos now.",
        "ts": "1457637483.000179"
    },
    {
        "type": "message",
        "user": "U04BQ4FMC",
        "text": "There are 68 total.  At 5 minutes each, that's about 6 hours work, so I'd say $90 is a fair bounty.  (I also think we should set a min wage for amployees of $15\/AMPs\/hr)",
        "ts": "1457637761.000180"
    },
    {
        "type": "message",
        "user": "U049P4TJ2",
        "text": "<@U0474E4KZ>: ok great :simple_smile:",
        "ts": "1457641271.000181"
    },
    {
        "user": "U0S13RXNG",
        "type": "message",
        "subtype": "channel_join",
        "text": "<@U0S13RXNG|dfgv12> has joined the channel",
        "ts": "1457651539.000182"
    },
    {
        "type": "message",
        "user": "U0S13RXNG",
        "text": "Hello where is <@U048T3M8W> I want to translate",
        "ts": "1457651592.000183"
    },
    {
        "type": "message",
        "user": "U04BQ4FMC",
        "text": "welcome <@U0S13RXNG> !",
        "ts": "1457651708.000184"
    },
    {
        "type": "message",
        "user": "U04BQ4FMC",
        "text": "what language?",
        "ts": "1457651717.000185"
    },
    {
        "type": "message",
        "user": "U0S13RXNG",
        "text": "Indonesian and korean :simple_smile:",
        "ts": "1457651729.000186"
    },
    {
        "type": "message",
        "user": "U04BQ4FMC",
        "text": "interesting :simple_smile:",
        "ts": "1457651755.000187"
    },
    {
        "type": "message",
        "user": "U0S13RXNG",
        "text": "btw How many bounty per language?",
        "ts": "1457651792.000188"
    },
    {
        "type": "message",
        "user": "U04BQ4FMC",
        "text": "I would need to look for that info - it was mentioned recently.  Plus, I'm not sure if we are doing any and all languages even.  If you also know some people who could be investors, or are part of a dev community, etc, then that will probably make a difference!",
        "ts": "1457652657.000189"
    },
    {
        "type": "message",
        "user": "U04BQ4FMC",
        "text": "IE, you have a use for the translation right away",
        "ts": "1457652694.000190"
    },
    {
        "type": "message",
        "user": "U0S13RXNG",
        "text": "Are you developer here???",
        "ts": "1457653158.000191"
    },
    {
        "type": "message",
        "user": "U04BQ4FMC",
        "text": "no",
        "ts": "1457653542.000192"
    },
    {
        "type": "message",
        "user": "U04BQ4FMC",
        "text": "what about you?  dev?\n\nwhy do you think it would be a good idea to translate into those languages?",
        "ts": "1457653649.000193"
    },
    {
        "type": "message",
        "user": "U0S13RXNG",
        "text": "to tell other countries about this coin maybe they will interested and join.",
        "ts": "1457653782.000194"
    },
    {
        "type": "message",
        "user": "U0S13RXNG",
        "text": "I'm not the dev",
        "ts": "1457658311.000195"
    }
]