[
    {
        "text": "\n    \n    New User Story created:  *<https:\/\/tree.taiga.io\/project\/synereo-synpm\/us\/46|#46: Multilingual>*\n",
        "username": "Taiga (HJ)",
        "bot_id": "B0KGN1UB1",
        "icons": {
            "image_48": "https:\/\/s3-us-west-2.amazonaws.com\/slack-files2\/bot_icons\/2016-02-09\/20702864161_48.png"
        },
        "attachments": [
            {
                "fallback": "\n    \n    New User Story created:  *<https:\/\/tree.taiga.io\/project\/synereo-synpm\/us\/46|#46: Multilingual>*\n",
                "id": 1,
                "color": "36a64f",
                "fields": [
                    {
                        "title": "Creator",
                        "value": "HJ",
                        "short": true
                    },
                    {
                        "title": "Description",
                        "value": "It makes sense to translate all our content into different languages. A lot of things have to be arranged to make this a reality. Let's make Issues that describe how we're going to do that. In SLack their is a special channel #mulitilingual open for discussion.\n\nBelow are the people that have shown interest in translation.\n\n@troisel77 <mailto:reiseltbneun@yahoo.com|reiseltbneun@yahoo.com>\n@lapin7 <mailto:lapin7@gmail.com|lapin7@gmail.com>\n@delayer <mailto:javydejuan@hotmail.com|javydejuan@hotmail.com>\n@dfgv12 <mailto:dhimas_pambudi@yahoo.com|dhimas_pambudi@yahoo.com>\n@malthusjohn <mailto:malthusjohn@hotmail.com|malthusjohn@hotmail.com>\n@bhokor <mailto:bhokor@gmail.com|bhokor@gmail.com>\n@eeik <mailto:eric@blomquist.ws|eric@blomquist.ws>\nzackjongg@gmail.con",
                        "short": false
                    }
                ]
            }
        ],
        "type": "message",
        "subtype": "bot_message",
        "ts": "1458219923.000013"
    },
    {
        "text": "\n    \n    New Issue created:  *<https:\/\/tree.taiga.io\/project\/synereo-synpm\/issue\/47|#47: translation whitepaper into spanish>*\n",
        "username": "Taiga (Javier de Juan Franco)",
        "bot_id": "B0KGN1UB1",
        "icons": {
            "image_48": "https:\/\/s3-us-west-2.amazonaws.com\/slack-files2\/bot_icons\/2016-03-17\/27450755858_48.png"
        },
        "attachments": [
            {
                "fallback": "\n    \n    New Issue created:  *<https:\/\/tree.taiga.io\/project\/synereo-synpm\/issue\/47|#47: translation whitepaper into spanish>*\n",
                "id": 1,
                "color": "36a64f",
                "fields": [
                    {
                        "title": "Creator",
                        "value": "Javier de Juan Franco",
                        "short": true
                    }
                ]
            }
        ],
        "type": "message",
        "subtype": "bot_message",
        "ts": "1458224249.000014"
    },
    {
        "text": "Changed Issue:  *<https:\/\/tree.taiga.io\/project\/synereo-synpm\/issue\/47|#47: translation whitepaper into spanish>*",
        "username": "Taiga (Javier de Juan Franco)",
        "bot_id": "B0KGN1UB1",
        "icons": {
            "image_48": "https:\/\/s3-us-west-2.amazonaws.com\/slack-files2\/bot_icons\/2016-03-17\/27439820885_48.png"
        },
        "attachments": [
            {
                "fallback": "*assigned_to:* from *Unassigned* to Javier de Juan Franco*",
                "id": 1,
                "color": "daa038",
                "fields": [
                    {
                        "title": "assigned to",
                        "value": "*From* Unassigned *to* Javier de Juan Franco",
                        "short": true
                    }
                ],
                "mrkdwn_in": [
                    "fields",
                    "title",
                    "fallback"
                ]
            }
        ],
        "type": "message",
        "subtype": "bot_message",
        "ts": "1458224263.000015"
    },
    {
        "text": "Changed Issue:  *<https:\/\/tree.taiga.io\/project\/synereo-synpm\/issue\/47|#47: translation whitepaper into spanish>*",
        "username": "Taiga (Javier de Juan Franco)",
        "bot_id": "B0KGN1UB1",
        "icons": {
            "image_48": "https:\/\/s3-us-west-2.amazonaws.com\/slack-files2\/bot_icons\/2016-03-17\/27450755858_48.png"
        },
        "attachments": [
            {
                "fallback": "*status:* from *New* to *Closed*",
                "id": 1,
                "color": "daa038",
                "fields": [
                    {
                        "title": "status",
                        "value": "*From* New *to* Closed",
                        "short": true
                    }
                ],
                "mrkdwn_in": [
                    "fields",
                    "title",
                    "fallback"
                ]
            }
        ],
        "type": "message",
        "subtype": "bot_message",
        "ts": "1458224278.000016"
    },
    {
        "user": "U0TJN6K09",
        "type": "message",
        "subtype": "channel_join",
        "text": "<@U0TJN6K09|agent_kat> has joined the channel",
        "ts": "1458268326.000017"
    },
    {
        "user": "U0TKLLX7Z",
        "type": "message",
        "subtype": "channel_join",
        "text": "<@U0TKLLX7Z|kennyrowe> has joined the channel",
        "ts": "1458279580.000018"
    }
]