[
    {
        "type": "message",
        "user": "U049P4TJ2",
        "text": "Hello , is there a bounty list? I can offer high quality english-german translations, as example from the announcement or translating the web-page or something else - just let me know. With best regards :simple_smile:",
        "ts": "1457338787.000151"
    },
    {
        "type": "message",
        "user": "U0474E4KZ",
        "text": "<@U048T3M8W> ",
        "ts": "1457343627.000152"
    },
    {
        "type": "message",
        "user": "U04BQ4FMC",
        "text": "<@U049P4TJ2>:  - do you know <@U048ERGCQ>  here?  Where are you both from?",
        "ts": "1457347422.000153"
    },
    {
        "user": "U048ERGCQ",
        "inviter": "U04BQ4FMC",
        "type": "message",
        "subtype": "channel_join",
        "text": "<@U048ERGCQ|fabio> has joined the channel",
        "ts": "1457347435.000154"
    },
    {
        "type": "message",
        "user": "U048ERGCQ",
        "text": "I am from Germany, Munich and Berlin",
        "ts": "1457348137.000155"
    },
    {
        "type": "message",
        "user": "U049P4TJ2",
        "text": "<@U04BQ4FMC>: i'm living in the south of germany (most the time), no i don't know fabio.",
        "ts": "1457348425.000156"
    },
    {
        "type": "message",
        "user": "U04BQ4FMC",
        "text": "I lived in southern Germany for several years.  Welcome both of you!  I hope you'll be the start of our first German Node!",
        "ts": "1457349137.000157"
    },
    {
        "type": "message",
        "user": "U0474E4KZ",
        "text": "+1",
        "ts": "1457349546.000158"
    },
    {
        "type": "message",
        "user": "U048ERGCQ",
        "text": ":+1: ",
        "ts": "1457350876.000159"
    },
    {
        "text": "Changed Issue:  *<https:\/\/tree.taiga.io\/project\/synereo-synpm\/issue\/30|#30: Open bounties on main website>*\n\n*Comment by Jim Whitecarver:* Do we have a list of open bounties in any form?  There was a spreadsheet I think.  No?",
        "username": "Taiga (Jim Whitecarver)",
        "bot_id": "B0KGN1UB1",
        "icons": {
            "image_48": "https:\/\/s3-us-west-2.amazonaws.com\/slack-files2\/bot_icons\/2016-02-23\/22678761185_48.png"
        },
        "type": "message",
        "subtype": "bot_message",
        "ts": "1457372725.000160"
    },
    {
        "type": "message",
        "user": "U0474E4KZ",
        "text": "<@U048T3M8W>: how are we doing on that task? Many people are asking for it.",
        "ts": "1457379426.000161"
    },
    {
        "type": "message",
        "user": "U048T3M8W",
        "text": "I would say if you cannot find bounties with tasks in a kind of spreadsheet or whatever, than propose it. Tell the others that you've found or improve what exists. Don't wait for me!! You're all bright people with brains and hands. The one who's most active and gets the most support WINS. Only as a team we can make this decentralized system work. If it becomes too anarchistic and unworkable then we try something else. :-) I don't want to be responsible for stagnation. ",
        "ts": "1457382061.000162"
    },
    {
        "type": "message",
        "user": "U04BQ4FMC",
        "text": ":cyclone:  wait, we need a bounty for listing bounties?  :repeat:",
        "ts": "1457384770.000163"
    },
    {
        "type": "message",
        "user": "U0474E4KZ",
        "text": "We simply need tasks and bounties listed in Taiga in a way that's easy to see and follow from the wiki page we use as the welcome page.",
        "ts": "1457386243.000164"
    }
]