[
    {
        "type": "message",
        "user": "U0DKBHZN1",
        "text": "<@U049CMCCZ>:  Hopefully when the code is finalized, installation script will do the following:  install Docker, Docker compose and configuration files. Running Docker compose will pull all the needed images and start the node.",
        "ts": "1457521068.000169",
        "reactions": [
            {
                "name": "santa",
                "users": [
                    "U04BQ4FMC",
                    "U049CMCCZ",
                    "U0474E4KZ"
                ],
                "count": 3
            }
        ]
    },
    {
        "user": "U0RHXFGG5",
        "type": "message",
        "subtype": "channel_join",
        "text": "<@U0RHXFGG5|chrisbates01> has joined the channel",
        "ts": "1457540559.000170"
    },
    {
        "user": "U0HS7GDRC",
        "type": "message",
        "subtype": "channel_join",
        "text": "<@U0HS7GDRC|philmaher> has joined the channel",
        "ts": "1457545483.000171"
    },
    {
        "text": "Changed Issue:  *<https:\/\/tree.taiga.io\/project\/synereo-synpm\/issue\/30|#30: Open bounties on main website>*\n\n*Comment by Dor Konforty:* @cm is working on it.",
        "username": "Taiga (Dor Konforty)",
        "bot_id": "B0KGN1UB1",
        "icons": {
            "image_48": "https:\/\/s3-us-west-2.amazonaws.com\/slack-files2\/bot_icons\/2016-02-17\/21842347185_48.png"
        },
        "type": "message",
        "subtype": "bot_message",
        "ts": "1457558920.000172"
    },
    {
        "user": "U0RLRNDRP",
        "type": "message",
        "subtype": "channel_join",
        "text": "<@U0RLRNDRP|daniel> has joined the channel",
        "ts": "1457567911.000173"
    }
]