[
    {
        "type": "message",
        "user": "U048X85UT",
        "text": "I cannot get another invite \"ALREADY_INVITED\" or login.  \"Sorry, you may not have an account on this team. Get a list of teams associated with your email address.\".  but no supernet on the list. :disappointed:",
        "ts": "1445782823.000003"
    },
    {
        "type": "message",
        "user": "U048X85UT",
        "text": "is it evil spirits <@U04910F4Z> ? :stuck_out_tongue:",
        "ts": "1445782930.000004"
    }
]