[
    {
        "type": "message",
        "user": "U048X85UT",
        "text": "It seems everyone and their mother has become a social media consultant. A MVP targeting these users might be wildly successful if it made their job easy.",
        "ts": "1436800687.000023"
    },
    {
        "type": "message",
        "user": "U048X85UT",
        "text": "It would need to enable the wiring of feeds for their customers.",
        "ts": "1436800838.000024"
    },
    {
        "type": "message",
        "user": "U048X85UT",
        "text": "bot orchestration.  bots are out there.",
        "ts": "1436801020.000025"
    },
    {
        "type": "message",
        "user": "U048X85UT",
        "text": "It would enable AMPs to function as VIRAL <http:\/\/getviralcoin.com\/>",
        "ts": "1436805819.000026"
    }
]