[
    {
        "type": "message",
        "user": "U04A8095T",
        "text": "<@U04GDL62L>, Google Apps for Work says it allows up to 15 participants.   Its minimum price might be $5\/month and it might required only 1 user at that rate.  I have this service for LivelyGig so I can get a \"vanity\" email domain that acts like all the google tools; however I haven't tested the actual user limit of hangouts.",
        "ts": "1449907851.000023"
    },
    {
        "type": "message",
        "user": "U04BQ4FMC",
        "text": "I definitely second the idea that there are several good opportunities to improve the hangouts.  I think that people who join an HOA with the participation link are always able to see it, but only the 'logged in' 10 have the mic and video bandwidth.  There's an obvious reason for this, and I'm not sure, having say, 30 people all connected at once might reduce the sound or video quality?  Real conversations don't usually happen between more than a few people anyway.  I'm just saying  we probably don't have to worry too much about this 'problem'.  The other ideas should give quick, tangible results.",
        "ts": "1449920434.000024"
    },
    {
        "type": "message",
        "user": "U04GDL62L",
        "text": "The Hangout Q&amp;A feature will expand participation well beyond 10. It can simply be selected as an option while scheduling the HOA (Hangout On Air) a few days before the event. Everyone can propose and rate agenda items in the Q&amp;A in advance of the meeting. Scribing will be much easier because the Q&amp;A window can serve as the basis for our TOC. Each of us can grab a couple of Q&amp;A items to summarize.",
        "ts": "1449936169.000025",
        "reactions": [
            {
                "name": "+1",
                "users": [
                    "U0474E4KZ"
                ],
                "count": 1
            }
        ]
    },
    {
        "type": "message",
        "user": "U04GDL62L",
        "text": "To allay fears that Q&amp;A will impose too much structure and cramp the open, free-flowing style of our Hangouts, have a look at this example. (Warning - language and content may not be suitable)\n<https:\/\/plus.google.com\/hangouts\/onair\/watch?hid=hoaevent\/c81vd47pi1i5qc4ag3lb8jrnc90&amp;ytl=8UjUtC1GBOo&amp;wpsrc=yta>",
        "attachments": [
            {
                "service_name": "Google+",
                "title": "Thursday night  &amp;#39;Live&amp;#39; and &amp;#39;Fully Loaded&amp;#39; with Q&amp;A",
                "title_link": "https:\/\/plus.google.com\/hangouts\/onair\/watch?hid=hoaevent\/c81vd47pi1i5qc4ag3lb8jrnc90&ytl=8UjUtC1GBOo&wpsrc=yta",
                "fallback": "Google+: Thursday night  &amp;#39;Live&amp;#39; and &amp;#39;Fully Loaded&amp;#39; with Q&amp;amp;A",
                "image_url": "http:\/\/ssl.gstatic.com\/chat\/apps\/audience\/hoa_yellow_with_qa.png",
                "from_url": "https:\/\/plus.google.com\/hangouts\/onair\/watch?hid=hoaevent\/c81vd47pi1i5qc4ag3lb8jrnc90&ytl=8UjUtC1GBOo&wpsrc=yta",
                "image_width": 476,
                "image_height": 250,
                "image_bytes": 17265,
                "id": 1
            }
        ],
        "ts": "1449936869.000026",
        "reactions": [
            {
                "name": "+1",
                "users": [
                    "U04BQ4FMC"
                ],
                "count": 1
            }
        ]
    }
]