[
    {
        "type": "message",
        "user": "U04BQ4FMC",
        "text": "Ok, so for tomorrow's HO - there are no special guests or topics?  Just the normal updates, etc.  I'll be posting the G+ event invitation in a few hours.  It helps if everyone who has an account there responds to the post, add a +1, or share, etc.  Remember, it's a network and has a system very similar to REO -  we have to \"click the cows\" so the man behind the curtain knows our intentions, and will show it to other interested people.  The same goes for youtube videos.  The likes, comments and shares all count toward ultimate visibility.  If we have 21 views, we should have that many thumbs-up :simple_smile:",
        "ts": "1450179646.000042",
        "reactions": [
            {
                "name": "+1",
                "users": [
                    "U0474E4KZ"
                ],
                "count": 1
            }
        ]
    },
    {
        "type": "message",
        "user": "U04BQ4FMC",
        "text": "<@U0474AYFT>:",
        "ts": "1450179659.000043"
    },
    {
        "type": "message",
        "user": "U048X85UT",
        "text": "\"The XBridge is what makes it possible for blockchains to become interoperable, mobile, and modular, and in so doing unleashes the potential of the most disruptive technology since the internet. Decentralized apps become lean, scalable, more easily upgradeable, and acquire open-ended utility. In short, the XBridge means that decentralized apps are ready for the real world.\"  <http:\/\/blocknet.co\/>",
        "ts": "1450186410.000044"
    },
    {
        "type": "message",
        "user": "U048X85UT",
        "text": "We are looking at blocknet for blockchain interoperability. It seems to <@U04MGR1RP> and myself pi calc would be perfect for proving intra blockchain transactions. Comments <@U0474AYFT> ?",
        "ts": "1450186829.000045"
    },
    {
        "type": "message",
        "user": "U0474E4KZ",
        "text": "<@U04BQ4FMC>: that's what we want the Q&amp;A for, so that people can ask questions in advance. The hangout Scribe doc is another option, but perhaps one that's less available to the community at large? What do you think?",
        "ts": "1450191560.000046"
    },
    {
        "type": "message",
        "user": "U0474E4KZ",
        "text": "What you wrote about clicking the cows is super important! We should encourage everyone who can to help with that.",
        "ts": "1450191744.000047",
        "reactions": [
            {
                "name": "simple_smile",
                "users": [
                    "U04BQ4FMC"
                ],
                "count": 1
            }
        ]
    },
    {
        "type": "message",
        "user": "U0474E4KZ",
        "text": "<@U048X85UT>: Blocknet is an old project that doesn't seem to be going anywhere. Are you aware of any real developments there?",
        "ts": "1450191794.000048"
    },
    {
        "type": "message",
        "user": "U0474E4KZ",
        "text": "Seems to have started mostly as a cashgrab.",
        "ts": "1450191798.000049"
    },
    {
        "type": "message",
        "user": "U048X85UT",
        "text": "It is blocknet functionality that is necessary.  The open source code and community may of may not aid our so called stagnant community just awakening now.  The issue is blockchain interaction and how to prove it. bitnation started as grabcash and became anarchist.  blocknet like <#C04BLQ4CX>  is trying to do too much at one time.  There is a lot there that may or nmay not be useful.",
        "ts": "1450196071.000050"
    }
]