[
    {
        "type": "message",
        "user": "U048X85UT",
        "text": "One way is to issue a per person daily allocation of unearned AMPs, use them or lose them.  AMPs up to this level may be considered dust and not recorded on the block chain.  Then everything is powered by AMPs and you get rid of mostly zero sum dust that would otherwise be expensive to account for.  Friends and family average joe interaction would be free, taxed by the network only for excess earned AMPs.  It is Jefferson's dream that the average man is promoted not taxed.",
        "ts": "1428321175.000060"
    },
    {
        "type": "message",
        "user": "U0474E4KZ",
        "text": "That's a great idea.",
        "ts": "1428337990.000061"
    }
]