[
    {
        "type": "message",
        "user": "U04BQ4FMC",
        "text": "If the only benefit is getting more than 10 people on 2 way commo, I think it is likely beyond practical advantage.  Especially if we are going to have some pre-set material, and follow a scripted order of business.  Only 2 or 3 need to be on Live for most parts, and the host needs to move things along anyway.  If we have 50 people, there will inevitably be disruptions and more problems, which will interrupt the flow of the recording.  Remember, there are no limits to how many people can log in and watch it live, and also ask questions via external networks like twitter, or youtube comments, etc.",
        "ts": "1450106232.000036"
    },
    {
        "type": "message",
        "user": "U04BQ4FMC",
        "text": "Also, speaking of improving the HOAs on G+, do you think it will be possible to have the key topics decided, guests, etc and that info posted somewhere around 48 hrs before the hangouts?  (meta doc, slack, ...)   That way the Google Event\/HOA invitations will have more appeal, I think.  <@U0474E4KZ> , <@U0FESR742> , <@U048T3M8W>",
        "ts": "1450144234.000037",
        "reactions": [
            {
                "name": "+1",
                "users": [
                    "U0474E4KZ",
                    "U04GDL62L"
                ],
                "count": 2
            }
        ]
    },
    {
        "user": "U048T3M8W",
        "inviter": "U04BQ4FMC",
        "type": "message",
        "subtype": "channel_join",
        "text": "<@U048T3M8W|lapin7> has joined the channel",
        "ts": "1450144287.000038"
    },
    {
        "type": "message",
        "user": "U048T3M8W",
        "text": "In the doc below the scribes can add a kind of agenda. The scribes follow Slack and if they see something interesting that needs to be spoken about, then they add it to the agenda. A week before each Hangout a new summary doc will be created. It can be edited thereafter. <https:\/\/docs.google.com\/document\/d\/1ECSzUPU4m1vBNCpyau4gKmdeTmlEa-jXQpxgoY2oBH0\/edit#heading=h.ap3cd9jbtka2>",
        "ts": "1450165546.000039"
    },
    {
        "type": "message",
        "subtype": "file_share",
        "text": "<@U048T3M8W|lapin7> shared a file: <https:\/\/synereonet.slack.com\/files\/lapin7\/F0GLG9X7U\/hangout20151216|Hangout 20151216>",
        "file": {
            "id": "F0GLG9X7U",
            "created": 1450165548,
            "timestamp": 1450165548,
            "name": "Hangout20151216",
            "title": "Hangout 20151216",
            "mimetype": "application\/vnd.google-apps.document",
            "filetype": "gdoc",
            "pretty_type": "GDocs Document",
            "user": "U048T3M8W",
            "editable": false,
            "size": 767,
            "mode": "external",
            "is_external": true,
            "external_type": "gdrive",
            "is_public": true,
            "public_url_shared": false,
            "display_as_bot": false,
            "username": "",
            "url_private": "https:\/\/docs.google.com\/document\/d\/1ECSzUPU4m1vBNCpyau4gKmdeTmlEa-jXQpxgoY2oBH0\/edit?usp=drivesdk",
            "thumb_64": "https:\/\/a.slack-edge.com\/66f9\/img\/files\/gdraw_64.png",
            "thumb_360": "https:\/\/a.slack-edge.com\/272a\/img\/files\/gdoc_360.png",
            "thumb_360_w": 360,
            "thumb_360_h": 167,
            "permalink": "https:\/\/synereonet.slack.com\/files\/lapin7\/F0GLG9X7U\/hangout20151216",
            "channels": [
                "C0474CFTH",
                "C0474C7V9"
            ],
            "groups": [
    
            ],
            "ims": [
    
            ],
            "comments_count": 0
        },
        "user": "U048T3M8W",
        "upload": false,
        "display_as_bot": false,
        "username": "<@U048T3M8W|lapin7>",
        "bot_id": null,
        "ts": "1450165548.000040"
    },
    {
        "type": "message",
        "user": "U048T3M8W",
        "text": "And when the new \"empty\" summary is good enough, it can be published.",
        "ts": "1450165647.000041"
    }
]