[
    {
        "type": "message",
        "user": "U0474E4KZ",
        "text": "<@U0FESR742>: can you take care of scheduling the HoA with the Q&amp;A feature in advance?",
        "ts": "1450011386.000028"
    },
    {
        "type": "message",
        "user": "U048X85UT",
        "text": "I have suggested <http:\/\/zoom.us|zoom.us> free or unlimited  time for 50 people $14.99\/mo.  I've been using my brother's account but it is so good I just bought my own,",
        "ts": "1450013920.000029"
    },
    {
        "type": "message",
        "user": "U048X85UT",
        "text": "join my meeting and check it out <https:\/\/zoom.us\/j\/6853551826>",
        "ts": "1450014102.000030"
    },
    {
        "type": "message",
        "user": "U048X85UT",
        "text": "is great for work session too.  It supports remote control which can be really handy.",
        "ts": "1450014298.000031"
    },
    {
        "type": "message",
        "user": "U048X85UT",
        "text": "no signup required to join meeting",
        "ts": "1450016097.000032"
    },
    {
        "type": "message",
        "user": "U04GDL62L",
        "text": "Until open video-conferencing standards like WebRTC are good enough to do the job, I prefer running with the devil I know vs. the devil I don't know. \"Zoom\" requires an external launcher \/ plugin to be installed on your computer. What assurances re: malware, spyware, etc.?",
        "ts": "1450023586.000033"
    },
    {
        "type": "message",
        "user": "U048X85UT",
        "text": "There is never assurance but over 140,000 Companies use zoom and it  passed etrust privacy certification.  I've used zoom with some who refuse to use google.",
        "ts": "1450024150.000034"
    },
    {
        "type": "message",
        "user": "U04GDL62L",
        "text": "We want to make it easy for new participants to find the Hangout and join in. Who doesn't use YouTube?",
        "ts": "1450024462.000035"
    }
]