[
    {
        "type": "message",
        "user": "U048X85UT",
        "text": "What is the relation between attention and enthusiasm?  Does monetizing attention promote enthusiasm.  Reo is a trust factor but amps do not achieve <#C04BLQ4CX>.  Enthusiasm can result in AMPing content but can it be amped in a reactive manner?",
        "ts": "1437667470.000003"
    },
    {
        "type": "message",
        "user": "U048X85UT",
        "text": "\"The great accomplishments of man have resulted from the transmission of ideas of enthusiasm.\"\n- Thomas J. Watson",
        "ts": "1437667475.000004"
    },
    {
        "type": "message",
        "user": "U048X85UT",
        "text": "I suppose amping contagious attention is amping enthusiasm.",
        "ts": "1437667870.000005"
    },
    {
        "type": "message",
        "user": "U048X85UT",
        "text": "The nonlinearity requires a constraint.",
        "ts": "1437667942.000006"
    }
]