[
    {
        "user": "U048X85UT",
        "type": "message",
        "subtype": "channel_join",
        "text": "<@U048X85UT|jimscarver> has joined the channel",
        "ts": "1428014039.000002"
    },
    {
        "user": "U048XN527",
        "type": "message",
        "subtype": "channel_join",
        "text": "<@U048XN527|adamhackbarth> has joined the channel",
        "ts": "1428016340.000003"
    },
    {
        "user": "U04910F4Z",
        "type": "message",
        "subtype": "channel_join",
        "text": "<@U04910F4Z|jsgalt> has joined the channel",
        "ts": "1428028122.000004"
    },
    {
        "type": "message",
        "user": "U04910F4Z",
        "text": "Hey! Here's an idea. How about plugins to top social networks. facebook, tweeter, pinterest, w,e. \n\nTheir main goal, to attract users to Synereo. \n\nTo do so, they could share content from Synereo say an hour later, and than add at the end  (Posted form Synereo) or (Add me on Synereo at XXXXX).",
        "ts": "1428028221.000005"
    }
]