[
    {
        "user": "U0474AT8P",
        "type": "message",
        "subtype": "channel_join",
        "text": "<@U0474AT8P|nic> has joined the channel",
        "ts": "1427668347.000002"
    },
    {
        "user": "U0474AT8P",
        "purpose": "A channel dedicated to ideas",
        "type": "message",
        "subtype": "channel_purpose",
        "text": "<@U0474AT8P|nic> set the channel purpose: A channel dedicated to ideas",
        "ts": "1427668348.000003"
    },
    {
        "user": "U0474AT8P",
        "purpose": "A channel dedicated to ideas of any kind, related to Synereo",
        "type": "message",
        "subtype": "channel_purpose",
        "text": "<@U0474AT8P|nic> set the channel purpose: A channel dedicated to ideas of any kind, related to Synereo",
        "ts": "1427668980.000004"
    },
    {
        "user": "U0474E4KZ",
        "type": "message",
        "subtype": "channel_join",
        "text": "<@U0474E4KZ|dor> has joined the channel",
        "ts": "1427669021.000005"
    },
    {
        "user": "U046F1278",
        "type": "message",
        "subtype": "channel_join",
        "text": "<@U046F1278|yuvadm> has joined the channel",
        "ts": "1427669995.000006"
    }
]