[
    {
        "type": "message",
        "user": "U048X85UT",
        "text": "<@U0474AYFT> mentions how ambiguity can lead to  chaotic behavior.  I say uncertainty must be imbraced.  To  effectively have user resolve ambiguity we need to ask the best questions.  This made me think of Knuth K.H. 2005. Toward question-asking machines: The logic of questions and the inquiry calculus.  <http:\/\/knuthlab.rit.albany.edu\/papers\/knuth-aistats05-pub.pdf>",
        "edited": {
            "user": "U048X85UT",
            "ts": "1450377185.000000"
        },
        "ts": "1450377133.000051"
    },
    {
        "type": "message",
        "user": "U0474AYFT",
        "text": "<@U048X85UT>: that wasn't quite what i said!",
        "ts": "1450377742.000053"
    },
    {
        "type": "message",
        "user": "U0474AYFT",
        "text": "What i said was that once contracts begin interacting with each other chaos (in the technical sense of that word) is next to impossible to prevent.",
        "ts": "1450377775.000054"
    },
    {
        "type": "message",
        "user": "U0474AYFT",
        "text": "Types can help tame the situation, but cannot eliminate it.",
        "ts": "1450377797.000055"
    },
    {
        "type": "message",
        "user": "U048X85UT",
        "text": "I am suggesting that intelligence is needed  ultimately to resolve chaos as in the case you introduced of interpreting a user request, determining which contracts in what manner apply with the minimum number of questions as an example.",
        "ts": "1450382269.000056"
    }
]