[
    {
        "type": "message",
        "user": "U0474E4KZ",
        "text": "<http:\/\/www.theverge.com\/2015\/9\/17\/9338963\/welcome-to-hell-apple-vs-google-vs-facebook-and-the-slow-death-of-the-web>",
        "attachments": [
            {
                "service_name": "The Verge",
                "title": "Welcome to hell: Apple vs. Google vs. Facebook and the slow death of the web",
                "title_link": "http:\/\/www.theverge.com\/2015\/9\/17\/9338963\/welcome-to-hell-apple-vs-google-vs-facebook-and-the-slow-death-of-the-web",
                "text": "So let's talk about ad blocking. You might think the conversation about ad blocking is about the user experience of news, but what we're really talking about is money and power in Silicon Valley....",
                "fallback": "The Verge: Welcome to hell: Apple vs. Google vs. Facebook and the slow death of the web",
                "image_url": "https:\/\/cdn0.vox-cdn.com\/thumbor\/MbNJvzi10F8H1xWr6IusAI9xthA=\/0x31:600x369\/1600x900\/cdn0.vox-cdn.com\/uploads\/chorus_image\/image\/47204208\/default-new.12.0.jpg",
                "ts": 1442493132,
                "from_url": "http:\/\/www.theverge.com\/2015\/9\/17\/9338963\/welcome-to-hell-apple-vs-google-vs-facebook-and-the-slow-death-of-the-web",
                "image_width": 444,
                "image_height": 250,
                "image_bytes": 147579,
                "id": 1
            }
        ],
        "ts": "1442825260.000010"
    },
    {
        "type": "message",
        "user": "U0474E4KZ",
        "text": "<@U04BQ4FMC>: I think you either have to provide more information or go for a less complex description there.",
        "edited": {
            "user": "U0474E4KZ",
            "ts": "1442825610.000000"
        },
        "ts": "1442825605.000012"
    },
    {
        "type": "message",
        "user": "U0474E4KZ",
        "text": "it's not really clear how content creators get compensated in your description.",
        "ts": "1442825651.000014"
    },
    {
        "type": "message",
        "user": "U0474E4KZ",
        "text": "this blog post may help:\n<http:\/\/blog.synereo.com\/2015\/03\/27\/how-amps-work\/>",
        "attachments": [
            {
                "text": "Synereo\u2019s crypto-token, the AMP, has an inherent use and value on the Synereo network.",
                "fallback": "Synereo\u2019s crypto-token, the AMP, has an inherent use and value on the Synereo network.",
                "from_url": "http:\/\/blog.synereo.com\/2015\/03\/27\/how-amps-work\/",
                "id": 1
            }
        ],
        "ts": "1442825707.000015"
    },
    {
        "type": "message",
        "user": "U04BQ4FMC",
        "text": "Thanks <@U0474E4KZ> .  Do you have any info on the economic principles of a network like synereo?  I was trying for a very general description first, then will narrow it down to Synereo specifics, like using the term amps, etc.",
        "ts": "1442879890.000017"
    }
]