[
    {
        "user": "U06AAH8F3",
        "type": "message",
        "subtype": "channel_join",
        "text": "<@U06AAH8F3|eeik> has joined the channel",
        "ts": "1448011044.000003"
    },
    {
        "type": "message",
        "user": "U06AAH8F3",
        "text": "<@U048X85UT>: have you been in contact with the \"kube\" team in any way? There seems to be some strategic overlap between them and Synereo for sure. I'm all for collaborative competition and win-wins but when products seem to be both in early stages with presumably brilliant minds at work on both ... why not join forces in some way from the get-go. I like your suggestion ... any motion on your end with making the team connection more concrete?",
        "ts": "1448012960.000004"
    },
    {
        "type": "message",
        "user": "U06AAH8F3",
        "text": "Aloha <#C0474CFTH> thinkers, I have a good friend who is also in touch with several other blockchain backed products whom I respect a great deal. His expertise is in self-determination socially and politically and his concerns are commanding a great deal of attention from several folks int he blockchain tech circles. I'd like to get some initial discussion going around three of his specific questions he's posed to me that I don't have a direct answer for, *yet*. I'd like to propose that we discuss these on next week's community hangout. I'll work on wrangling him onto the call as well as best I can to help facilitate the dialogue.\n\n** 1 ** Upon initial digestion of the Synereo slides for 'Current' under the Attention model, what I see is capitalism. In other words, a cat pic can become dominate in the network regardless of its absolute unimportance which is an absolute waste of \"MY\" attention. How am I compensated for being made dumber for seeing it? In this way, and perhaps I'm missing some key ingredients, the system seems more like a battlefield, where those who invest more energy into being heard are the dominate voices, and they inherently have greater and greater influence to blast out of ear-shot the real content that \"I\" desire to focus on. I realize this is all mitigated through clever mechanisms in order to allow me to 'discharge' the FURTHER influence any post may have, but I don't see how it compensates me for wasting my attention - DEBITING the users who propagate crap, rather than reward them for having greater influence by mere popularity.\n\n** 2 ** I see Charge as model of neural activity, but the association model is based upon TAGS that are randomly given, rather than the actual value of the content. Since TAGS mean different things to different people ('self-governance' as an automated function of blockchain DAO's vs 'self-governance' as requisite part of self-determination, for example) my attention is drawn away from what I am really interested in because far fewer people genuinely grok the latter meaning, so I'm being manipulated into focusing on irrelevant content because of a TAG's lack of proper universal context.\n\n** 3 ** How do I find others in Synereo? I have to be introduced to them? While the object of privacy for this method is well served, it is at the expense of something I find FAR more valuable, and that is having INFINITE access to content and people that I otherwise might not ever know existed because Synereo blinds me from the start in the name of privacy. I don't know, maybe this concern is offset by other parameters, but I don't want to be blinded from everything as a default over legitimate privacy concerns; that defeats the purpose of being globally connected.",
        "ts": "1448014045.000005",
        "reactions": [
            {
                "name": "+1",
                "users": [
                    "U049CMCCZ"
                ],
                "count": 1
            }
        ]
    }
]