[
    {
        "type": "message",
        "subtype": "file_share",
        "text": "<@U04GDL62L|drbloom> shared a file: <https:\/\/synereonet.slack.com\/files\/drbloom\/F056D098R\/The_Three_Economies_of_online_currency|The Three Economies of online currency>",
        "file": {
            "id": "F056D098R",
            "created": 1433371656,
            "timestamp": 1433371673,
            "name": "The_Three_Economies_of_online_currency",
            "title": "The Three Economies of online currency",
            "mimetype": "text\/plain",
            "filetype": "space",
            "pretty_type": "Post",
            "user": "U04GDL62L",
            "editable": true,
            "size": 590,
            "mode": "space",
            "is_external": false,
            "external_type": "",
            "is_public": true,
            "public_url_shared": false,
            "display_as_bot": false,
            "username": "",
            "url_private": "https:\/\/files.slack.com\/files-pri\/T0474AT8K-F056D098R\/The_Three_Economies_of_online_currency?t=xoxe-4242367291-28095460608-28095460624-739c22ae7e",
            "url_private_download": "https:\/\/files.slack.com\/files-pri\/T0474AT8K-F056D098R\/download\/The_Three_Economies_of_online_currency?t=xoxe-4242367291-28095460608-28095460624-739c22ae7e",
            "permalink": "https:\/\/synereonet.slack.com\/files\/drbloom\/F056D098R\/The_Three_Economies_of_online_currency",
            "permalink_public": "https:\/\/slack-files.com\/T0474AT8K-F056D098R-92e19f9df3",
            "preview": "<document><p>Here is a link to the article that was briefly discussed during today&#39;s hangout.<\/p><p><a href=\"http:\/\/human20.com\/free-reputation-for-everyone-the-three-non-traditional-economies\/\">Human 2.0 Article<\/a><\/p><p>![Ven Diagram of 3 online currencies] (<a href=\"http:\/\/human20.com\/wp-content\/uploads\/2009\/07\/3economiesvenn-300x249.png\">http:\/\/human20.com\/wp-content\/uploads\/2009\/07\/3economiesvenn-300x249.png<\/a>)<\/p><\/document>",
            "updated": "1433371673",
            "editor": "U04GDL62L",
            "last_editor": "U04GDL62L",
            "state": "locked",
            "channels": [
                "C0474CFTH"
            ],
            "groups": [
    
            ],
            "ims": [
    
            ],
            "comments_count": 0
        },
        "user": "U04GDL62L",
        "upload": false,
        "display_as_bot": false,
        "username": "<@U04GDL62L|drbloom>",
        "bot_id": null,
        "ts": "1433371706.000003"
    }
]