[
    {
        "type": "message",
        "user": "U048XN527",
        "text": "I think the survival of a great tool like Synereo is how it plays well with what we already do on a day-to-day basis. An \"Internet Channel Guide\" of <http:\/\/Twitch.TV|Twitch.TV>, podcasts  and YouTube channels would be fantastic. One section where you can share with your friends (or manage privately for yourself) all the channels you are subscribed to on various networks, all within one space. The point is this: what can be built within Synereo which makes our online experience better? For me, I really wish I could go to one space and click on a YouTube subscription I want to watch, a podcast I want to see or hear, or a <http:\/\/Twitch.TV|Twitch.TV> stream I feel like watching. I imagine a sort of \"channel guide\" for the internet. And of course if you want to promote one of the shows you are watching, you can AMPlify it.",
        "edited": {
            "user": "U048XN527",
            "ts": "1428496140.000000"
        },
        "ts": "1428496074.000064"
    },
    {
        "type": "message",
        "user": "U0474E4KZ",
        "text": "That's one feature I want to have very much since it's sorely lacking for my use.",
        "ts": "1428501619.000066"
    }
]