[
    {
        "type": "message",
        "user": "U0474AT8P",
        "text": "Dor I\u2019d love an app like that!",
        "ts": "1435750515.000016"
    },
    {
        "type": "message",
        "user": "U0474E4KZ",
        "text": ":smile:",
        "ts": "1435775513.000017"
    },
    {
        "type": "message",
        "user": "U0474E4KZ",
        "text": "let's hope we can make it.",
        "ts": "1435775517.000018"
    },
    {
        "type": "message",
        "user": "U048X85UT",
        "text": "The hangout discussion of using scala.js raises the question of how hard it might be to create a Synereo lite that runs  in the browser with nothing to install.  It could also easily be packaged in a native  app.",
        "edited": {
            "user": "U048X85UT",
            "ts": "1435777831.000000"
        },
        "ts": "1435777758.000019"
    }
]