[
    {
        "type": "message",
        "user": "U048X85UT",
        "text": "A Social Media framework to support Engineering Design Communication  <http:\/\/www.sciencedirect.com\/science\/article\/pii\/S1474034613000712>",
        "ts": "1446467689.000008"
    },
    {
        "type": "message",
        "user": "U048X85UT",
        "text": "<https:\/\/kube.is\/>",
        "attachments": [
            {
                "fallback": "A 1363x721px image",
                "image_url": "https:\/\/s3.amazonaws.com\/kube-is\/alpha\/img\/kube_logo_twitter.png",
                "from_url": "https:\/\/kube.is\/",
                "image_width": 473,
                "image_height": 250,
                "image_bytes": 84792,
                "id": 1
            }
        ],
        "ts": "1446472123.000009"
    },
    {
        "type": "message",
        "user": "U048X85UT",
        "text": "kube favorited a synereo tweet.  Perhaps we could do social contract integration for them and join them in kickstarter, or something.",
        "ts": "1446472268.000011"
    },
    {
        "type": "message",
        "user": "U048X85UT",
        "text": "it could be a synereo MVP",
        "ts": "1446472310.000012"
    },
    {
        "type": "message",
        "user": "U048X85UT",
        "text": "support of kube channels is all that is required,",
        "ts": "1446472915.000013"
    }
]