[
    {
        "type": "message",
        "user": "U0474E4KZ",
        "text": "That's an amazing idea.",
        "ts": "1428053382.000006"
    },
    {
        "type": "message",
        "user": "U0474AT8P",
        "text": "I like it!",
        "ts": "1428086154.000007"
    },
    {
        "type": "message",
        "user": "U04910F4Z",
        "text": "Great! :smile: I'd do I for sure, as I'm an active content creator, but sick of the lack of privacy and indeed lack of respect for my attention on facebook in particular",
        "ts": "1428095288.000008"
    },
    {
        "type": "message",
        "user": "U04910F4Z",
        "text": "tho tweeter cant be far",
        "ts": "1428095296.000009"
    },
    {
        "user": "U048NQPTE",
        "type": "message",
        "subtype": "channel_join",
        "text": "<@U048NQPTE|joshn> has joined the channel",
        "ts": "1428095479.000010"
    },
    {
        "user": "U049CMBV9",
        "type": "message",
        "subtype": "channel_join",
        "text": "<@U049CMBV9|pythagoras> has joined the channel",
        "ts": "1428096908.000011"
    },
    {
        "user": "U048QD6CG",
        "type": "message",
        "subtype": "channel_join",
        "text": "<@U048QD6CG|ryan> has joined the channel",
        "ts": "1428103875.000012"
    },
    {
        "user": "U048QFUPC",
        "type": "message",
        "subtype": "channel_join",
        "text": "<@U048QFUPC|kimmyf> has joined the channel",
        "ts": "1428104824.000013"
    },
    {
        "type": "message",
        "user": "U048X85UT",
        "text": "I love in quora how you just check post to facebook and twitter if you want.  I sure would miss that capability if synerio is missing that, but is easy to do and somebody will do it, it could even be me :stuck_out_tongue:",
        "ts": "1428105698.000014"
    },
    {
        "type": "message",
        "user": "U048X85UT",
        "text": "I am planning some plug-ins  to social networks for an identity ecosystem govt. pilot.",
        "ts": "1428105769.000015"
    },
    {
        "type": "message",
        "user": "U048X85UT",
        "text": "A facebook user would plug in to synereo  FreeTrust networks to control access to their toaster, bank account, or social security check with trust network built bottom up and integrating with  the top down.",
        "ts": "1428106066.000016"
    },
    {
        "type": "message",
        "user": "U048X85UT",
        "text": "But once a user plug-in to synereo,  they will never go back.  Resistance is futile :stuck_out_tongue:",
        "ts": "1428106127.000017"
    },
    {
        "type": "message",
        "user": "U04910F4Z",
        "text": ":smile: totally. Use a blockchain in the middle to secure the machine control",
        "ts": "1428106457.000018"
    },
    {
        "type": "message",
        "user": "U048X85UT",
        "text": "We propose to support blockchain id and authorizations as well the identity ecosystem UMA, XACML etc.,, all managed from  synereo, from where you are your own identity provider.",
        "ts": "1428106797.000019"
    },
    {
        "type": "message",
        "user": "U048X85UT",
        "text": "according to your social contracts.",
        "ts": "1428106853.000020"
    },
    {
        "user": "U049F88PR",
        "type": "message",
        "subtype": "channel_join",
        "text": "<@U049F88PR|calem> has joined the channel",
        "ts": "1428113945.000021"
    },
    {
        "type": "message",
        "user": "U04910F4Z",
        "text": "What about blockchain agnoticism. Can I use NXT's chain instead?",
        "ts": "1428117071.000022"
    }
]