[
    {
        "type": "message",
        "user": "U0474E4KZ",
        "text": "Could you elaborate on what you mean precisely by \"economic principles\"?",
        "ts": "1442908850.000018"
    },
    {
        "type": "message",
        "user": "U04BQ4FMC",
        "text": "Sure.  And thanks for the link above - I also found the new chapter in that ongoing series (forgot the name at the moment), that also really helped to clarify the whole process.  I'm thinking along the lines of an equation, for example, as in the 'law' of supply &amp; demand.  How can I run a hypothetical community through some actions on the network, and see what happens to the total amps, the value, etc - how are values conserved and the like?  <@U0474E4KZ>",
        "ts": "1442946634.000019"
    }
]