[
    {
        "type": "message",
        "user": "U04GDL62L",
        "text": "To amplify what <@U048X85UT> said before leaving yesterday's hangout; recently we have been hitting the 10 participant limit during our community meetings. How can we best welcome newcomers, engage active members, and keep everyone updated on our progress?\n\nHere are some ideas:\n* Solicit community input in creating a recipe\/playbook for Community Hangouts.\n* Designate a Host &amp; Co-host (moderator) for each Hangout\n* Publish the Hangout link everywhere\n* Email video participant links privately (listing on #Slack is OK so far, but easy to abuse)\n* Enable the Q&amp;A App within Hangouts, and repeatedly invite live viewers to use it.\n* Run a rehearsal\/coaching session to teach potential hosts &amp; moderators how to do these tasks.\n\nI became active in the Synereo Community, after viewing a live Hangout hosted by <@U0474AYFT> . He saw an anonymous viewer lurking, and asked me to 'join the conversation', giving the participant link right in the YouTube comments. In later meetings he switched to giving out the participant link in #Slack because posting the link openly led to abuse. \n\nEven if we have to limit live video participation to 10 users, we can keep growing Hangout participation by utilizing Q&amp;A. Questions can be submitted to the Hangout long before the broadcast begins, as well as during. Viewers can vote on questions and moderators can remove spam questions from view.\n\nWhat is missing from this picture is how to get immediate feedback from viewers. How do we know if they like or dislike what they see? Any ideas?",
        "edited": {
            "user": "U04GDL62L",
            "ts": "1449790175.000000"
        },
        "ts": "1449789903.000019",
        "reactions": [
            {
                "name": "+1",
                "users": [
                    "U0474E4KZ"
                ],
                "count": 1
            }
        ]
    }
]