[
    {
        "type": "message",
        "user": "U04BQ4FMC",
        "text": "Hey folks, I commented on a recent article on 'the death of the internet' kind of topic, based on adblockers taking the means of survival away from smaller players, which will leave only the biggest ones.  I'd like some feedback on what I wrote, especially from Synereo founders who understand how it can\/will work.  The first part was directed toward the idea that the problem is due to _people wanting everything for free_.  \"Who pays the content creator?  Advertisers.  What are they paying for?  Reader's attention.  How much does the reader get for that?  Nothing.  So who is asking for 'everything for free'?  For one, content creators, because they are being hosted by monopolistic channels for free.  Do these channels share ad revenue with said content creators?  Nope.  Second, the Advertisers.  Wait! -you say, they are paying for their ad placement.  Yes, but they are not paying the actual owner of the object of value - attention.\"   Then I went into a kind of summary description: \n  \"Right now, a new \"attention economy\" is starting to form.  In it, content creators will band together to form their own, open source networks.  The networks themselves will be monetized with cryptocurrency, and the prime object of value will be user's attention.  So instead of paying \"advertising agencies\" (tech bottleneckers) for placement on a channel, businesses who seek the attention of potential customers will pay into the network, and people who opt in (with \"ad selectors\", instead of ad blockers) will receive that money -- remuneration for their object of value- directly.  Note that in this system, content creators will also be remunerated for their work, based on how much attention each item gets.  This is in addition to any 'micropayment' schemes.  Also note that this maintains the extremely important part where information flows freely to users and would-be innovators.  Finally, human beings have ownership and control of their most precious resource: their time and attention, and how they choose to spend it.  Artists and audience, makers and users, all come together in a public sphere that no one owns or controls, and trade in a truly free market.\ufeff\"   Please feel free to be critical, I'd like to refine and\/or correct any problems in the description.  <@U0474E4KZ>  <@U0474AYFT> <@U048X85UT>  <@U0474AT8P>",
        "ts": "1442672771.000007"
    },
    {
        "user": "U0474AYFT",
        "inviter": "U04BQ4FMC",
        "type": "message",
        "subtype": "channel_join",
        "text": "<@U0474AYFT|leithaus> has joined the channel",
        "ts": "1442672791.000008"
    },
    {
        "type": "message",
        "user": "U04BQ4FMC",
        "text": "The first part (in quotes) probably needs clarification, since I'm really talking about 2 different contexts: one with blog or site owners who are the content creators too, and then the other scenario, where places like FB are hosting content creators and making the money.",
        "ts": "1442673034.000009"
    }
]