[
    {
        "user": "U049CMCCZ",
        "type": "message",
        "subtype": "channel_join",
        "text": "<@U049CMCCZ|henri> has joined the channel",
        "ts": "1430137110.000083"
    },
    {
        "type": "message",
        "user": "U0474E4KZ",
        "text": "The inherent quantity of a message on Synereo is the Current.",
        "ts": "1430161476.000084"
    },
    {
        "type": "message",
        "user": "U0474E4KZ",
        "text": "<http:\/\/www.synereo.com\/learn-more\/#current>",
        "ts": "1430161490.000085"
    },
    {
        "type": "message",
        "user": "U04BQ4FMC",
        "text": "Thanks <@U0474E4KZ> - I am getting too literal with E\/M terminology.  So AMPs will only refer to the extra boost you can add to a post if you want, (and the crypto in general) and the inherent \"energy\" of a normal post is Current.",
        "ts": "1430162357.000086"
    },
    {
        "type": "message",
        "user": "U0474E4KZ",
        "text": "Exactly. :simple_smile:",
        "ts": "1430163113.000087"
    },
    {
        "type": "message",
        "user": "U048X85UT",
        "text": "can we say amps used to boost content go into a pool that is divided  among creators, promoter and readers according to the attention generated?",
        "ts": "1430164207.000088"
    },
    {
        "type": "message",
        "user": "U04BQ4FMC",
        "text": "- and their respective REO scores.  That sounds correct.  Have you read the whitepaper <@U048X85UT> ?",
        "ts": "1430167713.000089"
    },
    {
        "type": "message",
        "user": "U048X85UT",
        "text": "I do need a careful reread of the whitepaper, I read earlier version and am in information overload getting things a bit mixed up sometimes.",
        "edited": {
            "user": "U048X85UT",
            "ts": "1430168354.000000"
        },
        "ts": "1430168215.000090"
    }
]