[
    {
        "type": "message",
        "user": "U0474E4KZ",
        "text": "<@U06AAH8F3>: 1) you'll simply stop seeing content from people who spam out cutesy things if you don't engage with them. (why friend them in the first place?)",
        "ts": "1448368760.000007"
    },
    {
        "type": "message",
        "user": "U0474E4KZ",
        "text": "2) Our label model is different from the standard you're used to on social networks. I'll let Greg elaborate on it.  Regardless, our system isn't quite advanced enough to analyze a post's meaning to such a degree. :simple_smile:",
        "ts": "1448369074.000010"
    },
    {
        "type": "message",
        "user": "U0474E4KZ",
        "text": "3) No, you don't. Many people will choose to appear in searches and be available to find and connect with globally.",
        "ts": "1448369106.000011",
        "reactions": [
            {
                "name": "+1",
                "users": [
                    "U04BQ4FMC"
                ],
                "count": 1
            }
        ]
    },
    {
        "type": "message",
        "user": "U04BMCE7Q",
        "text": "Hey Guys I made account on Instagram for upload synereo meme contest pic u can join me on @synereo on instagram",
        "ts": "1448428004.000012"
    }
]