[
    {
        "user": "U04AJ2WH0",
        "type": "message",
        "subtype": "channel_join",
        "text": "<@U04AJ2WH0|christianpeirson> has joined the channel",
        "ts": "1433982168.000005"
    },
    {
        "type": "message",
        "user": "U04AJ2WH0",
        "text": "<https:\/\/www.linkedin.com\/in\/brucedamer> + <https:\/\/www.facebook.com\/bdamer> might be a helpful person to contact if you need any advice to push this platform to the next level. His background is in A.I, NASA research and Software development. I am sure he would make some time for you guys because your dealing with such monumental issues.",
        "ts": "1433982247.000006"
    }
]