[
    {
        "type": "message",
        "user": "U04BQ4FMC",
        "text": "This was asked above, and I didn't see a response.  \" AMP's are needed for normal posts or just enhance posts? \"  I think that there is technically some amps attached to any post, but I'm not sure.  I think that the 'inherent' amps might be generated with the post, based on your REO, and who &amp; how many it's being delivered to.  At least with the electrical model, the total distance traveled needs a certain charge to get there.",
        "ts": "1429973523.000080"
    },
    {
        "type": "message",
        "user": "U048X85UT",
        "text": "No AMPs will be needed for basic usage of the platform.",
        "ts": "1429980831.000081"
    },
    {
        "type": "message",
        "user": "U04BQ4FMC",
        "text": "But each post has a finite quantity of amps that it moves through the network with, finally running out if no one shares or amps it.  This is what I mean by 'inherent amps'.  That does not mean that you have to use amps from your own stock if you don't want to boost it.  Also note that users will be earning amps by joining, and by using their attention on the network.  It may be that down in the code, when you post (a form of attention) you earn that basic quantity, making it a net 'no cost' transaction.",
        "ts": "1430006907.000082"
    }
]