[
    {
        "type": "message",
        "user": "U048X85UT",
        "text": "I need an invite to see that slack.  I am not looking  to reinvent the wheel there is too much to do.  Super seems flexible in finding a low cost mutually beneficial economically  sustainable model. I'd like Super as part of our FreeTrust pilot proposal.",
        "ts": "1428240140.000041"
    },
    {
        "type": "message",
        "user": "U048X85UT",
        "text": "That brings up an issue closer to home, regulating the AMP\/REO faucets which is being decided by delayed choice.  What exactly has been decided?",
        "ts": "1428240859.000042"
    },
    {
        "type": "message",
        "user": "U048X85UT",
        "text": "I need to budget AMPs for the FreeTrust pilots.  Each new user ought get AMPs paid for by the government :simple_smile:   This creates a necessary dependence  between the AMP faucet and the number of users.  Is this in the plan?",
        "ts": "1428241253.000043"
    },
    {
        "type": "message",
        "user": "U0474E4KZ",
        "text": "what's being decided by delayed choice?",
        "ts": "1428241594.000044"
    },
    {
        "type": "message",
        "user": "U048X85UT",
        "text": "It makes sense that if the population doubles the AMPs per person ought not go down suffering scarcity.  Neither do we want the amp overabundance to devalue the amps a person has.  Milton Freeman proposed currency limited by computer, effectively stopping the faucet whenever its price decreases.",
        "ts": "1428242465.000045"
    },
    {
        "type": "message",
        "user": "U048X85UT",
        "text": "In the video greg indicated some amp\/rio distribution issues still being decided.  I'll need to check exactly what it is that has been decided.",
        "ts": "1428242702.000046"
    },
    {
        "type": "message",
        "user": "U048X85UT",
        "text": "the faucet was undecided.",
        "ts": "1428242924.000047"
    },
    {
        "type": "message",
        "user": "U048X85UT",
        "text": "Should I say,  the faucet has a quantum nature, undecided, evolving?",
        "ts": "1428243171.000048"
    },
    {
        "type": "message",
        "user": "U048X85UT",
        "text": "The truest value of the currency is wisdom of the crowd average over the individual guess.  A scalable system the faucet ought be employed automatically to insure the value remains constant.",
        "ts": "1428243642.000049"
    },
    {
        "type": "message",
        "user": "U048X85UT",
        "text": "What is a good number of amps to start out with per person?  I guess for the pilots 1024 is a good number as any.",
        "ts": "1428244960.000050"
    },
    {
        "type": "message",
        "user": "U048X85UT",
        "text": "But for this to work we need proof of unique identity in order to  flow amps to an individual.  FreeTrust is looking into Namecoin + OpenID = NameID and  ID Coin <https:\/\/id-co.in\/> is working on identity proof which we all need.",
        "attachments": [
            {
                "text": "Decentralised proof of identity.",
                "fallback": "Decentralised proof of identity.",
                "from_url": "https:\/\/id-co.in\/",
                "id": 1
            }
        ],
        "ts": "1428245772.000051"
    },
    {
        "type": "message",
        "user": "U048X85UT",
        "text": "We need personal information exposed only on need to know, including anonymous unique identity verification  for voting etc.",
        "ts": "1428248453.000053"
    },
    {
        "type": "message",
        "user": "U04910F4Z",
        "text": "<http:\/\/onename.io|onename.io>",
        "ts": "1428264319.000054"
    },
    {
        "type": "message",
        "user": "U04910F4Z",
        "text": "AMP's are needed for normal posts or just enhance posts?",
        "ts": "1428264429.000055"
    },
    {
        "type": "message",
        "user": "U04910F4Z",
        "text": "if its for enhanced posts, why not make people pay for the amp. and than maybe build like a gamified logic tree, where if u post 10 posts, or make 20 friends, or invite 30 people, you get amps as a reward",
        "ts": "1428264471.000056"
    },
    {
        "type": "message",
        "user": "U04910F4Z",
        "text": "if amps are only needed to boost post reach beyond close friends, than I don't see why you need to distribute free amp to peoepl",
        "ts": "1428264502.000057"
    },
    {
        "type": "message",
        "user": "U04910F4Z",
        "text": "and u avoid the whole problem of free loaders",
        "ts": "1428264509.000058"
    },
    {
        "user": "U049R4YN1",
        "type": "message",
        "subtype": "channel_join",
        "text": "<@U049R4YN1|stephen> has joined the channel",
        "ts": "1428272518.000059"
    }
]