[
    {
        "user": "U049NM6LD",
        "type": "message",
        "subtype": "channel_join",
        "text": "<@U049NM6LD|judith> has joined the channel",
        "ts": "1428587487.000067"
    },
    {
        "type": "message",
        "user": "U049NM6LD",
        "text": "Hi",
        "ts": "1428587496.000068"
    },
    {
        "type": "message",
        "user": "U049NM6LD",
        "text": "Happy to be here",
        "ts": "1428587684.000069"
    },
    {
        "type": "message",
        "user": "U0474AT8P",
        "text": ":smile:",
        "ts": "1428589646.000070"
    }
]