[
    {
        "type": "message",
        "user": "U04910F4Z",
        "text": "I think having  some crowd funding technology easily accesible or as a plug in on this social network would be a very interesting and perhaps powerful idea. It's clear to me that crowd funding technology is not enough to do good crowd funding campaigns, you need a social network to tap on to, to grow a following. And what better than social media?",
        "edited": {
            "user": "U04910F4Z",
            "ts": "1430293634.000000"
        },
        "ts": "1430293618.000093"
    },
    {
        "type": "message",
        "user": "U0474AT8P",
        "text": "Good idea, current platforms are ok but I see your point of it being integrated with a social network.",
        "edited": {
            "user": "U0474AT8P",
            "ts": "1430324587.000000"
        },
        "ts": "1430324578.000095"
    }
]