[
    {
        "type": "message",
        "user": "U04BQ4FMC",
        "text": "<@U06AAH8F3>:  I'll try to address some of your comments &amp; questions, based on my still limited knowledge.  \n1.  Control over the content you see.  First, all relationships are 2-way opt-in, so you will not see posts from people you have no relation with, (pre-existing connection).  If enough other people that you do have connections with engage and value it, it may appear.  But at that point, based on the mini-network your connections represent, their choices on average should be on topic and agreeable for you.  But regular spammers, or posters of things you don't like can simply be eliminated (or filtered, IE. #nocats).  More importantly, they just shouldn't be there, and it's a fairly wild supposition to argue that they will.  However, to some degree, you will get some AMPs for viewing posts, so you are not strictly 'wasting' your attention.\n\n2.  I don't understand you association with TAGS and Charge.  Essentially, you will choose which tags to browse, or which people\/groups.\n\n3.  I think the privacy vs visibilty concern is controlled by how you mark your posts.  If you send it to large groups, like people following \"#intellectual property\", it would be visible to anyone who joins that and browses it.  Other people could post privately to named people, and no others.   Some large, popular #tags will have to be seeded at the start, to serve as proxy public spheres.  That is definitely an important part of any (non-private) network.",
        "ts": "1448328731.000006",
        "reactions": [
            {
                "name": "+1",
                "users": [
                    "U0474E4KZ"
                ],
                "count": 1
            }
        ]
    }
]