[
    {
        "type": "message",
        "user": "U048X85UT",
        "text": "Currently we propose integration with etherium and factom.  The NXT blockchain is certainly a consideration.  Blockchain agnosticism is a worthy objective.  For  now it seems the bitcoin blockchain would be the authority delegating to other blockchains.  A standard for this would be good.",
        "ts": "1428146458.000023"
    },
    {
        "type": "message",
        "user": "U048X85UT",
        "text": "I believe that in order that attention rewards evolve optimally the distribution of rewards ought be set transparently by the author rather than enforced by the system down to the minimum reward for a stakeholder.  This also avoids disruption when a synereo branch uses a different default strategy.",
        "ts": "1428149827.000024"
    },
    {
        "type": "message",
        "user": "U048X85UT",
        "text": "The optimal AMP\/RIO distribution is croudsourced.",
        "ts": "1428151984.000025"
    },
    {
        "type": "message",
        "user": "U048X85UT",
        "text": "The NXT blockchain appears to be a natural for one synereo FreeTrust  pilot we are promoting, brandable generosity coins, issued for donations and community service and governed by synereo trust contracts.",
        "ts": "1428152909.000026"
    },
    {
        "type": "message",
        "user": "U048X85UT",
        "text": "voluntary FreeTrust contracts",
        "ts": "1428153034.000027"
    },
    {
        "type": "message",
        "user": "U048X85UT",
        "text": "Another potential pilot is <http:\/\/WikiWold.com|WikiWold.com> with WikiSmiles that can represent anything.",
        "ts": "1428154294.000028"
    },
    {
        "type": "message",
        "user": "U04910F4Z",
        "text": "<@U048X85UT>:  SuperNET could serve as decentralized exchange between blockchains to enable blockchain agnosticism.",
        "ts": "1428173485.000029"
    },
    {
        "type": "message",
        "user": "U04910F4Z",
        "text": "They'll be ready in two months maybe with basic decentralized instant trading. Confirmations happen after the fact.  As time goes on, Ethereum could be added to it Snet along with any other blockchain of relevance.",
        "ts": "1428173534.000030"
    },
    {
        "type": "message",
        "user": "U048X85UT",
        "text": "SuperNET wants 10% of the coins, I think that's rather steep for us.",
        "ts": "1428176796.000031"
    },
    {
        "type": "message",
        "user": "U04910F4Z",
        "text": "They'll buy them though,  as far as I understand. Not as a gift. Also, that's to be a core coin. You can still be trader in their platform, but there's some perks you don't get. Not sure exactly how it works though, I'll check.",
        "ts": "1428181917.000032"
    },
    {
        "type": "message",
        "user": "U04910F4Z",
        "text": "They might also negotiate down. For bigger coins they've done 5% I believe.",
        "ts": "1428182129.000033"
    },
    {
        "type": "message",
        "user": "U04910F4Z",
        "text": "Maybe I'm wrong tho, checking now.",
        "ts": "1428182151.000034"
    },
    {
        "type": "message",
        "user": "U0474E4KZ",
        "text": "That's true, <@U04910F4Z>. I had the chance to observe one deal going down.",
        "ts": "1428186032.000035"
    },
    {
        "type": "message",
        "user": "U04910F4Z",
        "text": "Really? <@U0474E4KZ>",
        "ts": "1428202524.000036"
    },
    {
        "type": "message",
        "user": "U04910F4Z",
        "text": "Here's the answer straight from the SuperTeam \n\n<https:\/\/sprnt.slack.com\/files\/js.galt\/F048XLJ92\/how_to_join_the_supernet>",
        "edited": {
            "user": "U04910F4Z",
            "ts": "1428210625.000000"
        },
        "ts": "1428210562.000037"
    }
]