[
    {
        "type": "message",
        "user": "U048X85UT",
        "text": "<@U06AAH8F3>: the value of kube messager is if we can get money to integrate it.  Otherwize, as I have said before, we need an XMPP standard chat interface to synereo allowing free use of any existing client.  I am looking at <https:\/\/chatsecure.org\/> as an initial client of choice and possible collaboration.",
        "attachments": [
            {
                "text": "Free and open source encrypted chat for iPhone and Android.",
                "fallback": "Free and open source encrypted chat for iPhone and Android.",
                "from_url": "https:\/\/chatsecure.org\/",
                "id": 1
            }
        ],
        "edited": {
            "user": "U048X85UT",
            "ts": "1448558000.000000"
        },
        "ts": "1448557965.000013"
    }
]