[
    {
        "type": "message",
        "user": "U0474E4KZ",
        "text": "Send them our deck!",
        "ts": "1455182771.000077"
    },
    {
        "type": "message",
        "user": "U06AAH8F3",
        "text": "*Solving the problem of the commons?* ... can we do it? Should we try? Can we perhaps *try* to have a cohesive opinion? Maybe we can shoot for an initial shared opinion in this vein along the lines of how nodes begin to orchestrate themselves on the Synereo network topology? I hope we can ... it has some broad implications if we don't and some decent benefits if we do!\n\nI'd like to discuss this a bit during next week's hangout but, before that conversation, I wanted to share an article for the thinkers in the room to give a think to ... [article: <http:\/\/freedomain.blogspot.com\/2006\/02\/successful-operation-dead-patient.html>] *[audio version read aloud: <http:\/\/cdn.media.freedomainradio.com\/feed\/the_problem_of_the_commons.mp3>]*",
        "edited": {
            "user": "U06AAH8F3",
            "ts": "1455258056.000000"
        },
        "ts": "1455258037.000078"
    }
]