[
    {
        "user": "U0474E4KZ",
        "topic": "Get creative! Spill your thoughts about Synereo. What's working? What should be changed? What's in our future?",
        "type": "message",
        "subtype": "channel_topic",
        "text": "<@U0474E4KZ|dor> set the channel topic: Get creative! Spill your thoughts about Synereo. What's working? What should be changed? What's in our future?",
        "ts": "1453040677.000101"
    },
    {
        "type": "message",
        "user": "U0474E4KZ",
        "text": "<https:\/\/www.youtube.com\/watch?v=9C_HReR_McQ> &lt;- required viewing for this channel.",
        "attachments": [
            {
                "service_name": "YouTube",
                "service_url": "https:\/\/www.youtube.com\/",
                "title": "Don't Hug me I'm Scared",
                "title_link": "https:\/\/www.youtube.com\/watch?v=9C_HReR_McQ",
                "author_name": "Don't Hug Me .I'm Scared",
                "author_link": "https:\/\/www.youtube.com\/user\/thisisitcollective",
                "thumb_url": "https:\/\/i.ytimg.com\/vi\/9C_HReR_McQ\/hqdefault.jpg",
                "thumb_width": 480,
                "thumb_height": 360,
                "fallback": "YouTube Video: Don't Hug me I'm Scared",
                "video_html": "<iframe width=\"400\" height=\"225\" src=\"https:\/\/www.youtube.com\/embed\/9C_HReR_McQ?feature=oembed&autoplay=1&iv_load_policy=3\" frameborder=\"0\" allowfullscreen><\/iframe>",
                "video_html_width": 400,
                "video_html_height": 225,
                "from_url": "https:\/\/www.youtube.com\/watch?v=9C_HReR_McQ",
                "id": 1
            }
        ],
        "edited": {
            "user": "U0474E4KZ",
            "ts": "1453040871.000000"
        },
        "ts": "1453040863.000102"
    },
    {
        "type": "message",
        "user": "U048X85UT",
        "text": "Our blockchain identity proposal is an ambition application of synereo. Thanks <@U04A8095T> for your comments. <https:\/\/docs.google.com\/document\/d\/1lbc2vnrzb2FTr9OBIJTgnwghVZ6EMBlGAJ32WaTn7ZE\/edit#>",
        "ts": "1453048696.000105"
    },
    {
        "type": "message",
        "user": "U048X85UT",
        "text": "I believe applications in the synereo social networking environment is the real promise of synereo.",
        "ts": "1453048747.000106"
    },
    {
        "type": "message",
        "user": "U048X85UT",
        "text": "It matters not what application we build as synereo will be built in the process.",
        "edited": {
            "user": "U048X85UT",
            "ts": "1453048835.000000"
        },
        "ts": "1453048818.000107"
    },
    {
        "type": "message",
        "user": "U048X85UT",
        "text": "If nothing else, comment on: Blockchains are nearly an ideal infrastructure for supporting an identity ecosystem supporting NSTIC privacy principles..  However, trusting the integrity, scalability , reliability and affordability of a blockchain could potentially have grave systemic consequences.  Blockchain technology is new and evolving rapidly.  Employing new technologies, employing multiple blockchains with corroboration among the technologies and private blockchains can mitigate that risk.  Decentralized applications and file systems are radically changing the nature of cyberspace.  Trustworthy identity is essential for this emerging realm to be safe and effective.  The opportunity is to enable it to be safer and more effective capitalizing on innovative blockchain technology and algorithmic process calculus proof-of-proof consensus across and beyond blockchains for privacy protected identity while providing trusted protected identity to the new wave of applications coming in the third wave of the internet.\n\u201cSmart contract\u201d blockchains like Ethereum provide a provable process mechanism by unambiguous consensus of claims processing, permissioning, exposure and provenance.  This mechanism also has the potential of allowing intelligent oracles to live on the chain, integrating off-chain processes with on-chain processes.  PSS intend to give blockchain provenance to formal communicating process calculus processing both among blockchains and with external processes.  This extends algorithmic certainty across blockchains and other off chain processes.  Powering this blockchain meta-functionality is what we call proof-of-proof.  Corroborating or disproving the correctness of competing block chain proofs of objective processing across blockchains provide a path to better mechanism for consensus.  There can be provable consensus developed among well behaved nodes.  Proofs can be expensive in computer resources but need not be verified by every node if corroborated by trusted nodes and is not contradicted.  This burns much less electricity than proof-or-work and instead, does so for a useful purpose.",
        "ts": "1453049369.000109"
    },
    {
        "type": "message",
        "user": "U048X85UT",
        "text": "Ambiguous relative entry time orderings, constrained by blockchains, presents a practical solution to the ordering problem. This paper, for example, [l]Rational subsets of partially reversible monoids, exposes a method of obtaining decidability in the face of reversible orderings. <http:\/\/cmup.fc.up.pt\/cmup\/pvsilva\/pubs\/rew.pdf>. There cannot be mathematical consensus in ordering that is arbitrary.  Blockchain algorithmic consensus must be allowed to fail [m]before becoming arbitrary. Consequential consensus failure ought be resolved by trusted oracle off-chain processes, preferably not arbitrary ones.[n][o]",
        "ts": "1453049558.000110"
    },
    {
        "type": "message",
        "user": "U048X85UT",
        "text": "<@U0474AYFT>:? too ambitious?",
        "ts": "1453050060.000111"
    },
    {
        "type": "message",
        "subtype": "file_share",
        "text": "<@U048X85UT|jimscarver> shared a file: <https:\/\/synereonet.slack.com\/files\/jimscarver\/F0HKBJCUD\/technicalproposaltemplate002|TECHNICAL PROPOSAL TEMPLATE 002>",
        "file": {
            "id": "F0HKBJCUD",
            "created": 1451837856,
            "timestamp": 1451837856,
            "name": "TECHNICALPROPOSALTEMPLATE002",
            "title": "TECHNICAL PROPOSAL TEMPLATE 002",
            "mimetype": "application\/vnd.google-apps.document",
            "filetype": "gdoc",
            "pretty_type": "GDocs Document",
            "user": "U048X85UT",
            "editable": false,
            "size": 19702,
            "mode": "external",
            "is_external": true,
            "external_type": "gdrive",
            "is_public": true,
            "public_url_shared": false,
            "display_as_bot": false,
            "username": "",
            "url_private": "https:\/\/docs.google.com\/document\/d\/1lbc2vnrzb2FTr9OBIJTgnwghVZ6EMBlGAJ32WaTn7ZE\/edit?usp=drivesdk",
            "thumb_64": "https:\/\/a.slack-edge.com\/66f9\/img\/files\/gdraw_64.png",
            "thumb_360": "https:\/\/a.slack-edge.com\/272a\/img\/files\/gdoc_360.png",
            "thumb_360_w": 360,
            "thumb_360_h": 167,
            "permalink": "https:\/\/synereonet.slack.com\/files\/jimscarver\/F0HKBJCUD\/technicalproposaltemplate002",
            "channels": [
                "C0474AT8X",
                "C0474CFTH",
                "C04BLQ4CX"
            ],
            "groups": [
    
            ],
            "ims": [
    
            ],
            "comments_count": 0,
            "num_stars": 1
        },
        "user": "U048X85UT",
        "upload": false,
        "display_as_bot": false,
        "username": "<@U048X85UT|jimscarver>",
        "bot_id": null,
        "ts": "1453050368.000112"
    }
]