[
    {
        "type": "message",
        "user": "U048X85UT",
        "text": "The power to organize effectively promised by a new generation of social networking can empower grass roots preservation and maintenance of the commons.  Synereo  might be the hammer that makes legacy approaches to such issues obsolete.",
        "ts": "1455379673.000083"
    },
    {
        "type": "message",
        "user": "U048X85UT",
        "text": "Somewhat Practical Fully Homomorphic Encryption ? <https:\/\/eprint.iacr.org\/2012\/144.pdf>  Can we use this to maintain anonymity and privacy,  biometrics?.",
        "ts": "1455379680.000084"
    },
    {
        "type": "message",
        "user": "U0J9CQF9S",
        "text": "If you can sum up FHE encryption in a few sentences that would be hope. I have no idea how to start breaking that down.",
        "ts": "1455384114.000085"
    },
    {
        "type": "message",
        "user": "U048X85UT",
        "text": "oops.",
        "edited": {
            "user": "U048X85UT",
            "ts": "1455388261.000000"
        },
        "ts": "1455388184.000086"
    },
    {
        "type": "message",
        "user": "U048X85UT",
        "text": "\"Homomorphic encryption is a form of encryption that allows computations to be carried out on ciphertext, thus generating an encrypted result which, when decrypted, matches the result of operations performed on the plaintext.\"",
        "ts": "1455388358.000088"
    },
    {
        "type": "message",
        "user": "U048X85UT",
        "text": "In other words we can make rules about what searches can be performed with proven anonymity.",
        "ts": "1455388417.000089"
    },
    {
        "type": "message",
        "user": "U048X85UT",
        "text": "The pi-calculous is perfect for the job.",
        "ts": "1455388509.000090"
    },
    {
        "type": "message",
        "user": "U0J9CQF9S",
        "text": "Okay",
        "ts": "1455393037.000091"
    },
    {
        "type": "message",
        "user": "U0J9CQF9S",
        "text": "Mal explained it to me too. Apparently it's the holy grail of encryption.",
        "ts": "1455396004.000092"
    }
]