[
    {
        "type": "message",
        "user": "U04BQ4FMC",
        "text": "I think it's a pretty good idea, <@U0J9CQF9S> .  It's a big commitment though, with not enough people around here yet.  Maybe not having it on a pre-set time - just doing chats when there are people around?  I don't know.",
        "ts": "1454250484.000015"
    },
    {
        "type": "message",
        "user": "U0474AYFT",
        "text": "<@U0J9CQF9S>: would you be willing to take that on if you had support from us?",
        "ts": "1454257848.000016"
    },
    {
        "type": "message",
        "user": "U0J9CQF9S",
        "text": "yes I would for the time being until the end of March. i leave for the navy at the end of March. before I go I'm planning on coming out to Seattle. do you want to meet up <@U0474AYFT>. I messaged you the details last week :)",
        "ts": "1454277861.000017"
    },
    {
        "type": "message",
        "user": "U0474AYFT",
        "text": "<@U0J9CQF9S>: yes let's meet up!",
        "ts": "1454283484.000018"
    },
    {
        "type": "message",
        "user": "U0474AYFT",
        "text": "Wow. The navy?",
        "ts": "1454283503.000019"
    },
    {
        "type": "message",
        "user": "U0J9CQF9S",
        "text": "Navy Intel\/IT. I figured it be good to be on the inside. Sneaky :smile:",
        "edited": {
            "user": "U0J9CQF9S",
            "ts": "1454284209.000000"
        },
        "ts": "1454284195.000020",
        "reactions": [
            {
                "name": "+1",
                "users": [
                    "U049CMCCZ",
                    "U0474E4KZ"
                ],
                "count": 2
            }
        ]
    }
]