[
    {
        "type": "message",
        "user": "U04BQ4FMC",
        "text": "The irony, which is actually probably not ironic at all, is how this message fails to appear _exactly the same_  elsewhere, IE, Mainstreet Media.  They either ignore this as much as possible, or re-frame it only from an oligarch's perspective.  But it is popping up in many smaller (readership) venues, like investment reports, etc, including Davos recently.",
        "ts": "1453899944.000004",
        "reactions": [
            {
                "name": "heart",
                "users": [
                    "U0FESR742"
                ],
                "count": 1
            }
        ]
    },
    {
        "type": "message",
        "user": "U0474E4KZ",
        "text": "Such is the story of every paradigm shift.",
        "ts": "1453915921.000005"
    },
    {
        "type": "message",
        "user": "U04A8095T",
        "text": "Anyone have experience with Twister and want to provide a review of what they do that we should also consider including Syenreo?  This might be an interesting demo in one of the hangouts. <https:\/\/en.wikipedia.org\/wiki\/Twister_(software)>",
        "ts": "1453962946.000006"
    }
]