[
    {
        "type": "message",
        "user": "U048X85UT",
        "text": "<@U0474AYFT>: Attention has intrinsic value unlike bitcoin.  The total attention in synedrio ought reflect the amount of amps.  One should not only be about to buy amps, but also mine amps by generating attention.",
        "edited": {
            "user": "U048X85UT",
            "ts": "1452354219.000000"
        },
        "ts": "1452353852.000070"
    },
    {
        "type": "message",
        "user": "U048X85UT",
        "text": "how can this work?",
        "edited": {
            "user": "U048X85UT",
            "ts": "1452354098.000000"
        },
        "ts": "1452353930.000071"
    },
    {
        "type": "message",
        "user": "U048X85UT",
        "text": "<#C04BLQ4CX> aims to capitalize on the intridic value of trust similarly.",
        "edited": {
            "user": "U048X85UT",
            "ts": "1452354066.000000"
        },
        "ts": "1452354028.000072"
    },
    {
        "type": "message",
        "user": "U048X85UT",
        "text": "the plan  in  <#C04BLQ4CX>  is to  algorithmically control privacy coin distribution to stabilize the a privacy coin to a trustworthy value of to one year 2000 dollar thus preventing inflation.  In the trust economy deflation  in the value the coin is avoided as long as <#C04BLQ4CX> remains trustworthy and trust is valued, and <#C04BLQ4CX> sustains growth.",
        "edited": {
            "user": "U048X85UT",
            "ts": "1452355569.000000"
        },
        "ts": "1452354647.000076"
    },
    {
        "type": "message",
        "user": "U048X85UT",
        "text": "For synereo a fixed growth limit of amp value might be applied, decreasing over time.",
        "edited": {
            "user": "U048X85UT",
            "ts": "1452354764.000000"
        },
        "ts": "1452354700.000077"
    },
    {
        "type": "message",
        "user": "U048X85UT",
        "text": "I have been using Quora,com a lot lately and noticing the remarkkable similarities to synereo where attension in the form of an upvote amps your content delivered according to who you are subscribed to or following and your interest in the topics (tags) it is related to",
        "edited": {
            "user": "U048X85UT",
            "ts": "1452386567.000000"
        },
        "ts": "1452386496.000082"
    },
    {
        "type": "message",
        "user": "U048X85UT",
        "text": "I believe the number of up votes and down votes should be private, and biased toward the vote of who you follow on a topic,  Upvotes or other atension apm content. Downvotes ought diminish attension amping..  a checkmark might be shown to indicate an item have more upvotes than down votes to encourage explicate  up votes when what you like is not too popular.",
        "edited": {
            "user": "U048X85UT",
            "ts": "1452387564.000000"
        },
        "ts": "1452387109.000084"
    },
    {
        "type": "message",
        "user": "U048X85UT",
        "text": "<https:\/\/www.quora.com\/profile\/Jim-Whitescarver>",
        "attachments": [
            {
                "text": "Jim Whitescarver, Information physicist wannabe",
                "fallback": "Jim Whitescarver, Information physicist wannabe",
                "from_url": "https:\/\/www.quora.com\/profile\/Jim-Whitescarver",
                "id": 1
            }
        ],
        "ts": "1452387626.000086"
    }
]