[
    {
        "type": "message",
        "user": "U048X85UT",
        "text": "Historically a blockchain has been considered autonomous using Proof-of-work consensus, but to interact effectively with the real world, it must be a participant in external processes.  Various Proof-of-stake protocols,  relaxes that autonomy to varying degrees. Stakeholder opens the door but fails to describe the range of consensus that might be attained such as proof of value or proof of trust, and the umbrella notion of proof-of-proof. \nProcesses in the real world cannot be isolated from other processes.  Historically a blockchain has been singular and isolated but to live in the real world a blockchain must interact with any other blockchain involved in common processes.  <https:\/\/docs.google.com\/document\/d\/1Modf4XQPpzHLPIzQVtQqSuqzDGeO1z8QdhV-fSSvdro\/edit?usp=sharing>",
        "edited": {
            "user": "U048X85UT",
            "ts": "1455637899.000000"
        },
        "ts": "1455637841.000002"
    },
    {
        "type": "message",
        "subtype": "file_share",
        "text": "<@U048X85UT|jimscarver> shared a file: <https:\/\/synereonet.slack.com\/files\/jimscarver\/F0MHV4NGZ\/blockcainconsensusnotes|Blockcain consensus notes>",
        "file": {
            "id": "F0MHV4NGZ",
            "created": 1455637843,
            "timestamp": 1455637843,
            "name": "Blockcainconsensusnotes",
            "title": "Blockcain consensus notes",
            "mimetype": "application\/vnd.google-apps.document",
            "filetype": "gdoc",
            "pretty_type": "GDocs Document",
            "user": "U048X85UT",
            "editable": false,
            "size": 7417,
            "mode": "external",
            "is_external": true,
            "external_type": "gdrive",
            "is_public": true,
            "public_url_shared": false,
            "display_as_bot": false,
            "username": "",
            "url_private": "https:\/\/docs.google.com\/document\/d\/1Modf4XQPpzHLPIzQVtQqSuqzDGeO1z8QdhV-fSSvdro\/edit?usp=drivesdk",
            "thumb_64": "https:\/\/a.slack-edge.com\/66f9\/img\/files\/gdraw_64.png",
            "thumb_360": "https:\/\/a.slack-edge.com\/272a\/img\/files\/gdoc_360.png",
            "thumb_360_w": 360,
            "thumb_360_h": 167,
            "permalink": "https:\/\/synereonet.slack.com\/files\/jimscarver\/F0MHV4NGZ\/blockcainconsensusnotes",
            "channels": [
                "C0474CFTH"
            ],
            "groups": [
    
            ],
            "ims": [
    
            ],
            "comments_count": 0
        },
        "user": "U048X85UT",
        "upload": false,
        "display_as_bot": false,
        "username": "<@U048X85UT|jimscarver>",
        "bot_id": null,
        "ts": "1455637843.000003"
    },
    {
        "type": "message",
        "user": "U0FESR742",
        "text": "<http:\/\/www.sphaera.world\/>",
        "attachments": [
            {
                "service_name": "Sphaera",
                "title": "Home",
                "title_link": "http:\/\/www.sphaera.world\/",
                "text": "\u00a0 Changing the Way We Change the World Learn More",
                "fallback": "Sphaera: Home",
                "thumb_url": "http:\/\/static1.squarespace.com\/static\/55c280f8e4b02a9b1df6109b\/t\/55ddf70ce4b020ecf981d015\/1455151684015\/?format=1000w",
                "from_url": "http:\/\/www.sphaera.world\/",
                "thumb_width": 400,
                "thumb_height": 400,
                "id": 1
            }
        ],
        "ts": "1455685853.000005"
    },
    {
        "type": "message",
        "user": "U0FESR742",
        "text": "<https:\/\/www.quora.com\/What-are-the-best-books-or-blog-articles-on-building-a-community-around-a-consumer-internet-product>",
        "attachments": [
            {
                "text": "I've read a number of blogs and community oriented books, and they never touch on the nuances of building a community around a community based website. More ...",
                "fallback": "I've read a number of blogs and community oriented books, and they never touch on the nuances of building a community around a community based website. More ...",
                "from_url": "https:\/\/www.quora.com\/What-are-the-best-books-or-blog-articles-on-building-a-community-around-a-consumer-internet-product",
                "id": 1
            }
        ],
        "ts": "1455686001.000007"
    },
    {
        "type": "message",
        "user": "U0FESR742",
        "text": "From Dina and Eric \n<http:\/\/macaw.co\/>",
        "edited": {
            "user": "U0FESR742",
            "ts": "1455686211.000000"
        },
        "ts": "1455686182.000009"
    },
    {
        "type": "message",
        "user": "U0FESR742",
        "text": "From Dina and Eric\n<http:\/\/www.xara.com\/us\/designer-pro\/>",
        "attachments": [
            {
                "service_name": "Xara.com",
                "title": "Xara Designer Pro: professional graphic design software for print and the web",
                "title_link": "http:\/\/www.xara.com\/us\/designer-pro\/",
                "text": "Xara Designer Pro: Quite simply the world's fastest graphics software, with truly flexible illustration tools and revolutionary photo handling. A single application for all types of creative work.",
                "fallback": "Xara.com: Xara Designer Pro: professional graphic design software for print and the web",
                "thumb_url": "http:\/\/www.xara.com\/img2\/global\/facebook.jpg",
                "from_url": "http:\/\/www.xara.com\/us\/designer-pro\/",
                "thumb_width": 180,
                "thumb_height": 180,
                "id": 1
            }
        ],
        "ts": "1455686441.000012"
    },
    {
        "type": "message",
        "user": "U0FESR742",
        "text": "From Dina and Eric! Great resources! \n\n<https:\/\/design.atlassian.com\/>",
        "ts": "1455686491.000014"
    },
    {
        "type": "message",
        "user": "U0FESR742",
        "text": "UI Design Dos and Don't from Eric and Dina \n\n<https:\/\/developer.apple.com\/design\/tips\/>",
        "ts": "1455686606.000015"
    },
    {
        "type": "message",
        "user": "U0FESR742",
        "text": "More resource dump. \n<http:\/\/developer.android.com\/design\/index.html>",
        "attachments": [
            {
                "text": "Create beautiful experiences in your apps.",
                "fallback": "Create beautiful experiences in your apps.",
                "from_url": "http:\/\/developer.android.com\/design\/index.html",
                "id": 1
            }
        ],
        "ts": "1455686808.000016"
    },
    {
        "type": "message",
        "user": "U0FESR742",
        "text": "Hylo: consciousness hacking community \n\n<https:\/\/www.hylo.com\/c\/ch>",
        "attachments": [
            {
                "title": "Hylo",
                "title_link": "https:\/\/www.hylo.com\/c\/ch",
                "text": "A network for sharing resources within and across purpose-driven communities.",
                "fallback": "Hylo",
                "from_url": "https:\/\/www.hylo.com\/c\/ch",
                "id": 1
            }
        ],
        "ts": "1455686959.000018"
    },
    {
        "type": "message",
        "user": "U0FESR742",
        "text": "Resource dump: create flowcharts \n\n<https:\/\/www.gliffy.com\/>",
        "attachments": [
            {
                "service_name": "Gliffy",
                "title": "Gliffy | Online Diagram and Flowchart Software",
                "title_link": "https:\/\/www.gliffy.com\/",
                "text": "Gliffy is a powerful online diagram creation tool. Make flowcharts, network diagrams, uml diagrams, org charts, mind maps, wireframes, and more -- with ease!",
                "fallback": "Gliffy: Gliffy | Online Diagram and Flowchart Software",
                "thumb_url": "https:\/\/www.gliffy.com\/_ui\/images\/gliffy_logo_blue_bg_sq.png",
                "from_url": "https:\/\/www.gliffy.com\/",
                "thumb_width": 200,
                "thumb_height": 200,
                "id": 1
            }
        ],
        "ts": "1455687452.000020"
    },
    {
        "type": "message",
        "user": "U0FESR742",
        "text": "Find people across networks: \n\n<http:\/\/discover.ly\/>",
        "attachments": [
            {
                "text": "A tool to navigate your social data, making you more productive personally and professionally",
                "fallback": "A tool to navigate your social data, making you more productive personally and professionally",
                "from_url": "http:\/\/discover.ly\/",
                "id": 1
            }
        ],
        "ts": "1455687532.000022"
    },
    {
        "type": "message",
        "user": "U0FESR742",
        "text": "Find influencers in your target area \n\n<http:\/\/www.onalytica.com\/>",
        "attachments": [
            {
                "service_name": "onalytica",
                "title": "Influencer Marketing Software - onalytica",
                "title_link": "http:\/\/www.onalytica.com\/",
                "text": "We provide software used by the world's leading marketing and PR professionals. Join the likes of Microsoft, VMWare, SABMiller and scale your influence!",
                "fallback": "onalytica: Influencer Marketing Software - onalytica",
                "thumb_url": "http:\/\/www.onalytica.com\/wp-content\/uploads\/2015\/02\/lake_stock-1024x4731.jpg",
                "from_url": "http:\/\/www.onalytica.com\/",
                "thumb_width": 1024,
                "thumb_height": 473,
                "id": 1
            }
        ],
        "ts": "1455687623.000024"
    },
    {
        "type": "message",
        "subtype": "file_share",
        "text": "<@U0FESR742|jwalls> uploaded a file: <https:\/\/synereonet.slack.com\/files\/jwalls\/F0MM7KSMQ\/synereo_http---blog.synereo.com-2016-02-07-synereo-update-_influencer_list.csv|Synereo_http---blog.synereo.com-2016-02-07-Synereo-Update-_influencer_list.csv> and commented: Our initial highest influencers based on our content",
        "file": {
            "id": "F0MM7KSMQ",
            "created": 1455688193,
            "timestamp": 1455688193,
            "name": "Synereo_http---blog.synereo.com-2016-02-07-Synereo-Update-_influencer_list.csv",
            "title": "Synereo_http---blog.synereo.com-2016-02-07-Synereo-Update-_influencer_list.csv",
            "mimetype": "text\/csv",
            "filetype": "csv",
            "pretty_type": "CSV",
            "user": "U0FESR742",
            "editable": true,
            "size": 10292,
            "mode": "snippet",
            "is_external": false,
            "external_type": "",
            "is_public": true,
            "public_url_shared": false,
            "display_as_bot": false,
            "username": "",
            "url_private": "https:\/\/files.slack.com\/files-pri\/T0474AT8K-F0MM7KSMQ\/synereo_http---blog.synereo.com-2016-02-07-synereo-update-_influencer_list.csv?t=xoxe-4242367291-28095460608-28095460624-739c22ae7e",
            "url_private_download": "https:\/\/files.slack.com\/files-pri\/T0474AT8K-F0MM7KSMQ\/download\/synereo_http---blog.synereo.com-2016-02-07-synereo-update-_influencer_list.csv?t=xoxe-4242367291-28095460608-28095460624-739c22ae7e",
            "permalink": "https:\/\/synereonet.slack.com\/files\/jwalls\/F0MM7KSMQ\/synereo_http---blog.synereo.com-2016-02-07-synereo-update-_influencer_list.csv",
            "permalink_public": "https:\/\/slack-files.com\/T0474AT8K-F0MM7KSMQ-0c3830d6d7",
            "edit_link": "https:\/\/synereonet.slack.com\/files\/jwalls\/F0MM7KSMQ\/synereo_http---blog.synereo.com-2016-02-07-synereo-update-_influencer_list.csv\/edit",
            "preview": "Screen Name,Name,Description,Tweet Count,Follower Count,Following Count,Profile Url,Country Code,Country Name\nsytaylor,\"Simon Taylor\",\"The #Fintech Geek. Lover of  #Finserv, Tech and all things #bitcoin and #blockchain related.\",17.5K,6.1K,2.1K,https:\/\/twitter.com\/sytaylor,GB,United Kingdom\ndiiorioanthony,\"Anthony Di Iorio\",\"Chief Digital Officer TSX & TMX Group \/ Ethereum, @DECENTRALca, @Kryptokit\nFounder \/ Tech & Innovation Junkie \/ Blockchain & Fintech Consultant (Personal Acnt)\",3.4K,4.0K,704,https:\/\/twitter.com\/diiorioanthony,CA,Canada\nCoinsiliumGroup,\"coinsilium\",\"Facilitating the implementation of blockchain technology products and services alongside media and corporate advisory services.\",282,841,746,https:\/\/twitter.com\/CoinsiliumGroup,GB,United Kingdom",
            "preview_highlight": "<div class=\"CodeMirror cm-s-default CodeMirrorServer\">\n<div class=\"CodeMirror-code\">\n<div><pre>Screen Name,Name,Description,Tweet Count,Follower Count,Following Count,Profile Url,Country Code,Country Name<\/pre><\/div>\n<div><pre>sytaylor,&quot;Simon Taylor&quot;,&quot;The #Fintech Geek. Lover of  #Finserv, Tech and all things #bitcoin and #blockchain related.&quot;,17.5K,6.1K,2.1K,https:\/\/twitter.com\/sytaylor,GB,United Kingdom<\/pre><\/div>\n<div><pre>diiorioanthony,&quot;Anthony Di Iorio&quot;,&quot;Chief Digital Officer TSX &amp; TMX Group \/ Ethereum, @DECENTRALca, @Kryptokit<\/pre><\/div>\n<div><pre>Founder \/ Tech &amp; Innovation Junkie \/ Blockchain &amp; Fintech Consultant (Personal Acnt)&quot;,3.4K,4.0K,704,https:\/\/twitter.com\/diiorioanthony,CA,Canada<\/pre><\/div>\n<div><pre>CoinsiliumGroup,&quot;coinsilium&quot;,&quot;Facilitating the implementation of blockchain technology products and services alongside media and corporate advisory services.&quot;,282,841,746,https:\/\/twitter.com\/CoinsiliumGroup,GB,United Kingdom<\/pre><\/div>\n<\/div>\n<\/div>\n",
            "lines": 54,
            "lines_more": 49,
            "channels": [
                "C0474CFTH"
            ],
            "groups": [
    
            ],
            "ims": [
    
            ],
            "comments_count": 1,
            "initial_comment": {
                "id": "Fc0MM7B9C7",
                "created": 1455688193,
                "timestamp": 1455688193,
                "user": "U0FESR742",
                "comment": "Our initial highest influencers based on our content"
            }
        },
        "user": "U0FESR742",
        "upload": true,
        "display_as_bot": false,
        "username": "<@U0FESR742|jwalls>",
        "bot_id": null,
        "ts": "1455688194.000026"
    },
    {
        "type": "message",
        "user": "U0FESR742",
        "text": "<@U0474E4KZ> <@U0474AYFT> ... that! ^ ^^",
        "ts": "1455688216.000027"
    },
    {
        "type": "message",
        "user": "U0FESR742",
        "text": "Find famous youtubers and collaborate with them: <https:\/\/famebit.com\/#\/>",
        "attachments": [
            {
                "service_name": "FameBit",
                "title": "YouTube Video Influencer Marketing for Brands and Advertisers",
                "title_link": "https:\/\/famebit.com\/#\/",
                "text": "Self-service marketplace that makes YouTube video influence marketing and sponsored video content super easy for advertisers, brands and YouTube influencers.",
                "fallback": "FameBit: YouTube Video Influencer Marketing for Brands and Advertisers",
                "image_url": "http:\/\/famebit.com\/img\/new-sqr-logo-purple.jpg",
                "image_width": 250,
                "image_height": 250,
                "from_url": "https:\/\/famebit.com\/#\/",
                "image_bytes": 44682,
                "id": 1
            }
        ],
        "ts": "1455688377.000028"
    },
    {
        "type": "message",
        "user": "U0FESR742",
        "text": "Highest Rated Twitter Engagement Tool, by the experts I listen to \n\n<http:\/\/www.socialbro.com\/solutions\/>",
        "attachments": [
            {
                "service_name": "SocialBro",
                "title": "Solutions | SocialBro",
                "title_link": "http:\/\/www.socialbro.com\/solutions\/",
                "fallback": "SocialBro: Solutions | SocialBro",
                "image_url": "http:\/\/socialbro-logos.s3.amazonaws.com\/twittercardSB.png",
                "from_url": "http:\/\/www.socialbro.com\/solutions\/",
                "image_width": 500,
                "image_height": 167,
                "image_bytes": 60371,
                "id": 1
            }
        ],
        "ts": "1455688867.000030"
    }
]