[
    {
        "type": "message",
        "user": "U048X85UT",
        "text": "In the early 90's when I told people the internet world someday be supported by commercials, just like television, people laughed at me, some thought I was the devil.  With synereo amping is sponsoring, sponsoring our personal interests.  Our time is valuable and we charge for allowing others to control it.  We seek to spend our time on our personal interests, and would pay for the privelige if necessary.  Synereo brilliently delivers what interests you using a reactive model of where you place your attension without you having to think about it.",
        "ts": "1458137153.000002"
    },
    {
        "type": "message",
        "user": "U048X85UT",
        "text": "But I think proactivity is lacking to some extent and a complete solution must be both reactive and proactive.",
        "ts": "1458137362.000003",
        "reactions": [
            {
                "name": "+1",
                "users": [
                    "U04BQ4FMC"
                ],
                "count": 1
            }
        ]
    },
    {
        "type": "message",
        "user": "U048X85UT",
        "text": "So I am thinking about adding proactivity features.  The <#C04BLQ4CX> synereo interface to user managed autthorizations federatied with the identity ecosystem where you proactively define your rules for the future assigning trusts proactively rather than reacting to the past.",
        "ts": "1458137820.000004"
    },
    {
        "type": "message",
        "user": "U048X85UT",
        "text": "Why not have a thumbs up and thumbs down in synereo?  Why not work toward personal rating on any scale based on current interests?",
        "ts": "1458138063.000005",
        "reactions": [
            {
                "name": "clap",
                "users": [
                    "U04BQ4FMC"
                ],
                "count": 1
            },
            {
                "name": "+1",
                "users": [
                    "U04BQ4FMC"
                ],
                "count": 1
            },
            {
                "name": "heart",
                "users": [
                    "U04BQ4FMC"
                ],
                "count": 1
            }
        ]
    },
    {
        "type": "message",
        "user": "U048X85UT",
        "text": "Synereo identity is cool, \"you are what you do\".  I love it.  But we also need <#C04BLQ4CX> strong anonymous identity integrated into the identity ecosystem.  We need to be both proactive and reactive.",
        "ts": "1458138303.000006"
    },
    {
        "type": "message",
        "user": "U048X85UT",
        "text": "Now that you suffered though my advertising I'll get to the point :stuck_out_tongue:",
        "ts": "1458138334.000007"
    },
    {
        "type": "message",
        "user": "U04BQ4FMC",
        "text": "<@U048X85UT>: \"I think proactivity is lacking to some extent and a complete solution must be both reactive and proactive.\"\n\nGoogle Plus had this experience, and I was right there in the middle of it, treating it as an experiment the whole time.  They ended up bending to the will of the masses, and diluting the UX",
        "ts": "1458138433.000008"
    },
    {
        "type": "message",
        "user": "U048X85UT",
        "text": "If we obey the principle that we don't want to spend time reading ads we don't want, we ought charge for that time.  That is sure to stop it.  The advertiser make a bet you want to see it, and may even amp it, which he loses when you give it a thumbs down.",
        "ts": "1458138674.000009"
    },
    {
        "type": "message",
        "user": "U04BQ4FMC",
        "text": "they spend the amp the same either way..  but I think we need some possibility of negative input that can effect REO",
        "ts": "1458138877.000010"
    },
    {
        "type": "message",
        "user": "U048X85UT",
        "text": "But, the difference is your rating is a personal interest, not disclosed except how you allow it, the charge is anonymous. And the rating interface requires little screen realestate and is a valuable decision support tools useful for many purposes.",
        "ts": "1458139144.000011"
    },
    {
        "type": "message",
        "user": "U048X85UT",
        "text": "Wow, the reaction to bidirectional reaction above is applause, agreement and love!  Sweet :smile:",
        "edited": {
            "user": "U048X85UT",
            "ts": "1458139742.000000"
        },
        "ts": "1458139706.000012"
    },
    {
        "type": "message",
        "user": "U04BQ4FMC",
        "text": "as well as physically displaying the social value of multiple symbols of emotion, reacting to shared info :wink:",
        "ts": "1458140299.000014"
    },
    {
        "type": "message",
        "user": "U048X85UT",
        "text": "Is this heresy? Are we breaking the heart of our reactor core :stuck_out_tongue:",
        "ts": "1458141317.000015"
    },
    {
        "type": "message",
        "user": "U048X85UT",
        "text": "Channels sharing reactions can be good, but thumbs down ought not be shared by default.",
        "ts": "1458142153.000016"
    },
    {
        "type": "message",
        "user": "U0RLRNDRP",
        "text": "The ''ads'' should be much more subliminal than they are now on social networks. People are not stupid. And they are getting smarter by the day. Ideally we could push people with more REO to use! the products being marketed. E.g At the moment DJ Khaled has massive followerbase on snapchat. Let's assume that we have these kind of 'celebrities' on synereo and their content is amped massively. Then people who push products\/adveritse could choose a 'celeb' from synereo, of their liking, to use and 'sell' their product.",
        "ts": "1458142586.000017"
    },
    {
        "type": "message",
        "user": "U048X85UT",
        "text": "My plan in freetrust has been to use a token different than the AMPfor the privacy economy in so far as trust is different than attention, and the intension to promote strong identity and privacy.  I was including payment for my attention in this currency, potentially setting my own price.  But I am thinking now the AMP may be more appropriate for this purpose.",
        "ts": "1458143092.000018"
    },
    {
        "type": "message",
        "user": "U048X85UT",
        "text": "It does make some sense to focus on the reactive first. The proactive is destined to emerge anyway. But we should not ignore user sentiment.   I believe users want to express it, and it have value, when it is privacy respecting.",
        "ts": "1458144257.000019"
    },
    {
        "type": "message",
        "user": "U048X85UT",
        "text": "I'd like to thumbs down ads knowing that doing so created incentive to not send me that stuff.",
        "ts": "1458144545.000020"
    },
    {
        "type": "message",
        "user": "U04BQ4FMC",
        "text": "better to have the ability to just turn them off at will",
        "ts": "1458146035.000021"
    },
    {
        "type": "message",
        "user": "U048X85UT",
        "text": "that extreme reaction is good to have the option of, but how is that better?",
        "ts": "1458147032.000022"
    },
    {
        "type": "message",
        "user": "U04BQ4FMC",
        "text": "because sometimes black &amp; white is the best logic, like being on fire, pregnant, shot, or simply interrupted\nI don't want to be \"sort of interrupted\", or \"just sometimes\", based on some dumb algorithm's decision",
        "edited": {
            "user": "U04BQ4FMC",
            "ts": "1458148436.000000"
        },
        "ts": "1458148382.000023"
    },
    {
        "type": "message",
        "user": "U04BQ4FMC",
        "text": "but you can leave yours on - so we are not having an either\/or debate here",
        "ts": "1458148402.000024"
    }
]