[
    {
        "type": "message",
        "user": "U04BQ4FMC",
        "text": "I'm willing to help with such a program.  I think some in depth conversations on issues surrounding the motivations of decen\/dist would be very beneficial.  The public needs more education type material to better understand what's going on.",
        "ts": "1454328566.000022",
        "reactions": [
            {
                "name": "+1",
                "users": [
                    "U0474E4KZ"
                ],
                "count": 1
            }
        ]
    },
    {
        "type": "message",
        "user": "U04BQ4FMC",
        "text": "On a separate note, I think we need to be generating some meme-type stuff on a regular basis, to share around social networks.  It sounds like this has already been talked about, so maybe something more 'official', and a standing guideline &amp; bounty would help get that rolling?  <@U0474E4KZ> <@U0474AYFT>",
        "ts": "1454328771.000023",
        "reactions": [
            {
                "name": "stars",
                "users": [
                    "U0474E4KZ"
                ],
                "count": 1
            }
        ]
    },
    {
        "type": "message",
        "user": "U0474E4KZ",
        "text": "Yeah, we did talk about this previously and even came up with some initial ideas.",
        "ts": "1454332620.000024"
    },
    {
        "type": "message",
        "user": "U0474E4KZ",
        "text": "Let me see where we had it all written down.",
        "ts": "1454332625.000025"
    },
    {
        "type": "message",
        "user": "U0J9CQF9S",
        "text": "sweet let me know when you want to make this happen then",
        "ts": "1454353715.000026"
    },
    {
        "type": "message",
        "user": "U0474E4KZ",
        "text": "The things we thought about so far are better fit for a later stage, when we're addressing the public at large rather than the crowd more likely to appreciate the benefits of a decentralized, private system.",
        "ts": "1454358651.000027"
    },
    {
        "type": "message",
        "user": "U0474E4KZ",
        "text": "Let's discuss this on the hangout.",
        "ts": "1454358689.000028"
    },
    {
        "type": "message",
        "user": "U04BQ4FMC",
        "text": "I was going to say earlier, that something like this (what <@U0J9CQF9S> brought up) is what I was thinking of when I was asking about an unscheduled extra HOA, to talk  with some invited guests about Open Access science publishing on Synereo.  There are plenty of topics that need an hour or more on their own, so don't really fit into our normal hangouts.",
        "ts": "1454359669.000029"
    },
    {
        "type": "message",
        "user": "U0J9CQF9S",
        "text": "<http:\/\/www.theverge.com\/2016\/2\/1\/10887120\/youtube-complaint-takedown-copyright-community> haha. huge fail. this is something to talk about :D",
        "edited": {
            "user": "U0J9CQF9S",
            "ts": "1454455962.000000"
        },
        "ts": "1454386295.000030",
        "reactions": [
            {
                "name": "+1",
                "users": [
                    "U0474E4KZ",
                    "U04GDL62L"
                ],
                "count": 2
            }
        ]
    },
    {
        "type": "message",
        "user": "U0J9CQF9S",
        "text": "what are your guys opinion of this guy. <http:\/\/www.armstrongeconomics.com> very interesting character. I am thinking about emailing him maybe asking him what he thinks about synereo and its potential effect on the digital economy.",
        "ts": "1454391880.000032"
    },
    {
        "type": "message",
        "user": "U0J9CQF9S",
        "text": "<https:\/\/thepiratebay.se\/torrent\/12315442\/The_Forecaster_2014_HC_720p_WEBRiP_READNFO_XViD_AC3-LEGi0N> link to the documentary about them. released in the USA on April 3rd. Blew my mind. If anyone here is not comfortable torrenting let me know and ill upload a copy to <http:\/\/airbridge.com|airbridge.com>",
        "attachments": [
            {
                "text": "Download The Forecaster 2014 HC 720p WEBRiP READNFO XViD AC3-LEGi0N torrent or any other torrent from the Video HD - Movies. Direct download via magnet link.",
                "fallback": "Download The Forecaster 2014 HC 720p WEBRiP READNFO XViD AC3-LEGi0N torrent or any other torrent from the Video HD - Movies. Direct download via magnet link.",
                "from_url": "https:\/\/thepiratebay.se\/torrent\/12315442\/The_Forecaster_2014_HC_720p_WEBRiP_READNFO_XViD_AC3-LEGi0N",
                "id": 1
            }
        ],
        "ts": "1454396739.000033"
    }
]