[
    {
        "user": "U0TJN6K09",
        "type": "message",
        "subtype": "channel_join",
        "text": "<@U0TJN6K09|agent_kat> has joined the channel",
        "ts": "1458268465.000026"
    },
    {
        "type": "message",
        "user": "U04GDL62L",
        "text": "Synereo MVP won't  have all of the (proactive &amp; reactive) features, but I remember reading or hearing about planned implementation of  pro\/reactive _discovery_ by several means: There are automatic (agent based) and manual controls for applying REO, _Discovery_ also occurs as the network self-organizes around your interests via SpecialK. Does that cover it, or did I misinterpret what you were saying (above)?",
        "ts": "1458271456.000027"
    },
    {
        "user": "U0TKLLX7Z",
        "type": "message",
        "subtype": "channel_join",
        "text": "<@U0TKLLX7Z|kennyrowe> has joined the channel",
        "ts": "1458279502.000028"
    }
]