[
    {
        "type": "message",
        "user": "U04BQ4FMC",
        "text": "\"A TSC has been formed to help setup a project structure for Hyperledger Project and is hosting meetings on Thursday each week at 10am Eastern Time\"\n<https:\/\/www.hyperledger.org\/community>\nThis seems like something synereo needs to stay abreast of.\nPerhaps even _leading_ this project, in terms of technology (not admin) - what better way to make sure synereo's code becomes the standard, and foundation of an open source global distributed network?\n<@U0474AYFT>: <@U0474E4KZ>",
        "ts": "1457183108.000041"
    },
    {
        "type": "message",
        "user": "U0474E4KZ",
        "text": "I haven't had a chance to look into this.",
        "ts": "1457196618.000042"
    },
    {
        "type": "message",
        "user": "U0474E4KZ",
        "text": "What do you think we could contribute to them?",
        "ts": "1457196624.000043"
    },
    {
        "type": "message",
        "user": "U0474E4KZ",
        "text": "If you want to contact them and start a conversation, please do.",
        "ts": "1457196765.000044"
    },
    {
        "type": "message",
        "user": "U0474E4KZ",
        "text": "See if they're interested in what we have to offer.",
        "ts": "1457196778.000045"
    },
    {
        "type": "message",
        "user": "U04BQ4FMC",
        "text": "\"What do you think we could contribute to them?\"\nThe special-K \/ Casper stack - a scalable blockchain - basically the same thing that Ethereum seeks from us.\n  \nWe either enter the market, slowly become known, swim upstream among growing numbers of competitors &amp; copycats, survive the best efforts of saboteurs hoping to cause wild price fluctuations through misinformation, stochastically attain the adoration of the masses, and become the Standard - or, we do this up front collectively, with the full support of well funded industry leaders, and go directly to  acceptance and production.  :simple_smile:",
        "ts": "1457199652.000046",
        "reactions": [
            {
                "name": "saxophone",
                "users": [
                    "U0474E4KZ"
                ],
                "count": 1
            }
        ]
    },
    {
        "type": "message",
        "user": "U0474E4KZ",
        "text": "Sounds good. Do you care to approach them on our behalf?",
        "ts": "1457207748.000047"
    },
    {
        "type": "message",
        "user": "U0474E4KZ",
        "text": "CC me.",
        "ts": "1457207750.000048"
    },
    {
        "type": "message",
        "user": "U04BQ4FMC",
        "text": "Yes - next Thurs.",
        "ts": "1457213410.000049"
    }
]