[
    {
        "type": "message",
        "user": "U04BQ4FMC",
        "text": "This seems to be the ultimate goal, and with everyone using open source, getting on the same page is a no-brainer.\n<https:\/\/www.hyperledger.org\/>",
        "ts": "1457130665.000035"
    },
    {
        "type": "message",
        "user": "U04BQ4FMC",
        "text": "The Hyperledger Project is a collaborative effort created to advance blockchain technology by identifying and addressing important features for a cross-industry open standard for distributed ledgers that can transform the way business transactions are conducted globally.",
        "ts": "1457130695.000036"
    },
    {
        "type": "message",
        "user": "U04BQ4FMC",
        "text": "\"\nWhy Create the Project?\n\nBlockchain is a peer-to-peer distributed ledger technology for a new generation of transactional applications that establishes trust, accountability and transparency while streamlining business processes. Think of it as an operating system for interactions. It has the potential to vastly reduce the cost and complexity of getting things done.\n\nThe distributed ledger is a permanent, secure tool that makes it easier to create cost-efficient business networks without requiring a centralized point of control. With distributed ledgers, virtually anything of value can be tracked and traded. The application of this emerging technology is showing great promise in the enterprise. For example, it allows securities to be settled in minutes instead of days. It can be used to help companies manage the flow of goods and related payments or enable manufacturers to share production logs with OEMs and regulators to reduce product recalls.\n\n\"As with any early-stage, highly-complex technology that demonstrates the ability to change the way we live our lives and conduct business, blockchain demands a cross-industry, open source collaboration to advance the technology for all.\"\n\u2014 Jim Zemlin, Executive Director, Linux Foundation\"",
        "ts": "1457130739.000037"
    },
    {
        "type": "message",
        "user": "U048X85UT",
        "text": "There is no code and no standards I could find at <https:\/\/www.hyperledger.org\/>  It seems like a good idea if there is a way to participate.",
        "ts": "1457130895.000038"
    },
    {
        "type": "message",
        "user": "U04BQ4FMC",
        "text": "Maybe it's an opportunity to open the doors up to the synereo lab, where all the action is taking place..",
        "ts": "1457131165.000039"
    },
    {
        "type": "message",
        "user": "U04BQ4FMC",
        "text": "We need devs..",
        "ts": "1457131175.000040"
    }
]