[
    {
        "type": "message",
        "user": "U048X85UT",
        "text": "More fundamentally, ambiguous relative time constrained by trusted blockchains is the solution. There cannot always be mathemagical consensus that is not arbitrary, algorithmic consensus must be allowed to fail brfore becoming arbitrary. Consensus failure ought be resolved by oracles, preferably not arbitrary ones.",
        "ts": "1451836928.000059"
    },
    {
        "type": "message",
        "user": "U048X85UT",
        "text": "Finally intelligent oracles can live on the chain depending mostly only on what is the unambiguous consensus of trusted chains.",
        "edited": {
            "user": "U048X85UT",
            "ts": "1451837427.000000"
        },
        "ts": "1451837162.000060"
    },
    {
        "type": "message",
        "user": "U048X85UT",
        "text": "Like all truth, order is relative but not arbitrary.  <https:\/\/drive.google.com\/open?id=1lbc2vnrzb2FTr9OBIJTgnwghVZ6EMBlGAJ32WaTn7ZE>",
        "ts": "1451837811.000063"
    },
    {
        "type": "message",
        "subtype": "file_share",
        "text": "<@U048X85UT|jimscarver> shared a file: <https:\/\/synereonet.slack.com\/files\/jimscarver\/F0HKBJCUD\/technicalproposaltemplate002|TECHNICAL PROPOSAL TEMPLATE 002>",
        "file": {
            "id": "F0HKBJCUD",
            "created": 1451837856,
            "timestamp": 1451837856,
            "name": "TECHNICALPROPOSALTEMPLATE002",
            "title": "TECHNICAL PROPOSAL TEMPLATE 002",
            "mimetype": "application\/vnd.google-apps.document",
            "filetype": "gdoc",
            "pretty_type": "GDocs Document",
            "user": "U048X85UT",
            "editable": false,
            "size": 19702,
            "mode": "external",
            "is_external": true,
            "external_type": "gdrive",
            "is_public": true,
            "public_url_shared": false,
            "display_as_bot": false,
            "username": "",
            "url_private": "https:\/\/docs.google.com\/document\/d\/1lbc2vnrzb2FTr9OBIJTgnwghVZ6EMBlGAJ32WaTn7ZE\/edit?usp=drivesdk",
            "thumb_64": "https:\/\/a.slack-edge.com\/66f9\/img\/files\/gdraw_64.png",
            "thumb_360": "https:\/\/a.slack-edge.com\/272a\/img\/files\/gdoc_360.png",
            "thumb_360_w": 360,
            "thumb_360_h": 167,
            "permalink": "https:\/\/synereonet.slack.com\/files\/jimscarver\/F0HKBJCUD\/technicalproposaltemplate002",
            "channels": [
                "C0474AT8X",
                "C0474CFTH",
                "C04BLQ4CX"
            ],
            "groups": [
    
            ],
            "ims": [
    
            ],
            "comments_count": 0,
            "num_stars": 1
        },
        "user": "U048X85UT",
        "upload": false,
        "display_as_bot": false,
        "username": "<@U048X85UT|jimscarver>",
        "bot_id": null,
        "ts": "1451837856.000064"
    },
    {
        "type": "message",
        "user": "U048X85UT",
        "text": "Indeterminacy must be embraced. <https:\/\/www.quora.com\/The-spectral-gap-problem-has-been-proven-to-be-undecidable-So-what-are-the-implications-for-physics-and-technology\/answer\/Jim-Whitescarver>",
        "attachments": [
            {
                "text": "The spectral gap problem illuminates the meta-mathematical nature of quantum systems. They cannot be restricted by axiomatic systems subject to Godel incomp...",
                "fallback": "The spectral gap problem illuminates the meta-mathematical nature of quantum systems. They cannot be restricted by axiomatic systems subject to Godel incomp...",
                "from_url": "https:\/\/www.quora.com\/The-spectral-gap-problem-has-been-proven-to-be-undecidable-So-what-are-the-implications-for-physics-and-technology\/answer\/Jim-Whitescarver",
                "id": 1
            }
        ],
        "ts": "1451838039.000065"
    },
    {
        "type": "message",
        "user": "U048X85UT",
        "text": "This paper, Rational subsets of partially reversible monoids, exposes a method of obtaining decidability in the face of reversable orderings. <http:\/\/cmup.fc.up.pt\/cmup\/pvsilva\/pubs\/rew.pdf>",
        "edited": {
            "user": "U048X85UT",
            "ts": "1451838919.000000"
        },
        "ts": "1451838846.000067"
    },
    {
        "type": "message",
        "user": "U048X85UT",
        "text": "The opportunity is use subjective trust to resolve ambiguities to make trustless blockchains trusted and efficient.  Sufficient trusted proof of proof of orderings allowing for disorder that is not consequential.   Only in double spend like scenarios must global consensus be achieved, outside the block chain if necessary.",
        "ts": "1451840772.000069"
    }
]