[
    {
        "user": "U0J9CQF9S",
        "type": "message",
        "subtype": "channel_join",
        "text": "<@U0J9CQF9S|shdwdm> has joined the channel",
        "ts": "1454196599.000012"
    },
    {
        "type": "message",
        "user": "U0J9CQF9S",
        "text": "Does anyone feel that there should be more google hangouts talking about broad topics: regarding security, crypto, decentralization, government corruption and or completely have an open ended conversations? I think this will be better for marketing content because the content discussed would be \u201cjuicy\u201d and more likely to make headlines. These could be ran on a separate synereo youtube channel allowing all the micro updates\/major technical related news to stay on the main Synereo youtube channel. I was listening to a podcast today with a writer from england and she believes that writing will always be second nature to speaking. I somewhat agree. I am either socratic in nature or perhaps  i am lazy and find speaking to be easy. The more content you generate the better, I always feel the discussions are deep and never full of fluff. As long as you tag correctly you should be able to quickly build a following after a few months. This will also help subsidize the current channel and prepare for the actual launch of the synereo network.",
        "ts": "1454196992.000013"
    },
    {
        "type": "message",
        "user": "U0J9CQF9S",
        "text": "basically a podcast",
        "ts": "1454216897.000014",
        "reactions": [
            {
                "name": "+1",
                "users": [
                    "U049CMCCZ"
                ],
                "count": 1
            }
        ]
    }
]