[
    {
        "type": "message",
        "user": "U0FESR742",
        "text": "<http:\/\/techcrunch.com\/2015\/01\/10\/decentralize-all-the-things\/>",
        "attachments": [
            {
                "service_name": "TechCrunch",
                "service_url": "http:\/\/techcrunch.com",
                "title": "Decentralize All The\u00a0Things!",
                "title_link": "http:\/\/techcrunch.com\/2015\/01\/10\/decentralize-all-the-things\/",
                "author_name": "Jon Evans",
                "text": "They gave us a fully decentralized Internet and we used it to build web services--Facebook, Twitter, Gmail, iCloud--so massively centralized they verge on being quasi-medieval fiefdoms. Now we're building the Internet of Someone Else's Things, wherein every room of every home will contain devices controlled by servers the homeowners don't know, control, or understand. What is wrong with us?",
                "fallback": "TechCrunch Link: Decentralize All The&nbsp;Things!",
                "from_url": "http:\/\/techcrunch.com\/2015\/01\/10\/decentralize-all-the-things\/",
                "id": 1
            }
        ],
        "ts": "1453850907.000002",
        "reactions": [
            {
                "name": "+1",
                "users": [
                    "U0474E4KZ"
                ],
                "count": 1
            }
        ]
    }
]