[
    {
        "type": "message",
        "user": "U0FESR742",
        "text": "More good reading. \n<https:\/\/mises.org\/library\/future-decentralized-0>",
        "attachments": [
            {
                "service_name": "Mises Institute",
                "title": "The Future Is Decentralized",
                "title_link": "https:\/\/mises.org\/library\/future-decentralized-0",
                "text": "[This article appears in the September-October 2015 issue of The Austrian.]",
                "fallback": "Mises Institute: The Future Is Decentralized",
                "image_url": "https:\/\/mises.org\/sites\/default\/files\/styles\/social_media_1200_x_628\/public\/static-page\/img\/key2.jpg?itok=OOHqToWX",
                "from_url": "https:\/\/mises.org\/library\/future-decentralized-0",
                "image_width": 300,
                "image_height": 225,
                "image_bytes": 10534,
                "id": 1
            }
        ],
        "ts": "1454622332.000072"
    }
]