[
    {
        "type": "message",
        "user": "U0J9CQF9S",
        "text": "Another note on the music locker, i think you can extend this to any type of media that the person has as a digital file. I am not sure how you would do from a technical standpoint but since the network is run off nodes  would it not it be easy to just upload data from your computer if your running your profile off of a syerneo node that you setup?",
        "edited": {
            "user": "U0J9CQF9S",
            "ts": "1454401906.000000"
        },
        "ts": "1454401474.000035"
    },
    {
        "type": "message",
        "user": "U0J9CQF9S",
        "text": " <http:\/\/bit.no.com:43110\/1HeLLo4uzjaLetFx6NH3PMwFP3qbRbTf3D> thoughts on zeronet?",
        "ts": "1454432426.000037"
    },
    {
        "type": "message",
        "user": "U04BQ4FMC",
        "text": "the armstrong story is interesting, but not sure how it would tie into synereo",
        "ts": "1454452211.000038"
    },
    {
        "type": "message",
        "user": "U04BQ4FMC",
        "text": "zeronet as well, but they have no info available at that address - <@U0J9CQF9S>",
        "ts": "1454452257.000039"
    },
    {
        "type": "message",
        "user": "U04BQ4FMC",
        "text": "I think we'll get official info tomorrow on the HOA...  are you going to be there for the live chat?",
        "ts": "1454452315.000040"
    },
    {
        "type": "message",
        "user": "U0J9CQF9S",
        "text": "word. The armstrong guy basically claims digital currency is going to be shut down by the government at some point. he\u2019s a economic forecaster. was trying to get people\u2019s opinion on his ideas. historically he has been right on a lot of different issues.",
        "ts": "1454452359.000041"
    },
    {
        "type": "message",
        "user": "U0J9CQF9S",
        "text": "what is HOA? I should be there for the livechat I might be in the middle of a drive to philly though. so it depends on my cell service.",
        "ts": "1454452392.000042"
    },
    {
        "type": "message",
        "user": "U04BQ4FMC",
        "text": "hangout on-air",
        "ts": "1454452405.000043"
    },
    {
        "type": "message",
        "user": "U04BQ4FMC",
        "text": "google video chat",
        "ts": "1454452443.000044"
    },
    {
        "type": "message",
        "user": "U0J9CQF9S",
        "text": "oh yea got it. If i leave around 10-11am i should make it to philly in 3 hours giving me enough time to find a cafe to patch in.",
        "ts": "1454452445.000045"
    },
    {
        "type": "message",
        "user": "U04BQ4FMC",
        "text": "I was thinking we could start a shared doc (in the community folder we have already on google), and make a list of topics, guests, questions, and dates.  Others could add to it, give suggestions, etc.",
        "ts": "1454452559.000046"
    },
    {
        "type": "message",
        "user": "U0J9CQF9S",
        "text": "what about viruses :smile: QQ",
        "ts": "1454453681.000047"
    },
    {
        "type": "message",
        "user": "U0J9CQF9S",
        "text": "im just joking :smile: im sure we can find a work around.",
        "ts": "1454454214.000048"
    },
    {
        "type": "message",
        "user": "U04BQ4FMC",
        "text": "is there something going around?",
        "ts": "1454454244.000049"
    },
    {
        "type": "message",
        "user": "U0J9CQF9S",
        "text": "well if everyone is sharing the same documents im sure something can be infected.",
        "ts": "1454454267.000050"
    },
    {
        "type": "message",
        "user": "U0J9CQF9S",
        "text": "I DONT TRUST NO ONE SON !",
        "ts": "1454454275.000051"
    },
    {
        "type": "message",
        "user": "U0J9CQF9S",
        "text": "lol",
        "ts": "1454454276.000052"
    },
    {
        "type": "message",
        "user": "U0J9CQF9S",
        "text": "but real talk. <https:\/\/www.youtube.com\/watch?v=TR4bE7k3S5E> (Starts at 10:00)  i found this thing called jitsi. You can host your own Hangout server and have people connect to it whenever you want. Allowing anyone to pop in at anytime. As long as the person who is hosting the hangout server is up and running. <https:\/\/jitsi.org> &lt;- Here is a link to the actual company.",
        "edited": {
            "user": "U0J9CQF9S",
            "ts": "1454455189.000000"
        },
        "ts": "1454454389.000053"
    },
    {
        "type": "message",
        "user": "U0J9CQF9S",
        "text": "Im trying to find documentation telling me how many people can attend your hangout at once. Because the big problem we have now is only having 8 people attend one meeting. Seems to me you can have multiple people log into different accounts too. Facebook\/google talk\/aim etc. <https:\/\/jitsi.org\/Documentation\/InstallAndSetupOnWindows> This will allow more people to join in from different sources if they don\u2019t want to exclusively use slack or the google hangout chat window. It also has options to encrypt texts and voice calls between users. <https:\/\/jitsi.org\/Projects\/JitsiVideobridgePerformance> &lt;- this may answer a few more questions.",
        "edited": {
            "user": "U0J9CQF9S",
            "ts": "1454455184.000000"
        },
        "ts": "1454454499.000055"
    },
    {
        "type": "message",
        "user": "U0J9CQF9S",
        "text": "damn this is insane you can literally have hundreds of people in a hangout at once. <https:\/\/www.youtube.com\/watch?v=tF4tvcFenfA>",
        "edited": {
            "user": "U0J9CQF9S",
            "ts": "1454455845.000000"
        },
        "ts": "1454455480.000060"
    },
    {
        "type": "message",
        "user": "U04BQ4FMC",
        "text": "Well, it's not exactly 'sharing' the doc, it's just open access.  You don't need to ever download it, so google will get the virus, if any!",
        "ts": "1454456317.000063"
    },
    {
        "type": "message",
        "user": "U0J9CQF9S",
        "text": "^^ sweet im down to set something like that up!",
        "ts": "1454457927.000064"
    },
    {
        "type": "message",
        "user": "U0J9CQF9S",
        "text": "!",
        "edited": {
            "user": "U0J9CQF9S",
            "ts": "1454459373.000000"
        },
        "ts": "1454457961.000065"
    },
    {
        "type": "message",
        "user": "U0J9CQF9S",
        "text": "Is there anyone interested in trying jitsi out on me? It requires a facebook account or SIP address which you can signup for one here: <https:\/\/www.getonsip.com> . Once you have downloaded the program here: <https:\/\/jitsi.org\/Main\/Download> install it. My SIP username is Shdwdm. Send me a request :smile:",
        "edited": {
            "user": "U0J9CQF9S",
            "ts": "1454473140.000000"
        },
        "ts": "1454460062.000067"
    }
]