[
    {
        "user": "U0RN1C0SD",
        "type": "message",
        "subtype": "channel_join",
        "text": "<@U0RN1C0SD|spenny> has joined the channel",
        "ts": "1457565858.000051"
    },
    {
        "user": "U0RLRNDRP",
        "type": "message",
        "subtype": "channel_join",
        "text": "<@U0RLRNDRP|daniel> has joined the channel",
        "ts": "1457574086.000052"
    },
    {
        "type": "message",
        "user": "U0RLRNDRP",
        "text": "I have I nice quote we could use \n\nPoverty is a denial of rights sold as a character flaw.\n\u2014  \tSarah Kendzior\n\nAnd We (synereo) are here to address\/solve it.",
        "ts": "1457574215.000053"
    },
    {
        "type": "message",
        "user": "U0RLRNDRP",
        "text": "IBM and JP Morgan etc... are on hyperledger project, we defo need to look into this ... with our maximum capacity",
        "ts": "1457574416.000054"
    }
]