[
    {
        "type": "message",
        "user": "U0J9CQF9S",
        "text": "I don't agree with anything the guy is saying. He's basically arguing against state regulation and more private ownership. However he doesn't point out the obvious solution that he alluded to with the fisherman story. \nCommunity ownership balanced by rational observation and careful management of resources is the best solution. You still have government if thousands of micro communities had a way to communicate and agree. This makes sense because Nevada has different needs than Washington  D.C. The tough sell is when Washington forces everyone to pay up when there is no 1) consensus 2) corruption. It's really naive to believe that people that have private property will automatically be more rational. Hence the fact that (private) corporations are doing the lobbying and polluting. 2 of the bulletins he pointed out with regards to problems with the state. If the solution were in either one (state vs private ownership) then the world would already see its utopia. The problem with extreme ideologies is obvious by the fact that it's not necessarily a problem that needs to be solved. In a large sense the answer was here long before civilization as we know it came along. According to some anthropologists communities were much more egalitarian  based before now. It's only when we started farming animals, vegetables and fruits do we see a massive inclination to hoard power and resources, build fences and ultimately declare war on neighbors. This should be a obvious fact. It's also a fallacy to believe the solution could be engineered. The reason why we have such a growing debt, potential for mass destruction is because we are rushing forward without backing up first and looking at the larger problem. The solution lies within the community to make its decision. It's folly to believe that one corporation or government is at fault. No one individual is as evil as all of us together. Libertarians would love to micro mange the world. Take one part of pizza slice away then you'll have a solution. Often in nature if you take one thing like the bees away you have a massive problem (potential long term consequences). Maybe we should learn to support what we have instead of taking away. Give back then own. It's rather simple. ",
        "edited": {
            "user": "U0J9CQF9S",
            "ts": "1455276750.000000"
        },
        "ts": "1455276571.000081"
    }
]