[
    {
        "type": "message",
        "user": "U0474E4KZ",
        "text": "<@U048X85UT>: rather than generating new coins, the existing supply will simply appreciate in value to accommodate the increase in \"attention supply\".",
        "ts": "1452525633.000097"
    },
    {
        "type": "message",
        "user": "U0474E4KZ",
        "text": "Interesting question, Ed. <@U0GD31QBA>, care to take a look?",
        "ts": "1452525719.000098"
    },
    {
        "user": "U0GD31QBA",
        "inviter": "U0474E4KZ",
        "type": "message",
        "subtype": "channel_join",
        "text": "<@U0GD31QBA|jed> has joined the channel",
        "ts": "1452525723.000099"
    }
]