[
    {
        "type": "message",
        "user": "U0FESR742",
        "text": "<http:\/\/magazine.backfeed.cc\/the-backfeed-protocol-an-introduction-for-mere-mortals\/>",
        "attachments": [
            {
                "service_name": "Backfeed Magazine",
                "title": "The Backfeed Protocol - An introduction for mere Mortals. - Backfeed Magazine",
                "title_link": "http:\/\/magazine.backfeed.cc\/the-backfeed-protocol-an-introduction-for-mere-mortals\/",
                "text": "The Pretentiousness of Meritocracy Every system of governance humankind has ever created prides itself on being a perfect Meritocracy. Socialists claim to have power invested in the hands of value creators, Capitalists believe that markets clear the way for the skillful and the industrious, while republican democracy checks and balances the potential party killers. For \u2026",
                "fallback": "Backfeed Magazine: The Backfeed Protocol - An introduction for mere Mortals. - Backfeed Magazine",
                "image_url": "http:\/\/magazine.backfeed.cc\/wp-content\/uploads\/2015\/12\/2477696291_2fcb370f52_z.jpg",
                "ts": 1451399715,
                "from_url": "http:\/\/magazine.backfeed.cc\/the-backfeed-protocol-an-introduction-for-mere-mortals\/",
                "image_width": 376,
                "image_height": 250,
                "image_bytes": 152756,
                "id": 1
            }
        ],
        "ts": "1454120045.000008"
    },
    {
        "type": "message",
        "user": "U0FESR742",
        "text": "<http:\/\/magazine.backfeed.cc\/backfeeds-economic-model-for-an-decentralized-age\/>",
        "attachments": [
            {
                "service_name": "Backfeed Magazine",
                "title": "The Backfeed Economic Model for a Decentralized Age - Backfeed Magazine",
                "title_link": "http:\/\/magazine.backfeed.cc\/backfeeds-economic-model-for-an-decentralized-age\/",
                "text": "Intro: The Backfeed Protocol with its Proof-of-Value (PoV) algorithm, reputation system and token mechanism, provides a comprehensive social operating system for decentralized organisations and collaborations (DCs). It is inherently designed to cooperatively create value and distribute it in the form of tokens among the different participants, according to their contribution to the overall operation. Since \u2026",
                "fallback": "Backfeed Magazine: The Backfeed Economic Model for a Decentralized Age - Backfeed Magazine",
                "image_url": "http:\/\/magazine.backfeed.cc\/wp-content\/uploads\/2015\/12\/NY_stock_exchange_traders_floor_LC-U9-10548-6.jpg",
                "ts": 1450708567,
                "from_url": "http:\/\/magazine.backfeed.cc\/backfeeds-economic-model-for-an-decentralized-age\/",
                "image_width": 378,
                "image_height": 250,
                "image_bytes": 4343790,
                "id": 1
            }
        ],
        "ts": "1454120097.000010"
    }
]