[
    {
        "type": "message",
        "user": "U0FESR742",
        "text": "Just as important to online communities as physical ones: \n\n<http:\/\/www.technologyreview.com\/news\/516506\/silicon-valley-cant-be-copied\/?utm_content=buffer4fd6d&amp;utm_medium=social&amp;utm_source=facebook.com&amp;utm_campaign=buffer>",
        "attachments": [
            {
                "title": "MIT Technology Review",
                "title_link": "http:\/\/www.technologyreview.com\/news\/516506\/silicon-valley-cant-be-copied\/?utm_content=buffer4fd6d&utm_medium=social&utm_source=facebook.com&utm_campaign=buffer",
                "text": "The mission of MIT Technology Review is to equip its audiences with the intelligence to understand a world shaped by technology.",
                "fallback": "MIT Technology Review",
                "image_width": 1200,
                "image_height": 630,
                "from_url": "http:\/\/www.technologyreview.com\/news\/516506\/silicon-valley-cant-be-copied\/?utm_content=buffer4fd6d&utm_medium=social&utm_source=facebook.com&utm_campaign=buffer",
                "id": 1
            }
        ],
        "ts": "1454818284.000074"
    }
]