[
    {
        "type": "message",
        "user": "U04BQ4FMC",
        "text": "I was asking about something similar ealier, <@U048X85UT>  - but no 'negative attention' per se",
        "ts": "1452431765.000088"
    },
    {
        "type": "message",
        "user": "U04BQ4FMC",
        "text": "People are used to seeing some kind of \"grade\" for social media content, and it's _likes_,  _+1_,  etc  -  and if it has been shared.",
        "ts": "1452431827.000089"
    },
    {
        "type": "message",
        "user": "U04A8095T",
        "text": "If Synereo were to pick one existing social network with which to build a bridge, with the goal of onboarding new community members, which one would it be?   Thinking about Open Garden's FireChat, Telegram (where a lot of Bitcoiners hang out), Slack, and Peach <http:\/\/techcrunch.com\/2016\/01\/08\/peach-is-a-slick-new-messaging-app-from-the-founder-of-vine\/?ncid=tcweekly#.39vu3n:NSf4>  as some of the many candidates.",
        "attachments": [
            {
                "service_name": "TechCrunch",
                "service_url": "http:\/\/techcrunch.com",
                "title": "Peach Is A Slick New Messaging App From The Founder Of\u00a0Vine",
                "title_link": "http:\/\/techcrunch.com\/2016\/01\/08\/peach-is-a-slick-new-messaging-app-from-the-founder-of-vine\/?ncid=tcweekly",
                "author_name": "Drew Olanoff",
                "thumb_url": "https:\/\/i0.wp.com\/tctechcrunch2011.files.wordpress.com\/2016\/01\/2728211684_5152f8c73a_b.jpg?fit=200%2C150",
                "thumb_width": 200,
                "thumb_height": 133,
                "text": "Chat chat chat, talk talk talk. We love it, you love it. Messaging apps are hot for 2016 (again) and there\u2019s seemingly a niche platform for all of us. There are also big platforms for the rest of the world like Messenger, WhatsApp, Line, Snapchat and Hangouts (and tons more).\nOne new app, Peach, is pretty interesting. Peach was created by the founder of Vine, Dom Hofmann. What\u2019s different about it, though? Well, the onboarding is pretty slick and the engagement experience is kind of like using Slack commands, if you\u2019re familiar with that. The onboarding also feels a lot like Slackbot, too.\n\n\nWe just signed up to :peach: and their on-boarding is magical :sparkles: <https:\/\/t.co\/wzPeljRLcN>\n<https:\/\/t.co\/fA9wAhCgQ2>\n\u2014 Product Hunt (@ProductHunt) January 8, 2016\n\nFor example, you can type \u201cGIF\u201d and then you\u2019re prompted to find and share one. Type \u201cDraw\u201d and you can draw a picture. Peach calls them \u201cmagic words.\u201d\nOthers:\n* Use the magic word \u201cshout\u201d to write a few words (+ emoji) in BIG letters on a background color.\n* Use \u201cdraw\u201d to post a doodle or sketch.\n* Use \u201csong\u201d to share whatever\u2019s playing right now. Friends can tap on the song to open it in Apple Music or Spotify.\n* The magic word \u201crate\u201d lets you give anything\u2014anything!\u2014 a 1-5 star rating.\n* Other magic words: gif, here, goodmorning, goodnight, battery, weather, move, meetings, safari, dice, time, date, movie, tv, and game. With more on the way.\n\n    \n\t\t            \n\t\t            IMG_7766\n\t\t            \n\t\t            \n\t\t        \n\t\t            \n\t\t            IMG_7767\n\t\t            \n\t\t            \n\t\t        \n\t\t            \n\t\t            IMG_7768\n\t\t            \n\t\t            \n\t\t        \n\t    \n\t        \u00a0View Slideshow\n\t    \n\t    \n\t        Previous\n\t        Next\n\t        Exit\n\t    \n\t\nYou can also be prompted with interesting questions to answer if you\u2019re not sure of what to post. All of it goes to your home, which serves as a Facebook Wall of sorts where people can like your stuff and comment on it. No \u201cdirect\u201d messaging here, all out in the open like Twitter. So yeah, messaging, communications, social network, AIM status messages, etc.\nNaturally, there\u2019s even a \u201cwave\u201d feature that\u2019s like a Facebook Poke (or \u201cCake\u201d or other actions). It sends a push notification (yes, like Yo) and fun is had.\n\nIt\u2019s also cool to watch your friends update their status in realtime from one screen:\n\nIs there room for YAMA (Yet Another Messaging App)? I say yes, especially when people like Hofmann\u2019s Byte team is thinking outside of the box. One thing to note, it looks like it\u2019s just for iOS now. However, it\u2019s definitely catching fire quickly. In fact, I\u2019ve seen something similar to it before, but that\u2019s a story for another time.\n\n\nPeach reminds me of Twitter in the early days (share \"what&amp;#39;s happening\"). Add me: @jd. <https:\/\/t.co\/TDnQKC150d> <http:\/\/pic.twitter.com\/QDFwNl9MBw|pic.twitter.com\/QDFwNl9MBw>\n\u2014 Jack Dweck (@jackdweck) January 8, 2016\n\nGive it a try, I\u2019m \u201cDrew\u201d there.\nUPDATE: Welp, people are definitely trying it. The team is having a few technical difficulties, but they\u2019re working on them.\n\n\nThanks to everyone for downloading Peach! Still experiencing issues. We&amp;#39;re working hard to resolve ASAP. :electric_plug:\n\u2014 Peach (@peachdotcool) January 8, 2016",
                "fallback": "TechCrunch Link: Peach Is A Slick New Messaging App From The Founder Of&nbsp;Vine",
                "from_url": "http:\/\/techcrunch.com\/2016\/01\/08\/peach-is-a-slick-new-messaging-app-from-the-founder-of-vine\/?ncid=tcweekly#.39vu3n:NSf4",
                "id": 1
            }
        ],
        "ts": "1452448792.000090"
    },
    {
        "type": "message",
        "user": "U048T3M8W",
        "text": "<@U04A8095T>: please add Open Garden's FireChat to the doc below :innocent:",
        "ts": "1452448996.000092"
    },
    {
        "type": "message",
        "subtype": "file_share",
        "text": "<@U048T3M8W|lapin7> shared a file: <https:\/\/synereonet.slack.com\/files\/lapin7\/F0GJ6E32N\/relevantcommunitymap|Relevant Community Map>",
        "file": {
            "id": "F0GJ6E32N",
            "created": 1450096077,
            "timestamp": 1450096077,
            "name": "RelevantCommunityMap",
            "title": "Relevant Community Map",
            "mimetype": "application\/vnd.google-apps.spreadsheet",
            "filetype": "gsheet",
            "pretty_type": "GDocs Spreadsheet",
            "user": "U048T3M8W",
            "editable": false,
            "size": 20624,
            "mode": "external",
            "is_external": true,
            "external_type": "gdrive",
            "is_public": true,
            "public_url_shared": false,
            "display_as_bot": false,
            "username": "",
            "url_private": "https:\/\/docs.google.com\/spreadsheets\/d\/1dgcYgLlhMdV8dJPxAGv0NjHCWDfRoJKvR9SVHIOd21Y\/edit?usp=drivesdk",
            "thumb_64": "https:\/\/a.slack-edge.com\/66f9\/img\/files\/gsheet_64.png",
            "thumb_360": "https:\/\/a.slack-edge.com\/66f9\/img\/files\/gsheet_360.png",
            "thumb_360_w": 360,
            "thumb_360_h": 167,
            "permalink": "https:\/\/synereonet.slack.com\/files\/lapin7\/F0GJ6E32N\/relevantcommunitymap",
            "channels": [
                "C0474AT8X",
                "C0474CFTH",
                "C0474C7V9"
            ],
            "groups": [
    
            ],
            "ims": [
    
            ],
            "comments_count": 0
        },
        "user": "U048T3M8W",
        "upload": false,
        "display_as_bot": false,
        "username": "<@U048T3M8W|lapin7>",
        "bot_id": null,
        "ts": "1452448999.000094"
    },
    {
        "type": "message",
        "user": "U04A8095T",
        "text": "<@U048T3M8W>:  Hank, done.  Thanks.",
        "ts": "1452482967.000096",
        "reactions": [
            {
                "name": "+1",
                "users": [
                    "U0474E4KZ"
                ],
                "count": 1
            }
        ]
    }
]