[
    {
        "type": "message",
        "user": "U0FESR742",
        "text": "\"Pascal here from the SU Labs Accelerator team. We're getting close to the end of our application window for our 2016 Spring Accelerator class and I need your help. As a member of the Singularity University community, I'm sure you know one or two startups working on something incredible. I'd absolutely love an intro if they meet this criteria:\nHave a proof-of-concept or functional prototype built on top of an exponential technology\nHave at least 2 active co-founders, addressing a global grand challenge\nCan demo their product and have recommendations from qualified references\nWe created the first accelerator exclusively for startups leveraging exponential technologies to take on the world's biggest challenges. Last year we transformed several companies in a way they never thought was possible. See what founders had to say about the 8-week program.\nKnow a founder or a startup you think would be a good fit for our next class of companies poised to change the world?\nReply to this email and include:\nStart-up name and website\nContact info\nWhy they are a good fit for the Spring 2016 Labs Accelerator Program.\nAny other helpful information.\nThanks for your help!\n\n\nPascal Finette\nVP SU Labs and Entrepreneurship Chair\"",
        "ts": "1455175982.000076",
        "reactions": [
            {
                "name": "heart",
                "users": [
                    "U04BQ4FMC"
                ],
                "count": 1
            }
        ]
    }
]