[
    {
        "user": "U048T3M8W",
        "type": "message",
        "subtype": "channel_join",
        "text": "<@U048T3M8W|lapin7> has joined the channel",
        "ts": "1458206524.000008"
    },
    {
        "user": "U0TJN6K09",
        "type": "message",
        "subtype": "channel_join",
        "text": "<@U0TJN6K09|agent_kat> has joined the channel",
        "ts": "1458268488.000009"
    },
    {
        "user": "U0TKLLX7Z",
        "type": "message",
        "subtype": "channel_join",
        "text": "<@U0TKLLX7Z|kennyrowe> has joined the channel",
        "ts": "1458279893.000010"
    }
]