[
    {
        "type": "message",
        "user": "U0R4YRVFB",
        "text": "I'm trying to get the OK from my boss at <http:\/\/BnkToTheFuture.com|BnkToTheFuture.com> to help you guys out with videos.",
        "ts": "1457957042.000002"
    },
    {
        "type": "message",
        "user": "U0R4YRVFB",
        "text": "I'll be back with an answer soon",
        "ts": "1457957049.000003"
    },
    {
        "type": "message",
        "user": "U0PCK9TKL",
        "text": "Baller",
        "ts": "1457964546.000004"
    },
    {
        "user": "U0LEE1H33",
        "type": "message",
        "subtype": "channel_join",
        "text": "<@U0LEE1H33|physiological_diver> has joined the channel",
        "ts": "1457983498.000005"
    }
]