[
    {
        "type": "message",
        "user": "U0R4YRVFB",
        "text": "Ok, I got permission to do whatever I want with you guys :grin:",
        "ts": "1458048767.000006"
    },
    {
        "type": "message",
        "user": "U0R4YRVFB",
        "text": "I'm always super busy but there are some quick and simple video projects I could do that already have a big effect.",
        "ts": "1458048793.000007",
        "reactions": [
            {
                "name": "+1",
                "users": [
                    "U049CMCCZ",
                    "U0PCK9TKL"
                ],
                "count": 2
            }
        ]
    }
]