[
    {
        "user": "U0MRFBCKU",
        "type": "message",
        "subtype": "channel_join",
        "text": "<@U0MRFBCKU|cm> has joined the channel",
        "ts": "1457432449.000002"
    },
    {
        "user": "U0MRFBCKU",
        "purpose": "All ideas about video production\/promo videos\/documentaries",
        "type": "message",
        "subtype": "channel_purpose",
        "text": "<@U0MRFBCKU|cm> set the channel purpose: All ideas about video production\/promo videos\/documentaries",
        "ts": "1457432451.000003"
    },
    {
        "user": "U0PCK9TKL",
        "type": "message",
        "subtype": "channel_join",
        "text": "<@U0PCK9TKL|dj.ruesue> has joined the channel",
        "ts": "1457432487.000004"
    },
    {
        "user": "U0R4YRVFB",
        "inviter": "U0PCK9TKL",
        "type": "message",
        "subtype": "channel_join",
        "text": "<@U0R4YRVFB|joeri> has joined the channel",
        "ts": "1457432506.000005"
    },
    {
        "type": "message",
        "user": "U0R4YRVFB",
        "text": "Hi all. I'm a very experienced video producer, I make video for crowdfunding pitches on <http:\/\/BnkToTheFuture.com|BnkToTheFuture.com> for example",
        "ts": "1457432698.000006"
    },
    {
        "type": "message",
        "user": "U0R4YRVFB",
        "text": "I can advize you guys or help some, but my time is very limited.",
        "edited": {
            "user": "U0R4YRVFB",
            "ts": "1457432739.000000"
        },
        "ts": "1457432726.000007"
    },
    {
        "type": "message",
        "user": "U0PCK9TKL",
        "text": ":simple_smile: its just us right not but i am going to get a few more people in",
        "ts": "1457432819.000009"
    },
    {
        "user": "U04BQ4FMC",
        "inviter": "U0PCK9TKL",
        "type": "message",
        "subtype": "channel_join",
        "text": "<@U04BQ4FMC|malthusjohn> has joined the channel",
        "ts": "1457432824.000010"
    },
    {
        "type": "message",
        "user": "U0PCK9TKL",
        "text": "sweet",
        "ts": "1457432871.000011"
    },
    {
        "type": "message",
        "user": "U0PCK9TKL",
        "text": "this is joeri maybe he can work with your friend in chile",
        "ts": "1457432884.000012"
    },
    {
        "type": "message",
        "user": "U0R4YRVFB",
        "text": "hey hey",
        "ts": "1457432908.000013"
    },
    {
        "type": "message",
        "user": "U0PCK9TKL",
        "text": "hey joeri",
        "ts": "1457432922.000014"
    },
    {
        "type": "message",
        "user": "U0PCK9TKL",
        "text": "do you know how to setup a media server",
        "ts": "1457432928.000015"
    },
    {
        "type": "message",
        "user": "U0PCK9TKL",
        "text": "like this one",
        "ts": "1457432931.000016"
    },
    {
        "type": "message",
        "user": "U0PCK9TKL",
        "text": "<https:\/\/azure.microsoft.com\/en-us\/pricing\/>",
        "attachments": [
            {
                "title": "Pricing Overview - How Azure pricing works | Microsoft Azure",
                "title_link": "https:\/\/azure.microsoft.com\/en-us\/pricing\/",
                "text": "Learn how Azure pricing works and see cost info for all Azure cloud computing services. No upfront costs. No cancellation fees. Pay as you go. FREE trial.",
                "fallback": "Pricing Overview - How Azure pricing works | Microsoft Azure",
                "thumb_url": "https:\/\/acom.azurecomcdn.net\/80C57D\/cdn\/cvt-9c42e10c78bceeb8622e49af8d0fe1a20cd9ca9f4983c398d0b356cf822d8844\/images\/shared\/social\/azure-icon-250x250.png",
                "from_url": "https:\/\/azure.microsoft.com\/en-us\/pricing\/",
                "thumb_width": 250,
                "thumb_height": 250,
                "id": 1
            }
        ],
        "ts": "1457432937.000017"
    },
    {
        "type": "message",
        "user": "U0PCK9TKL",
        "text": "<https:\/\/www.adobe.com\/in\/products\/amazon-web-services.html>",
        "attachments": [
            {
                "title": "Media streaming services| Adobe Media Server 5 on Amazon Web Services",
                "title_link": "https:\/\/www.adobe.com\/in\/products\/amazon-web-services.html",
                "text": "Adobe Flash Media Server on Amazon Web Services is an easy-to-use and affordable media streaming service designed to deploy and manage your multiprotocol media streaming.",
                "fallback": "Media streaming services| Adobe Media Server 5 on Amazon Web Services",
                "from_url": "https:\/\/www.adobe.com\/in\/products\/amazon-web-services.html",
                "id": 1
            }
        ],
        "ts": "1457432943.000019"
    },
    {
        "type": "message",
        "user": "U0PCK9TKL",
        "text": "<https:\/\/cloud.google.com\/solutions\/media\/>",
        "attachments": [
            {
                "service_name": "Google Cloud Platform",
                "title": "Media And Entertainment Solutions | Google Cloud Platform \u2014 Google Cloud Platform",
                "title_link": "https:\/\/cloud.google.com\/solutions\/media\/",
                "text": "Google Cloud Platform offers tailored solutions for the Media &amp; Entertainment industry with cloud rendering, custom transcoding and more.",
                "fallback": "Google Cloud Platform: Media And Entertainment Solutions | Google Cloud Platform \u2014 Google Cloud Platform",
                "thumb_url": "https:\/\/cloud.google.com\/_static\/images\/gcp-logo.png",
                "from_url": "https:\/\/cloud.google.com\/solutions\/media\/",
                "thumb_width": 377,
                "thumb_height": 49,
                "id": 1
            }
        ],
        "ts": "1457432948.000021"
    },
    {
        "type": "message",
        "user": "U0PCK9TKL",
        "text": "<https:\/\/www.adobe.com\/products\/adobe-media-server-family.html>",
        "attachments": [
            {
                "title": "Media server for streaming video | Adobe Media Server family",
                "title_link": "https:\/\/www.adobe.com\/products\/adobe-media-server-family.html",
                "text": "The Adobe Media Server family is the industry-leading solution for streaming video that provides an incredibly rich viewing experience.",
                "fallback": "Media server for streaming video | Adobe Media Server family",
                "from_url": "https:\/\/www.adobe.com\/products\/adobe-media-server-family.html",
                "id": 1
            }
        ],
        "ts": "1457432963.000023"
    },
    {
        "type": "message",
        "user": "U0R4YRVFB",
        "text": "no idea",
        "ts": "1457432986.000025"
    },
    {
        "type": "message",
        "user": "U0PCK9TKL",
        "text": "I want to stream these websites all at the same time but they need to be hosted on the cloud i think so the speed is faster",
        "ts": "1457432988.000026"
    },
    {
        "type": "message",
        "user": "U0PCK9TKL",
        "text": "ok",
        "ts": "1457432993.000027"
    },
    {
        "type": "message",
        "user": "U0PCK9TKL",
        "text": "do  you know anyone in the media industry that does media management at the cloud level",
        "ts": "1457433006.000028"
    },
    {
        "type": "message",
        "user": "U0R4YRVFB",
        "text": "im probably the worst person to ask in the synereo community",
        "ts": "1457433013.000029"
    },
    {
        "type": "message",
        "user": "U0PCK9TKL",
        "text": "no you deal with media",
        "ts": "1457433021.000030"
    },
    {
        "type": "message",
        "user": "U0R4YRVFB",
        "text": "so many coders here",
        "ts": "1457433024.000031"
    },
    {
        "type": "message",
        "user": "U0PCK9TKL",
        "text": "these are media servers",
        "ts": "1457433025.000032"
    },
    {
        "type": "message",
        "user": "U0PCK9TKL",
        "text": "<@U0QJSP0LU>: also does video production",
        "ts": "1457433052.000033"
    },
    {
        "type": "message",
        "user": "U0PCK9TKL",
        "text": "<https:\/\/www.youtube.com\/watch?v=iu7CkEuKTb8&amp;> feature=<http:\/\/youtu.be|youtu.be>",
        "attachments": [
            {
                "service_name": "YouTube",
                "service_url": "https:\/\/www.youtube.com\/",
                "title": "hae9rt84h98et4h98er4h986et4rh986e4t6h",
                "title_link": "https:\/\/www.youtube.com\/watch?v=iu7CkEuKTb8&amp;",
                "author_name": "htn96wtre8hn18te986thwrwtr894jhr1s8t1hj",
                "author_link": "https:\/\/www.youtube.com\/channel\/UC-QOIwAolHIwHvnlWtu3NZw",
                "thumb_url": "https:\/\/i.ytimg.com\/vi\/iu7CkEuKTb8\/hqdefault.jpg",
                "thumb_width": 480,
                "thumb_height": 360,
                "fallback": "YouTube Video: hae9rt84h98et4h98er4h986et4rh986e4t6h",
                "video_html": "<iframe width=\"400\" height=\"225\" src=\"https:\/\/www.youtube.com\/embed\/iu7CkEuKTb8?feature=oembed&autoplay=1&iv_load_policy=3\" frameborder=\"0\" allowfullscreen><\/iframe>",
                "video_html_width": 400,
                "video_html_height": 225,
                "from_url": "https:\/\/www.youtube.com\/watch?v=iu7CkEuKTb8&amp;",
                "id": 1
            }
        ],
        "ts": "1457433079.000034"
    },
    {
        "type": "message",
        "user": "U0PCK9TKL",
        "text": "he made this video",
        "ts": "1457433082.000036"
    },
    {
        "type": "message",
        "user": "U0PCK9TKL",
        "text": "its a \u201cgood concept\u201d but needs a LOT of work",
        "ts": "1457433090.000037"
    },
    {
        "type": "message",
        "user": "U0R4YRVFB",
        "text": "it needs a script, and follow a proper structure",
        "ts": "1457433236.000038"
    },
    {
        "type": "message",
        "user": "U0PCK9TKL",
        "text": "you are more professional than he is. he just starting out.",
        "ts": "1457433262.000039"
    },
    {
        "type": "message",
        "user": "U0R4YRVFB",
        "text": "Here's something rather simple i just made for Lisk",
        "ts": "1457433275.000040"
    },
    {
        "type": "message",
        "user": "U0R4YRVFB",
        "text": "<https:\/\/www.youtube.com\/watch?v=Rk_0TjP1gjY>",
        "attachments": [
            {
                "service_name": "YouTube",
                "service_url": "https:\/\/www.youtube.com\/",
                "title": "Lisk - Changing the way you DAPP",
                "title_link": "https:\/\/www.youtube.com\/watch?v=Rk_0TjP1gjY",
                "author_name": "Lisk",
                "author_link": "https:\/\/www.youtube.com\/channel\/UCuqpGfg_bOQ8Ja4pj811PWg",
                "thumb_url": "https:\/\/i.ytimg.com\/vi\/Rk_0TjP1gjY\/hqdefault.jpg",
                "thumb_width": 480,
                "thumb_height": 360,
                "fallback": "YouTube Video: Lisk - Changing the way you DAPP",
                "video_html": "<iframe width=\"400\" height=\"225\" src=\"https:\/\/www.youtube.com\/embed\/Rk_0TjP1gjY?feature=oembed&autoplay=1&iv_load_policy=3\" frameborder=\"0\" allowfullscreen><\/iframe>",
                "video_html_width": 400,
                "video_html_height": 225,
                "from_url": "https:\/\/www.youtube.com\/watch?v=Rk_0TjP1gjY",
                "id": 1
            }
        ],
        "ts": "1457433286.000041"
    },
    {
        "type": "message",
        "user": "U0R4YRVFB",
        "text": "sure, everyone starts somewhere",
        "ts": "1457433292.000043"
    },
    {
        "type": "message",
        "user": "U0PCK9TKL",
        "text": "this is so standard i need to get raw footage of night clubs and stuff",
        "ts": "1457433383.000044"
    },
    {
        "type": "message",
        "user": "U0PCK9TKL",
        "text": "we cant be dry",
        "ts": "1457433389.000045"
    },
    {
        "type": "message",
        "user": "U0PCK9TKL",
        "text": "and logical",
        "ts": "1457433391.000046"
    },
    {
        "type": "message",
        "user": "U0PCK9TKL",
        "text": "we have to be organic and show that the first community that will adopt synereo are artists. Art is the highest value.",
        "ts": "1457433421.000047"
    },
    {
        "type": "message",
        "user": "U0PCK9TKL",
        "text": "this is a cool video but i feel those types of speed up animations are overdone.",
        "ts": "1457433454.000048"
    },
    {
        "type": "message",
        "user": "U0PCK9TKL",
        "text": "<https:\/\/www.youtube.com\/watch?v=WqS9IDHk90o>",
        "attachments": [
            {
                "service_name": "YouTube",
                "service_url": "https:\/\/www.youtube.com\/",
                "title": "What Happens At BURNING MAN!?",
                "title_link": "https:\/\/www.youtube.com\/watch?v=WqS9IDHk90o",
                "author_name": "High On Life",
                "author_link": "https:\/\/www.youtube.com\/user\/sundayfundayz",
                "thumb_url": "https:\/\/i.ytimg.com\/vi\/WqS9IDHk90o\/hqdefault.jpg",
                "thumb_width": 480,
                "thumb_height": 360,
                "fallback": "YouTube Video: What Happens At BURNING MAN!?",
                "video_html": "<iframe width=\"400\" height=\"225\" src=\"https:\/\/www.youtube.com\/embed\/WqS9IDHk90o?feature=oembed&autoplay=1&iv_load_policy=3\" frameborder=\"0\" allowfullscreen><\/iframe>",
                "video_html_width": 400,
                "video_html_height": 225,
                "from_url": "https:\/\/www.youtube.com\/watch?v=WqS9IDHk90o",
                "id": 1
            }
        ],
        "ts": "1457433561.000049"
    },
    {
        "type": "message",
        "user": "U0PCK9TKL",
        "text": "I want extreme memes.",
        "ts": "1457433577.000051"
    },
    {
        "type": "message",
        "user": "U0R4YRVFB",
        "text": "It's standard because it works.",
        "ts": "1457433601.000052"
    },
    {
        "type": "message",
        "user": "U0R4YRVFB",
        "text": "The facts dont lie",
        "ts": "1457433606.000053"
    },
    {
        "type": "message",
        "user": "U0R4YRVFB",
        "text": "You want to raise millions, you use best practices, not what YOU consider art.",
        "ts": "1457433623.000054"
    },
    {
        "type": "message",
        "user": "U0R4YRVFB",
        "text": "That's a matter of taste",
        "ts": "1457433629.000055"
    },
    {
        "type": "message",
        "user": "U0PCK9TKL",
        "text": "thats true",
        "ts": "1457433639.000056"
    },
    {
        "type": "message",
        "user": "U0R4YRVFB",
        "text": "But yeah, whiteboard animations are overdone, i agree there",
        "ts": "1457433641.000057"
    },
    {
        "type": "message",
        "user": "U0PCK9TKL",
        "text": "maybe i should reserve",
        "ts": "1457433644.000058"
    },
    {
        "type": "message",
        "user": "U0PCK9TKL",
        "text": "the burning man\/post tech rave culture for twitch",
        "ts": "1457433656.000059"
    },
    {
        "type": "message",
        "user": "U0PCK9TKL",
        "text": "while you guys work out clean standard videos for the investment portfolios",
        "ts": "1457433674.000060"
    },
    {
        "type": "message",
        "user": "U0PCK9TKL",
        "text": "i agree",
        "ts": "1457433675.000061"
    },
    {
        "type": "message",
        "user": "U0PCK9TKL",
        "text": "when i say twitch i mean streaming video live.",
        "ts": "1457433689.000062"
    },
    {
        "type": "message",
        "user": "U0PCK9TKL",
        "text": "here is my plan",
        "ts": "1457433695.000063"
    },
    {
        "type": "message",
        "user": "U0PCK9TKL",
        "text": "1)Twitch &lt;- User Assigned - Shdwdm Setting up Jitsi Meetings, Marketing DJs, Music, Creative       Talent, Setting up Live Streams at Blockchain events.\n\n2)Veetle   &lt;- Assign User B &lt;- MOBILE\n3)Instagib &lt;- Assign User C No Clarity on what you can\/can not stream. But we should be fine.\n4)Vaughlive &lt;- Assign User D No Clarity on what you can\/can not stream. But we should be fine.\n5)Hitbox &lt;- Assign User E No Clarity on what you can\/can not stream. But we should be fine.\n6)<http:\/\/Azubu.tv|Azubu.tv> &lt;- Assign User F No Clarity on what you can\/can not stream. But we should be fine.\n7)<http:\/\/Beam.pro|Beam.pro> &lt;- Assign User G No Clarity on what you can\/can not stream. But we should be fine.\n8)Bambuser &lt;- Assign User H OPEN SOURCE!\n9)<http:\/\/Picarto.tv|Picarto.tv> &lt;- Assign User I Freedom. Stream what you want. (MORE ART BASED)\n10)<http:\/\/Rhinobird.tv|Rhinobird.tv> &lt;- Assign User J Freedom. Stream what you want.\n11)Camwave &lt;- Assign User K Freedom. Stream what you want.\n12)Streamup &lt;- Assign User L Freedom. Stream what you want.\n13)Younow &lt;- Assign User M Freedom. Stream what you want. MOBILE\n14)Dailymotion &lt;- Assign User N Freedom. Stream what you want.\n15)Connectcast &lt;- Assign User O Freedom. Stream what you want.\n16)Keek &lt;- Assign User Q Freedom. Stream what you want. MOBILE\n17) Periscope &lt;- Assign User R Freedom. Stream what you want. MOBILE\n\nSigned up \/w No login Access\n18)Youtube &lt;- Assign User P Freedom. Stream what you want. <https:\/\/support.google.com\/youtube\/answer\/2474026?hl=en> \n\nPaid Services:\n19) Livestream $99 - $20,000 &lt;- Assign User S Professional Streaming Service. We are in control.\n20)Ustream $49-99 &lt;- Assign User T Professional Streaming Service. We are in control.\n21)Streamshark $50-$250 &lt;- Assign User U\n\nIncoming:\n22) BIT TORRENT LIVE &lt;- Assign User V",
        "ts": "1457433706.000064"
    },
    {
        "type": "message",
        "user": "U0PCK9TKL",
        "text": "If i buy a powerful enough laptop I can stream up to about 10-15 different streams at once.",
        "ts": "1457433736.000065"
    },
    {
        "type": "message",
        "user": "U0PCK9TKL",
        "text": "or I can outsource 1 stream to you",
        "ts": "1457433743.000066"
    },
    {
        "type": "message",
        "user": "U0PCK9TKL",
        "text": "1 stream to dor",
        "ts": "1457433745.000067"
    },
    {
        "type": "message",
        "user": "U0PCK9TKL",
        "text": "etc.",
        "ts": "1457433746.000068"
    },
    {
        "type": "message",
        "user": "U0R4YRVFB",
        "text": "christian it's awesome you have so many ideas and energy.",
        "ts": "1457433753.000069"
    },
    {
        "type": "message",
        "user": "U0R4YRVFB",
        "text": "We need to coordinate media efforts well though, and defenitly get the OK from the marketing department of synereo before doing anything official",
        "ts": "1457433781.000070"
    },
    {
        "type": "message",
        "user": "U0PCK9TKL",
        "text": "If we are decentralized we should act like it.",
        "ts": "1457433827.000071"
    },
    {
        "type": "message",
        "user": "U0PCK9TKL",
        "text": "not anarchist but",
        "edited": {
            "user": "U0PCK9TKL",
            "ts": "1457433848.000000"
        },
        "ts": "1457433830.000072"
    },
    {
        "type": "message",
        "user": "U0PCK9TKL",
        "text": "i hear what you mean",
        "ts": "1457433836.000073"
    },
    {
        "type": "message",
        "user": "U0R4YRVFB",
        "text": "Decentralized doesn't mean chaos",
        "ts": "1457433841.000074"
    },
    {
        "type": "message",
        "user": "U0PCK9TKL",
        "text": "like you said i dont like contracts. i do ask for permission when things are critical",
        "ts": "1457433859.000076"
    },
    {
        "type": "message",
        "user": "U0PCK9TKL",
        "text": "but tend to do shit first then ask questions later",
        "ts": "1457433867.000077"
    },
    {
        "type": "message",
        "user": "U0R4YRVFB",
        "text": "Also Synereo isn't run in a decentralised fashion. There's a CEO and everything :simple_smile:",
        "ts": "1457433873.000078"
    },
    {
        "type": "message",
        "user": "U0PCK9TKL",
        "text": "thats only to not go to jail",
        "ts": "1457433890.000079"
    },
    {
        "type": "message",
        "user": "U0PCK9TKL",
        "text": "everything would be illegal if they didnt have a llc",
        "ts": "1457433900.000080"
    },
    {
        "type": "message",
        "user": "U0PCK9TKL",
        "text": "they have to play the game to get to the end goal",
        "ts": "1457433905.000081"
    },
    {
        "type": "message",
        "user": "U0PCK9TKL",
        "text": "\u201cfreedom\u201d extreme art etc.",
        "ts": "1457433912.000082"
    },
    {
        "type": "message",
        "user": "U0PCK9TKL",
        "text": "well",
        "ts": "1457433915.000083"
    },
    {
        "type": "message",
        "user": "U0PCK9TKL",
        "text": "thats my perspective.",
        "ts": "1457433919.000084"
    },
    {
        "type": "message",
        "user": "U0PCK9TKL",
        "text": "i maybe wrong and not including other people.",
        "ts": "1457433926.000085"
    },
    {
        "type": "message",
        "user": "U0PCK9TKL",
        "text": "but again.",
        "ts": "1457433928.000086"
    },
    {
        "type": "message",
        "user": "U0PCK9TKL",
        "text": "for marketing purposes, you are correct.",
        "ts": "1457433934.000087"
    },
    {
        "type": "message",
        "user": "U0PCK9TKL",
        "text": "remove extreme memes and use \u201cclean\u201d images to market to the masses and the investors.",
        "ts": "1457433952.000088"
    },
    {
        "type": "message",
        "user": "U0R4YRVFB",
        "text": "Who's in charge of marketing ?",
        "ts": "1457434018.000089"
    },
    {
        "type": "message",
        "user": "U0PCK9TKL",
        "text": "no one.",
        "ts": "1457434024.000090"
    },
    {
        "type": "message",
        "user": "U0PCK9TKL",
        "text": "yet.",
        "ts": "1457434026.000091"
    },
    {
        "type": "message",
        "user": "U0PCK9TKL",
        "text": "we havent hired someone who has the qualifications.",
        "ts": "1457434034.000092"
    },
    {
        "type": "message",
        "user": "U0PCK9TKL",
        "text": "i have ideas about how to start.",
        "ts": "1457434041.000093"
    },
    {
        "type": "message",
        "user": "U0PCK9TKL",
        "text": "but its loose its not a professional package.",
        "ts": "1457434049.000094"
    },
    {
        "type": "message",
        "user": "U0R4YRVFB",
        "text": "Well, no need to hire anyone, as long as someone has a plan",
        "ts": "1457434050.000095"
    },
    {
        "type": "message",
        "user": "U0PCK9TKL",
        "text": "ok",
        "ts": "1457434058.000096"
    },
    {
        "type": "message",
        "user": "U0R4YRVFB",
        "text": "A brand is a promise you have to deliver on.",
        "ts": "1457434062.000097"
    },
    {
        "type": "message",
        "user": "U0PCK9TKL",
        "text": "the starting point for my \u201csector\"",
        "ts": "1457434066.000098"
    },
    {
        "type": "message",
        "user": "U0R4YRVFB",
        "text": "It has to be authentic.",
        "ts": "1457434068.000099"
    },
    {
        "type": "message",
        "user": "U0R4YRVFB",
        "text": "If it's all over the place, you're watering down the message.",
        "ts": "1457434080.000100"
    },
    {
        "type": "message",
        "user": "U0R4YRVFB",
        "text": "it needs to be laser focussed",
        "ts": "1457434086.000101"
    },
    {
        "type": "message",
        "user": "U0PCK9TKL",
        "text": "is to get in touch with the \u201ccleaner\u201d rave community aka the \u201cburners\u201d and get djs, artists and \u201ceveryday people\u201d, my friends etc. to jump online video conferences with me. Then we stream their signal out to thousands and thousands of people via Multiple streams.",
        "ts": "1457434123.000102"
    },
    {
        "type": "message",
        "user": "U0PCK9TKL",
        "text": "so if we call each other.",
        "ts": "1457434134.000103"
    },
    {
        "type": "message",
        "user": "U0PCK9TKL",
        "text": "when your editing video",
        "ts": "1457434138.000104"
    },
    {
        "type": "message",
        "user": "U0PCK9TKL",
        "text": "i am watching you and the world is watching and seeing your work. to capture the \u201cjourney\u201d of creating synereo and also the community",
        "ts": "1457434164.000105"
    },
    {
        "type": "message",
        "user": "U0PCK9TKL",
        "text": "people like stories",
        "ts": "1457434174.000106"
    },
    {
        "type": "message",
        "user": "U0PCK9TKL",
        "text": "so give them the ultimate story film everything \u201clive\u201d or \u201craw\u201d then edit the videos down when necessary.",
        "ts": "1457434194.000107"
    },
    {
        "type": "message",
        "user": "U0PCK9TKL",
        "text": "and we do that by using twitch, hitbox, youtube, <http:\/\/azbu.tv|azbu.tv> etc.",
        "ts": "1457434213.000108"
    },
    {
        "type": "message",
        "user": "U0R4YRVFB",
        "text": "Cool idea man",
        "ts": "1457434219.000109"
    },
    {
        "type": "message",
        "user": "U0PCK9TKL",
        "text": "yea",
        "ts": "1457434229.000110"
    },
    {
        "type": "message",
        "user": "U0PCK9TKL",
        "text": "so do u have google chrome",
        "ts": "1457434232.000111"
    },
    {
        "type": "message",
        "user": "U0PCK9TKL",
        "text": "here check this out",
        "ts": "1457434237.000112"
    },
    {
        "type": "message",
        "user": "U0PCK9TKL",
        "text": "its goign to be funny",
        "ts": "1457434241.000113"
    },
    {
        "type": "message",
        "user": "U0PCK9TKL",
        "text": "go to this room with me",
        "ts": "1457434243.000114"
    },
    {
        "type": "message",
        "user": "U0PCK9TKL",
        "text": "<https:\/\/meet.jit.si\/synereosynpm>",
        "attachments": [
            {
                "title": "Jitsi Meet",
                "title_link": "https:\/\/meet.jit.si\/synereosynpm",
                "text": "Join a WebRTC video conference powered by the Jitsi Videobridge",
                "fallback": "Jitsi Meet",
                "from_url": "https:\/\/meet.jit.si\/synereosynpm",
                "thumb_url": "https:\/\/meet.jit.si\/images\/jitsilogo.png?v=1",
                "thumb_width": 68,
                "thumb_height": 31,
                "id": 1
            }
        ],
        "ts": "1457434252.000115"
    },
    {
        "type": "message",
        "user": "U0PCK9TKL",
        "text": "we arent live but this demonstrates my point to you",
        "ts": "1457434263.000117"
    },
    {
        "user": "U093F8U10",
        "type": "message",
        "subtype": "channel_join",
        "text": "<@U093F8U10|ernestojc> has joined the channel",
        "ts": "1457489286.000002"
    }
]