[
    {
        "user": "U0RHXFGG5",
        "type": "message",
        "subtype": "channel_join",
        "text": "<@U0RHXFGG5|chrisbates01> has joined the channel",
        "ts": "1457540544.000003"
    },
    {
        "type": "message",
        "user": "U04BQ4FMC",
        "text": "we need to begin a 'dream sheet' of videos, a list of subjects we'd like promoted\/explained, and then prioritize them -and finally, agree on a price to set for the bounty to do them, 1 by 1",
        "ts": "1457559745.000004"
    },
    {
        "type": "message",
        "user": "U04BQ4FMC",
        "text": "competitions are cool too, I think - #1 would get some AMPs and be used for the campaign, and #2 &amp; 3 get less AMPs, and only a bit of attention for their work.",
        "ts": "1457559872.000005"
    },
    {
        "type": "message",
        "user": "U0PCK9TKL",
        "text": "Sounds good to me",
        "ts": "1457559896.000006"
    },
    {
        "type": "message",
        "user": "U04BQ4FMC",
        "text": "for me, I just thought of one recently - to make a new fill-in video that will sit in the google+ event page, replacing the one that is 1 year old now (robots)",
        "ts": "1457560852.000007"
    },
    {
        "type": "message",
        "user": "U04BQ4FMC",
        "text": "make one just for hangouts - featuring clips, music, etc",
        "ts": "1457560872.000008"
    }
]