[
    {
        "user": "U0966QN6Q",
        "type": "message",
        "subtype": "channel_join",
        "text": "<@U0966QN6Q|avh> has joined the channel",
        "ts": "1439797552.000030"
    },
    {
        "type": "message",
        "user": "U0474AT8P",
        "text": "My latest article: Augur Crowdsale Raises Over 2000BTC in 10 Hours. That\u2019s crazy. \n\n<http:\/\/bravenewcoin.com\/news\/augur-crowdsale-raises-over-2000-btc-in-10-hours\/>",
        "attachments": [
            {
                "text": "Augur is an open source, decentralized prediction market platform that is being built on Ethereum. Designed to allow participants to wager money on any future event of their choosing, the crowdsale is approaching 2000 BTC, raised in just 10 hours.",
                "fallback": "Augur is an open source, decentralized prediction market platform that is being built on Ethereum. Designed to allow participants to wager money on any future event of their choosing, the crowdsale is approaching 2000 BTC, raised in just 10 hours.",
                "image_url": "http:\/\/bravenewcoin.com\/assets\/Uploads\/_resampled\/CroppedImage400400-9483602817-dac46e5ec6-o.jpg",
                "from_url": "http:\/\/bravenewcoin.com\/news\/augur-crowdsale-raises-over-2000-btc-in-10-hours\/",
                "image_width": 250,
                "image_height": 250,
                "image_bytes": 16497,
                "id": 1
            }
        ],
        "ts": "1439874974.000031"
    }
]