[
    {
        "type": "message",
        "user": "U049CMCCZ",
        "text": "<http:\/\/www.lbry.io\/>",
        "attachments": [
            {
                "title": "LBRY",
                "title_link": "http:\/\/www.lbry.io\/",
                "text": "A Content Revolution",
                "fallback": "LBRY",
                "from_url": "http:\/\/www.lbry.io\/",
                "id": 1
            }
        ],
        "ts": "1446361379.000018"
    },
    {
        "type": "message",
        "user": "U048X85UT",
        "text": "<http:\/\/goo.gl\/XYFr6x>",
        "ts": "1446399072.000020"
    },
    {
        "type": "message",
        "user": "U048X85UT",
        "text": "When should you start meeting with investors",
        "ts": "1446399144.000021"
    },
    {
        "user": "U0DKBHZN1",
        "type": "message",
        "subtype": "channel_join",
        "text": "<@U0DKBHZN1|nodes> has joined the channel",
        "ts": "1446418842.000022"
    }
]