[
    {
        "type": "message",
        "user": "U048T3M8W",
        "text": "time is still money in trading",
        "ts": "1458140361.000035"
    },
    {
        "type": "message",
        "user": "U0PCK9TKL",
        "text": "<https:\/\/medium.com\/stats-and-bots\/12-slack-bots-to-superpower-your-team-e022a9692174#.ugynl1jsy>",
        "attachments": [
            {
                "service_name": "Medium",
                "title": "12 Slack Bots to Superpower Your Team \u2014 Stats and Bots",
                "title_link": "https:\/\/medium.com\/stats-and-bots\/12-slack-bots-to-superpower-your-team-e022a9692174#.ugynl1jsy",
                "text": "With the continuous growth of Slack platform, come the numerous apps that help teams to optimize their work. Here are 12\u2026",
                "fallback": "Medium: 12 Slack Bots to Superpower Your Team \u2014 Stats and Bots",
                "image_url": "https:\/\/cdn-images-1.medium.com\/max\/800\/1*sCp3WYF8_X-7HOpX-AZ69A.png",
                "fields": [
                    {
                        "title": "Reading time",
                        "value": "4 mins",
                        "short": true
                    }
                ],
                "ts": 1458038786,
                "from_url": "https:\/\/medium.com\/stats-and-bots\/12-slack-bots-to-superpower-your-team-e022a9692174#.ugynl1jsy",
                "image_width": 667,
                "image_height": 250,
                "image_bytes": 77664,
                "id": 1
            }
        ],
        "ts": "1458143413.000036"
    },
    {
        "user": "U0T3DPTT5",
        "type": "message",
        "subtype": "channel_join",
        "text": "<@U0T3DPTT5|bradydale> has joined the channel",
        "ts": "1458144485.000038"
    },
    {
        "user": "U0T3ML4LB",
        "type": "message",
        "subtype": "channel_join",
        "text": "<@U0T3ML4LB|nduma> has joined the channel",
        "ts": "1458146026.000039"
    },
    {
        "user": "U0T5V6WCF",
        "type": "message",
        "subtype": "channel_join",
        "text": "<@U0T5V6WCF|durerus> has joined the channel",
        "ts": "1458151241.000040"
    },
    {
        "user": "U0T6AKBC0",
        "type": "message",
        "subtype": "channel_join",
        "text": "<@U0T6AKBC0|gunshor> has joined the channel",
        "ts": "1458153599.000041"
    },
    {
        "type": "message",
        "user": "U0RLRNDRP",
        "text": "Really nice podcast from Edward Snowden - must listen for us I guess <https:\/\/voicerepublic.com\/talks\/edward-snowden>",
        "attachments": [
            {
                "service_name": "VoiceRepublic",
                "title": "Live call with Edward Snowden",
                "title_link": "https:\/\/voicerepublic.com\/talks\/edward-snowden",
                "text": "Special Session: Edward Snowden addresses the audience in Berlin Edward Snowden (<https:\/\/twitter.com\/Snowden>) is a former American intelligence contractor. In 2013 he revealed the existence of secret wide-ranging information-gathering programs conducted by the National Security Agency (NSA). Snowden left the CIA for the NSA in 2009, where he worked as a private contractor for the companies Dell and Booz Allen Hamilton. During this time, he began gathering information on a number of NSA activities \u2013 most notably, secret surveillance programs. In May 2013 Snowden flew to Hong Kong, where he conducted a series of interviews with two journalists from the newspaper The Guardian. Subsequently several newspapers printed the leaked documents, many of them detailing the monitoring of American citizens. The U.S. has charged Snowden with violations of the Espionage Act. He has found asylum in Russia and continues to speak about his work. The documentary on his story by Laura Poitras (\u201cCitzenfour\u201d) won an Oscar in 2015. Photo: \u00a9 Laura Poitras \/ Praxis Films",
                "fallback": "VoiceRepublic: Live call with Edward Snowden",
                "image_url": "https:\/\/voicerepublic.com\/system\/flyer\/4276.png",
                "image_width": 177,
                "image_height": 250,
                "from_url": "https:\/\/voicerepublic.com\/talks\/edward-snowden",
                "image_bytes": 30406,
                "id": 1
            }
        ],
        "ts": "1458154165.000042"
    },
    {
        "user": "U0T6XFAAZ",
        "type": "message",
        "subtype": "channel_join",
        "text": "<@U0T6XFAAZ|gil> has joined the channel",
        "ts": "1458159192.000044"
    }
]