[
    {
        "type": "message",
        "user": "U06MNSRTK",
        "text": "Development update #20: 50,000 Users, Early Buyer Bonus and the Attention Economy <https:\/\/t.co\/soVHM2SMtl> #bitcoin <https:\/\/t.co\/HqbLRHAyl9>",
        "attachments": [
            {
                "service_name": "Medium",
                "title": "50,000 Users, Early Buyer Bonus and the Attention Economy",
                "title_link": "https:\/\/medium.com\/@GetGems\/50-000-users-early-buyer-bonus-and-the-attention-economy-7be8a90f4e60",
                "text": "GetGems update #20 \u2014 January 4, 2016",
                "fallback": "Medium: 50,000 Users, Early Buyer Bonus and the Attention Economy",
                "image_url": "https:\/\/cdn-images-2.medium.com\/max\/800\/1*lzAhsU5YWGzo-B1laVX16A.png",
                "fields": [
                    {
                        "title": "Reading time",
                        "value": "2 mins :clock2:",
                        "short": true
                    },
                    {
                        "title": "Recommends",
                        "value": "2 :green_heart:",
                        "short": true
                    }
                ],
                "ts": 1451952622,
                "from_url": "https:\/\/medium.com\/@GetGems\/50-000-users-early-buyer-bonus-and-the-attention-economy-7be8a90f4e60",
                "image_width": 500,
                "image_height": 250,
                "image_bytes": 49322,
                "id": 1
            },
            {
                "fallback": "<https:\/\/twitter.com\/getgemsorg|@getgemsorg>: Development update #20: 50,000 Users, Early Buyer Bonus and the Attention Economy <http:\/\/bit.ly\/1OIiquU> #bitcoin <https:\/\/pbs.twimg.com\/media\/CX6ochFUEAEG3vy.png>",
                "ts": 1451953671,
                "author_name": "GetGems Messenger",
                "author_link": "https:\/\/twitter.com\/getgemsorg\/status\/684169401331879936",
                "author_icon": "https:\/\/pbs.twimg.com\/profile_images\/650276493340340224\/17Ut42_o_normal.png",
                "author_subname": "@getgemsorg",
                "text": "Development update #20: 50,000 Users, Early Buyer Bonus and the Attention Economy <http:\/\/bit.ly\/1OIiquU> #bitcoin <https:\/\/pbs.twimg.com\/media\/CX6ochFUEAEG3vy.png>",
                "service_name": "twitter",
                "service_url": "https:\/\/twitter.com\/",
                "image_url": "https:\/\/pbs.twimg.com\/media\/CX6ochFUEAEG3vy.png",
                "image_width": 600,
                "image_height": 300,
                "image_bytes": 46589,
                "from_url": "https:\/\/twitter.com\/getgemsorg\/status\/684169401331879936\/photo\/1",
                "id": 2
            }
        ],
        "ts": "1452184663.000081"
    },
    {
        "user": "U0HUR1SB1",
        "type": "message",
        "subtype": "channel_join",
        "text": "<@U0HUR1SB1|craig> has joined the channel",
        "ts": "1452193317.000083"
    },
    {
        "type": "message",
        "user": "U09KY5U65",
        "text": "GEMZ proves you can take a quality pre-built app, plug in blockchain to get users and a coin valued at $1 million USD! Great news for anyone who can plug blockchains.",
        "ts": "1452203200.000084",
        "reactions": [
            {
                "name": "stuck_out_tongue_winking_eye",
                "users": [
                    "U0474E4KZ"
                ],
                "count": 1
            }
        ]
    },
    {
        "user": "U0HV91B4M",
        "type": "message",
        "subtype": "channel_join",
        "text": "<@U0HV91B4M|lg-fuzo> has joined the channel",
        "ts": "1452209906.000085"
    }
]