[
    {
        "user": "U0MRFBCKU",
        "type": "message",
        "subtype": "channel_join",
        "text": "<@U0MRFBCKU|cm> has joined the channel",
        "ts": "1456819740.000002"
    },
    {
        "user": "U0MRFBCKU",
        "purpose": "Camp bacon wickerman channel",
        "type": "message",
        "subtype": "channel_purpose",
        "text": "<@U0MRFBCKU|cm> set the channel purpose: Camp bacon wickerman channel",
        "ts": "1456819742.000003"
    },
    {
        "user": "U0PCDA9AN",
        "type": "message",
        "subtype": "channel_join",
        "text": "<@U0PCDA9AN|bacowizardswine> has joined the channel",
        "ts": "1456868619.000002"
    },
    {
        "type": "message",
        "user": "U0PCDA9AN",
        "text": "Respect!!!",
        "ts": "1456868639.000003"
    },
    {
        "user": "U0PCDA9AN",
        "purpose": "Camp Bacon Wickerman Channel",
        "type": "message",
        "subtype": "channel_purpose",
        "text": "<@U0PCDA9AN|bacowizardswine> set the channel purpose: Camp Bacon Wickerman Channel",
        "ts": "1456869010.000004"
    },
    {
        "type": "message",
        "user": "U0MRFBCKU",
        "text": "no problem wally i got you brotha",
        "ts": "1456872402.000005"
    },
    {
        "user": "U093F8U10",
        "type": "message",
        "subtype": "channel_join",
        "text": "<@U093F8U10|ernestojc> has joined the channel",
        "ts": "1456884958.000002"
    }
]