[
    {
        "type": "message",
        "user": "U048T3M8W",
        "text": "<@U048X85UT>: Maybe these are interesting sites. It shows facts about yourself. <https:\/\/www.mylife.com\/> and <http:\/\/www.instantcheckmate.com>",
        "attachments": [
            {
                "text": "People Search - Find personal details and background checks for friends, people you know, family, or anyone - plus control your public information at MyLife.",
                "fallback": "People Search - Find personal details and background checks for friends, people you know, family, or anyone - plus control your public information at MyLife.",
                "from_url": "https:\/\/www.mylife.com\/",
                "id": 1
            },
            {
                "service_name": "Instant Checkmate",
                "title": "Instant Checkmate - The internet's #1 source for Background Checks",
                "title_link": "http:\/\/www.instantcheckmate.com",
                "text": "Instant access to millions of criminal, sex offender, court documents and more with Instant Checkmate. Find out the truth about anybody.",
                "fallback": "Instant Checkmate: Instant Checkmate - The internet's #1 source for Background Checks",
                "from_url": "http:\/\/www.instantcheckmate.com",
                "thumb_url": "http:\/\/assets.instantcheckmate.com\/assets\/_common\/img\/ICMicon.jpg",
                "thumb_width": 44,
                "thumb_height": 44,
                "id": 2
            }
        ],
        "ts": "1449386236.000020"
    }
]