[
    {
        "user": "U04BX31QM",
        "type": "message",
        "subtype": "channel_join",
        "text": "<@U04BX31QM|nenad> has joined the channel",
        "ts": "1428658105.000141"
    },
    {
        "user": "U04BB1PCG",
        "type": "message",
        "subtype": "channel_join",
        "text": "<@U04BB1PCG|cryptkeeper> has joined the channel",
        "ts": "1428670901.000142"
    },
    {
        "user": "U04BC1JF0",
        "type": "message",
        "subtype": "channel_join",
        "text": "<@U04BC1JF0|st_ky> has joined the channel",
        "ts": "1428675119.000143"
    },
    {
        "user": "U04C4RDE5",
        "type": "message",
        "subtype": "channel_join",
        "text": "<@U04C4RDE5|miri.gefen> has joined the channel",
        "ts": "1428692650.000144"
    },
    {
        "user": "U04C7D0GH",
        "type": "message",
        "subtype": "channel_join",
        "text": "<@U04C7D0GH|assafbz> has joined the channel",
        "ts": "1428704264.000145"
    },
    {
        "user": "U04BMCE7Q",
        "type": "message",
        "subtype": "channel_join",
        "text": "<@U04BMCE7Q|theo.godspeed> has joined the channel",
        "ts": "1428723668.000146"
    }
]