[
    {
        "type": "message",
        "user": "U0474E4KZ",
        "text": "<https:\/\/medium.com\/on-blendle\/blendle-a-radical-experiment-with-micropayments-in-journalism-365-days-later-f3b799022edc#.rct5nzcua>",
        "attachments": [
            {
                "service_name": "Medium",
                "title": "Blendle: A radical experiment with micropayments in journalism, 365 days later \u2014 On Blendle",
                "title_link": "https:\/\/medium.com\/on-blendle\/blendle-a-radical-experiment-with-micropayments-in-journalism-365-days-later-f3b799022edc#.rct5nzcua",
                "text": "One year of journalism without subscriptions, without ads and without clickbait",
                "fallback": "Medium: Blendle: A radical experiment with micropayments in journalism, 365 days later \u2014 On Blendle",
                "image_url": "https:\/\/cdn-images-1.medium.com\/max\/800\/1*62JM_uL7uijql38HX9Y_2w.jpeg",
                "ts": 1430241029,
                "from_url": "https:\/\/medium.com\/on-blendle\/blendle-a-radical-experiment-with-micropayments-in-journalism-365-days-later-f3b799022edc#.rct5nzcua",
                "image_width": 375,
                "image_height": 250,
                "image_bytes": 149272,
                "id": 1
            }
        ],
        "ts": "1445789942.000013"
    },
    {
        "type": "message",
        "user": "U0474E4KZ",
        "text": "tl;dr people pay for a \"subscription\" and then consume content by (micro)paying for it. seems to be working very well.",
        "ts": "1445789998.000015"
    }
]