[
    {
        "type": "message",
        "user": "U04BMCE7Q",
        "text": "<https:\/\/i.imgur.com\/VqXyJ6Z.png>",
        "attachments": [
            {
                "from_url": "https:\/\/i.imgur.com\/VqXyJ6Z.png",
                "fallback": "320x240px image",
                "image_url": "https:\/\/i.imgur.com\/VqXyJ6Z.png",
                "image_width": 320,
                "image_height": 240,
                "image_bytes": 123048,
                "id": 1
            }
        ],
        "ts": "1430212750.000203"
    },
    {
        "user": "U04JPG2F2",
        "type": "message",
        "subtype": "channel_join",
        "text": "<@U04JPG2F2|sprat> has joined the channel",
        "ts": "1430221052.000205"
    },
    {
        "type": "message",
        "user": "U0474AT8P",
        "text": "We are pretty busy at the moment we will announce the winners of the bounties soon. Bare with us we haven't forgot.",
        "ts": "1430246991.000206"
    },
    {
        "user": "U04K31THC",
        "type": "message",
        "subtype": "channel_join",
        "text": "<@U04K31THC|xcptime> has joined the channel",
        "ts": "1430279995.000207"
    },
    {
        "type": "message",
        "subtype": "file_share",
        "text": "<@U04BMCE7Q|theo.godspeed> uploaded a file: <https:\/\/synereonet.slack.com\/files\/theo.godspeed\/F04K3QG68\/10673914_809474195779035_1715188153_n.mp4|difference between Facebook and EveryBody Else>",
        "file": {
            "id": "F04K3QG68",
            "created": 1430285635,
            "timestamp": 1430285635,
            "name": "10673914_809474195779035_1715188153_n.mp4",
            "title": "difference between Facebook and EveryBody Else",
            "mimetype": "video\/mp4",
            "filetype": "mp4",
            "pretty_type": "MPEG 4 Video",
            "user": "U04BMCE7Q",
            "editable": false,
            "size": 121888,
            "mode": "hosted",
            "is_external": false,
            "external_type": "",
            "is_public": true,
            "public_url_shared": false,
            "display_as_bot": false,
            "username": "",
            "url_private": "https:\/\/files.slack.com\/files-pri\/T0474AT8K-F04K3QG68\/10673914_809474195779035_1715188153_n.mp4?t=xoxe-4242367291-30199722806-30156974547-d9aca652b4",
            "url_private_download": "https:\/\/files.slack.com\/files-pri\/T0474AT8K-F04K3QG68\/download\/10673914_809474195779035_1715188153_n.mp4?t=xoxe-4242367291-30199722806-30156974547-d9aca652b4",
            "permalink": "https:\/\/synereonet.slack.com\/files\/theo.godspeed\/F04K3QG68\/10673914_809474195779035_1715188153_n.mp4",
            "permalink_public": "https:\/\/slack-files.com\/T0474AT8K-F04K3QG68-104eaadd06",
            "channels": [
                "C0474AT8Z"
            ],
            "groups": [
    
            ],
            "ims": [
    
            ],
            "comments_count": 1
        },
        "user": "U04BMCE7Q",
        "upload": true,
        "display_as_bot": false,
        "username": "<@U04BMCE7Q|theo.godspeed>",
        "bot_id": null,
        "ts": "1430285635.000208"
    },
    {
        "type": "message",
        "subtype": "file_comment",
        "text": "<@U04BMCE7Q|theo.godspeed> commented on <@U04BMCE7Q|theo.godspeed>'s file <https:\/\/synereonet.slack.com\/files\/theo.godspeed\/F04K3QG68\/10673914_809474195779035_1715188153_n.mp4|difference between Facebook and EveryBody Else>: :smile:",
        "file": {
            "id": "F04K3QG68",
            "created": 1430285635,
            "timestamp": 1430285635,
            "name": "10673914_809474195779035_1715188153_n.mp4",
            "title": "difference between Facebook and EveryBody Else",
            "mimetype": "video\/mp4",
            "filetype": "mp4",
            "pretty_type": "MPEG 4 Video",
            "user": "U04BMCE7Q",
            "editable": false,
            "size": 121888,
            "mode": "hosted",
            "is_external": false,
            "external_type": "",
            "is_public": true,
            "public_url_shared": false,
            "display_as_bot": false,
            "username": "",
            "url_private": "https:\/\/files.slack.com\/files-pri\/T0474AT8K-F04K3QG68\/10673914_809474195779035_1715188153_n.mp4?t=xoxe-4242367291-30199722806-30156974547-d9aca652b4",
            "url_private_download": "https:\/\/files.slack.com\/files-pri\/T0474AT8K-F04K3QG68\/download\/10673914_809474195779035_1715188153_n.mp4?t=xoxe-4242367291-30199722806-30156974547-d9aca652b4",
            "permalink": "https:\/\/synereonet.slack.com\/files\/theo.godspeed\/F04K3QG68\/10673914_809474195779035_1715188153_n.mp4",
            "permalink_public": "https:\/\/slack-files.com\/T0474AT8K-F04K3QG68-104eaadd06",
            "channels": [
                "C0474AT8Z"
            ],
            "groups": [
    
            ],
            "ims": [
    
            ],
            "comments_count": 1
        },
        "comment": {
            "id": "Fc04KR71NZ",
            "created": 1430285668,
            "timestamp": 1430285668,
            "user": "U04BMCE7Q",
            "comment": ":smile:"
        },
        "ts": "1430285668.000209"
    }
]