[
    {
        "type": "message",
        "user": "U0474AT8P",
        "text": "This looks awesome: <https:\/\/vimeo.com\/18842873>",
        "attachments": [
            {
                "service_name": "Vimeo",
                "service_url": "https:\/\/vimeo.com\/",
                "title": "Surface detail",
                "title_link": "https:\/\/vimeo.com\/18842873",
                "author_name": "subBlue",
                "author_link": "http:\/\/vimeo.com\/subblue",
                "thumb_url": "http:\/\/i.vimeocdn.com\/video\/118861776_295x166.jpg",
                "thumb_width": 295,
                "thumb_height": 166,
                "text": "A myriad of details in an evolving fractal landscape.\n\nUpdate: The soundtrack is an original piece I made for the video. \nIt's now available for free download on Bandcamp: <https:\/\/subblue.bandcamp.com\/>",
                "fallback": "Vimeo Video: Surface detail",
                "video_html": "<iframe src=\"https:\/\/player.vimeo.com\/video\/18842873\" width=\"400\" height=\"225\" frameborder=\"0\" title=\"Surface detail\" webkitallowfullscreen mozallowfullscreen allowfullscreen><\/iframe>",
                "video_html_width": 400,
                "video_html_height": 225,
                "from_url": "https:\/\/vimeo.com\/18842873",
                "id": 1
            }
        ],
        "ts": "1428217572.000078"
    },
    {
        "user": "U049N8MT7",
        "type": "message",
        "subtype": "channel_join",
        "text": "<@U049N8MT7|sieva> has joined the channel",
        "ts": "1428229507.000080"
    },
    {
        "user": "U049NM6LD",
        "type": "message",
        "subtype": "channel_join",
        "text": "<@U049NM6LD|judith> has joined the channel",
        "ts": "1428238061.000081"
    },
    {
        "user": "U049P3U4R",
        "type": "message",
        "subtype": "channel_join",
        "text": "<@U049P3U4R|hiroshi> has joined the channel",
        "ts": "1428244541.000082"
    },
    {
        "type": "message",
        "user": "U049CMCCZ",
        "text": "wrong site",
        "edited": {
            "user": "U049CMCCZ",
            "ts": "1428250040.000000"
        },
        "ts": "1428249729.000083"
    },
    {
        "type": "message",
        "user": "U049CMCCZ",
        "text": "or wrong message from me rather :simple_smile:",
        "ts": "1428250058.000087"
    },
    {
        "type": "message",
        "user": "U049CMCCZ",
        "text": "<http:\/\/www.nodeexplorer.com\/>\nOK I'll put up that link again in case any of you wonder what I wrote - hate that myself - but it was meant for another slack group I'm in.\nDoesn't hurt to pop it here as well though :simple_smile:",
        "edited": {
            "user": "U049CMCCZ",
            "ts": "1428251320.000000"
        },
        "ts": "1428251309.000088"
    },
    {
        "type": "message",
        "user": "U048X85UT",
        "text": "synereo needs something like that, it gives XEM a little meat. just a count of servers is enough info.",
        "ts": "1428252240.000090"
    },
    {
        "user": "U049PNVB3",
        "type": "message",
        "subtype": "channel_join",
        "text": "<@U049PNVB3|splicious> has joined the channel",
        "ts": "1428253136.000091"
    },
    {
        "type": "message",
        "user": "U049CMCCZ",
        "text": "yes agree it adds volume to a project to have several angles\/sites to support\/view the system. but one thing I don't like with the the NEM explorer site is that they display the full IP addresses - that should not happen - maybe only the first 2 groups - like: <http:\/\/100.50.XXX.XXX|100.50.XXX.XXX> or similar?",
        "edited": {
            "user": "U049CMCCZ",
            "ts": "1428256014.000000"
        },
        "ts": "1428255994.000092"
    },
    {
        "user": "U04916X0W",
        "type": "message",
        "subtype": "channel_join",
        "text": "<@U04916X0W|stprior> has joined the channel",
        "ts": "1428270217.000094"
    },
    {
        "user": "U049R4YN1",
        "type": "message",
        "subtype": "channel_join",
        "text": "<@U049R4YN1|stephen> has joined the channel",
        "ts": "1428271436.000095"
    },
    {
        "user": "U0491JDTC",
        "type": "message",
        "subtype": "channel_join",
        "text": "<@U0491JDTC|hyperdrive> has joined the channel",
        "ts": "1428275439.000096"
    },
    {
        "type": "message",
        "user": "U04910F4Z",
        "text": "I absolutely :heart: fractals",
        "ts": "1428283636.000097"
    },
    {
        "user": "U0492BA08",
        "type": "message",
        "subtype": "channel_join",
        "text": "<@U0492BA08|pdube> has joined the channel",
        "ts": "1428284558.000098"
    },
    {
        "type": "message",
        "user": "U0474AT8P",
        "text": "Interesting: <https:\/\/bitcoinmagazine.com\/19832\/converging-virtual-reality-blockchain-technology\/>",
        "attachments": [
            {
                "service_name": "Bitcoin Magazine",
                "title": "Converging Virtual Reality and Blockchain Technology - Bitcoin Magazine",
                "title_link": "https:\/\/bitcoinmagazine.com\/19832\/converging-virtual-reality-blockchain-technology\/",
                "text": "Commentary by Mark Rees. Why Virtual Reality is different this time: The celebrated release in January of the Samsung Gear VR, co-created by Oculus, set in...",
                "fallback": "Bitcoin Magazine: Converging Virtual Reality and Blockchain Technology - Bitcoin Magazine",
                "thumb_url": "https:\/\/bitcoinmagazine.com\/wp-content\/uploads\/2015\/04\/vr.jpg",
                "ts": 1427899716,
                "from_url": "https:\/\/bitcoinmagazine.com\/19832\/converging-virtual-reality-blockchain-technology\/",
                "thumb_width": 990,
                "thumb_height": 350,
                "id": 1
            }
        ],
        "ts": "1428291738.000099"
    }
]