[
    {
        "user": "U04HSJJMT",
        "type": "message",
        "subtype": "channel_join",
        "text": "<@U04HSJJMT|ideasof> has joined the channel",
        "ts": "1429860597.000189"
    },
    {
        "user": "U04HUA7JV",
        "type": "message",
        "subtype": "channel_join",
        "text": "<@U04HUA7JV|ish> has joined the channel",
        "ts": "1429869469.000190"
    },
    {
        "user": "U04HARHUA",
        "type": "message",
        "subtype": "channel_join",
        "text": "<@U04HARHUA|koqoo> has joined the channel",
        "ts": "1429888717.000191"
    },
    {
        "user": "U04HZT7C7",
        "type": "message",
        "subtype": "channel_join",
        "text": "<@U04HZT7C7|nanank> has joined the channel",
        "ts": "1429893252.000192"
    },
    {
        "user": "U04J6G1D3",
        "type": "message",
        "subtype": "channel_join",
        "text": "<@U04J6G1D3|stonersanta> has joined the channel",
        "ts": "1429923494.000193"
    }
]