[
    {
        "type": "message",
        "user": "U0474AT8P",
        "text": "If interested, Bloomberg\u2019s Special Report on Bitcoin: <http:\/\/newsletters.briefs.blpprofessional.com\/repo\/uploadsb\/pdf\/false_false\/bloombergbriefs\/39z18euvdyhzvm6y0a_0_23148.pdf>\n\nIf the above doesn\u2019t work go here: <http:\/\/newsletters.briefs.blpprofessional.com\/document\/3o88YiJSewlwctQnzv.3UA--_39z18euvdyhzvm6y0a\/front> and click Print Version.",
        "ts": "1432352114.000014"
    },
    {
        "type": "message",
        "user": "U0474AT8P",
        "text": "<http:\/\/www.coindesk.com\/bitcointalk-server-compromised\/>",
        "attachments": [
            {
                "service_name": "CoinDesk",
                "title": "BitcoinTalk Server Compromised During Social Engineering Attack",
                "title_link": "http:\/\/www.coindesk.com\/bitcointalk-server-compromised\/",
                "text": "Popular digital currency forum BitcoinTalk has been taken offline following a social engineering attack that resulted in a server compromise.",
                "fallback": "CoinDesk: BitcoinTalk Server Compromised During Social Engineering Attack",
                "thumb_url": "http:\/\/media.coindesk.com\/2015\/05\/shutterstock_197986028-1.jpg",
                "ts": 1432279308,
                "from_url": "http:\/\/www.coindesk.com\/bitcointalk-server-compromised\/",
                "thumb_width": 6000,
                "thumb_height": 4000,
                "id": 1
            }
        ],
        "ts": "1432352475.000015"
    },
    {
        "type": "message",
        "user": "U0474AT8P",
        "text": "Synereo could put a stop to Social Engineering Attacks",
        "ts": "1432352488.000017"
    }
]