[
    {
        "type": "message",
        "user": "U04BMCE7Q",
        "text": "Bitcoin a Child of Synereo <https:\/\/bit4coin.net\/bitcoin-photo-contest\/photos\/212>  Big Thanks For Vote to Show Love for Synereo's devoted bitcoin banner :heart:",
        "attachments": [
            {
                "service_name": "Bitcoin photo contest | bit4coin",
                "title": "Simple bitcoin banner",
                "title_link": "https:\/\/bit4coin.net\/bitcoin-photo-contest\/photos\/212",
                "text": "This photo banner is simple way to explain all about bitcoin",
                "fallback": "Bitcoin photo contest | bit4coin: Simple bitcoin banner",
                "from_url": "https:\/\/bit4coin.net\/bitcoin-photo-contest\/photos\/212",
                "id": 1
            }
        ],
        "ts": "1443088603.000008"
    },
    {
        "type": "message",
        "user": "U04BMCE7Q",
        "text": "Have Magnificent Day",
        "ts": "1443088637.000010"
    },
    {
        "type": "message",
        "subtype": "file_share",
        "text": "<@U048T3M8W|lapin7> uploaded a file: <https:\/\/synereonet.slack.com\/files\/lapin7\/F0B91NUBH\/brucedamer.jpg|BruceDamer.jpg> and commented: <@U04AJ2WH0>: <@U0474AYFT> If want to know more about what Bruce Damer thinks about FB e.a. please listen to his podcast \"026-Dr.Bruce: Studio Sessions #1 Part2 - The Bubble Culture\". It would be a good preparation for asking him questions when he comes once in the Wednesday Hangout.\r\n\r\n",
        "file": {
            "id": "F0B91NUBH",
            "created": 1443117503,
            "timestamp": 1443117503,
            "name": "BruceDamer.jpg",
            "title": "BruceDamer.jpg",
            "mimetype": "image\/jpeg",
            "filetype": "jpg",
            "pretty_type": "JPEG",
            "user": "U048T3M8W",
            "editable": false,
            "size": 271128,
            "mode": "hosted",
            "is_external": false,
            "external_type": "",
            "is_public": true,
            "public_url_shared": false,
            "display_as_bot": false,
            "username": "",
            "url_private": "https:\/\/files.slack.com\/files-pri\/T0474AT8K-F0B91NUBH\/brucedamer.jpg?t=xoxe-4242367291-30199722806-30156974547-d9aca652b4",
            "url_private_download": "https:\/\/files.slack.com\/files-pri\/T0474AT8K-F0B91NUBH\/download\/brucedamer.jpg?t=xoxe-4242367291-30199722806-30156974547-d9aca652b4",
            "thumb_64": "https:\/\/files.slack.com\/files-tmb\/T0474AT8K-F0B91NUBH-6c71953870\/brucedamer_64.jpg?t=xoxe-4242367291-30199722806-30156974547-d9aca652b4",
            "thumb_80": "https:\/\/files.slack.com\/files-tmb\/T0474AT8K-F0B91NUBH-6c71953870\/brucedamer_80.jpg?t=xoxe-4242367291-30199722806-30156974547-d9aca652b4",
            "thumb_360": "https:\/\/files.slack.com\/files-tmb\/T0474AT8K-F0B91NUBH-6c71953870\/brucedamer_360.jpg?t=xoxe-4242367291-30199722806-30156974547-d9aca652b4",
            "thumb_360_w": 203,
            "thumb_360_h": 360,
            "thumb_480": "https:\/\/files.slack.com\/files-tmb\/T0474AT8K-F0B91NUBH-6c71953870\/brucedamer_480.jpg?t=xoxe-4242367291-30199722806-30156974547-d9aca652b4",
            "thumb_480_w": 270,
            "thumb_480_h": 480,
            "thumb_160": "https:\/\/files.slack.com\/files-tmb\/T0474AT8K-F0B91NUBH-6c71953870\/brucedamer_160.jpg?t=xoxe-4242367291-30199722806-30156974547-d9aca652b4",
            "thumb_720": "https:\/\/files.slack.com\/files-tmb\/T0474AT8K-F0B91NUBH-6c71953870\/brucedamer_720.jpg?t=xoxe-4242367291-30199722806-30156974547-d9aca652b4",
            "thumb_720_w": 405,
            "thumb_720_h": 720,
            "thumb_960": "https:\/\/files.slack.com\/files-tmb\/T0474AT8K-F0B91NUBH-6c71953870\/brucedamer_960.jpg?t=xoxe-4242367291-30199722806-30156974547-d9aca652b4",
            "thumb_960_w": 540,
            "thumb_960_h": 960,
            "thumb_1024": "https:\/\/files.slack.com\/files-tmb\/T0474AT8K-F0B91NUBH-6c71953870\/brucedamer_1024.jpg?t=xoxe-4242367291-30199722806-30156974547-d9aca652b4",
            "thumb_1024_w": 576,
            "thumb_1024_h": 1024,
            "image_exif_rotation": 1,
            "original_w": 1242,
            "original_h": 2208,
            "permalink": "https:\/\/synereonet.slack.com\/files\/lapin7\/F0B91NUBH\/brucedamer.jpg",
            "permalink_public": "https:\/\/slack-files.com\/T0474AT8K-F0B91NUBH-7402ee4586",
            "channels": [
                "C0474AT8Z"
            ],
            "groups": [
    
            ],
            "ims": [
    
            ],
            "comments_count": 1,
            "initial_comment": {
                "id": "Fc0B8Z345R",
                "created": 1443117503,
                "timestamp": 1443117503,
                "user": "U048T3M8W",
                "comment": "<@U04AJ2WH0>: <@U0474AYFT> If want to know more about what Bruce Damer thinks about FB e.a. please listen to his podcast \"026-Dr.Bruce: Studio Sessions #1 Part2 - The Bubble Culture\". It would be a good preparation for asking him questions when he comes once in the Wednesday Hangout.\r\n\r\n"
            }
        },
        "user": "U048T3M8W",
        "upload": true,
        "display_as_bot": false,
        "username": "<@U048T3M8W|lapin7>",
        "bot_id": null,
        "ts": "1443117506.000011"
    },
    {
        "type": "message",
        "user": "U04BQ4FMC",
        "text": "Got a link for that, <@U048T3M8W> ?",
        "ts": "1443124650.000012"
    },
    {
        "type": "message",
        "subtype": "file_share",
        "text": "<@U048T3M8W|lapin7> uploaded a file: <https:\/\/synereonet.slack.com\/files\/lapin7\/F0BA19UEA\/sauna_b.jpg|sauna b.jpg> and commented: Hej <@U04BQ4FMC> :simple_smile: \r\nYou can get the podcast through iTunes or SoundCloud. Here's the link of the latter: \r\n<https:\/\/soundcloud.com\/levityzone\/026-drbruce-studio-sessions-1-pt2-the-bubble-culture> \r\nAnd if you want to hear all his talks, then go to: <http:\/\/www.levityzone.org>\r\n\r\nI think it's important to get in touch with this guy (as <@U04AJ2WH0> said already). He's very engaged in making this planet a better world and he does everything to stop the \"age of interruption\" and to go for \"full attention and concentration\" and to bring groups of interest together so that they can become productive. It's not only about talking without an \"ear and eye\" of a central institution in your back, but it has to lead to creation and fair rewards for your own creation. Like that you get more means to become more productive. And because your crowd of supporters thinks that you seem to good things, you can become the start of a snowball with your supporters participating and helping you with your production.\r\n\r\nThinking like that it's a silly idea that Synereo is looking for big \"Angel investors\" to get things going. I agree with <@U09KY5U65> in that. The project would become too commercial and too dependent on old business models that promise high revenue for the happy few. I think the money has to come from people who like the idea of Synereo and who are willing to add some money to the project. It has to be fun to join this movement. More like Dogecoin or Storj. You will see that there's lots of folks around that want to help. There's a good spirit in the whole decentralisation effort.\r\n\r\nAnd last but not least. <@U0474AYFT> get a good sauna to get rid of the virus or bacteria or whatever. :simple_smile:",
        "file": {
            "id": "F0BA19UEA",
            "created": 1443160661,
            "timestamp": 1443160661,
            "name": "sauna b.jpg",
            "title": "sauna b.jpg",
            "mimetype": "image\/jpeg",
            "filetype": "jpg",
            "pretty_type": "JPEG",
            "user": "U048T3M8W",
            "editable": false,
            "size": 1957877,
            "mode": "hosted",
            "is_external": false,
            "external_type": "",
            "is_public": true,
            "public_url_shared": false,
            "display_as_bot": false,
            "username": "",
            "url_private": "https:\/\/files.slack.com\/files-pri\/T0474AT8K-F0BA19UEA\/sauna_b.jpg?t=xoxe-4242367291-30199722806-30156974547-d9aca652b4",
            "url_private_download": "https:\/\/files.slack.com\/files-pri\/T0474AT8K-F0BA19UEA\/download\/sauna_b.jpg?t=xoxe-4242367291-30199722806-30156974547-d9aca652b4",
            "thumb_64": "https:\/\/files.slack.com\/files-tmb\/T0474AT8K-F0BA19UEA-dc792e6b03\/sauna_b_64.jpg?t=xoxe-4242367291-30199722806-30156974547-d9aca652b4",
            "thumb_80": "https:\/\/files.slack.com\/files-tmb\/T0474AT8K-F0BA19UEA-dc792e6b03\/sauna_b_80.jpg?t=xoxe-4242367291-30199722806-30156974547-d9aca652b4",
            "thumb_360": "https:\/\/files.slack.com\/files-tmb\/T0474AT8K-F0BA19UEA-dc792e6b03\/sauna_b_360.jpg?t=xoxe-4242367291-30199722806-30156974547-d9aca652b4",
            "thumb_360_w": 269,
            "thumb_360_h": 360,
            "thumb_480": "https:\/\/files.slack.com\/files-tmb\/T0474AT8K-F0BA19UEA-dc792e6b03\/sauna_b_480.jpg?t=xoxe-4242367291-30199722806-30156974547-d9aca652b4",
            "thumb_480_w": 359,
            "thumb_480_h": 480,
            "thumb_160": "https:\/\/files.slack.com\/files-tmb\/T0474AT8K-F0BA19UEA-dc792e6b03\/sauna_b_160.jpg?t=xoxe-4242367291-30199722806-30156974547-d9aca652b4",
            "thumb_720": "https:\/\/files.slack.com\/files-tmb\/T0474AT8K-F0BA19UEA-dc792e6b03\/sauna_b_720.jpg?t=xoxe-4242367291-30199722806-30156974547-d9aca652b4",
            "thumb_720_w": 538,
            "thumb_720_h": 720,
            "thumb_960": "https:\/\/files.slack.com\/files-tmb\/T0474AT8K-F0BA19UEA-dc792e6b03\/sauna_b_960.jpg?t=xoxe-4242367291-30199722806-30156974547-d9aca652b4",
            "thumb_960_w": 717,
            "thumb_960_h": 960,
            "thumb_1024": "https:\/\/files.slack.com\/files-tmb\/T0474AT8K-F0BA19UEA-dc792e6b03\/sauna_b_1024.jpg?t=xoxe-4242367291-30199722806-30156974547-d9aca652b4",
            "thumb_1024_w": 765,
            "thumb_1024_h": 1024,
            "image_exif_rotation": 1,
            "original_w": 1936,
            "original_h": 2592,
            "permalink": "https:\/\/synereonet.slack.com\/files\/lapin7\/F0BA19UEA\/sauna_b.jpg",
            "permalink_public": "https:\/\/slack-files.com\/T0474AT8K-F0BA19UEA-8824afb69e",
            "channels": [
                "C0474AT8Z"
            ],
            "groups": [
    
            ],
            "ims": [
    
            ],
            "comments_count": 1,
            "initial_comment": {
                "id": "Fc0BA1NMLP",
                "created": 1443160661,
                "timestamp": 1443160661,
                "user": "U048T3M8W",
                "comment": "Hej <@U04BQ4FMC> :simple_smile: \r\nYou can get the podcast through iTunes or SoundCloud. Here's the link of the latter: \r\n<https:\/\/soundcloud.com\/levityzone\/026-drbruce-studio-sessions-1-pt2-the-bubble-culture> \r\nAnd if you want to hear all his talks, then go to: <http:\/\/www.levityzone.org>\r\n\r\nI think it's important to get in touch with this guy (as <@U04AJ2WH0> said already). He's very engaged in making this planet a better world and he does everything to stop the \"age of interruption\" and to go for \"full attention and concentration\" and to bring groups of interest together so that they can become productive. It's not only about talking without an \"ear and eye\" of a central institution in your back, but it has to lead to creation and fair rewards for your own creation. Like that you get more means to become more productive. And because your crowd of supporters thinks that you seem to good things, you can become the start of a snowball with your supporters participating and helping you with your production.\r\n\r\nThinking like that it's a silly idea that Synereo is looking for big \"Angel investors\" to get things going. I agree with <@U09KY5U65> in that. The project would become too commercial and too dependent on old business models that promise high revenue for the happy few. I think the money has to come from people who like the idea of Synereo and who are willing to add some money to the project. It has to be fun to join this movement. More like Dogecoin or Storj. You will see that there's lots of folks around that want to help. There's a good spirit in the whole decentralisation effort.\r\n\r\nAnd last but not least. <@U0474AYFT> get a good sauna to get rid of the virus or bacteria or whatever. :simple_smile:"
            }
        },
        "user": "U048T3M8W",
        "upload": true,
        "display_as_bot": false,
        "username": "<@U048T3M8W|lapin7>",
        "bot_id": null,
        "ts": "1443160665.000013"
    }
]