[
    {
        "user": "U049MGC58",
        "type": "message",
        "subtype": "channel_join",
        "text": "<@U049MGC58|tomcio2001> has joined the channel",
        "ts": "1428401564.000109"
    },
    {
        "user": "U049P4TJ2",
        "type": "message",
        "subtype": "channel_join",
        "text": "<@U049P4TJ2|troisel77> has joined the channel",
        "ts": "1428410392.000110"
    },
    {
        "user": "U04AHTUPM",
        "type": "message",
        "subtype": "channel_join",
        "text": "<@U04AHTUPM|sneubert> has joined the channel",
        "ts": "1428426790.000111"
    },
    {
        "user": "U049WSTG0",
        "type": "message",
        "subtype": "channel_join",
        "text": "<@U049WSTG0|21xhipster> has joined the channel",
        "ts": "1428435541.000112"
    },
    {
        "user": "U049XP38G",
        "type": "message",
        "subtype": "channel_join",
        "text": "<@U049XP38G|cameron> has joined the channel",
        "ts": "1428438437.000113"
    },
    {
        "user": "U049ZG924",
        "type": "message",
        "subtype": "channel_join",
        "text": "<@U049ZG924|vax> has joined the channel",
        "ts": "1428444918.000114"
    },
    {
        "type": "message",
        "user": "U04910F4Z",
        "text": "<@U0474AT8P>:  get a VPN. love <http:\/\/cryptostorm.is|cryptostorm.is> personally",
        "ts": "1428459260.000115"
    },
    {
        "type": "message",
        "user": "U0474AT8P",
        "text": "I will have to... Just like full speed internet :wink:",
        "ts": "1428459297.000116"
    },
    {
        "type": "message",
        "user": "U0474AT8P",
        "text": "Some VPN's slow down ur connection... Although to watch a video don't need that much bandwidth",
        "ts": "1428459348.000117"
    },
    {
        "type": "message",
        "user": "U04910F4Z",
        "text": "That was hilarious}",
        "ts": "1428461391.000118"
    },
    {
        "type": "message",
        "user": "U04910F4Z",
        "text": "cstorm has no speed restictions :simple_smile:",
        "ts": "1428461403.000119"
    },
    {
        "type": "message",
        "user": "U04910F4Z",
        "text": "see? awesome all around",
        "ts": "1428461406.000120"
    },
    {
        "type": "message",
        "user": "U04910F4Z",
        "text": "also, no questions asked, and they take bitcoin",
        "ts": "1428461413.000121"
    },
    {
        "type": "message",
        "user": "U0474AT8P",
        "text": "I found the audio on the net, it is funny!",
        "ts": "1428462393.000122"
    },
    {
        "user": "U04A2PRG2",
        "type": "message",
        "subtype": "channel_join",
        "text": "<@U04A2PRG2|womupatti> has joined the channel",
        "ts": "1428463032.000123"
    },
    {
        "user": "U04A347DE",
        "type": "message",
        "subtype": "channel_join",
        "text": "<@U04A347DE|jmlubin> has joined the channel",
        "ts": "1428465359.000124"
    },
    {
        "user": "U04A3SLB4",
        "type": "message",
        "subtype": "channel_join",
        "text": "<@U04A3SLB4|fineregex> has joined the channel",
        "ts": "1428470924.000125"
    },
    {
        "user": "U04ATHHAH",
        "type": "message",
        "subtype": "channel_join",
        "text": "<@U04ATHHAH|aurel> has joined the channel",
        "ts": "1428472026.000126"
    }
]