[
    {
        "type": "message",
        "user": "U0474AT8P",
        "text": "Barclays Launches Its First US-Based Fintech Accelerator, Rise\n\n<http:\/\/bravenewcoin.com\/news\/barclays-launches-its-first-us-based-fintech-accelerator-rise\/>",
        "attachments": [
            {
                "text": "On July 15 Barclays Bank opened the doors of Rise New York, a physical space and virtual global community designed to pioneer the future of financial technology. By the end of 2016, Barclays plans to have opened Rise hubs in North America, Europe, Africa and Asia.",
                "fallback": "On July 15 Barclays Bank opened the doors of Rise New York, a physical space and virtual global community designed to pioneer the future of financial technology. By the end of 2016, Barclays plans to have opened Rise hubs in North America, Europe, Africa and Asia.",
                "image_url": "http:\/\/bravenewcoin.com\/assets\/Uploads\/_resampled\/CroppedImage400400-NewYork.png",
                "from_url": "http:\/\/bravenewcoin.com\/news\/barclays-launches-its-first-us-based-fintech-accelerator-rise\/",
                "image_width": 250,
                "image_height": 250,
                "image_bytes": 406899,
                "id": 1
            }
        ],
        "ts": "1438132004.000010"
    }
]