[
    {
        "type": "message",
        "user": "U049CMCCZ",
        "text": "good show :smile: the John Oliver video that is",
        "edited": {
            "user": "U049CMCCZ",
            "ts": "1428485391.000000"
        },
        "ts": "1428485353.000127"
    },
    {
        "user": "U04A759RQ",
        "type": "message",
        "subtype": "channel_join",
        "text": "<@U04A759RQ|afdudley> has joined the channel",
        "ts": "1428488871.000129"
    },
    {
        "user": "U04AYFU8H",
        "type": "message",
        "subtype": "channel_join",
        "text": "<@U04AYFU8H|laurencefass> has joined the channel",
        "ts": "1428498319.000130"
    },
    {
        "user": "U04AZBKSZ",
        "type": "message",
        "subtype": "channel_join",
        "text": "<@U04AZBKSZ|beerit> has joined the channel",
        "ts": "1428501367.000131"
    },
    {
        "user": "U04AA3K3L",
        "type": "message",
        "subtype": "channel_join",
        "text": "<@U04AA3K3L|fives> has joined the channel",
        "ts": "1428501382.000132"
    },
    {
        "user": "U04B14VQV",
        "type": "message",
        "subtype": "channel_join",
        "text": "<@U04B14VQV|matanfield> has joined the channel",
        "ts": "1428506855.000133"
    },
    {
        "type": "message",
        "user": "U049CMCCZ",
        "text": "<http:\/\/www.coindesk.com\/luxembourg-opens-dialogue-bitcoin-businesses-new-statement\/>",
        "attachments": [
            {
                "service_name": "CoinDesk",
                "title": "Luxembourg Opens Dialogue with Bitcoin Businesses in New Statement",
                "title_link": "http:\/\/www.coindesk.com\/luxembourg-opens-dialogue-bitcoin-businesses-new-statement\/",
                "text": "In a move that signals a positive regulatory stance, Luxembourg has invited dialogue with digital currency businesses.",
                "fallback": "CoinDesk: Luxembourg Opens Dialogue with Bitcoin Businesses in New Statement",
                "thumb_url": "http:\/\/media.coindesk.com\/2014\/03\/shutterstock_129048695.jpg",
                "ts": 1394576439,
                "from_url": "http:\/\/www.coindesk.com\/luxembourg-opens-dialogue-bitcoin-businesses-new-statement\/",
                "thumb_width": 1000,
                "thumb_height": 941,
                "id": 1
            }
        ],
        "ts": "1428511596.000134"
    },
    {
        "user": "U04AJ2WH0",
        "type": "message",
        "subtype": "channel_join",
        "text": "<@U04AJ2WH0|christianpeirson> has joined the channel",
        "ts": "1428527285.000136"
    }
]