[
    {
        "user": "U04BQ4FMC",
        "type": "message",
        "subtype": "channel_join",
        "text": "<@U04BQ4FMC|malthusjohn> has joined the channel",
        "ts": "1428765301.000147"
    },
    {
        "type": "message",
        "user": "U0474AT8P",
        "text": "<http:\/\/project-maelstrom.bittorrent.com\/>",
        "attachments": [
            {
                "title": "Download Project Maelstrom",
                "title_link": "http:\/\/project-maelstrom.bittorrent.com\/",
                "text": "Project Maelstrom (Beta) - Experience a better web. Powered by people.",
                "fallback": "Download Project Maelstrom",
                "from_url": "http:\/\/project-maelstrom.bittorrent.com\/",
                "id": 1
            }
        ],
        "ts": "1428778410.000148"
    },
    {
        "type": "message",
        "user": "U048X85UT",
        "text": "Cool, it hooks your browser into the url scheme <bittorrent:\/\/3b1c91f8e95d8ce22558abc398f4a8e62c16bea5\/index.html>",
        "ts": "1428779933.000150"
    },
    {
        "user": "U04CE1UTF",
        "type": "message",
        "subtype": "channel_join",
        "text": "<@U04CE1UTF|edhesse79> has joined the channel",
        "ts": "1428782326.000151"
    },
    {
        "user": "U04BSUV0L",
        "type": "message",
        "subtype": "channel_join",
        "text": "<@U04BSUV0L|ferdinand> has joined the channel",
        "ts": "1428797345.000152"
    }
]