[
    {
        "type": "message",
        "user": "U04BB1PCG",
        "text": "Stop Glyphosate! <https:\/\/act.wemove.eu\/campaigns\/stop-glyphosate>",
        "attachments": [
            {
                "title": "Stop Glyphosate",
                "title_link": "https:\/\/act.wemove.eu\/campaigns\/stop-glyphosate",
                "text": "Did you know a poisonous, potentially cancer-inducing chemical could be present in your body? This Thursday the Commission will meet with member states to start the review process of this toxic chemical for another decade. SIGN the petition now to make sure this doesn't happen!",
                "fallback": "Stop Glyphosate",
                "image_url": "https:\/\/www.wemove.eu\/sites\/wemove.eu\/files\/Appleskull_1200x630_FB.png",
                "from_url": "https:\/\/act.wemove.eu\/campaigns\/stop-glyphosate",
                "image_width": 476,
                "image_height": 250,
                "image_bytes": 238397,
                "id": 1
            }
        ],
        "ts": "1449585388.000026"
    }
]