[
    {
        "type": "message",
        "user": "U0474E4KZ",
        "text": "<https:\/\/medium.com\/cuepoint\/streaming-music-is-ripping-you-off-61dc501e7f94>",
        "attachments": [
            {
                "service_name": "Medium",
                "title": "Streaming Music is Ripping You Off \u2014 Cuepoint",
                "title_link": "https:\/\/medium.com\/cuepoint\/streaming-music-is-ripping-you-off-61dc501e7f94",
                "text": "Fight back with this simple hack",
                "fallback": "Medium: Streaming Music is Ripping You Off \u2014 Cuepoint",
                "image_url": "https:\/\/cdn-images-2.medium.com\/max\/800\/1*cmzQayvnPJAX90t0oXrflw.jpeg",
                "ts": 1439868033,
                "from_url": "https:\/\/medium.com\/cuepoint\/streaming-music-is-ripping-you-off-61dc501e7f94",
                "image_width": 407,
                "image_height": 250,
                "image_bytes": 62264,
                "id": 1
            }
        ],
        "ts": "1439983419.000035"
    }
]