[
    {
        "type": "message",
        "user": "U0474AT8P",
        "text": "Coindesk State of Bitcoin Q2 2015 report is out\n\n<http:\/\/www.slideshare.net\/CoinDesk\/coindesk-state-of-bitcoin-q2-2015-50601475>",
        "attachments": [
            {
                "service_name": "SlideShare",
                "service_url": "http:\/\/www.slideshare.net",
                "title": "CoinDesk State of Bitcoin Q2 2015",
                "title_link": "http:\/\/www.slideshare.net\/CoinDesk\/coindesk-state-of-bitcoin-q2-2015-50601475",
                "author_name": "CoinDesk",
                "author_link": "http:\/\/www.slideshare.net\/CoinDesk",
                "thumb_width": 170,
                "thumb_height": 128,
                "text": "CoinDesk State of Bitcoin Q2 2015  from CoinDesk",
                "fallback": "SlideShare Link: CoinDesk State of Bitcoin Q2 2015",
                "from_url": "http:\/\/www.slideshare.net\/CoinDesk\/coindesk-state-of-bitcoin-q2-2015-50601475",
                "id": 1
            }
        ],
        "ts": "1437340221.000002"
    }
]