[
    {
        "type": "message",
        "user": "U04BQ4FMC",
        "text": "<https:\/\/www.cryptocoinsnews.com\/blockchain-magic-%CF%86-free-anonymous-internet\/>",
        "attachments": [
            {
                "service_name": "CCN: Financial Bitcoin &amp; Cryptocurrency News",
                "title": "The Blockchain Magic: \u03a6 Free Anonymous Internet - CCN: Financial Bitcoin &amp; Cryptocurrency News",
                "title_link": "https:\/\/www.cryptocoinsnews.com\/blockchain-magic-%CF%86-free-anonymous-internet\/",
                "text": "A group of developers has tapped the key advantages of the block chain \u2013 anonymity and decentralized information \u2013 and married them with the expansive content sharing power of the Internet to offer a Free Anonymous Internet (FAI). To signify the uniqueness of this FAI system, the developers have designated it as \u201c\u03a6.\u201d Block chain technology makes the self-supporting of a peer-to-peer (P2P) system possible with interaction, storage, communication, accounting and currency. These are the foundations of the Internet that are running nowadays in a centralized way. Block chain technology may become the basis of a second generation Internet that \u2026",
                "fallback": "CCN: Financial Bitcoin &amp; Cryptocurrency News: The Blockchain Magic: \u03a6 Free Anonymous Internet - CCN: Financial Bitcoin &amp; Cryptocurrency News",
                "image_url": "https:\/\/www.cryptocoinsnews.com\/wp-content\/uploads\/2015\/10\/Pic-2.png",
                "ts": 1443966952,
                "from_url": "https:\/\/www.cryptocoinsnews.com\/blockchain-magic-%CF%86-free-anonymous-internet\/",
                "image_width": 322,
                "image_height": 250,
                "image_bytes": 1113575,
                "id": 1
            }
        ],
        "ts": "1444000108.000002"
    },
    {
        "type": "message",
        "user": "U04BQ4FMC",
        "text": "Who has heard of 'FAI\"?",
        "ts": "1444000130.000004"
    }
]