[
    {
        "type": "message",
        "user": "U048X85UT",
        "text": "the ones I've looked at are not free, don't want to know that bad :stuck_out_tongue:",
        "ts": "1449416968.000022"
    },
    {
        "type": "message",
        "user": "U048X85UT",
        "text": "<http:\/\/blocknet.co\/>",
        "ts": "1449423177.000023"
    },
    {
        "type": "message",
        "user": "U048X85UT",
        "text": "The Internet Of Blockchains -  THE FUTURE OF THE INTERNET:\n\nA BLOCKCHAIN-AGNOSTIC DECENTRALIZED PLATFORM-AS-A-SERVICE",
        "ts": "1449423223.000024"
    },
    {
        "user": "U0G1ER57D",
        "type": "message",
        "subtype": "channel_join",
        "text": "<@U0G1ER57D|gcoen> has joined the channel",
        "ts": "1449443694.000025"
    }
]