[
    {
        "user": "U04ERJZEN",
        "type": "message",
        "subtype": "channel_join",
        "text": "<@U04ERJZEN|sabry> has joined the channel",
        "ts": "1429422098.000160"
    },
    {
        "user": "U04FDMM9P",
        "type": "message",
        "subtype": "channel_join",
        "text": "<@U04FDMM9P|alderzan> has joined the channel",
        "ts": "1429425323.000161"
    },
    {
        "user": "U04FDNC1M",
        "type": "message",
        "subtype": "channel_join",
        "text": "<@U04FDNC1M|namjar> has joined the channel",
        "ts": "1429425859.000162"
    }
]