[
    {
        "type": "message",
        "user": "U048X85UT",
        "text": "<https:\/\/medium.com\/bad-words\/why-twitter-s-dying-and-what-you-can-learn-from-it-9ed233e37974>",
        "attachments": [
            {
                "service_name": "Medium",
                "title": "Why Twitter\u2019s Dying (And What You Can Learn From It) \u2014 Bad Words",
                "title_link": "https:\/\/medium.com\/bad-words\/why-twitter-s-dying-and-what-you-can-learn-from-it-9ed233e37974",
                "text": "It wasn\u2019t Professor Plum in the Library with the Candlestick. So what killed Twitter?",
                "fallback": "Medium: Why Twitter\u2019s Dying (And What You Can Learn From It) \u2014 Bad Words",
                "image_url": "https:\/\/cdn-images-1.medium.com\/max\/800\/1*OcwUXOIUGgTF-NV7Ux9PCQ.jpeg",
                "ts": 1444759712,
                "from_url": "https:\/\/medium.com\/bad-words\/why-twitter-s-dying-and-what-you-can-learn-from-it-9ed233e37974",
                "image_width": 375,
                "image_height": 250,
                "image_bytes": 68800,
                "id": 1
            }
        ],
        "ts": "1445172408.000005"
    },
    {
        "type": "message",
        "user": "U09KY5U65",
        "text": "I think the reason social media sites die off is because of spam. Spam prevention is the #1 priority when making a new social media site. Paying to post could be the fix. Negative\/useless\/bad comments could be considered a type of spam. A lot of social media is now being used to make competitors look bad. Putting down people\/brands online is now a full time job with pretty good pay.",
        "ts": "1445194107.000007"
    },
    {
        "type": "message",
        "user": "U0474AT8P",
        "text": "This sounds interesting:\n\n<https:\/\/news.bitcoin.com\/timerepublik-interview-ceo-ted-wallach\/>",
        "attachments": [
            {
                "service_name": "Bitcoin News",
                "title": "TimeRepublik: Interview With CEO Ted Wallach - Bitcoin News",
                "title_link": "https:\/\/news.bitcoin.com\/timerepublik-interview-ceo-ted-wallach\/",
                "text": "TimeRepublik is a web-based timebanking marketplace designed to allow anyone to easily get value from their spare time.",
                "fallback": "Bitcoin News: TimeRepublik: Interview With CEO Ted Wallach - Bitcoin News",
                "thumb_url": "https:\/\/news.bitcoin.com\/wp-content\/uploads\/2015\/10\/TimeRepublik_article_cover_Bitcoin-e1444915716907.png",
                "ts": 1445184023,
                "from_url": "https:\/\/news.bitcoin.com\/timerepublik-interview-ceo-ted-wallach\/",
                "thumb_width": 1100,
                "thumb_height": 995,
                "id": 1
            }
        ],
        "ts": "1445221654.000008"
    }
]