[
    {
        "type": "message",
        "user": "U0492BA08",
        "text": "Wow. Thanks <@U0474AT8P>. The question it immediately brings to mind is... Once a coin is used in an illicit transaction, is it tainted forever? I imagine it is or 'laundering' would be possible. So, how does the average Joe prevent receiving tainted coin?",
        "ts": "1434972706.000020"
    },
    {
        "type": "message",
        "user": "U0474AT8P",
        "text": "That is the point, unless end users have the same tools I see it hard.",
        "ts": "1434984535.000021"
    },
    {
        "type": "message",
        "user": "U04BMCE7Q",
        "text": "<https:\/\/www.youtube.com\/watch?v=bNpx7gpSqbY>",
        "attachments": [
            {
                "service_name": "YouTube",
                "service_url": "http:\/\/www.youtube.com\/",
                "title": "Bill Gross: The single biggest reason why startups succeed",
                "title_link": "https:\/\/www.youtube.com\/watch?v=bNpx7gpSqbY",
                "author_name": "TED",
                "author_link": "http:\/\/www.youtube.com\/user\/TEDtalksDirector",
                "thumb_url": "https:\/\/i.ytimg.com\/vi\/bNpx7gpSqbY\/hqdefault.jpg",
                "thumb_width": 480,
                "thumb_height": 360,
                "fallback": "YouTube Video: Bill Gross: The single biggest reason why startups succeed",
                "video_html": "<iframe width=\"400\" height=\"225\" src=\"https:\/\/www.youtube.com\/embed\/bNpx7gpSqbY?feature=oembed\" frameborder=\"0\" allowfullscreen><\/iframe>",
                "video_html_width": 400,
                "video_html_height": 225,
                "from_url": "https:\/\/www.youtube.com\/watch?v=bNpx7gpSqbY",
                "id": 1
            }
        ],
        "ts": "1435031505.000022"
    },
    {
        "type": "message",
        "user": "U04BMCE7Q",
        "text": "Synereo Must Should Wait for Right Timing",
        "ts": "1435031528.000024"
    }
]