[
    {
        "type": "message",
        "user": "U0474AT8P",
        "text": "What\u2019s up peeps! Just a reminder that the BitCrystals Token Sale ends on September 3rd, only few days to go. 915BTC raised so far. \n\nExisting SoG backers who will upgrade their lifetime membership rank to the next Player\/Partner level, using the promo code \u201cupgrade\u201d, will get a \u201dBattle for Blocksize\u201d card (limited to 300 units), plus 7% more BCY \nas an exclusive bonus! The Partner Black rank members will get this card automatically.\n\n<http:\/\/api.moonga.com\/RCT\/cp\/cards\/view\/normal\/large\/en\/1429.jpg>",
        "attachments": [
            {
                "fallback": "320x447px image",
                "image_url": "http:\/\/api.moonga.com\/RCT\/cp\/cards\/view\/normal\/large\/en\/1429.jpg",
                "image_width": 320,
                "image_height": 447,
                "image_bytes": 50866,
                "from_url": "http:\/\/api.moonga.com\/RCT\/cp\/cards\/view\/normal\/large\/en\/1429.jpg",
                "id": 1
            }
        ],
        "ts": "1441026571.000008"
    },
    {
        "user": "U09U9065R",
        "type": "message",
        "subtype": "channel_join",
        "text": "<@U09U9065R|akbar> has joined the channel",
        "ts": "1441058353.000010"
    }
]