[
    {
        "user": "U048ERGCQ",
        "type": "message",
        "subtype": "channel_join",
        "text": "<@U048ERGCQ|fabio> has joined the channel",
        "ts": "1428049517.000023"
    },
    {
        "user": "U04954VEH",
        "type": "message",
        "subtype": "channel_join",
        "text": "<@U04954VEH|jnicolau> has joined the channel",
        "ts": "1428055036.000024"
    },
    {
        "user": "U04985U5R",
        "type": "message",
        "subtype": "channel_join",
        "text": "<@U04985U5R|matthewh3> has joined the channel",
        "ts": "1428071966.000025"
    },
    {
        "user": "U048NNG5W",
        "type": "message",
        "subtype": "channel_join",
        "text": "<@U048NNG5W|weeeeeew> has joined the channel",
        "ts": "1428093038.000026"
    },
    {
        "user": "U048NQPTE",
        "type": "message",
        "subtype": "channel_join",
        "text": "<@U048NQPTE|joshn> has joined the channel",
        "ts": "1428093441.000027"
    },
    {
        "user": "U049CMBV9",
        "type": "message",
        "subtype": "channel_join",
        "text": "<@U049CMBV9|pythagoras> has joined the channel",
        "ts": "1428093758.000028"
    },
    {
        "user": "U049CMCCZ",
        "type": "message",
        "subtype": "channel_join",
        "text": "<@U049CMCCZ|henri> has joined the channel",
        "ts": "1428093761.000029"
    },
    {
        "user": "U048NSKK0",
        "type": "message",
        "subtype": "channel_join",
        "text": "<@U048NSKK0|blockchain> has joined the channel",
        "ts": "1428093793.000030"
    },
    {
        "user": "U049CTRD1",
        "type": "message",
        "subtype": "channel_join",
        "text": "<@U049CTRD1|offbeata> has joined the channel",
        "ts": "1428094951.000031"
    },
    {
        "user": "U049CUHPP",
        "type": "message",
        "subtype": "channel_join",
        "text": "<@U049CUHPP|ash> has joined the channel",
        "ts": "1428095074.000032"
    },
    {
        "user": "U049DANR7",
        "type": "message",
        "subtype": "channel_join",
        "text": "<@U049DANR7|miquael> has joined the channel",
        "ts": "1428097365.000033"
    },
    {
        "user": "U048PL3P4",
        "type": "message",
        "subtype": "channel_join",
        "text": "<@U048PL3P4|zercrypt> has joined the channel",
        "ts": "1428098295.000034"
    },
    {
        "user": "U048PU5GE",
        "type": "message",
        "subtype": "channel_join",
        "text": "<@U048PU5GE|elvirag> has joined the channel",
        "ts": "1428100176.000035"
    },
    {
        "user": "U049DPQ93",
        "type": "message",
        "subtype": "channel_join",
        "text": "<@U049DPQ93|leon> has joined the channel",
        "ts": "1428100298.000036"
    },
    {
        "user": "U048Q17M8",
        "type": "message",
        "subtype": "channel_join",
        "text": "<@U048Q17M8|mcluhansky> has joined the channel",
        "ts": "1428100766.000037"
    },
    {
        "user": "U049E2KL5",
        "type": "message",
        "subtype": "channel_join",
        "text": "<@U049E2KL5|tebe.mne> has joined the channel",
        "ts": "1428102423.000038"
    },
    {
        "user": "U048QD6CG",
        "type": "message",
        "subtype": "channel_join",
        "text": "<@U048QD6CG|ryan> has joined the channel",
        "ts": "1428103818.000039"
    },
    {
        "user": "U048QEBCJ",
        "type": "message",
        "subtype": "channel_join",
        "text": "<@U048QEBCJ|ination> has joined the channel",
        "ts": "1428104093.000040"
    },
    {
        "user": "U048QFUPC",
        "type": "message",
        "subtype": "channel_join",
        "text": "<@U048QFUPC|kimmyf> has joined the channel",
        "ts": "1428104543.000041"
    },
    {
        "user": "U048QLHHY",
        "type": "message",
        "subtype": "channel_join",
        "text": "<@U048QLHHY|johnverdon> has joined the channel",
        "ts": "1428105865.000042"
    },
    {
        "user": "U049EKK7V",
        "type": "message",
        "subtype": "channel_join",
        "text": "<@U049EKK7V|idcmoldy> has joined the channel",
        "ts": "1428107114.000043"
    },
    {
        "user": "U049ENS8F",
        "type": "message",
        "subtype": "channel_join",
        "text": "<@U049ENS8F|damon> has joined the channel",
        "ts": "1428108177.000044"
    },
    {
        "user": "U048QV94Y",
        "type": "message",
        "subtype": "channel_join",
        "text": "<@U048QV94Y|stickygreen> has joined the channel",
        "ts": "1428108702.000045"
    },
    {
        "user": "U048R4J46",
        "type": "message",
        "subtype": "channel_join",
        "text": "<@U048R4J46|zomnbio> has joined the channel",
        "ts": "1428110409.000046"
    },
    {
        "user": "U048R4Y6L",
        "type": "message",
        "subtype": "channel_join",
        "text": "<@U048R4Y6L|mcneely> has joined the channel",
        "ts": "1428110563.000047"
    },
    {
        "user": "U048R588N",
        "type": "message",
        "subtype": "channel_join",
        "text": "<@U048R588N|oden> has joined the channel",
        "ts": "1428110698.000048"
    },
    {
        "user": "U048RB6E6",
        "type": "message",
        "subtype": "channel_join",
        "text": "<@U048RB6E6|grumpy> has joined the channel",
        "ts": "1428113005.000049"
    },
    {
        "user": "U049F88PR",
        "type": "message",
        "subtype": "channel_join",
        "text": "<@U049F88PR|calem> has joined the channel",
        "ts": "1428113894.000050"
    },
    {
        "user": "U049F8L7M",
        "type": "message",
        "subtype": "channel_join",
        "text": "<@U049F8L7M|goodwaffles> has joined the channel",
        "ts": "1428114035.000051"
    },
    {
        "user": "U048RE516",
        "type": "message",
        "subtype": "channel_join",
        "text": "<@U048RE516|sur_price> has joined the channel",
        "ts": "1428114351.000052"
    },
    {
        "user": "U048RGH9N",
        "type": "message",
        "subtype": "channel_join",
        "text": "<@U048RGH9N|aki> has joined the channel",
        "ts": "1428115501.000053"
    },
    {
        "user": "U048RRK1S",
        "type": "message",
        "subtype": "channel_join",
        "text": "<@U048RRK1S|lynxlee> has joined the channel",
        "ts": "1428119901.000054"
    },
    {
        "user": "U049FTAT9",
        "type": "message",
        "subtype": "channel_join",
        "text": "<@U049FTAT9|noodoggy> has joined the channel",
        "ts": "1428123835.000055"
    },
    {
        "user": "U048S3X56",
        "type": "message",
        "subtype": "channel_join",
        "text": "<@U048S3X56|tomas> has joined the channel",
        "ts": "1428124486.000056"
    },
    {
        "user": "U049G1VND",
        "type": "message",
        "subtype": "channel_join",
        "text": "<@U049G1VND|dgdmarketing> has joined the channel",
        "ts": "1428126446.000057"
    }
]