[
    {
        "type": "message",
        "user": "U0474AT8P",
        "text": "<http:\/\/bravenewcoin.com\/news\/the-bitcoin-big-bang-tracking-tainted-bitcoins>",
        "attachments": [
            {
                "text": "Based in London UK, Elliptic offers bitcoin storage to keep your digital coins safe. Last Friday the company announced The Bitcoin Big Bang, a visualization tool it says can identify where a Bitcoin comes from.",
                "fallback": "Based in London UK, Elliptic offers bitcoin storage to keep your digital coins safe. Last Friday the company announced The Bitcoin Big Bang, a visualization tool it says can identify where a Bitcoin comes from.",
                "image_url": "http:\/\/bravenewcoin.com\/assets\/Uploads\/_resampled\/CroppedImage400400-Selection-003.png",
                "from_url": "http:\/\/bravenewcoin.com\/news\/the-bitcoin-big-bang-tracking-tainted-bitcoins",
                "image_width": 250,
                "image_height": 250,
                "image_bytes": 181815,
                "id": 1
            }
        ],
        "ts": "1434954581.000018"
    }
]