[
    {
        "user": "U0484CRNY",
        "type": "message",
        "subtype": "channel_join",
        "text": "<@U0484CRNY|stani.meredith> has joined the channel",
        "ts": "1427992318.000006"
    },
    {
        "user": "U04855LTQ",
        "type": "message",
        "subtype": "channel_join",
        "text": "<@U04855LTQ|mattblack> has joined the channel",
        "ts": "1427995646.000007"
    },
    {
        "user": "U048X85UT",
        "type": "message",
        "subtype": "channel_join",
        "text": "<@U048X85UT|jimscarver> has joined the channel",
        "ts": "1428005228.000008"
    },
    {
        "user": "U048XN527",
        "type": "message",
        "subtype": "channel_join",
        "text": "<@U048XN527|adamhackbarth> has joined the channel",
        "ts": "1428007414.000009"
    },
    {
        "user": "U048Y3XFP",
        "type": "message",
        "subtype": "channel_join",
        "text": "<@U048Y3XFP|ronnie> has joined the channel",
        "ts": "1428009157.000010"
    },
    {
        "user": "U0488FH92",
        "type": "message",
        "subtype": "channel_join",
        "text": "<@U0488FH92|sandstone> has joined the channel",
        "ts": "1428010586.000011"
    },
    {
        "user": "U048YLN1Z",
        "type": "message",
        "subtype": "channel_join",
        "text": "<@U048YLN1Z|davidareallen> has joined the channel",
        "ts": "1428012029.000012"
    },
    {
        "user": "U0488T9P0",
        "type": "message",
        "subtype": "channel_join",
        "text": "<@U0488T9P0|eitank> has joined the channel",
        "ts": "1428012517.000013"
    },
    {
        "user": "U048YS98R",
        "type": "message",
        "subtype": "channel_join",
        "text": "<@U048YS98R|apenzl> has joined the channel",
        "ts": "1428013073.000014"
    },
    {
        "user": "U048YT1DH",
        "type": "message",
        "subtype": "channel_join",
        "text": "<@U048YT1DH|stuk> has joined the channel",
        "ts": "1428013189.000015"
    },
    {
        "user": "U048ZC49X",
        "type": "message",
        "subtype": "channel_join",
        "text": "<@U048ZC49X|hewhocutsdown> has joined the channel",
        "ts": "1428016013.000016"
    },
    {
        "user": "U0489PT3G",
        "type": "message",
        "subtype": "channel_join",
        "text": "<@U0489PT3G|dannygroove> has joined the channel",
        "ts": "1428016508.000017"
    },
    {
        "user": "U048ZPANP",
        "type": "message",
        "subtype": "channel_join",
        "text": "<@U048ZPANP|markxmayer> has joined the channel",
        "ts": "1428018556.000018"
    },
    {
        "user": "U048ZPAV7",
        "type": "message",
        "subtype": "channel_join",
        "text": "<@U048ZPAV7|darkpill> has joined the channel",
        "ts": "1428018567.000019"
    },
    {
        "user": "U048AAG3E",
        "type": "message",
        "subtype": "channel_join",
        "text": "<@U048AAG3E|webpasco> has joined the channel",
        "ts": "1428019343.000020"
    },
    {
        "user": "U0490TUQM",
        "type": "message",
        "subtype": "channel_join",
        "text": "<@U0490TUQM|dgomez> has joined the channel",
        "ts": "1428026173.000021"
    },
    {
        "user": "U04910F4Z",
        "type": "message",
        "subtype": "channel_join",
        "text": "<@U04910F4Z|jsgalt> has joined the channel",
        "ts": "1428026544.000022"
    }
]