[
    {
        "user": "U04M87CU9",
        "type": "message",
        "subtype": "channel_join",
        "text": "<@U04M87CU9|cricket> has joined the channel",
        "ts": "1430553836.000214"
    },
    {
        "user": "U04LMDGSA",
        "type": "message",
        "subtype": "channel_join",
        "text": "<@U04LMDGSA|tey84> has joined the channel",
        "ts": "1430563171.000215"
    },
    {
        "type": "message",
        "user": "U0474AT8P",
        "text": "<https:\/\/medium.com\/@awilkinson\/slack-s-2-8-billion-dollar-secret-sauce-5c5ec7117908>",
        "attachments": [
            {
                "service_name": "Medium",
                "title": "Slack\u2019s $2.8 Billion Dollar Secret Sauce",
                "title_link": "https:\/\/medium.com\/@awilkinson\/slack-s-2-8-billion-dollar-secret-sauce-5c5ec7117908",
                "text": "How Slack stole a multi-billion dollar market by becoming everyone\u2019s favorite sassy robot sidekick.",
                "fallback": "Medium: Slack\u2019s $2.8 Billion Dollar Secret Sauce",
                "image_url": "https:\/\/d262ilb51hltx0.cloudfront.net\/max\/800\/1*quxuSggwBdYkyCoYlE3OAA.png",
                "ts": 1430504137,
                "from_url": "https:\/\/medium.com\/@awilkinson\/slack-s-2-8-billion-dollar-secret-sauce-5c5ec7117908",
                "image_width": 261,
                "image_height": 250,
                "image_bytes": 330879,
                "id": 1
            }
        ],
        "ts": "1430586985.000226"
    },
    {
        "user": "U04LQEPCC",
        "type": "message",
        "subtype": "channel_join",
        "text": "<@U04LQEPCC|justlooking> has joined the channel",
        "ts": "1430596203.000228"
    }
]