[
    {
        "type": "message",
        "user": "U048X85UT",
        "text": "Humans Need Not Apply  <https:\/\/youtu.be\/7Pq-S557XQU>",
        "attachments": [
            {
                "service_name": "YouTube",
                "service_url": "https:\/\/www.youtube.com\/",
                "title": "Humans Need Not Apply",
                "title_link": "https:\/\/youtu.be\/7Pq-S557XQU",
                "author_name": "CGP Grey",
                "author_link": "https:\/\/www.youtube.com\/user\/CGPGrey",
                "thumb_url": "https:\/\/i.ytimg.com\/vi\/7Pq-S557XQU\/hqdefault.jpg",
                "thumb_width": 480,
                "thumb_height": 360,
                "fallback": "YouTube Video: Humans Need Not Apply",
                "video_html": "<iframe width=\"400\" height=\"225\" src=\"https:\/\/www.youtube.com\/embed\/7Pq-S557XQU?feature=oembed&autoplay=1\" frameborder=\"0\" allowfullscreen><\/iframe>",
                "video_html_width": 400,
                "video_html_height": 225,
                "from_url": "https:\/\/youtu.be\/7Pq-S557XQU",
                "id": 1
            }
        ],
        "ts": "1450529056.000039",
        "reactions": [
            {
                "name": "+1",
                "users": [
                    "U0474E4KZ"
                ],
                "count": 1
            },
            {
                "name": "tv",
                "users": [
                    "U06AAH8F3"
                ],
                "count": 1
            }
        ]
    }
]