[
    {
        "user": "U04GXLFNE",
        "type": "message",
        "subtype": "channel_join",
        "text": "<@U04GXLFNE|ahmedashraf> has joined the channel",
        "ts": "1429820915.000178"
    },
    {
        "user": "U04HL2UJF",
        "type": "message",
        "subtype": "channel_join",
        "text": "<@U04HL2UJF|bolkin> has joined the channel",
        "ts": "1429822772.000179"
    },
    {
        "user": "U04GZRAH8",
        "type": "message",
        "subtype": "channel_join",
        "text": "<@U04GZRAH8|drphotog> has joined the channel",
        "ts": "1429830300.000180"
    },
    {
        "user": "U04HMRLT1",
        "type": "message",
        "subtype": "channel_join",
        "text": "<@U04HMRLT1|marc> has joined the channel",
        "ts": "1429830704.000181"
    },
    {
        "user": "U04H0699Y",
        "type": "message",
        "subtype": "channel_join",
        "text": "<@U04H0699Y|kangertech> has joined the channel",
        "ts": "1429832150.000182"
    },
    {
        "user": "U04H0VBF8",
        "type": "message",
        "subtype": "channel_join",
        "text": "<@U04H0VBF8|andrew> has joined the channel",
        "ts": "1429836502.000183"
    },
    {
        "user": "U04HPJP8X",
        "type": "message",
        "subtype": "channel_join",
        "text": "<@U04HPJP8X|bmanred> has joined the channel",
        "ts": "1429840984.000184"
    },
    {
        "user": "U04H1N9GN",
        "type": "message",
        "subtype": "channel_join",
        "text": "<@U04H1N9GN|llsourcell> has joined the channel",
        "ts": "1429841157.000185"
    },
    {
        "user": "U04H3DCGJ",
        "type": "message",
        "subtype": "channel_join",
        "text": "<@U04H3DCGJ|alonc> has joined the channel",
        "ts": "1429852285.000186"
    },
    {
        "user": "U04H3DZ9Q",
        "type": "message",
        "subtype": "channel_join",
        "text": "<@U04H3DZ9Q|eliptibox> has joined the channel",
        "ts": "1429852438.000187"
    },
    {
        "user": "U04HRUZJZ",
        "type": "message",
        "subtype": "channel_join",
        "text": "<@U04HRUZJZ|2fast2bcn> has joined the channel",
        "ts": "1429856587.000188"
    }
]