[
    {
        "user": "U06MNSRTK",
        "type": "message",
        "subtype": "channel_join",
        "text": "<@U06MNSRTK|kris> has joined the channel",
        "ts": "1435050831.000025"
    },
    {
        "type": "message",
        "user": "U048X85UT",
        "text": "<https:\/\/www.youtube.com\/watch?v=VcdX6Qz5-jw&amp;list=PLsRNoUx8w3rOFE2Izzwuxiij5q1hhD6qN>",
        "attachments": [
            {
                "service_name": "YouTube",
                "service_url": "http:\/\/www.youtube.com\/",
                "title": "Making ideas real: Tim Kastelle at TEDxUQ 2014",
                "title_link": "https:\/\/www.youtube.com\/watch?v=VcdX6Qz5-jw&amp;list=PLsRNoUx8w3rOFE2Izzwuxiij5q1hhD6qN",
                "author_name": "TEDx Talks",
                "author_link": "http:\/\/www.youtube.com\/user\/TEDxTalks",
                "thumb_url": "https:\/\/i.ytimg.com\/vi\/VcdX6Qz5-jw\/hqdefault.jpg",
                "thumb_width": 480,
                "thumb_height": 360,
                "fallback": "YouTube Video: Making ideas real: Tim Kastelle at TEDxUQ 2014",
                "video_html": "<iframe width=\"400\" height=\"225\" src=\"https:\/\/www.youtube.com\/embed\/videoseries?list=PLsRNoUx8w3rOFE2Izzwuxiij5q1hhD6qN\" frameborder=\"0\" allowfullscreen><\/iframe>",
                "video_html_width": 400,
                "video_html_height": 225,
                "from_url": "https:\/\/www.youtube.com\/watch?v=VcdX6Qz5-jw&amp;list=PLsRNoUx8w3rOFE2Izzwuxiij5q1hhD6qN",
                "id": 1
            }
        ],
        "ts": "1435069930.000026"
    },
    {
        "type": "message",
        "user": "U048X85UT",
        "text": "I think the time is ripe for synereo and <#C04BLQ4CX> but we need to make them real to succeed.",
        "ts": "1435070343.000028"
    },
    {
        "user": "U06MW1PKJ",
        "type": "message",
        "subtype": "channel_join",
        "text": "<@U06MW1PKJ|techbytes> has joined the channel",
        "ts": "1435070384.000029"
    },
    {
        "user": "U06NC7EGM",
        "type": "message",
        "subtype": "channel_join",
        "text": "<@U06NC7EGM|mika> has joined the channel",
        "ts": "1435090214.000030"
    }
]