[
    {
        "type": "message",
        "user": "U04GDL62L",
        "text": "<https:\/\/www.eff.org\/deeplinks\/2015\/11\/why-facebook-inspecting-your-private-videos>",
        "attachments": [
            {
                "service_name": "Electronic Frontier Foundation",
                "title": "Why Is Facebook Inspecting Your Private Videos?",
                "title_link": "https:\/\/www.eff.org\/deeplinks\/2015\/11\/why-facebook-inspecting-your-private-videos",
                "text": "New Copyright Bot Raises Questions About Fair Use and Privacy",
                "fallback": "Electronic Frontier Foundation: Why Is Facebook Inspecting Your Private Videos?",
                "thumb_url": "https:\/\/www.eff.org\/files\/2015\/03\/02\/eff-og-3.png",
                "ts": 1447788426,
                "from_url": "https:\/\/www.eff.org\/deeplinks\/2015\/11\/why-facebook-inspecting-your-private-videos",
                "thumb_width": 1200,
                "thumb_height": 630,
                "id": 1
            }
        ],
        "ts": "1447857708.000011"
    },
    {
        "type": "message",
        "user": "U048X85UT",
        "text": "<https:\/\/www.academia.edu\/9564716\/Relationally_Challenged_Put_the_Social_back_into_Network_Analysis>",
        "attachments": [
            {
                "title": "Relationally Challenged: Put the Social back into Network Analysis",
                "title_link": "https:\/\/www.academia.edu\/9564716\/Relationally_Challenged_Put_the_Social_back_into_Network_Analysis",
                "text": "Quantitative social network analysis (QSNA) has become increasingly incorporated into international relations. This incorporation has only been partial, focused primarily on methodology, and separated from its theoretical underpinnings. Consequently,",
                "fallback": "Relationally Challenged: Put the Social back into Network Analysis",
                "thumb_url": "https:\/\/0.academia-photos.com\/329403\/137338\/327314\/s200_alexander.montgomery.jpg",
                "from_url": "https:\/\/www.academia.edu\/9564716\/Relationally_Challenged_Put_the_Social_back_into_Network_Analysis",
                "thumb_width": 200,
                "thumb_height": 200,
                "id": 1
            }
        ],
        "ts": "1447862290.000013"
    },
    {
        "type": "message",
        "user": "U048X85UT",
        "text": "<https:\/\/t.co\/TsUPZocDoR>",
        "attachments": [
            {
                "service_name": "Medium",
                "title": "If It\u2019s Not Online and Free, Then It\u2019s Not Published",
                "title_link": "https:\/\/medium.com\/@thememorious\/if-it-s-not-online-and-free-then-it-s-not-published-540c26fad255",
                "text": "(NB: This post was originally written for my personal website on 3 October, 2012. After uploading a PDF of it to my Acad\u2026",
                "fallback": "Medium: If It\u2019s Not Online and Free, Then It\u2019s Not Published",
                "image_url": "https:\/\/cdn-images-2.medium.com\/max\/800\/1*msgkrep-gVYBb8p-6xgVYg.jpeg",
                "ts": 1446226824,
                "from_url": "https:\/\/medium.com\/@thememorious\/if-it-s-not-online-and-free-then-it-s-not-published-540c26fad255",
                "image_width": 373,
                "image_height": 250,
                "image_bytes": 144776,
                "id": 1
            }
        ],
        "ts": "1447877146.000015",
        "reactions": [
            {
                "name": "+1",
                "users": [
                    "U04BQ4FMC"
                ],
                "count": 1
            }
        ]
    }
]