[
    {
        "type": "message",
        "user": "U0474AT8P",
        "text": "The Fintech 2.0 paper from Santander. Interesting read:\n\n<http:\/\/www.finextra.com\/finextra-downloads\/newsdocs\/The%20Fintech%202%200%20Paper.PDF>",
        "ts": "1434471548.000015"
    },
    {
        "type": "message",
        "user": "U0474AT8P",
        "text": "LastPass was hacked last Friday\n\n<https:\/\/blog.lastpass.com\/2015\/06\/lastpass-security-notice.html\/>",
        "ts": "1434472105.000016"
    }
]