[
    {
        "type": "message",
        "user": "U049CMCCZ",
        "text": "<https:\/\/vimeo.com\/124858722>\nIf you would like a joyful, beautiful, soothing Sunday morning :thumbsup: \nAwesome video!",
        "attachments": [
            {
                "service_name": "Vimeo",
                "service_url": "https:\/\/vimeo.com\/",
                "title": "Antarctica",
                "title_link": "https:\/\/vimeo.com\/124858722",
                "author_name": "Kalle Ljung",
                "author_link": "http:\/\/vimeo.com\/kljung",
                "thumb_url": "http:\/\/i.vimeocdn.com\/video\/516219878_295x166.jpg",
                "thumb_width": 295,
                "thumb_height": 166,
                "text": "This movie was shot during our 20 days trip to Antarctica in December 2014 to January 2015. \n\nWe started from Ushuaia in Argentina and went to Port Williams in Chile, rounded Cape Horn and crossed the Drake Passage towards the Melchior Islands in Antarctica. We spent 16 days in the Antarctic and got to experience the most amazing scenery and wildlife before we returned back to Ushuaia.\n\nFilmed with GoPro HERO3+ Black Edition and DJI Phantom 2, edited with Final Cut Pro X.\n\nMusic from Music Bed with rights.\n\nTo use this video in a commercial player or in broadcasts, please email <mailto:licensing@storyful.com|licensing@storyful.com>",
                "fallback": "Vimeo Video: Antarctica",
                "video_html": "<iframe src=\"https:\/\/player.vimeo.com\/video\/124858722\" width=\"400\" height=\"170\" frameborder=\"0\" title=\"Antarctica\" webkitallowfullscreen mozallowfullscreen allowfullscreen><\/iframe>",
                "video_html_width": 400,
                "video_html_height": 170,
                "from_url": "https:\/\/vimeo.com\/124858722",
                "id": 1
            }
        ],
        "ts": "1430645223.000230"
    },
    {
        "type": "message",
        "user": "U049CMCCZ",
        "text": "BTW I actually enjoyed the music from the video and found out it's from <https:\/\/www.musicbed.com> - which is one of those sites I would imagine could be interested in joining Synereo.",
        "attachments": [
            {
                "text": "Musicbed is all about enabling artists to do what they love while providing filmmakers with an inspiring selection of music to license for their projects.",
                "fallback": "Musicbed is all about enabling artists to do what they love while providing filmmakers with an inspiring selection of music to license for their projects.",
                "from_url": "https:\/\/www.musicbed.com",
                "id": 1
            }
        ],
        "ts": "1430645387.000232"
    },
    {
        "user": "U04LV89SG",
        "type": "message",
        "subtype": "channel_join",
        "text": "<@U04LV89SG|billscarver> has joined the channel",
        "ts": "1430667202.000234"
    },
    {
        "user": "U04MGR1RP",
        "type": "message",
        "subtype": "channel_join",
        "text": "<@U04MGR1RP|rb> has joined the channel",
        "ts": "1430669869.000235"
    },
    {
        "type": "message",
        "user": "U04BMCE7Q",
        "text": "hi",
        "ts": "1430718221.000236"
    }
]