[
    {
        "type": "message",
        "user": "U049N8MT7",
        "text": "hi everone, i need your clicks  for a design competition :simple_smile:  So please vote for me. I need every click. Big THX <https:\/\/bit4coin.net\/bitcoin-photo-contest\/photos\/150>",
        "attachments": [
            {
                "service_name": "Bitcoin photo contest | bit4coin",
                "title": "Bitcoin World",
                "title_link": "https:\/\/bit4coin.net\/bitcoin-photo-contest\/photos\/150",
                "text": "my vision of the decentralized planet with Bitcoin. Showing the digital transaction and the energy that come with this cryptocurrency.",
                "fallback": "Bitcoin photo contest | bit4coin: Bitcoin World",
                "from_url": "https:\/\/bit4coin.net\/bitcoin-photo-contest\/photos\/150",
                "id": 1
            }
        ],
        "ts": "1442132237.000003"
    }
]