[
    {
        "type": "message",
        "user": "U0474E4KZ",
        "text": "<http:\/\/bitcoinist.net\/factom-purposefully-twisted-the-truth-regarding-deal-with-honduran-government\/>",
        "attachments": [
            {
                "service_name": "Bitcoinist.net",
                "title": "Factom Purposefully Twisted The Truth Regarding Deal With Honduran Government - Bitcoinist.net",
                "title_link": "http:\/\/bitcoinist.net\/factom-purposefully-twisted-the-truth-regarding-deal-with-honduran-government\/",
                "text": "The year 2015 has been great for Bitcoin and blockchain technology. In fact, some of the best real-world adoption use cases for blockchain technology came",
                "fallback": "Bitcoinist.net: Factom Purposefully Twisted The Truth Regarding Deal With Honduran Government - Bitcoinist.net",
                "image_url": "http:\/\/bitcoinist.net\/wp-content\/uploads\/2015\/12\/shutterstock_344001395.jpg",
                "ts": 1451020511,
                "from_url": "http:\/\/bitcoinist.net\/factom-purposefully-twisted-the-truth-regarding-deal-with-honduran-government\/",
                "image_width": 333,
                "image_height": 250,
                "image_bytes": 84967,
                "id": 1
            }
        ],
        "ts": "1451138421.000044"
    }
]