[
    {
        "type": "message",
        "user": "U0474AT8P",
        "text": "If you\u2019d like ProtonMail they have friends and family signup until the 17th:\n\n<https:\/\/protonmail.ch\/privacyforall>",
        "attachments": [
            {
                "service_name": "ProtonMail",
                "title": "Encrypted email, based in Switzerland.",
                "title_link": "https:\/\/protonmail.ch\/privacyforall",
                "text": "Request an invitation for a ProtonMail secure email account. Get your free encrypted email account today.",
                "fallback": "ProtonMail: Encrypted email, based in Switzerland.",
                "image_url": "https:\/\/protonmail.ch\/img\/facebook_logo.jpg",
                "from_url": "https:\/\/protonmail.ch\/privacyforall",
                "image_width": 500,
                "image_height": 250,
                "image_bytes": 37667,
                "id": 1
            }
        ],
        "ts": "1434420879.000013"
    }
]