[
    {
        "type": "message",
        "user": "U0474E4KZ",
        "text": "<https:\/\/www.inverse.com\/article\/8083-can-a-bitcoin-powered-social-network-improve-on-reddit>",
        "attachments": [
            {
                "service_name": "Inverse",
                "title": "A Bitcoin-Powered Social Network is Coming",
                "title_link": "https:\/\/www.inverse.com\/article\/8083-can-a-bitcoin-powered-social-network-improve-on-reddit",
                "text": "A former engineer for the \u201cfront page of the internet\u201d says the site abandoned a plan to reward users with bitcoin last year. He wants to follow through.",
                "fallback": "Inverse: A Bitcoin-Powered Social Network is Coming",
                "image_url": "https:\/\/fsmedia.imgix.net\/74\/84\/51\/cb\/c9aa\/4732\/9348\/346a9c0d8e4f\/can-cryptocurrency-create-social-media-paradise.jpeg?rect=0,70,1500,750&dpr=2&auto=format&q=75",
                "from_url": "https:\/\/www.inverse.com\/article\/8083-can-a-bitcoin-powered-social-network-improve-on-reddit",
                "image_width": 500,
                "image_height": 250,
                "image_bytes": 387284,
                "id": 1
            }
        ],
        "ts": "1447674020.000009"
    }
]