[
    {
        "type": "message",
        "user": "U048T3M8W",
        "text": "<@U0474AYFT>: If you need a very simple btc-payment tool for a restaurant or another merchant, you're free to use our solution at <http:\/\/www.bitcoinboulevard.nl\/tools\/ZON\/>",
        "ts": "1440769744.000003"
    },
    {
        "type": "message",
        "user": "U048T3M8W",
        "text": "<@U0474AYFT>: Here's a short video about this initiative. <https:\/\/www.youtube.com\/watch?v=tCbsyDknITQ>",
        "attachments": [
            {
                "service_name": "YouTube",
                "service_url": "https:\/\/www.youtube.com\/",
                "title": "The Hague's Bitcoin Boulevard",
                "title_link": "https:\/\/www.youtube.com\/watch?v=tCbsyDknITQ",
                "author_name": "CoinDesk",
                "author_link": "https:\/\/www.youtube.com\/user\/CoinDesk",
                "thumb_url": "https:\/\/i.ytimg.com\/vi\/tCbsyDknITQ\/hqdefault.jpg",
                "thumb_width": 480,
                "thumb_height": 360,
                "fallback": "YouTube Video: The Hague's Bitcoin Boulevard",
                "video_html": "<iframe width=\"400\" height=\"225\" src=\"https:\/\/www.youtube.com\/embed\/tCbsyDknITQ?feature=oembed\" frameborder=\"0\" allowfullscreen><\/iframe>",
                "video_html_width": 400,
                "video_html_height": 225,
                "from_url": "https:\/\/www.youtube.com\/watch?v=tCbsyDknITQ",
                "id": 1
            }
        ],
        "ts": "1440769912.000004"
    },
    {
        "type": "message",
        "user": "U048X85UT",
        "text": "Bravo <@U048T3M8W>! This is very cool.  Stripe is a very easy way for merchants to accept bitcoin some merchants might prefer. <https:\/\/stripe.com\/bitcoin>",
        "attachments": [
            {
                "text": "Add Bitcoin to your payments with Stripe. Support digital cryptocurrency for your business with just a few lines of code.",
                "fallback": "Add Bitcoin to your payments with Stripe. Support digital cryptocurrency for your business with just a few lines of code.",
                "image_url": "https:\/\/stripe.com\/img\/open-graph\/logo.png?2",
                "from_url": "https:\/\/stripe.com\/bitcoin",
                "image_width": 250,
                "image_height": 250,
                "image_bytes": 52064,
                "id": 1
            }
        ],
        "ts": "1440772406.000006"
    }
]