[
    {
        "type": "message",
        "user": "U04AJ2WH0",
        "text": "<https:\/\/www.youtube.com\/watch?v=HIEzTKO03do&amp;feature=share> please watch and share this documentary",
        "attachments": [
            {
                "service_name": "YouTube",
                "service_url": "http:\/\/www.youtube.com\/",
                "title": "Quietly into Disaster - Full Movie",
                "title_link": "https:\/\/www.youtube.com\/watch?v=HIEzTKO03do&amp;feature=share",
                "author_name": "Holger Strohm",
                "author_link": "http:\/\/www.youtube.com\/user\/HolgerStrohm",
                "thumb_url": "https:\/\/i.ytimg.com\/vi\/HIEzTKO03do\/hqdefault.jpg",
                "thumb_width": 480,
                "thumb_height": 360,
                "fallback": "YouTube Video: Quietly into Disaster - Full Movie",
                "video_html": "<iframe width=\"400\" height=\"225\" src=\"https:\/\/www.youtube.com\/embed\/HIEzTKO03do?feature=oembed\" frameborder=\"0\" allowfullscreen><\/iframe>",
                "video_html_width": 400,
                "video_html_height": 225,
                "from_url": "https:\/\/www.youtube.com\/watch?v=HIEzTKO03do&amp;feature=share",
                "id": 1
            }
        ],
        "ts": "1435363199.000036"
    },
    {
        "user": "U06TGD7MM",
        "type": "message",
        "subtype": "channel_join",
        "text": "<@U06TGD7MM|ryan85> has joined the channel",
        "ts": "1435376785.000038"
    }
]