[
    {
        "user": "U048SM5V4",
        "type": "message",
        "subtype": "channel_join",
        "text": "<@U048SM5V4|yankelep50> has joined the channel",
        "ts": "1428136904.000058"
    },
    {
        "user": "U048STZRS",
        "type": "message",
        "subtype": "channel_join",
        "text": "<@U048STZRS|samuelsundin> has joined the channel",
        "ts": "1428141660.000059"
    },
    {
        "user": "U048T3M8W",
        "type": "message",
        "subtype": "channel_join",
        "text": "<@U048T3M8W|lapin7> has joined the channel",
        "ts": "1428145062.000060"
    },
    {
        "user": "U049GV547",
        "type": "message",
        "subtype": "channel_join",
        "text": "<@U049GV547|gaas> has joined the channel",
        "ts": "1428145734.000061"
    },
    {
        "type": "message",
        "user": "U0474AT8P",
        "text": "this seems to be all the rage today: <http:\/\/www.reddit.com\/r\/Bitcoin\/comments\/31e6jh\/the_truth_about_the_bitcoin_foundation\/>",
        "attachments": [
            {
                "service_name": "reddit",
                "title": "The truth about the Bitcoin Foundation \u2022 \/r\/Bitcoin",
                "title_link": "http:\/\/www.reddit.com\/r\/Bitcoin\/comments\/31e6jh\/the_truth_about_the_bitcoin_foundation\/",
                "text": "NOTE TO THE PRESS: The Bitcoin Foundation does not represent Bitcoin in any way. It has historically hired some Bitcoin developers, lobbyists and...",
                "fallback": "reddit: The truth about the Bitcoin Foundation \u2022 \/r\/Bitcoin",
                "thumb_url": "https:\/\/www.redditstatic.com\/icon.png",
                "from_url": "http:\/\/www.reddit.com\/r\/Bitcoin\/comments\/31e6jh\/the_truth_about_the_bitcoin_foundation\/",
                "thumb_width": 256,
                "thumb_height": 256,
                "id": 1
            }
        ],
        "ts": "1428147759.000062"
    },
    {
        "type": "message",
        "user": "U048X85UT",
        "text": "For the bitcoin foundation to survive it must  assume a chaortic organization.  This may be a step in that direction, birthing a branch from  the singular path.",
        "ts": "1428148361.000064"
    },
    {
        "type": "message",
        "user": "U048X85UT",
        "text": "Chaortic organizations are problematical, we cannot really blame the bitcoin foundation unless we have a means to manage chaos.",
        "ts": "1428148488.000065"
    },
    {
        "user": "U049H57EZ",
        "type": "message",
        "subtype": "channel_join",
        "text": "<@U049H57EZ|kraser> has joined the channel",
        "ts": "1428149262.000066"
    },
    {
        "user": "U048TEXMC",
        "type": "message",
        "subtype": "channel_join",
        "text": "<@U048TEXMC|delapaz> has joined the channel",
        "ts": "1428152177.000067"
    },
    {
        "user": "U049HFJ9Z",
        "type": "message",
        "subtype": "channel_join",
        "text": "<@U049HFJ9Z|ljane> has joined the channel",
        "ts": "1428154958.000068"
    },
    {
        "user": "U049HMZHM",
        "type": "message",
        "subtype": "channel_join",
        "text": "<@U049HMZHM|lidware> has joined the channel",
        "ts": "1428157963.000069"
    },
    {
        "user": "U048U7HE0",
        "type": "message",
        "subtype": "channel_join",
        "text": "<@U048U7HE0|zlatan298> has joined the channel",
        "ts": "1428162080.000070"
    },
    {
        "user": "U048UBKRY",
        "type": "message",
        "subtype": "channel_join",
        "text": "<@U048UBKRY|offic> has joined the channel",
        "ts": "1428163595.000071"
    },
    {
        "user": "U048UBQSL",
        "type": "message",
        "subtype": "channel_join",
        "text": "<@U048UBQSL|halovast> has joined the channel",
        "ts": "1428163670.000072"
    },
    {
        "type": "message",
        "user": "U04954VEH",
        "text": "Bitcoin foundation must the assume the same level of transparency that made the bitcoin famous. I'd like to stress this points from Olivier Janssens: \"All Bitcoin Foundation Board meetings should be broadcast live. People should have the opportunity to ask questions and make suggestions at the end of each meeting.\", \"Bitcoin Foundation financials should be published, including all details such as wages. There should be no secrets.\" and \"The Agenda should be clear and concise. Changes should be discussed and approved only after public feedback.\".",
        "ts": "1428169685.000073"
    },
    {
        "user": "U049K984H",
        "type": "message",
        "subtype": "channel_join",
        "text": "<@U049K984H|shai> has joined the channel",
        "ts": "1428176391.000074"
    },
    {
        "user": "U049KJZSK",
        "type": "message",
        "subtype": "channel_join",
        "text": "<@U049KJZSK|gerbrand> has joined the channel",
        "ts": "1428180682.000075"
    },
    {
        "type": "message",
        "user": "U0474AYFT",
        "text": ":heart:",
        "ts": "1428196755.000076"
    },
    {
        "user": "U048XLZQ0",
        "type": "message",
        "subtype": "channel_join",
        "text": "<@U048XLZQ0|yns1971> has joined the channel",
        "ts": "1428210849.000077"
    }
]