[
    {
        "type": "message",
        "user": "U0474E4KZ",
        "text": "<http:\/\/www.washingtonpost.com\/blogs\/wonkblog\/wp\/2012\/10\/12\/imf-austerity-is-much-worse-for-the-economy-than-we-thought\/>",
        "attachments": [
            {
                "service_name": "Washington Post",
                "title": "IMF: Austerity is much worse for the economy than we thought",
                "title_link": "http:\/\/www.washingtonpost.com\/blogs\/wonkblog\/wp\/2012\/10\/12\/imf-austerity-is-much-worse-for-the-economy-than-we-thought\/",
                "text": "This week, the IMF argued that recent efforts among wealthy countries to shrink their deficits \u2014 through tax hikes and spending cuts \u2014 have been causing far more economic damage than policymakers had realized. It's a massive and important shift for the IMF. But not everyone is convinced.",
                "fallback": "Washington Post: IMF: Austerity is much worse for the economy than we thought",
                "image_url": "http:\/\/www.washingtonpost.com\/rf\/image_606w\/2010-2019\/WashingtonPost\/2012\/05\/06\/Foreign\/Images\/143967056.jpg",
                "from_url": "http:\/\/www.washingtonpost.com\/blogs\/wonkblog\/wp\/2012\/10\/12\/imf-austerity-is-much-worse-for-the-economy-than-we-thought\/",
                "image_width": 377,
                "image_height": 250,
                "image_bytes": 49235,
                "id": 1
            }
        ],
        "ts": "1436289846.000049"
    }
]