[
    {
        "type": "message",
        "user": "U0474E4KZ",
        "text": "<https:\/\/v1.std3.ru\/71\/b7\/1450110575-71b77b2bd06f431f2bd0b4abb983738f.gif>",
        "attachments": [
            {
                "fallback": "444x250px image",
                "image_url": "https:\/\/v1.std3.ru\/71\/b7\/1450110575-71b77b2bd06f431f2bd0b4abb983738f.gif",
                "image_width": 444,
                "image_height": 250,
                "image_bytes": 3793547,
                "from_url": "https:\/\/v1.std3.ru\/71\/b7\/1450110575-71b77b2bd06f431f2bd0b4abb983738f.gif",
                "id": 1
            }
        ],
        "ts": "1450359231.000037",
        "reactions": [
            {
                "name": "joy",
                "users": [
                    "U06MNSRTK"
                ],
                "count": 1
            }
        ]
    }
]