[
    {
        "user": "U04A8095T",
        "type": "message",
        "subtype": "channel_leave",
        "text": "<@U04A8095T|ed.eykholt> has left the channel",
        "ts": "1434071504.000007"
    },
    {
        "type": "message",
        "user": "U04GDL62L",
        "text": "<http:\/\/www.bloomberg.com\/graphics\/2015-paul-ford-what-is-code\/>",
        "attachments": [
            {
                "service_name": "Bloomberg.com",
                "title": "What is code? If you don't know, you need to read this:",
                "title_link": "http:\/\/www.bloomberg.com\/graphics\/2015-paul-ford-what-is-code\/",
                "text": "The world belongs to people who code. Those who don\u2019t understand will be left behind.",
                "fallback": "Bloomberg.com: What is code? If you don't know, you need to read this:",
                "thumb_url": "http:\/\/www.bloomberg.com\/graphics\/2015-paul-ford-what-is-code\/images\/promo.jpg",
                "from_url": "http:\/\/www.bloomberg.com\/graphics\/2015-paul-ford-what-is-code\/",
                "thumb_width": 1160,
                "thumb_height": 872,
                "id": 1
            }
        ],
        "ts": "1434081680.000008"
    }
]