[
    {
        "type": "message",
        "user": "U0474AT8P",
        "text": "So true!",
        "ts": "1440324507.000037"
    },
    {
        "type": "message",
        "user": "U0474AT8P",
        "text": "If anyone is in London on August 28th, signup for HackCoin an international digital currency and blockchain hackathon. More details on the article on Brave New Coin.\n\n<http:\/\/bravenewcoin.com\/news\/hackcoin-a-digital-currency-and-blockchain-hackathon\/>",
        "attachments": [
            {
                "text": "HackCoin is an international digital currency and blockchain hackathon organized by HackCoin Ltd. It welcomes hackers and developers to participate in its hackathon events and test out their most creative ideas in digital currency fintech.",
                "fallback": "HackCoin is an international digital currency and blockchain hackathon organized by HackCoin Ltd. It welcomes hackers and developers to participate in its hackathon events and test out their most creative ideas in digital currency fintech.",
                "image_url": "http:\/\/bravenewcoin.com\/assets\/Uploads\/_resampled\/CroppedImage400400-HackCoinWinners.png",
                "from_url": "http:\/\/bravenewcoin.com\/news\/hackcoin-a-digital-currency-and-blockchain-hackathon\/",
                "image_width": 250,
                "image_height": 250,
                "image_bytes": 247093,
                "id": 1
            }
        ],
        "ts": "1440324511.000038"
    }
]