[
    {
        "type": "message",
        "user": "U04Q93P4Z",
        "text": "counter current   <https:\/\/www.youtube.com\/watch?v=P9M__yYbsZ4>",
        "attachments": [
            {
                "service_name": "YouTube",
                "service_url": "http:\/\/www.youtube.com\/",
                "title": "Thorium: An energy solution - THORIUM REMIX 2011",
                "title_link": "https:\/\/www.youtube.com\/watch?v=P9M__yYbsZ4",
                "author_name": "gordonmcdowell",
                "author_link": "http:\/\/www.youtube.com\/user\/gordonmcdowell",
                "thumb_url": "https:\/\/i.ytimg.com\/vi\/P9M__yYbsZ4\/hqdefault.jpg",
                "thumb_width": 480,
                "thumb_height": 360,
                "fallback": "YouTube Video: Thorium: An energy solution - THORIUM REMIX 2011",
                "video_html": "<iframe width=\"400\" height=\"225\" src=\"https:\/\/www.youtube.com\/embed\/P9M__yYbsZ4?feature=oembed\" frameborder=\"0\" allowfullscreen><\/iframe>",
                "video_html_width": 400,
                "video_html_height": 225,
                "from_url": "https:\/\/www.youtube.com\/watch?v=P9M__yYbsZ4",
                "id": 1
            }
        ],
        "ts": "1436148996.000044"
    },
    {
        "type": "message",
        "user": "U04Q93P4Z",
        "text": "<http:\/\/www.theguardian.com\/technology\/2014\/jan\/22\/facebook-princeton-researchers-infectious-disease>",
        "attachments": [
            {
                "service_name": "the Guardian",
                "title": "Facebook will lose 80% of users by 2017, say Princeton researchers",
                "title_link": "http:\/\/www.theguardian.com\/technology\/2014\/jan\/22\/facebook-princeton-researchers-infectious-disease",
                "text": "Forecast of social network's impending doom comes from comparing its growth curve to that of an infectious disease",
                "fallback": "the Guardian: Facebook will lose 80% of users by 2017, say Princeton researchers",
                "image_url": "http:\/\/static.guim.co.uk\/sys-images\/Guardian\/Pix\/pictures\/2014\/1\/22\/1390418862323\/Bubonic-plague-bacteria-012.jpg",
                "ts": 1390419073,
                "from_url": "http:\/\/www.theguardian.com\/technology\/2014\/jan\/22\/facebook-princeton-researchers-infectious-disease",
                "image_width": 417,
                "image_height": 250,
                "image_bytes": 74034,
                "id": 1
            }
        ],
        "ts": "1436149059.000046"
    }
]