[
    {
        "type": "message",
        "user": "U049CMCCZ",
        "text": "<https:\/\/www.patreon.com\/>",
        "attachments": [
            {
                "service_name": "Patreon",
                "title": "Patreon: Support the creators you love",
                "title_link": "https:\/\/www.patreon.com\/",
                "text": "Patreon is empowering a new generation of creators to make a living from their passion and hard work.",
                "fallback": "Patreon: Patreon: Support the creators you love",
                "image_url": "https:\/\/www.patreon.com\/images\/patreon_home.jpg",
                "from_url": "https:\/\/www.patreon.com\/",
                "image_width": 273,
                "image_height": 250,
                "image_bytes": 289854,
                "id": 1
            }
        ],
        "ts": "1431424250.000007"
    },
    {
        "type": "message",
        "user": "U048X85UT",
        "text": "wouldn't it be wonderful to get them on synereo :simple_smile:",
        "ts": "1431470719.000009"
    },
    {
        "type": "message",
        "user": "U048X85UT",
        "text": "fans buying amps for artists.",
        "ts": "1431470787.000010"
    },
    {
        "type": "message",
        "user": "U048X85UT",
        "text": "that's a proactive mechanism complimenting synereos reactive mechanism.",
        "ts": "1431470830.000011"
    },
    {
        "type": "message",
        "user": "U049CMCCZ",
        "text": "my thought as well :thumbsup:",
        "ts": "1431492709.000012"
    }
]