[
    {
        "user": "U0HDFGKTJ",
        "type": "message",
        "subtype": "channel_join",
        "text": "<@U0HDFGKTJ|consensus> has joined the channel",
        "ts": "1451296451.000046"
    },
    {
        "user": "U0HDZ7SLV",
        "type": "message",
        "subtype": "channel_join",
        "text": "<@U0HDZ7SLV|laurielye> has joined the channel",
        "ts": "1451329449.000047"
    },
    {
        "type": "message",
        "user": "U0474AT8P",
        "text": "Thanks for sharing <@U0474E4KZ>",
        "ts": "1451331223.000048"
    },
    {
        "type": "message",
        "user": "U0474AT8P",
        "text": "Not the best write up about Factom, and not true either.",
        "ts": "1451331254.000049"
    },
    {
        "type": "message",
        "user": "U048X85UT",
        "text": "<https:\/\/twitter.com\/romancat\/status\/681596759995449344>\n<http:\/\/www.usatoday.com\/story\/tech\/news\/2015\/12\/28\/future-messaging-app-spells-end-google-we-know\/77847504\/>",
        "attachments": [
            {
                "fallback": "<https:\/\/twitter.com\/romancat|@romancat>: #Google's Achilles heel exposed with plans 4 new #ConvComm #Messaging. We Need <https:\/\/twitter.com\/FreeTrustOrg|@FreeTrustOrg> <http:\/\/wsj.com\/article_email\/google-plans-new-smarter-messaging-app-1450816899-lMyQjAxMTA1OTI5MjUyMDI5Wj> <https:\/\/pbs.twimg.com\/media\/CXWEpC8WcAE4pb3.png>",
                "ts": 1451340305,
                "author_name": "RomanCAT Anderson",
                "author_link": "https:\/\/twitter.com\/romancat\/status\/681596759995449344",
                "author_icon": "https:\/\/pbs.twimg.com\/profile_images\/491747414265442305\/q5-EBjXM_normal.jpeg",
                "author_subname": "@romancat",
                "text": "#Google's Achilles heel exposed with plans 4 new #ConvComm #Messaging. We Need <https:\/\/twitter.com\/FreeTrustOrg|@FreeTrustOrg> <http:\/\/wsj.com\/article_email\/google-plans-new-smarter-messaging-app-1450816899-lMyQjAxMTA1OTI5MjUyMDI5Wj> <https:\/\/pbs.twimg.com\/media\/CXWEpC8WcAE4pb3.png>",
                "service_name": "twitter",
                "service_url": "https:\/\/twitter.com\/",
                "image_url": "https:\/\/pbs.twimg.com\/media\/CXWEpC8WcAE4pb3.png",
                "image_width": 599,
                "image_height": 402,
                "image_bytes": 111182,
                "from_url": "https:\/\/twitter.com\/romancat\/status\/681596759995449344",
                "id": 1
            },
            {
                "service_name": "USA TODAY",
                "title": "Future of messaging apps spells end to 'Google as we know it'",
                "title_link": "http:\/\/www.usatoday.com\/story\/tech\/news\/2015\/12\/28\/future-messaging-app-spells-end-google-we-know\/77847504\/",
                "text": "What if you never had to leave your messaging app to do anything?",
                "fallback": "USA TODAY: Future of messaging apps spells end to 'Google as we know it'",
                "image_url": "http:\/\/www.gannett-cdn.com\/-mm-\/1c3df8f8ea348ef19c1e6e0294c1705635d7666d\/c=0-455-750-879&r=x453&c=800x450\/local\/-\/media\/2015\/12\/25\/USATODAY\/USATODAY\/635866539438533824-Unknown-2.png",
                "image_width": 444,
                "image_height": 250,
                "from_url": "http:\/\/www.usatoday.com\/story\/tech\/news\/2015\/12\/28\/future-messaging-app-spells-end-google-we-know\/77847504\/",
                "image_bytes": 93704,
                "id": 2
            }
        ],
        "ts": "1451353472.000050"
    },
    {
        "type": "message",
        "user": "U048X85UT",
        "text": "<http:\/\/www.mobilemarketer.com\/cms\/lib\/25082.pdf>",
        "ts": "1451353515.000052"
    }
]