[
    {
        "user": "U04NTSB7Y",
        "type": "message",
        "subtype": "channel_join",
        "text": "<@U04NTSB7Y|dohko> has joined the channel",
        "ts": "1431013657.000002"
    },
    {
        "user": "U04PFNASF",
        "type": "message",
        "subtype": "channel_join",
        "text": "<@U04PFNASF|kai> has joined the channel",
        "ts": "1431014005.000003"
    },
    {
        "user": "U04P3KSC6",
        "type": "message",
        "subtype": "channel_join",
        "text": "<@U04P3KSC6|optictopic> has joined the channel",
        "ts": "1431056251.000004"
    }
]