[
    {
        "user": "U04G48MM8",
        "type": "message",
        "subtype": "channel_join",
        "text": "<@U04G48MM8|wally> has joined the channel",
        "ts": "1429699768.000173"
    },
    {
        "user": "U04G9BU2J",
        "type": "message",
        "subtype": "channel_join",
        "text": "<@U04G9BU2J|tim> has joined the channel",
        "ts": "1429720374.000174"
    },
    {
        "user": "U04GDL62L",
        "type": "message",
        "subtype": "channel_join",
        "text": "<@U04GDL62L|drbloom> has joined the channel",
        "ts": "1429736393.000175"
    },
    {
        "user": "U04GE9D7C",
        "type": "message",
        "subtype": "channel_join",
        "text": "<@U04GE9D7C|lgv> has joined the channel",
        "ts": "1429738974.000176"
    },
    {
        "user": "U04GKV3TC",
        "type": "message",
        "subtype": "channel_join",
        "text": "<@U04GKV3TC|mcftdwhorrappuss> has joined the channel",
        "ts": "1429771884.000177"
    }
]