[
    {
        "type": "message",
        "user": "U048X85UT",
        "text": "\"The provably honest oracle service\" <http:\/\/www.oraclize.it>",
        "edited": {
            "user": "U048X85UT",
            "ts": "1451397118.000000"
        },
        "ts": "1451396919.000053"
    },
    {
        "type": "message",
        "user": "U0474E4KZ",
        "text": "Why are you thanking me if it's not true?",
        "ts": "1451400741.000058"
    },
    {
        "type": "message",
        "user": "U0474E4KZ",
        "text": "<http:\/\/www.coindesk.com\/blythe-masters-blockchain-startup-funding-struggle\/?utm_source=CoinDesk+subscribers&amp;utm_campaign=91d95d926e-EMAIL_RSS_CAMPAIGNT2&amp;utm_medium=email&amp;utm_term=0_74abb9e6ab-91d95d926e-58556837>",
        "attachments": [
            {
                "service_name": "CoinDesk",
                "title": "Report: Blythe Masters' Blockchain Startup Struggles to Close Funding - CoinDesk",
                "title_link": "http:\/\/www.coindesk.com\/blythe-masters-blockchain-startup-funding-struggle\/?utm_source=CoinDesk+subscribers&utm_campaign=91d95d926e-EMAIL_RSS_CAMPAIGNT2&utm_medium=email&utm_term=0_74abb9e6ab-91d95d926e-58556837",
                "text": "Digital Asset Holdings, the startup led by ex-JP Morgan exec Blythe Masters, is apparently running into hurdles closing an investment round.",
                "fallback": "CoinDesk: Report: Blythe Masters' Blockchain Startup Struggles to Close Funding - CoinDesk",
                "image_url": "http:\/\/media.coindesk.com\/2015\/12\/piggy-banjk-maze_funding-problems.jpg",
                "ts": 1451398318,
                "from_url": "http:\/\/www.coindesk.com\/blythe-masters-blockchain-startup-funding-struggle\/?utm_source=CoinDesk+subscribers&utm_campaign=91d95d926e-EMAIL_RSS_CAMPAIGNT2&utm_medium=email&utm_term=0_74abb9e6ab-91d95d926e-58556837",
                "image_width": 375,
                "image_height": 250,
                "image_bytes": 1693114,
                "id": 1
            }
        ],
        "ts": "1451403170.000059"
    },
    {
        "type": "message",
        "user": "U0474AT8P",
        "text": "I was just being educated :simple_smile:",
        "ts": "1451418554.000061"
    },
    {
        "type": "message",
        "user": "U0474AYFT",
        "text": "Nothing unexpected in that headline.",
        "ts": "1451420872.000062"
    }
]