[
    {
        "type": "message",
        "user": "U0474AT8P",
        "text": "If interested the IamSatoshi documentary \u201cUlterior States\u201d is out.\n\n<https:\/\/youtu.be\/yQGQXy0RIIo>",
        "attachments": [
            {
                "service_name": "YouTube",
                "service_url": "http:\/\/www.youtube.com\/",
                "title": "Ulterior States [IamSatoshi Documentary]",
                "title_link": "https:\/\/youtu.be\/yQGQXy0RIIo",
                "author_name": "Satoshi Pollen",
                "author_link": "http:\/\/www.youtube.com\/user\/IamSatoshiNakamoto",
                "thumb_url": "https:\/\/i.ytimg.com\/vi\/yQGQXy0RIIo\/hqdefault.jpg",
                "thumb_width": 480,
                "thumb_height": 360,
                "fallback": "YouTube Video: Ulterior States [IamSatoshi Documentary]",
                "video_html": "<iframe width=\"400\" height=\"225\" src=\"https:\/\/www.youtube.com\/embed\/yQGQXy0RIIo?feature=oembed\" frameborder=\"0\" allowfullscreen><\/iframe>",
                "video_html_width": 400,
                "video_html_height": 225,
                "from_url": "https:\/\/youtu.be\/yQGQXy0RIIo",
                "id": 1
            }
        ],
        "ts": "1435483501.000039"
    }
]