[
    {
        "user": "U04MQG5KX",
        "type": "message",
        "subtype": "channel_join",
        "text": "<@U04MQG5KX|sam> has joined the channel",
        "ts": "1430736506.000237"
    },
    {
        "type": "message",
        "user": "U0474AT8P",
        "text": "Nice video Henri",
        "ts": "1430740853.000238"
    },
    {
        "user": "U04MANNGL",
        "type": "message",
        "subtype": "channel_join",
        "text": "<@U04MANNGL|mav137> has joined the channel",
        "ts": "1430768691.000239"
    }
]