[
    {
        "type": "message",
        "user": "U04BQ4FMC",
        "text": "thanks <@U048T3M8W>",
        "ts": "1443267647.000014"
    },
    {
        "type": "message",
        "user": "U04BQ4FMC",
        "text": "If 'standard' investors come on board Synereo, how would they get return on their investment?  What is the commercial side of it?",
        "ts": "1443267734.000015"
    },
    {
        "type": "message",
        "user": "U04BQ4FMC",
        "text": "I think I agree also, that Synereo needs more user\/investors, and should have another funding event\/crowd-sale soon!  With more people involved now, there should be more ways that it gets attention.  Also need to get ANY media involved that we can find, or have connections with - find something newsworthy to say about Synereo.  It would also be great if we could get some 'nodes', or densely-connected hubs from FB to either get involved now, or commit to joining when the network is up &amp; running.",
        "ts": "1443268140.000016"
    }
]