[
    {
        "type": "message",
        "user": "U0474AT8P",
        "text": "Spells of Genesis And ShapeShift Prepare For BitCrystals Token Sale:\n\n<http:\/\/bravenewcoin.com\/news\/spells-of-genesis-and-shapeshift-prepare-for-bitcrystals-token-sale\/>",
        "attachments": [
            {
                "text": "The BitCrystals Token Sale is set to start next Tuesday, August 4. EverdreamSoft, the swiss-based game company maker of Spells of Genesis, is hosting the sale in partnership with <http:\/\/ShapeShift.io|ShapeShift.io>, a well known cryptocurrency exchange.",
                "fallback": "The BitCrystals Token Sale is set to start next Tuesday, August 4. EverdreamSoft, the swiss-based game company maker of Spells of Genesis, is hosting the sale in partnership with <http:\/\/ShapeShift.io|ShapeShift.io>, a well known cryptocurrency exchange.",
                "image_url": "http:\/\/bravenewcoin.com\/assets\/Uploads\/_resampled\/CroppedImage400400-crystalbox.jpg",
                "from_url": "http:\/\/bravenewcoin.com\/news\/spells-of-genesis-and-shapeshift-prepare-for-bitcrystals-token-sale\/",
                "image_width": 250,
                "image_height": 250,
                "image_bytes": 26944,
                "id": 1
            }
        ],
        "ts": "1438257640.000013"
    }
]