[
    {
        "user": "U049VM0TV",
        "type": "message",
        "subtype": "channel_join",
        "text": "<@U049VM0TV|scottmb> has joined the channel",
        "ts": "1428317735.000101"
    },
    {
        "type": "message",
        "user": "U0474E4KZ",
        "text": "<https:\/\/www.youtube.com\/watch?t=325&amp;v=XEVlyP4_11M>",
        "attachments": [
            {
                "service_name": "YouTube",
                "service_url": "http:\/\/www.youtube.com\/",
                "title": "Last Week Tonight with John Oliver: Government Surveillance (HBO)",
                "title_link": "https:\/\/www.youtube.com\/watch?t=325&amp;v=XEVlyP4_11M",
                "author_name": "LastWeekTonight",
                "author_link": "http:\/\/www.youtube.com\/user\/LastWeekTonight",
                "thumb_url": "http:\/\/i.ytimg.com\/vi\/XEVlyP4_11M\/hqdefault.jpg",
                "thumb_width": 480,
                "thumb_height": 360,
                "fallback": "YouTube Video: Last Week Tonight with John Oliver: Government Surveillance (HBO)",
                "video_html": "<iframe width=\"400\" height=\"225\" src=\"http:\/\/www.youtube.com\/embed\/XEVlyP4_11M?feature=oembed&start=325&start=325\" frameborder=\"0\" allowfullscreen><\/iframe>",
                "video_html_width": 400,
                "video_html_height": 225,
                "from_url": "https:\/\/www.youtube.com\/watch?t=325&amp;v=XEVlyP4_11M",
                "id": 1
            }
        ],
        "ts": "1428341618.000102"
    },
    {
        "type": "message",
        "user": "U0474AT8P",
        "text": "Only plays in the US :disappointed:",
        "ts": "1428362996.000104"
    },
    {
        "type": "message",
        "user": "U0474AT8P",
        "text": "or not available in the UK",
        "ts": "1428363009.000105"
    },
    {
        "user": "U04A61RG3",
        "type": "message",
        "subtype": "channel_join",
        "text": "<@U04A61RG3|sirwagginston> has joined the channel",
        "ts": "1428367199.000106"
    },
    {
        "user": "U04A8095T",
        "type": "message",
        "subtype": "channel_join",
        "text": "<@U04A8095T|ed.eykholt> has joined the channel",
        "ts": "1428379874.000107"
    },
    {
        "user": "U049JTSTW",
        "type": "message",
        "subtype": "channel_join",
        "text": "<@U049JTSTW|tylershuster> has joined the channel",
        "ts": "1428386612.000108"
    }
]