[
    {
        "type": "message",
        "user": "U0474AT8P",
        "text": "You may have heard of Spells of Genesis (SoG) a new blockchain-based trading card game: <http:\/\/spellsofgenesis.com>.\n\nThey have released limited edition trading cards dedicated to Crypto projects. You can see the ones available so far here: \n\n<http:\/\/api.moonga.com\/RCT\/cp\/Cards\/blockchainCards\/1LQJgg89G5936mm1LZbJUJvVEnFwk17c51>\n\nMore are in the works. Their other game <http:\/\/moonga.com> is the first game to be using the blockchain. Spells of Genesis will be released later on this year.\n\nThey are running a Twitter contest where you can win the most rare card of them all, the SATOSHICARD (only 200 will ever exist). \n\nJust need to guess who the SoG satoshi is. You can find the rules here: <https:\/\/bitcointalk.org\/index.php?topic=815206.msg11925288#msg11925288>",
        "ts": "1437427555.000004"
    },
    {
        "type": "message",
        "user": "U0474AT8P",
        "text": "My latest article: \n\n<http:\/\/bravenewcoin.com\/news\/openbazaar-and-ob1-to-launch-by-thanksgiving-2015\/>",
        "attachments": [
            {
                "text": "OpenBazaar Project Lead Brian Hoffman has announced a release date for the Open Source marketplace platform, together with the first \u201cvalue added\u201d business built on top of it, OB1. The announcement was made during the San Diego Bitcoin Meetup, streamed live on July 16, and both projects are slated for release by late November.",
                "fallback": "OpenBazaar Project Lead Brian Hoffman has announced a release date for the Open Source marketplace platform, together with the first \u201cvalue added\u201d business built on top of it, OB1. The announcement was made during the San Diego Bitcoin Meetup, streamed live on July 16, and both projects are slated for release by late November.",
                "image_url": "http:\/\/bravenewcoin.com\/assets\/Uploads\/_resampled\/CroppedImage400400-OpenBazaar.png",
                "from_url": "http:\/\/bravenewcoin.com\/news\/openbazaar-and-ob1-to-launch-by-thanksgiving-2015\/",
                "image_width": 250,
                "image_height": 250,
                "image_bytes": 224094,
                "id": 1
            }
        ],
        "ts": "1437455313.000005"
    }
]