[
    {
        "type": "message",
        "user": "U049CMCCZ",
        "text": "<https:\/\/www.youtube.com\/watch?v=WFeJYv3PSaI>\nmight be of interest to our synereo devs to watch?",
        "attachments": [
            {
                "service_name": "YouTube",
                "service_url": "https:\/\/www.youtube.com\/",
                "title": "Project Groundhog - A social network built on the ethereum platform",
                "title_link": "https:\/\/www.youtube.com\/watch?v=WFeJYv3PSaI",
                "author_name": "Conrad Barski",
                "author_link": "https:\/\/www.youtube.com\/user\/drcode100",
                "thumb_url": "https:\/\/i.ytimg.com\/vi\/WFeJYv3PSaI\/hqdefault.jpg",
                "thumb_width": 480,
                "thumb_height": 360,
                "fallback": "YouTube Video: Project Groundhog - A social network built on the ethereum platform",
                "video_html": "<iframe width=\"400\" height=\"225\" src=\"https:\/\/www.youtube.com\/embed\/WFeJYv3PSaI?feature=oembed\" frameborder=\"0\" allowfullscreen><\/iframe>",
                "video_html_width": 400,
                "video_html_height": 225,
                "from_url": "https:\/\/www.youtube.com\/watch?v=WFeJYv3PSaI",
                "id": 1
            }
        ],
        "edited": {
            "user": "U049CMCCZ",
            "ts": "1439672150.000000"
        },
        "ts": "1439672132.000026"
    }
]