[
    {
        "user": "U0EARHKU4",
        "type": "message",
        "subtype": "channel_join",
        "text": "<@U0EARHKU4|taotech4096> has joined the channel",
        "ts": "1447271221.000002"
    },
    {
        "type": "message",
        "user": "U048X85UT",
        "text": "<http:\/\/www.forbes.com\/sites\/thomasbrewster\/2015\/11\/09\/armada-bitcoin-crooks-go-big\/?utm_source=SDGPLUS&amp;utm_medium=SDGPLUS&amp;utm_campaign=SDGPLUS>",
        "attachments": [
            {
                "service_name": "Forbes",
                "title": "'Armada' Extortionist Hackers Bulldoze 'Secure' Email Services But Pay Some Bitcoin Back",
                "title_link": "http:\/\/www.forbes.com\/sites\/thomasbrewster\/2015\/11\/09\/armada-bitcoin-crooks-go-big\/?utm_source=SDGPLUS&utm_medium=SDGPLUS&utm_campaign=SDGPLUS",
                "text": "The Armada Collective, a group of extortionist hackers, seems to be responsible for taking out private email services, including Protonmail, Hushmail and Runbox. It also appears to have registered the biggest DDoS attack in history.",
                "fallback": "Forbes: 'Armada' Extortionist Hackers Bulldoze 'Secure' Email Services But Pay Some Bitcoin Back",
                "thumb_url": "http:\/\/blogs-images.forbes.com\/thomasbrewster\/files\/2015\/11\/Screen-Shot-2015-11-10-at-01.38.13-1200x1207.png",
                "from_url": "http:\/\/www.forbes.com\/sites\/thomasbrewster\/2015\/11\/09\/armada-bitcoin-crooks-go-big\/?utm_source=SDGPLUS&utm_medium=SDGPLUS&utm_campaign=SDGPLUS",
                "thumb_width": 1200,
                "thumb_height": 1207,
                "id": 1
            }
        ],
        "ts": "1447274442.000003"
    },
    {
        "user": "U0EBRBUFM",
        "type": "message",
        "subtype": "channel_join",
        "text": "<@U0EBRBUFM|bcboilermaker> has joined the channel",
        "ts": "1447304389.000005"
    }
]