[
    {
        "type": "message",
        "user": "U048X85UT",
        "text": "I've often contemplated the perfect pi ratio between h and h' <http:\/\/phys.org\/news\/2015-11-derivation-pi-links-quantum-physics.html>",
        "attachments": [
            {
                "title": "New derivation of pi links quantum physics and pure math",
                "title_link": "http:\/\/phys.org\/news\/2015-11-derivation-pi-links-quantum-physics.html",
                "text": "In 1655 the English mathematician John Wallis published a book in which he derived a formula for pi as the product of an infinite series of ratios. Now researchers from the University of Rochester, in a surprise discovery, have found the same formula in quantum mechanical calculations of the energy levels of a hydrogen atom.",
                "fallback": "New derivation of pi links quantum physics and pure math",
                "image_url": "http:\/\/cdn.phys.org\/newman\/gfx\/news\/hires\/2015\/newderivatio.jpg",
                "from_url": "http:\/\/phys.org\/news\/2015-11-derivation-pi-links-quantum-physics.html",
                "image_width": 652,
                "image_height": 250,
                "image_bytes": 153351,
                "id": 1
            }
        ],
        "ts": "1447596380.000006"
    },
    {
        "user": "U0EJ1ABPA",
        "type": "message",
        "subtype": "channel_join",
        "text": "<@U0EJ1ABPA|makcimm> has joined the channel",
        "ts": "1447618665.000008"
    }
]