[
    {
        "user": "U06QKBU23",
        "type": "message",
        "subtype": "channel_join",
        "text": "<@U06QKBU23|redux> has joined the channel",
        "ts": "1435215662.000033"
    },
    {
        "type": "message",
        "user": "U0474AT8P",
        "text": "Barclays is the first bank to have signed a Proof of Concept with a Bitcoin Exchange in the UK\n\nThings are moving, slowly but surely.\n\n<http:\/\/bravenewcoin.com\/news\/barclays-to-explore-blockchain-tech\/>",
        "attachments": [
            {
                "text": "Safello, a Swedish-based bitcoin exchange, announced that it has signed a Proof of Concept (PoC) agreement with Barclays to explore how the financial services industry can benefit from blockchain technology.",
                "fallback": "Safello, a Swedish-based bitcoin exchange, announced that it has signed a Proof of Concept (PoC) agreement with Barclays to explore how the financial services industry can benefit from blockchain technology.",
                "image_url": "http:\/\/bravenewcoin.com\/assets\/Uploads\/_resampled\/CroppedImage400400-London.png",
                "from_url": "http:\/\/bravenewcoin.com\/news\/barclays-to-explore-blockchain-tech\/",
                "image_width": 250,
                "image_height": 250,
                "image_bytes": 262156,
                "id": 1
            }
        ],
        "ts": "1435237119.000034"
    }
]