[
    {
        "user": "U04ARC6DC",
        "type": "message",
        "subtype": "channel_join",
        "text": "<@U04ARC6DC|v1t0r> has joined the channel",
        "ts": "1428570874.000137"
    },
    {
        "type": "message",
        "user": "U049R4YN1",
        "text": "Just a reminder of why this is important: <http:\/\/uk.businessinsider.com\/workday-talent-insights-can-predict-when-employees-will-leave-2015-4>",
        "attachments": [
            {
                "service_name": "Business Insider",
                "title": "Workday helps you predict when your best employees will leave",
                "title_link": "http:\/\/uk.businessinsider.com\/workday-talent-insights-can-predict-when-employees-will-leave-2015-4",
                "text": "And tells you how to keep them around.",
                "fallback": "Business Insider: Workday helps you predict when your best employees will leave",
                "thumb_url": "http:\/\/static3.uk.businessinsider.com\/image\/552670d2dd0895af7e8b4638\/workday-helps-you-predict-when-your-best-employees-will-leave.jpg",
                "from_url": "http:\/\/uk.businessinsider.com\/workday-talent-insights-can-predict-when-employees-will-leave-2015-4",
                "thumb_width": 3000,
                "thumb_height": 1500,
                "id": 1
            }
        ],
        "ts": "1428589161.000138"
    },
    {
        "type": "message",
        "user": "U049R4YN1",
        "text": "I got that wrong, I misread a slashdot post as saying that they used Netflix data to predict when you would leave a job. Actually they just use an algorithm developed at Netflix.",
        "ts": "1428597425.000140"
    }
]