[
    {
        "type": "message",
        "user": "U04BMCE7Q",
        "text": "<http:\/\/i.imgur.com\/NUUk494.png>",
        "attachments": [
            {
                "from_url": "http:\/\/i.imgur.com\/NUUk494.png",
                "fallback": "460x276px image",
                "image_url": "http:\/\/i.imgur.com\/NUUk494.png",
                "image_width": 460,
                "image_height": 276,
                "image_bytes": 117032,
                "id": 1
            }
        ],
        "ts": "1429517512.000170"
    }
]