[
    {
        "type": "message",
        "user": "U06MNSRTK",
        "text": "Lol :))",
        "ts": "1457080029.000061"
    },
    {
        "user": "U0Q9QKGR0",
        "type": "message",
        "subtype": "channel_join",
        "text": "<@U0Q9QKGR0|cryptocoinz> has joined the channel",
        "ts": "1457081837.000062"
    },
    {
        "user": "U0QANLBM3",
        "type": "message",
        "subtype": "channel_join",
        "text": "<@U0QANLBM3|delawer> has joined the channel",
        "ts": "1457091553.000063"
    },
    {
        "user": "U0QDSM78W",
        "type": "message",
        "subtype": "channel_join",
        "text": "<@U0QDSM78W|maomao> has joined the channel",
        "ts": "1457113564.000064"
    },
    {
        "type": "message",
        "user": "U04BQ4FMC",
        "text": "<http:\/\/realitysandwich.com\/231972\/a-note-on-the-new-monastics-distributed-networks-and-transformational-communities\/>",
        "attachments": [
            {
                "service_name": "Reality Sandwich",
                "title": "A Note on the New Monastics: Distributed Networks and Transformational Communities - Reality Sandwich",
                "title_link": "http:\/\/realitysandwich.com\/231972\/a-note-on-the-new-monastics-distributed-networks-and-transformational-communities\/",
                "text": "Connecting Kingsley K. Dennis' notion of the New Monastics with The Evolver Network's spiritual activism and Transformational culture.",
                "fallback": "Reality Sandwich: A Note on the New Monastics: Distributed Networks and Transformational Communities - Reality Sandwich",
                "thumb_url": "http:\/\/realitysandwich.com\/wp-content\/uploads\/2014\/11\/monkatcomputer.jpg",
                "from_url": "http:\/\/realitysandwich.com\/231972\/a-note-on-the-new-monastics-distributed-networks-and-transformational-communities\/",
                "thumb_width": 436,
                "thumb_height": 245,
                "id": 1
            }
        ],
        "ts": "1457130333.000065"
    },
    {
        "type": "message",
        "user": "U04BQ4FMC",
        "text": "Here's a promo video from Sebastian, of Sebi-Che Ideas - will be presenting a proposal next Wed HOA\n<https:\/\/www.youtube.com\/watch?v=7GVW1b1OHbo>",
        "attachments": [
            {
                "service_name": "YouTube",
                "service_url": "https:\/\/www.youtube.com\/",
                "title": "SEBI-CHE Ideas",
                "title_link": "https:\/\/www.youtube.com\/watch?v=7GVW1b1OHbo",
                "author_name": "Sebastian Michellod",
                "author_link": "https:\/\/www.youtube.com\/user\/HAARPthemovie",
                "thumb_url": "https:\/\/i.ytimg.com\/vi\/7GVW1b1OHbo\/hqdefault.jpg",
                "thumb_width": 480,
                "thumb_height": 360,
                "fallback": "YouTube Video: SEBI-CHE Ideas",
                "video_html": "<iframe width=\"400\" height=\"225\" src=\"https:\/\/www.youtube.com\/embed\/7GVW1b1OHbo?feature=oembed&autoplay=1&iv_load_policy=3\" frameborder=\"0\" allowfullscreen><\/iframe>",
                "video_html_width": 400,
                "video_html_height": 225,
                "from_url": "https:\/\/www.youtube.com\/watch?v=7GVW1b1OHbo",
                "id": 1
            }
        ],
        "ts": "1457132188.000067"
    },
    {
        "user": "U0QHMF4MA",
        "type": "message",
        "subtype": "channel_join",
        "text": "<@U0QHMF4MA|stanpolozov> has joined the channel",
        "ts": "1457162879.000069"
    }
]