[
    {
        "user": "U0SD1JCV8",
        "type": "message",
        "subtype": "channel_join",
        "text": "<@U0SD1JCV8|turinval> has joined the channel",
        "ts": "1457812444.000002"
    },
    {
        "type": "message",
        "user": "U0PCK9TKL",
        "text": "<http:\/\/youtu.be\/ICh4F16oJss>",
        "attachments": [
            {
                "service_name": "YouTube",
                "service_url": "https:\/\/www.youtube.com\/",
                "title": "Lucidigital AR Backpack Test",
                "title_link": "http:\/\/youtu.be\/ICh4F16oJss",
                "author_name": "CorvidDude",
                "author_link": "https:\/\/www.youtube.com\/user\/CorvidDude",
                "thumb_url": "https:\/\/i.ytimg.com\/vi\/ICh4F16oJss\/hqdefault.jpg",
                "thumb_width": 480,
                "thumb_height": 360,
                "fallback": "YouTube Video: Lucidigital AR Backpack Test",
                "video_html": "<iframe width=\"400\" height=\"225\" src=\"https:\/\/www.youtube.com\/embed\/ICh4F16oJss?feature=oembed&autoplay=1&iv_load_policy=3\" frameborder=\"0\" allowfullscreen><\/iframe>",
                "video_html_width": 400,
                "video_html_height": 225,
                "from_url": "http:\/\/youtu.be\/ICh4F16oJss",
                "id": 1
            }
        ],
        "ts": "1457843939.000003"
    },
    {
        "type": "message",
        "user": "U0PCK9TKL",
        "text": "Yo I Robert Steele's podcast other day lol",
        "ts": "1457843961.000005"
    },
    {
        "type": "message",
        "subtype": "file_share",
        "text": "<@U0PCK9TKL|dj.ruesue> uploaded a file: <https:\/\/synereonet.slack.com\/files\/dj.ruesue\/F0SDJ5H2T\/slack_for_ios_upload.mp4|Slack for iOS Upload> and commented: This club is so damn weak. I'm going to own this scene in 6 months. Bet.",
        "file": {
            "id": "F0SDJ5H2T",
            "created": 1457854628,
            "timestamp": 1457854628,
            "name": "Slack for iOS Upload.mp4",
            "title": "Slack for iOS Upload",
            "mimetype": "video\/mp4",
            "filetype": "mp4",
            "pretty_type": "MPEG 4 Video",
            "user": "U0PCK9TKL",
            "editable": false,
            "size": 17624190,
            "mode": "hosted",
            "is_external": false,
            "external_type": "",
            "is_public": true,
            "public_url_shared": false,
            "display_as_bot": false,
            "username": "",
            "url_private": "https:\/\/files.slack.com\/files-pri\/T0474AT8K-F0SDJ5H2T\/slack_for_ios_upload.mp4?t=xoxe-4242367291-30199722806-30156974547-d9aca652b4",
            "url_private_download": "https:\/\/files.slack.com\/files-pri\/T0474AT8K-F0SDJ5H2T\/download\/slack_for_ios_upload.mp4?t=xoxe-4242367291-30199722806-30156974547-d9aca652b4",
            "permalink": "https:\/\/synereonet.slack.com\/files\/dj.ruesue\/F0SDJ5H2T\/slack_for_ios_upload.mp4",
            "permalink_public": "https:\/\/slack-files.com\/T0474AT8K-F0SDJ5H2T-dd7238202e",
            "channels": [
                "C0474AT8Z"
            ],
            "groups": [
    
            ],
            "ims": [
    
            ],
            "comments_count": 1,
            "initial_comment": {
                "id": "Fc0SDUUX6E",
                "created": 1457854628,
                "timestamp": 1457854628,
                "user": "U0PCK9TKL",
                "comment": "This club is so damn weak. I'm going to own this scene in 6 months. Bet."
            }
        },
        "user": "U0PCK9TKL",
        "upload": true,
        "display_as_bot": false,
        "username": "<@U0PCK9TKL|dj.ruesue>",
        "bot_id": null,
        "ts": "1457854629.000006"
    }
]