[
    {
        "type": "message",
        "user": "U04GDL62L",
        "text": "Experiment in Decentralized Bounty Allocations using [Backfeed Slack Extension](<https:\/\/chrome.google.com\/webstore\/detail\/backfeed-slack-extension\/gkefmbjinnbjnpagkphaebancjajfhbf>)\n<http:\/\/magazine.backfeed.cc\/how-to-slowly-lose-control-decentralization-experiment-2\/>",
        "attachments": [
            {
                "title": "Backfeed Slack Extension",
                "title_link": "https:\/\/chrome.google.com\/webstore\/detail\/backfeed-slack-extension\/gkefmbjinnbjnpagkphaebancjajfhbf",
                "text": "Add a layer of Decentralized Collaboration to your Slack team.",
                "fallback": "Backfeed Slack Extension",
                "from_url": "https:\/\/chrome.google.com\/webstore\/detail\/backfeed-slack-extension\/gkefmbjinnbjnpagkphaebancjajfhbf",
                "thumb_url": "https:\/\/lh3.googleusercontent.com\/TpcCe0P4VEl8D5vZhtz9tEEaziGyRRsL0uCtpkKeZqVoYRoHzWT0eaWorJ0PrGE9CoxXKgCc-w",
                "thumb_width": 128,
                "thumb_height": 128,
                "id": 1
            },
            {
                "service_name": "Backfeed Magazine",
                "title": "How To Slowly Lose Control: Decentralization Experiment 2 - Backfeed Magazine",
                "title_link": "http:\/\/magazine.backfeed.cc\/how-to-slowly-lose-control-decentralization-experiment-2\/",
                "text": "This article by Francesca Pick\u00a0is republished from OuiShare Magazine\u00a0 This is the second of an article series\u00a0documenting the OuiShare Fest\u00a0decentralization experiment.\u00a0 Decentralizing a project is easier said than done. But no matter what, it will teach you a lot about your psyche, group dynamics and the value system of your team. When we met with \u2026",
                "fallback": "Backfeed Magazine: How To Slowly Lose Control: Decentralization Experiment 2 - Backfeed Magazine",
                "image_url": "http:\/\/magazine.backfeed.cc\/wp-content\/uploads\/2016\/01\/experiment.jpg",
                "image_width": 209,
                "image_height": 250,
                "ts": 1453910400,
                "from_url": "http:\/\/magazine.backfeed.cc\/how-to-slowly-lose-control-decentralization-experiment-2\/",
                "image_bytes": 1704000,
                "id": 2
            }
        ],
        "ts": "1458510075.000071"
    },
    {
        "type": "message",
        "user": "U04BQ4FMC",
        "text": "pretty appropriate stuff!",
        "ts": "1458511105.000073"
    },
    {
        "type": "message",
        "user": "U0PCK9TKL",
        "text": " <https:\/\/imgur.com\/a\/Rbq1e> set this up lolol",
        "ts": "1458515010.000074"
    },
    {
        "type": "message",
        "user": "U04GDL62L",
        "text": "No. FCC would come running. Noisy noisy RF on that.",
        "ts": "1458515995.000075"
    },
    {
        "type": "message",
        "user": "U0PCK9TKL",
        "text": "Pff the there's way to stay below the noise floor",
        "ts": "1458516570.000076"
    }
]