[
    {
        "type": "message",
        "user": "U0FESR742",
        "text": "Music. Go. \n\n<https:\/\/www.youtube.com\/watch?v=fhI5T_NKYxc>",
        "attachments": [
            {
                "service_name": "YouTube",
                "service_url": "https:\/\/www.youtube.com\/",
                "title": "Massive Attack, Azekel - Ritual Spirit",
                "title_link": "https:\/\/www.youtube.com\/watch?v=fhI5T_NKYxc",
                "author_name": "MassiveAttackVEVO",
                "author_link": "https:\/\/www.youtube.com\/user\/MassiveAttackVEVO",
                "thumb_url": "https:\/\/i.ytimg.com\/vi\/fhI5T_NKYxc\/hqdefault.jpg",
                "thumb_width": 480,
                "thumb_height": 360,
                "fallback": "YouTube Video: Massive Attack, Azekel - Ritual Spirit",
                "video_html": "<iframe width=\"400\" height=\"225\" src=\"https:\/\/www.youtube.com\/embed\/fhI5T_NKYxc?feature=oembed&autoplay=1&iv_load_policy=3\" frameborder=\"0\" allowfullscreen><\/iframe>",
                "video_html_width": 400,
                "video_html_height": 225,
                "from_url": "https:\/\/www.youtube.com\/watch?v=fhI5T_NKYxc",
                "id": 1
            }
        ],
        "ts": "1458548952.000077"
    },
    {
        "user": "U0U899JH4",
        "type": "message",
        "subtype": "channel_join",
        "text": "<@U0U899JH4|bozo> has joined the channel",
        "ts": "1458576182.000079"
    },
    {
        "user": "U0U8MDA5B",
        "type": "message",
        "subtype": "channel_join",
        "text": "<@U0U8MDA5B|mjonsson> has joined the channel",
        "ts": "1458576926.000080"
    },
    {
        "user": "U0U8K0ULU",
        "type": "message",
        "subtype": "channel_join",
        "text": "<@U0U8K0ULU|tm2013> has joined the channel",
        "ts": "1458578020.000081"
    },
    {
        "type": "message",
        "user": "U0474E4KZ",
        "text": "<https:\/\/tinyfingers.bandcamp.com\/track\/dispatcher-2>",
        "attachments": [
            {
                "service_name": "Tiny Fingers",
                "title": "Dispatcher, by Tiny Fingers",
                "title_link": "https:\/\/tinyfingers.bandcamp.com\/track\/dispatcher-2",
                "text": "from the album THE FALL",
                "fallback": "Tiny Fingers: Audio: Dispatcher, by Tiny Fingers",
                "thumb_url": "https:\/\/f1.bcbits.com\/img\/a0543865955_5.jpg",
                "audio_html": "<iframe width=\"350\" height=\"467\" src=\"https:\/\/bandcamp.com\/EmbeddedPlayer\/v=2\/track=326052544\/size=large\/linkcol=0084B4\/notracklist=true\/twittercard=true\/\" allowtransparency=\"true\" frameborder=\"0\"><\/iframe>",
                "audio_html_width": 350,
                "audio_html_height": 467,
                "from_url": "https:\/\/tinyfingers.bandcamp.com\/track\/dispatcher-2",
                "thumb_width": 700,
                "thumb_height": 700,
                "id": 1
            }
        ],
        "ts": "1458586409.000082"
    },
    {
        "type": "message",
        "subtype": "file_share",
        "text": "<@U0RLW7CCC|jonnydubowsky> uploaded a file: <https:\/\/synereonet.slack.com\/files\/jonnydubowsky\/F0UC4GC2E\/the_future_we_want_|the_future_we_want> and commented: This is a great example of the type of rubric we can encapsulate into an entire application, so that we integrate computational correctness into these systems from the beginning.",
        "file": {
            "id": "F0UC4GC2E",
            "created": 1458595794,
            "timestamp": 1458595794,
            "name": "the_future_we_want ",
            "title": "the_future_we_want",
            "mimetype": "image\/jpeg",
            "filetype": "jpg",
            "pretty_type": "JPEG",
            "user": "U0RLW7CCC",
            "editable": false,
            "size": 48104,
            "mode": "hosted",
            "is_external": false,
            "external_type": "",
            "is_public": true,
            "public_url_shared": false,
            "display_as_bot": false,
            "username": "",
            "url_private": "https:\/\/files.slack.com\/files-pri\/T0474AT8K-F0UC4GC2E\/the_future_we_want_?t=xoxe-4242367291-30199722806-30156974547-d9aca652b4",
            "url_private_download": "https:\/\/files.slack.com\/files-pri\/T0474AT8K-F0UC4GC2E\/download\/the_future_we_want_?t=xoxe-4242367291-30199722806-30156974547-d9aca652b4",
            "thumb_64": "https:\/\/files.slack.com\/files-tmb\/T0474AT8K-F0UC4GC2E-fadeb008ed\/the_future_we_want__64.jpg?t=xoxe-4242367291-30199722806-30156974547-d9aca652b4",
            "thumb_80": "https:\/\/files.slack.com\/files-tmb\/T0474AT8K-F0UC4GC2E-fadeb008ed\/the_future_we_want__80.jpg?t=xoxe-4242367291-30199722806-30156974547-d9aca652b4",
            "thumb_360": "https:\/\/files.slack.com\/files-tmb\/T0474AT8K-F0UC4GC2E-fadeb008ed\/the_future_we_want__360.jpg?t=xoxe-4242367291-30199722806-30156974547-d9aca652b4",
            "thumb_360_w": 360,
            "thumb_360_h": 244,
            "thumb_160": "https:\/\/files.slack.com\/files-tmb\/T0474AT8K-F0UC4GC2E-fadeb008ed\/the_future_we_want__160.jpg?t=xoxe-4242367291-30199722806-30156974547-d9aca652b4",
            "image_exif_rotation": 1,
            "original_w": 480,
            "original_h": 325,
            "permalink": "https:\/\/synereonet.slack.com\/files\/jonnydubowsky\/F0UC4GC2E\/the_future_we_want_",
            "permalink_public": "https:\/\/slack-files.com\/T0474AT8K-F0UC4GC2E-27034644ac",
            "channels": [
                "C0474AT8Z"
            ],
            "groups": [
    
            ],
            "ims": [
    
            ],
            "comments_count": 1,
            "initial_comment": {
                "id": "Fc0UABSFGT",
                "created": 1458595794,
                "timestamp": 1458595794,
                "user": "U0RLW7CCC",
                "comment": "This is a great example of the type of rubric we can encapsulate into an entire application, so that we integrate computational correctness into these systems from the beginning."
            }
        },
        "user": "U0RLW7CCC",
        "upload": true,
        "display_as_bot": false,
        "username": "<@U0RLW7CCC|jonnydubowsky>",
        "bot_id": null,
        "ts": "1458595796.000084"
    },
    {
        "user": "U0UCB1XN2",
        "type": "message",
        "subtype": "channel_join",
        "text": "<@U0UCB1XN2|shlonglor> has joined the channel",
        "ts": "1458602173.000085"
    },
    {
        "type": "message",
        "user": "U048X85UT",
        "text": "Deploy or Die! (if you missed this its a must see) <https:\/\/www.ted.com\/talks\/joi_ito_want_to_innovate_become_a_now_ist?language=en>",
        "attachments": [
            {
                "service_name": "TED",
                "service_url": "http:\/\/ted.com",
                "title": "Joi Ito: Want to innovate? Become a \"now-ist\"",
                "title_link": "https:\/\/www.ted.com\/talks\/joi_ito_want_to_innovate_become_a_now_ist?language=en",
                "author_name": "Joi Ito",
                "author_link": "https:\/\/www.ted.com\/speakers\/joi_ito",
                "thumb_url": "http:\/\/tedcdnpe-a.akamaihd.net\/images\/ted\/cca9263cb9a8855bc662b4ffd463fd89e3a9e081_240x180.jpg?lang=en",
                "thumb_width": 240,
                "thumb_height": 180,
                "text": "\u201cRemember before the internet?\u201d asks Joi Ito. \u201cRemember when people used to try to predict the future?\u201d In this engaging talk, the head of the MIT Media Lab skips the future predictions and instead shares a new approach to creating in the moment: building quickly and improving constantly, without waiting for permission or for proof that you have the right idea. This kind of bottom-up innovation is seen in the most fascinating, futuristic projects emerging today, and it starts, he says, with being open and alert to what\u2019s going on around you right now. Don\u2019t be a futurist, he suggests: be a now-ist. ",
                "fallback": "TED Video: Joi Ito: Want to innovate? Become a \"now-ist\"",
                "from_url": "https:\/\/www.ted.com\/talks\/joi_ito_want_to_innovate_become_a_now_ist?language=en",
                "id": 1
            }
        ],
        "ts": "1458603799.000086"
    }
]