[
    {
        "type": "message",
        "subtype": "file_share",
        "text": "<@U0474E4KZ|dor> uploaded a file: <https:\/\/synereonet.slack.com\/files\/dor\/F0QQM0B7H\/img_20160307_110801.jpg|Breakfast at the accelerator>",
        "file": {
            "id": "F0QQM0B7H",
            "created": 1457341788,
            "timestamp": 1457341788,
            "name": "IMG_20160307_110801.jpg",
            "title": "Breakfast at the accelerator",
            "mimetype": "image\/jpeg",
            "filetype": "jpg",
            "pretty_type": "JPEG",
            "user": "U0474E4KZ",
            "editable": false,
            "size": 3686137,
            "mode": "hosted",
            "is_external": false,
            "external_type": "",
            "is_public": true,
            "public_url_shared": false,
            "display_as_bot": false,
            "username": "",
            "url_private": "https:\/\/files.slack.com\/files-pri\/T0474AT8K-F0QQM0B7H\/img_20160307_110801.jpg?t=xoxe-4242367291-30199722806-30156974547-d9aca652b4",
            "url_private_download": "https:\/\/files.slack.com\/files-pri\/T0474AT8K-F0QQM0B7H\/download\/img_20160307_110801.jpg?t=xoxe-4242367291-30199722806-30156974547-d9aca652b4",
            "thumb_64": "https:\/\/files.slack.com\/files-tmb\/T0474AT8K-F0QQM0B7H-2e20c7eb7d\/img_20160307_110801_64.jpg?t=xoxe-4242367291-30199722806-30156974547-d9aca652b4",
            "thumb_80": "https:\/\/files.slack.com\/files-tmb\/T0474AT8K-F0QQM0B7H-2e20c7eb7d\/img_20160307_110801_80.jpg?t=xoxe-4242367291-30199722806-30156974547-d9aca652b4",
            "thumb_360": "https:\/\/files.slack.com\/files-tmb\/T0474AT8K-F0QQM0B7H-2e20c7eb7d\/img_20160307_110801_360.jpg?t=xoxe-4242367291-30199722806-30156974547-d9aca652b4",
            "thumb_360_w": 360,
            "thumb_360_h": 270,
            "thumb_480": "https:\/\/files.slack.com\/files-tmb\/T0474AT8K-F0QQM0B7H-2e20c7eb7d\/img_20160307_110801_480.jpg?t=xoxe-4242367291-30199722806-30156974547-d9aca652b4",
            "thumb_480_w": 480,
            "thumb_480_h": 360,
            "thumb_160": "https:\/\/files.slack.com\/files-tmb\/T0474AT8K-F0QQM0B7H-2e20c7eb7d\/img_20160307_110801_160.jpg?t=xoxe-4242367291-30199722806-30156974547-d9aca652b4",
            "thumb_720": "https:\/\/files.slack.com\/files-tmb\/T0474AT8K-F0QQM0B7H-2e20c7eb7d\/img_20160307_110801_720.jpg?t=xoxe-4242367291-30199722806-30156974547-d9aca652b4",
            "thumb_720_w": 720,
            "thumb_720_h": 540,
            "thumb_960": "https:\/\/files.slack.com\/files-tmb\/T0474AT8K-F0QQM0B7H-2e20c7eb7d\/img_20160307_110801_960.jpg?t=xoxe-4242367291-30199722806-30156974547-d9aca652b4",
            "thumb_960_w": 960,
            "thumb_960_h": 720,
            "thumb_1024": "https:\/\/files.slack.com\/files-tmb\/T0474AT8K-F0QQM0B7H-2e20c7eb7d\/img_20160307_110801_1024.jpg?t=xoxe-4242367291-30199722806-30156974547-d9aca652b4",
            "thumb_1024_w": 1024,
            "thumb_1024_h": 768,
            "image_exif_rotation": 1,
            "original_w": 4128,
            "original_h": 3096,
            "permalink": "https:\/\/synereonet.slack.com\/files\/dor\/F0QQM0B7H\/img_20160307_110801.jpg",
            "permalink_public": "https:\/\/slack-files.com\/T0474AT8K-F0QQM0B7H-ac618d0d75",
            "channels": [
                "C0474AT8Z"
            ],
            "groups": [
    
            ],
            "ims": [
    
            ],
            "comments_count": 0
        },
        "user": "U0474E4KZ",
        "upload": true,
        "display_as_bot": false,
        "username": "<@U0474E4KZ|dor>",
        "bot_id": null,
        "ts": "1457341795.000079"
    },
    {
        "type": "message",
        "user": "U0PCK9TKL",
        "text": "Get it ;)",
        "ts": "1457356085.000080"
    },
    {
        "user": "U0QS86M34",
        "type": "message",
        "subtype": "channel_join",
        "text": "<@U0QS86M34|oliver3d3> has joined the channel",
        "ts": "1457358969.000081"
    },
    {
        "user": "U0QV2CV98",
        "type": "message",
        "subtype": "channel_join",
        "text": "<@U0QV2CV98|harsha> has joined the channel",
        "ts": "1457375980.000082"
    },
    {
        "type": "message",
        "user": "U0G8ZB4R4",
        "text": "LivelyGig hosting AMA. Follow the link <https:\/\/redd.it\/49fuam>",
        "attachments": [
            {
                "service_name": "reddit",
                "title": "LivelyGig AMA - Decentralized Freelance Marketplace (2016-03-07 17:00 PT) \u2022 \/r\/Rad_Decentralization",
                "title_link": "https:\/\/redd.it\/49fuam",
                "text": "Hi, I'm Ed Eykholt, CEO of LivelyGig. Welcome to the AMA for LivelyGig! Ask me anything...",
                "fallback": "reddit: LivelyGig AMA - Decentralized Freelance Marketplace (2016-03-07 17:00 PT) \u2022 \/r\/Rad_Decentralization",
                "thumb_url": "https:\/\/www.redditstatic.com\/icon.png",
                "from_url": "https:\/\/redd.it\/49fuam",
                "thumb_width": 256,
                "thumb_height": 256,
                "id": 1
            }
        ],
        "ts": "1457399122.000083"
    }
]