[
    {
        "type": "message",
        "user": "U06MNSRTK",
        "text": "<http:\/\/www.coindesk.com\/press-releases\/obits-positions-bright-future-openledger-bts-2-0\/>",
        "attachments": [
            {
                "service_name": "CoinDesk",
                "title": "OBITS Positions for Bright Future with OpenLedger on BTS 2.0",
                "title_link": "http:\/\/www.coindesk.com\/press-releases\/obits-positions-bright-future-openledger-bts-2-0\/",
                "text": "Press Release:\u00a0Market maker and cryptocurrency OBITS is celebrating the end of its crowdsale with its first buyback.",
                "fallback": "CoinDesk: OBITS Positions for Bright Future with OpenLedger on BTS 2.0",
                "image_url": "http:\/\/i.imgur.com\/BHUAtec.png",
                "from_url": "http:\/\/www.coindesk.com\/press-releases\/obits-positions-bright-future-openledger-bts-2-0\/",
                "image_width": 224,
                "image_height": 129,
                "image_bytes": 7456,
                "id": 1
            }
        ],
        "ts": "1453220881.000113"
    },
    {
        "type": "message",
        "user": "U048X85UT",
        "text": "right",
        "ts": "1453236605.000115"
    },
    {
        "type": "message",
        "user": "U048T3M8W",
        "text": "<@U0474E4KZ> I don't see the point of bashing bitcoin. Let Mike Hearn create his BubbleBabyCoin with R3. It's a nice playing field for him. Bitcoin is better off without him.",
        "ts": "1453238826.000116"
    },
    {
        "type": "message",
        "user": "U0474E4KZ",
        "text": "Where?",
        "ts": "1453240396.000117"
    },
    {
        "type": "message",
        "user": "U0474E4KZ",
        "text": "Bashing how?",
        "ts": "1453240409.000118"
    },
    {
        "type": "message",
        "user": "U048X85UT",
        "text": "<http:\/\/blogs.harvard.edu\/vrm\/>'",
        "attachments": [
            {
                "title": "ProjectVRM",
                "title_link": "http:\/\/blogs.harvard.edu\/vrm\/",
                "text": "Developing tools for customer independence and engagement with vendors",
                "fallback": "ProjectVRM",
                "from_url": "http:\/\/blogs.harvard.edu\/vrm\/",
                "thumb_url": "https:\/\/s0.wp.com\/i\/blank.jpg",
                "thumb_width": 200,
                "thumb_height": 200,
                "id": 1
            }
        ],
        "ts": "1453247947.000119"
    },
    {
        "type": "message",
        "user": "U09KY5U65",
        "text": "Would Synereo be considered a BubbleBabyCoin since it's wanting to be proof-of-stake and is 100% premined? That sounds exactly like what the banks would want. Is it true If you premine all the coins then you can control new blocks which ultimately give u power over which is the valid chain? You could go back and take out transactions and reconstruct the blockchain back to present without them. If that's all true then maybe the banks can pay Mike Hearn to help develop ETH 2.0\/Synereo so they can clone it.",
        "ts": "1453259005.000121"
    },
    {
        "type": "message",
        "user": "U09KY5U65",
        "text": "Maybe they would want something more like factom though. It's proof of stake with strict rules on who can mine. That want no matter what only the banks can mine.",
        "ts": "1453259184.000122"
    },
    {
        "type": "message",
        "user": "U048T3M8W",
        "text": "<@U0474E4KZ> I understand the FB Synereo post as: Bitcoin is run by three dictators and it cannot scale.",
        "ts": "1453275261.000123"
    }
]