[
    {
        "user": "U0PCDA9AN",
        "type": "message",
        "subtype": "channel_join",
        "text": "<@U0PCDA9AN|bacowizardswine> has joined the channel",
        "ts": "1456649354.000051"
    },
    {
        "user": "U0PCK9TKL",
        "type": "message",
        "subtype": "channel_join",
        "text": "<@U0PCK9TKL|dj.ruesue> has joined the channel",
        "ts": "1456656362.000052"
    },
    {
        "user": "U0PCZR5UZ",
        "type": "message",
        "subtype": "channel_join",
        "text": "<@U0PCZR5UZ|xenderle> has joined the channel",
        "ts": "1456678814.000053"
    }
]