[
    {
        "user": "U0SFJ3CF5",
        "type": "message",
        "subtype": "channel_join",
        "text": "<@U0SFJ3CF5|burnteloi> has joined the channel",
        "ts": "1457953273.000008"
    },
    {
        "type": "message",
        "user": "U0R4YRVFB",
        "text": "Hey guys. I've come down with the flue so I'm offline a lot the coming days. In case anyone wonders why i don't reply to pms",
        "ts": "1457956999.000009"
    },
    {
        "type": "message",
        "user": "U0RLRNDRP",
        "text": "Hello everyone.\n\nI owe you guys an introduction.\nMy name is Daniel, I'm 27 years old from Estonia.\nKid of the internet, grew up with computers.\nStudied IT in Tallinn University of Technology.\ngot BscIT from IT College. \nGot into cryptocurrencies in 2012 when I was travelling Australia and asia.\nFonding member of Estonian Cryptocurrency association.\n\nEstonia has a buzzing ITC and startup community.\nTomorrow we are going to have a meetup <https:\/\/www.facebook.com\/events\/1149586681742432\/> We are happy to host a visitor from Swizerland, Daniel Gasteiger - co-founder of blockchain focused startup-accelerator nexuslab (<http:\/\/www.nexussquared.co\/services\/nexuslab\/>). He will speak about the opportunities and about the accelerator itself. They are looking different blockchain startups around the Europe into their accelerator and conditions are pretty nice. \n\nSo I'm going to introduce Synereo to Daniel Gasteiger and see where it will lead.\nAs I have understood Synereo LLC might have tax issues in the future with Israeli government. And I reckon Estonian laws and tax environment would suit Synereos needs as a company, much better than Israeli jurisdiction. I'll look into it tomorrow and give you an overview. I won't do anything serious, just scratch the surface and see how things could work out in the best case scenario.",
        "attachments": [
            {
                "title": "nexuslab |   nexussquared",
                "title_link": "http:\/\/www.nexussquared.co\/services\/nexuslab\/",
                "text": "nexussquared is an independet fintech business platform with a special focus on blockchain, offering fintech research and consultancy services as well as start-up mentoring",
                "fallback": "nexuslab |   nexussquared",
                "from_url": "http:\/\/www.nexussquared.co\/services\/nexuslab\/",
                "id": 1
            }
        ],
        "ts": "1457973118.000010",
        "reactions": [
            {
                "name": "+1",
                "users": [
                    "U04BQ4FMC",
                    "U049CMCCZ",
                    "U04GDL62L"
                ],
                "count": 3
            },
            {
                "name": "simple_smile",
                "users": [
                    "U0474E4KZ"
                ],
                "count": 1
            }
        ]
    },
    {
        "type": "message",
        "user": "U0R4YRVFB",
        "text": "Welcome!",
        "ts": "1457973218.000012"
    },
    {
        "type": "message",
        "user": "U0RLRNDRP",
        "text": "Dor is already Estonian e-resident, but our e-residency programme has not yet had a proper success story, I reckon, when the situation is played right, we might get a lot of publicity.",
        "ts": "1457973273.000013"
    },
    {
        "type": "message",
        "user": "U0R4YRVFB",
        "text": "Very clever.",
        "ts": "1457973335.000014"
    },
    {
        "type": "message",
        "user": "U048ERGCQ",
        "text": "Cool!",
        "ts": "1457974414.000015"
    },
    {
        "type": "message",
        "user": "U0474E4KZ",
        "text": "It's LTD.",
        "ts": "1457975141.000016"
    },
    {
        "type": "message",
        "user": "U0474E4KZ",
        "text": ":simple_smile:",
        "ts": "1457975144.000017"
    },
    {
        "type": "message",
        "user": "U0474E4KZ",
        "text": "With don't have issues with the Israeli government. Every tax agency in the world right now has issues with dealing with cryptocurrencies.",
        "ts": "1457975166.000018"
    },
    {
        "type": "message",
        "user": "U0474E4KZ",
        "text": "They just don't know how to treat them.",
        "ts": "1457975172.000019",
        "reactions": [
            {
                "name": "+1",
                "users": [
                    "U0RLRNDRP",
                    "U0RLW7CCC"
                ],
                "count": 2
            }
        ]
    },
    {
        "type": "message",
        "user": "U048ERGCQ",
        "text": "As long as they don`t treat mine at all when they are over here I don`t care :smile:",
        "ts": "1457975555.000020"
    },
    {
        "type": "message",
        "user": "U0PCK9TKL",
        "text": "<https:\/\/docs.google.com\/spreadsheets\/d\/1FJTvWT5RHFSYuEoFVpAeQjuQPU4BVzbOigT0xebxTOw\/htmlview?sle=true#gid=0> ",
        "ts": "1457987827.000021"
    },
    {
        "type": "message",
        "user": "U0PCK9TKL",
        "text": "VPN master list",
        "ts": "1457987884.000022"
    },
    {
        "type": "message",
        "user": "U04GDL62L",
        "text": "<@U0PCK9TKL>: Useful list for the road warrior,\nbut missing columns for IP, port, user, and pswd. (just kidding):sleuth_or_spy:",
        "edited": {
            "user": "U04GDL62L",
            "ts": "1458010588.000000"
        },
        "ts": "1458010024.000023"
    },
    {
        "type": "message",
        "user": "U0PCK9TKL",
        "text": "Lol",
        "ts": "1458010592.000032"
    }
]