[
    {
        "type": "message",
        "user": "U048T3M8W",
        "text": "<@U0FESR742> Do you have already a Synereo-Teaser in development at <http:\/\/hitrecord.org|hitrecord.org> ?",
        "ts": "1453970925.000016"
    },
    {
        "type": "message",
        "user": "U0FESR742",
        "text": "Not yet, but its definitely on my mind!",
        "ts": "1453971709.000017"
    },
    {
        "type": "message",
        "user": "U048T3M8W",
        "text": "<@U0FESR742> Is there already a kind of script \/ storyline?",
        "ts": "1453972374.000018"
    },
    {
        "user": "U0KLMG7FS",
        "type": "message",
        "subtype": "channel_join",
        "text": "<@U0KLMG7FS|plazareff> has joined the channel",
        "ts": "1453997953.000019"
    },
    {
        "user": "U0KLSNP8R",
        "type": "message",
        "subtype": "channel_join",
        "text": "<@U0KLSNP8R|marsas> has joined the channel",
        "ts": "1454001430.000020"
    },
    {
        "user": "U0KM77JLD",
        "type": "message",
        "subtype": "channel_join",
        "text": "<@U0KM77JLD|stephensong> has joined the channel",
        "ts": "1454011250.000021"
    },
    {
        "user": "U0KMGSZJ7",
        "type": "message",
        "subtype": "channel_join",
        "text": "<@U0KMGSZJ7|aavella77> has joined the channel",
        "ts": "1454016557.000022"
    },
    {
        "type": "message",
        "user": "U0FESR742",
        "text": "Nothing yet, got something  in mind?",
        "ts": "1454029433.000023"
    }
]