[
    {
        "user": "U0MUQUZ96",
        "type": "message",
        "subtype": "channel_join",
        "text": "<@U0MUQUZ96|davidhq> has joined the channel",
        "ts": "1455802803.000019"
    },
    {
        "type": "message",
        "user": "U0HS7GDRC",
        "text": "FYI: upcoming virtual event I 'attended' last year...for programmers mostly: <https:\/\/hacksummit.org\/>",
        "attachments": [
            {
                "title": "hack.summit()",
                "title_link": "https:\/\/hacksummit.org\/",
                "text": "hack.summit() is a virtual conference where you can learn from the world\u2019s most renowned programming language creators, open-source contributors, and thought leaders",
                "fallback": "hack.summit()",
                "image_url": "https:\/\/hacksummit.s3.amazonaws.com\/img\/fbshare2016-2.jpg",
                "image_width": 476,
                "image_height": 250,
                "from_url": "https:\/\/hacksummit.org\/",
                "image_bytes": 57105,
                "id": 1
            }
        ],
        "ts": "1455823659.000020"
    },
    {
        "type": "message",
        "user": "U0J9CQF9S",
        "text": "Sweet",
        "ts": "1455824499.000022"
    },
    {
        "user": "U0FESR742",
        "topic": "A place for non-work-related flimflam, faffing, hodge-podge or jibber-jabber you'd prefer to keep out of more focused work-related channels.",
        "type": "message",
        "subtype": "channel_topic",
        "text": "<@U0FESR742|jwalls> set the channel topic: A place for non-work-related flimflam, faffing, hodge-podge or jibber-jabber you'd prefer to keep out of more focused work-related channels.",
        "ts": "1455825437.000023"
    },
    {
        "user": "U0N1S75V0",
        "type": "message",
        "subtype": "channel_join",
        "text": "<@U0N1S75V0|twigwam> has joined the channel",
        "ts": "1455825998.000024"
    },
    {
        "user": "U0N2GKLBU",
        "type": "message",
        "subtype": "channel_join",
        "text": "<@U0N2GKLBU|woozle> has joined the channel",
        "ts": "1455833250.000025"
    },
    {
        "user": "U0N2E0U2Y",
        "type": "message",
        "subtype": "channel_join",
        "text": "<@U0N2E0U2Y|bluebone> has joined the channel",
        "ts": "1455834344.000026"
    },
    {
        "user": "U0N2EK3DJ",
        "type": "message",
        "subtype": "channel_join",
        "text": "<@U0N2EK3DJ|antoine> has joined the channel",
        "ts": "1455834546.000027"
    },
    {
        "user": "U0N2HUUNP",
        "type": "message",
        "subtype": "channel_join",
        "text": "<@U0N2HUUNP|taoteh1221> has joined the channel",
        "ts": "1455834714.000028"
    },
    {
        "user": "U0N2RTW4A",
        "type": "message",
        "subtype": "channel_join",
        "text": "<@U0N2RTW4A|jordanlau> has joined the channel",
        "ts": "1455836405.000029"
    },
    {
        "user": "U0N2ST7R9",
        "type": "message",
        "subtype": "channel_join",
        "text": "<@U0N2ST7R9|axle> has joined the channel",
        "ts": "1455838016.000030"
    },
    {
        "user": "U0N2Y7MQX",
        "type": "message",
        "subtype": "channel_join",
        "text": "<@U0N2Y7MQX|allahhh> has joined the channel",
        "ts": "1455838982.000031"
    },
    {
        "user": "U0N371EC8",
        "type": "message",
        "subtype": "channel_join",
        "text": "<@U0N371EC8|deemac> has joined the channel",
        "ts": "1455842900.000032"
    },
    {
        "user": "U0N3FQE67",
        "type": "message",
        "subtype": "channel_join",
        "text": "<@U0N3FQE67|perspective> has joined the channel",
        "ts": "1455849541.000033"
    },
    {
        "user": "U0N3M5Q6N",
        "type": "message",
        "subtype": "channel_join",
        "text": "<@U0N3M5Q6N|hierophantos> has joined the channel",
        "ts": "1455850897.000034"
    },
    {
        "user": "U0N3WTACD",
        "type": "message",
        "subtype": "channel_join",
        "text": "<@U0N3WTACD|jakev> has joined the channel",
        "ts": "1455861352.000035"
    },
    {
        "user": "U0N472CU9",
        "type": "message",
        "subtype": "channel_join",
        "text": "<@U0N472CU9|tomdrouv1> has joined the channel",
        "ts": "1455867394.000036"
    }
]