[
    {
        "user": "U04BQ4FMC",
        "type": "message",
        "subtype": "channel_leave",
        "text": "<@U04BQ4FMC|malthusjohn> has left the channel",
        "ts": "1458914523.000097"
    },
    {
        "type": "message",
        "user": "U04GDL62L",
        "text": "Yesterday <@U04GDL62L> at the Jefferson Memorial contemplating decentralized community governance.\n<https:\/\/dl.dropboxusercontent.com\/s\/i4r2v4p5afaw9r1\/JeffersonMemorial.JPG>",
        "attachments": [
            {
                "fallback": "3000x4000px image",
                "image_url": "https:\/\/dl.dropboxusercontent.com\/s\/i4r2v4p5afaw9r1\/JeffersonMemorial.JPG",
                "image_width": 3000,
                "image_height": 4000,
                "image_bytes": 171652,
                "from_url": "https:\/\/dl.dropboxusercontent.com\/s\/i4r2v4p5afaw9r1\/JeffersonMemorial.JPG",
                "id": 1
            }
        ],
        "edited": {
            "user": "U04GDL62L",
            "ts": "1458925556.000000"
        },
        "ts": "1458925525.000098"
    },
    {
        "type": "message",
        "user": "U0474AT8P",
        "text": "Guys KeepKey wallet is down to $99 from $239 good opportunity to get one of the best hardware wallets out there\n\n<http:\/\/cointelegraph.com\/news\/hardware-wallet-keepkey-slashes-price-by-60>\n\nAvailable on <http:\/\/Amazon.com|Amazon.com> .<http:\/\/co.uk|co.uk> .OtherLocalAmazonSites :simple_smile:",
        "attachments": [
            {
                "service_name": "CoinTelegraph",
                "title": "Hardware Wallet Keepkey Slashes Price By 60%",
                "title_link": "http:\/\/cointelegraph.com\/news\/hardware-wallet-keepkey-slashes-price-by-60",
                "text": "The creators of KeepKey have announced that the wallet will now retail for $99, down from its previous price of USD $239.00.",
                "fallback": "CoinTelegraph: Hardware Wallet Keepkey Slashes Price By 60%",
                "thumb_url": "http:\/\/cointelegraph.com\/images\/725_aHR0cDovL2NvaW50ZWxlZ3JhcGguY29tL3N0b3JhZ2UvdXBsb2Fkcy92aWV3LzhhYjdhOTk0ZTA1NjIxNTlmZDZmMWFhOTMzNDI2NTIwLmpwZw==.jpg",
                "from_url": "http:\/\/cointelegraph.com\/news\/hardware-wallet-keepkey-slashes-price-by-60",
                "thumb_width": 725,
                "thumb_height": 483,
                "id": 1
            }
        ],
        "ts": "1458931314.000101"
    },
    {
        "type": "message",
        "user": "U0RLW7CCC",
        "text": "<http:\/\/youtu.be\/dLRLYPiaAoA>",
        "attachments": [
            {
                "service_name": "YouTube",
                "service_url": "https:\/\/www.youtube.com\/",
                "title": "27",
                "title_link": "http:\/\/youtu.be\/dLRLYPiaAoA",
                "author_name": "exurb1a",
                "author_link": "https:\/\/www.youtube.com\/user\/willunicycleforfood",
                "thumb_url": "https:\/\/i.ytimg.com\/vi\/dLRLYPiaAoA\/hqdefault.jpg",
                "thumb_width": 480,
                "thumb_height": 360,
                "fallback": "YouTube Video: 27",
                "video_html": "<iframe width=\"400\" height=\"225\" src=\"https:\/\/www.youtube.com\/embed\/dLRLYPiaAoA?feature=oembed&autoplay=1&iv_load_policy=3\" frameborder=\"0\" allowfullscreen><\/iframe>",
                "video_html_width": 400,
                "video_html_height": 225,
                "from_url": "http:\/\/youtu.be\/dLRLYPiaAoA",
                "id": 1
            }
        ],
        "ts": "1458938184.000103"
    },
    {
        "type": "message",
        "user": "U0RLW7CCC",
        "text": "Funny bit on A.I",
        "ts": "1458938203.000105"
    },
    {
        "type": "message",
        "user": "U04GDL62L",
        "text": "Watching Chompsky, Snowden, Greenwald (live)\n&gt; *Habeas Data*, being a figure for use only by some Latin American countries, gives the individuals the right to access, correct, and object to the processing of their information.\n- from <http:\/\/www.oas.org\/dil\/data_protection_privacy_habeas_data.htm>",
        "ts": "1458952845.000106"
    }
]