[
    {
        "type": "message",
        "user": "U06MNSRTK",
        "text": "Hey! Wanna chat on GetGems app? I use it and I love it! You get daily rewards that can be used to purchase Gift Cards from Starbucks, Amazon, Apple and many more from within the app! Don\u2019t miss out! <http:\/\/r.getgems.org\/m\/wDyw8iSBFq>",
        "attachments": [
            {
                "title": "GetGems Messenger",
                "title_link": "http:\/\/r.getgems.org\/m\/wDyw8iSBFq",
                "text": "I'm done giving my attention and data away for free! GetGems shares income with active users, and chat is completely encrypted",
                "fallback": "GetGems Messenger",
                "image_url": "https:\/\/cdn.branch.io\/branch-assets\/1436286729036-og_image.png",
                "from_url": "http:\/\/r.getgems.org\/m\/wDyw8iSBFq",
                "image_width": 250,
                "image_height": 250,
                "image_bytes": 47227,
                "id": 1
            }
        ],
        "ts": "1454588492.000042"
    },
    {
        "user": "U0LBQGURF",
        "type": "message",
        "subtype": "channel_join",
        "text": "<@U0LBQGURF|sbarzilay> has joined the channel",
        "ts": "1454653410.000044"
    }
]