[
    {
        "type": "message",
        "user": "U07PB4LE6",
        "text": "Hello Synereoids, Just saw this article about the failure of bitcoin and am curious what folks here think in regards to a Synereo's potential solutions to many of the problems cited in the article: <https:\/\/medium.com\/@octskyward\/the-resolution-of-the-bitcoin-experiment-dabb30201f7#.35t906jsj>",
        "attachments": [
            {
                "service_name": "Medium",
                "title": "The resolution of the Bitcoin experiment",
                "title_link": "https:\/\/medium.com\/@octskyward\/the-resolution-of-the-bitcoin-experiment-dabb30201f7#.35t906jsj",
                "text": "I\u2019ve spent more than 5 years being a Bitcoin developer. The software I\u2019ve written has been used by millions of users, hu\u2026",
                "fallback": "Medium: The resolution of the Bitcoin experiment",
                "image_url": "https:\/\/d262ilb51hltx0.cloudfront.net\/max\/800\/1*gFnW6w5ThG0MiyL3IBndPw.png",
                "fields": [
                    {
                        "title": "Reading time",
                        "value": "17 mins",
                        "short": true
                    }
                ],
                "ts": 1452803388,
                "from_url": "https:\/\/medium.com\/@octskyward\/the-resolution-of-the-bitcoin-experiment-dabb30201f7#.35t906jsj",
                "image_width": 595,
                "image_height": 250,
                "image_bytes": 102129,
                "id": 1
            }
        ],
        "ts": "1452871596.000095",
        "reactions": [
            {
                "name": "+1",
                "users": [
                    "U0474E4KZ"
                ],
                "count": 1
            }
        ]
    },
    {
        "type": "message",
        "user": "U0474E4KZ",
        "text": "Now would be the right time to get some greater exposure for Greg's proposal for a new blockchain, with governance based in our reputation\/centerless coordination system.  <@U0474AYFT>",
        "ts": "1452872582.000097",
        "reactions": [
            {
                "name": "+1",
                "users": [
                    "U04BQ4FMC"
                ],
                "count": 1
            },
            {
                "name": "bellhop_bell",
                "users": [
                    "U04BQ4FMC"
                ],
                "count": 1
            }
        ]
    },
    {
        "type": "message",
        "user": "U0FESR742",
        "text": "<@U07PB4LE6>:  yeah I saw the same thing. I think he's walking away at just the time when we need people like him the most. Sad. :disappointed:",
        "ts": "1452907983.000098"
    }
]