[
    {
        "user": "U0REZ1S0M",
        "type": "message",
        "subtype": "channel_join",
        "text": "<@U0REZ1S0M|dansus021> has joined the channel",
        "ts": "1457515510.000100"
    },
    {
        "type": "message",
        "subtype": "file_share",
        "text": "<@U0474E4KZ|dor> uploaded a file: <https:\/\/synereonet.slack.com\/files\/dor\/F0REW5W9H\/2016-03-07_16.28.35.jpg|2016-03-07 16.28.35.jpg> and commented: A war cabinet assembled in Deloitte to formulate a proper tax structure around AMPs.",
        "file": {
            "id": "F0REW5W9H",
            "created": 1457529853,
            "timestamp": 1457529853,
            "name": "2016-03-07 16.28.35.jpg",
            "title": "2016-03-07 16.28.35.jpg",
            "mimetype": "image\/jpeg",
            "filetype": "jpg",
            "pretty_type": "JPEG",
            "user": "U0474E4KZ",
            "editable": false,
            "size": 571867,
            "mode": "hosted",
            "is_external": false,
            "external_type": "",
            "is_public": true,
            "public_url_shared": false,
            "display_as_bot": false,
            "username": "",
            "url_private": "https:\/\/files.slack.com\/files-pri\/T0474AT8K-F0REW5W9H\/2016-03-07_16.28.35.jpg?t=xoxe-4242367291-30199722806-30156974547-d9aca652b4",
            "url_private_download": "https:\/\/files.slack.com\/files-pri\/T0474AT8K-F0REW5W9H\/download\/2016-03-07_16.28.35.jpg?t=xoxe-4242367291-30199722806-30156974547-d9aca652b4",
            "thumb_64": "https:\/\/files.slack.com\/files-tmb\/T0474AT8K-F0REW5W9H-137e464f72\/2016-03-07_16.28.35_64.jpg?t=xoxe-4242367291-30199722806-30156974547-d9aca652b4",
            "thumb_80": "https:\/\/files.slack.com\/files-tmb\/T0474AT8K-F0REW5W9H-137e464f72\/2016-03-07_16.28.35_80.jpg?t=xoxe-4242367291-30199722806-30156974547-d9aca652b4",
            "thumb_360": "https:\/\/files.slack.com\/files-tmb\/T0474AT8K-F0REW5W9H-137e464f72\/2016-03-07_16.28.35_360.jpg?t=xoxe-4242367291-30199722806-30156974547-d9aca652b4",
            "thumb_360_w": 360,
            "thumb_360_h": 203,
            "thumb_480": "https:\/\/files.slack.com\/files-tmb\/T0474AT8K-F0REW5W9H-137e464f72\/2016-03-07_16.28.35_480.jpg?t=xoxe-4242367291-30199722806-30156974547-d9aca652b4",
            "thumb_480_w": 480,
            "thumb_480_h": 270,
            "thumb_160": "https:\/\/files.slack.com\/files-tmb\/T0474AT8K-F0REW5W9H-137e464f72\/2016-03-07_16.28.35_160.jpg?t=xoxe-4242367291-30199722806-30156974547-d9aca652b4",
            "thumb_720": "https:\/\/files.slack.com\/files-tmb\/T0474AT8K-F0REW5W9H-137e464f72\/2016-03-07_16.28.35_720.jpg?t=xoxe-4242367291-30199722806-30156974547-d9aca652b4",
            "thumb_720_w": 720,
            "thumb_720_h": 405,
            "thumb_960": "https:\/\/files.slack.com\/files-tmb\/T0474AT8K-F0REW5W9H-137e464f72\/2016-03-07_16.28.35_960.jpg?t=xoxe-4242367291-30199722806-30156974547-d9aca652b4",
            "thumb_960_w": 960,
            "thumb_960_h": 540,
            "thumb_1024": "https:\/\/files.slack.com\/files-tmb\/T0474AT8K-F0REW5W9H-137e464f72\/2016-03-07_16.28.35_1024.jpg?t=xoxe-4242367291-30199722806-30156974547-d9aca652b4",
            "thumb_1024_w": 1024,
            "thumb_1024_h": 576,
            "image_exif_rotation": 1,
            "original_w": 1920,
            "original_h": 1080,
            "permalink": "https:\/\/synereonet.slack.com\/files\/dor\/F0REW5W9H\/2016-03-07_16.28.35.jpg",
            "permalink_public": "https:\/\/slack-files.com\/T0474AT8K-F0REW5W9H-207d55c0cb",
            "channels": [
                "C0474AT8Z"
            ],
            "groups": [
    
            ],
            "ims": [
    
            ],
            "comments_count": 1,
            "initial_comment": {
                "id": "Fc0REW69MH",
                "created": 1457529853,
                "timestamp": 1457529853,
                "user": "U0474E4KZ",
                "comment": "A war cabinet assembled in Deloitte to formulate a proper tax structure around AMPs."
            }
        },
        "user": "U0474E4KZ",
        "upload": true,
        "display_as_bot": false,
        "username": "<@U0474E4KZ|dor>",
        "bot_id": null,
        "ts": "1457529857.000101"
    },
    {
        "type": "message",
        "user": "U0474E4KZ",
        "text": "There's another girl who was away when I took the photo, as seen by the cup.",
        "ts": "1457529872.000102"
    },
    {
        "type": "message",
        "user": "U0474E4KZ",
        "text": "The guys are having a *REALLY* hard time swallowing this and suggesting proper models for all activities around AMPs.",
        "ts": "1457529887.000103"
    },
    {
        "type": "message",
        "user": "U0474E4KZ",
        "text": "We are completely clear in the legal department, but taxes are still a bit vague.",
        "ts": "1457529901.000104"
    },
    {
        "type": "message",
        "user": "U04BQ4FMC",
        "text": "tax structure according to who?",
        "ts": "1457533076.000105"
    },
    {
        "type": "message",
        "user": "U0474E4KZ",
        "text": "To the Israeli tax agencies.",
        "ts": "1457537113.000106"
    },
    {
        "type": "message",
        "user": "U04BQ4FMC",
        "text": "got it.  so taxes on the biz end of it..  I take it, each country has to do the same, regarding their citizens who take and cash in AMPs.",
        "ts": "1457537625.000107"
    },
    {
        "user": "U0RHXFGG5",
        "type": "message",
        "subtype": "channel_join",
        "text": "<@U0RHXFGG5|chrisbates01> has joined the channel",
        "ts": "1457539246.000108"
    },
    {
        "type": "message",
        "user": "U0QK92Y58",
        "text": "*WARNING* <@U0474E4KZ> wants to *TAX* \"every transaction on Synereo\"*.\nHe is offering private 'investors' a share of his Toll Booth operations.Read the \"Synereo Investor Deck\" which he posted on March 3 _by mistake_.\nHe unveils this never before mentioned scheme that is 100% opposite to his prior philosophy. So much for _transparency_! He is now selling STOCK, not AMPs in his private company, whose previous business model was to offer its expertise in assisting businesses with advertising on Synereo and creating new apps for the platform. Now he wants to run a utility company that will meter our usage.\n&gt; <@U0474E4KZ> to @malthus\n&gt; March 3rd at 12:44 PM It's very investor oriented and so we can't do this publicly\n&gt;But you can send it in person or post in small groups. Use judgment.\nI'd like to hear from <@U0474AYFT>, <@U046F1278>, <@U0474AT8P>, <@U0FESR742>, <@U04A8095T>, <@U048T3M8W>, <@U04BQ4FMC>, <@U0PCK9TKL>, <@U048X85UT>, <@U04GDL62L>, <@U049CMCCZ>, <@U0DKBHZN1>. Help prevent <@U0474E4KZ> from becoming a Martin Shkreli.   \/nRemember the Crowdsale Announcement (2015.03.18)\n\"Monetization. Revenue per user, per month, per platform, per whatever...\"\n```\nWhy Even Build Synereo?\n\nBecause social media must be decentralized.\n\nAs long as our social media networks continue to be moderated by central authorities like Facebook and Google, users cannot be guaranteed the privacy of their identity and personal information. Perhaps worse, their experience of the social web is always geared towards one thing: Monetization.\n\nBecause of that, the success or failure of mainstream social networks is measured by one thing: revenue.\n\nPer user. Per month. Per platform.\n\nPer whatever.\n\nThis changes with Synereo, the world's first fully-decentralized social network.\n\n- Crowdsale Announcement (2015.03.18 )\\n ```",
        "edited": {
            "user": "U0QK92Y58",
            "ts": "1457540423.000000"
        },
        "ts": "1457540191.000109",
        "reactions": [
            {
                "name": "hankey",
                "users": [
                    "U04BQ4FMC"
                ],
                "count": 1
            }
        ]
    },
    {
        "type": "message",
        "user": "U04BQ4FMC",
        "text": "We already responded to your lies &amp; ignorance.",
        "ts": "1457540308.000111"
    },
    {
        "type": "message",
        "user": "U0QK92Y58",
        "text": "All direct quotes. See for yourself <@U04BQ4FMC>",
        "ts": "1457540462.000113"
    },
    {
        "type": "message",
        "user": "U0QK92Y58",
        "text": "now you will have the Israeli government taxing as well per user, per month, per platform, per whatever. Monetization - Clearly <@U0474E4KZ>'s vision has changed.",
        "ts": "1457540556.000114"
    },
    {
        "type": "message",
        "user": "U04BQ4FMC",
        "text": "The Gov will not tax the network, just the earnings - like always, for EVERY other company on the planet.",
        "ts": "1457540622.000115"
    },
    {
        "type": "message",
        "user": "U04BQ4FMC",
        "text": "The vision has not changed - that has been explained to you.",
        "ts": "1457540642.000116"
    },
    {
        "type": "message",
        "user": "U04BQ4FMC",
        "text": "The word TAX is yours - no one else's, along with your silly, self-serving interpretations.",
        "ts": "1457540687.000117"
    },
    {
        "type": "message",
        "user": "U0QK92Y58",
        "text": "<http:\/\/i.snag.gy\/SbmGa.jpg>",
        "attachments": [
            {
                "fallback": "1000x562px image",
                "image_url": "http:\/\/i.snag.gy\/SbmGa.jpg",
                "image_width": 1000,
                "image_height": 562,
                "image_bytes": 67657,
                "from_url": "http:\/\/i.snag.gy\/SbmGa.jpg",
                "id": 1
            }
        ],
        "ts": "1457540701.000118"
    },
    {
        "type": "message",
        "user": "U0QK92Y58",
        "text": "Look up Tax, sir.",
        "ts": "1457540723.000120"
    },
    {
        "type": "message",
        "user": "U04BQ4FMC",
        "text": "The part where you say \"by mistake\", again, has been corrected - yet you choose to continue.  So we move from possible ignorance to intentional deception.",
        "ts": "1457540749.000121"
    },
    {
        "type": "message",
        "user": "U0QK92Y58",
        "text": "sorry for that. It is a repost.",
        "ts": "1457540787.000122"
    },
    {
        "type": "message",
        "user": "U0QK92Y58",
        "text": "but still correct regarding this change of business model and reward scheme for investors in the private LLC company.",
        "ts": "1457540825.000123"
    },
    {
        "type": "message",
        "user": "U04BQ4FMC",
        "text": "It's not different than Bitcoin's network, and the miners are \"taxing\" it, according to your ideology.",
        "ts": "1457540900.000124"
    },
    {
        "type": "message",
        "user": "U04BQ4FMC",
        "text": "-and when you cash in those BTC, your Gov will tax you too.",
        "ts": "1457540957.000125"
    },
    {
        "type": "message",
        "user": "U0QK92Y58",
        "text": "No. No. No.  READ the slide from <@U0474E4KZ>'s investor deck. This tax is to reward INVESTORS, not just miners or node operators for their compute\/storage.",
        "ts": "1457540984.000126"
    },
    {
        "type": "message",
        "user": "U04BQ4FMC",
        "text": "Nope.",
        "ts": "1457541017.000127"
    },
    {
        "type": "message",
        "user": "U048ERGCQ",
        "text": "Nope? How does the investor earn money then?",
        "ts": "1457541051.000128"
    },
    {
        "type": "message",
        "user": "U0QK92Y58",
        "text": "Very wrong thing to try to monetize. Contrary to stated philosophy entirely.",
        "ts": "1457541052.000129"
    },
    {
        "type": "message",
        "user": "U048X85UT",
        "text": "Like I said before, the Synereo LLC is their business.  The Synereo community is ours.  What is good for the LLC is good for Synereo and thus good for us.  Anyway they can fund themselves is good.    In the end the LLC does not own synereo.",
        "ts": "1457541107.000130",
        "reactions": [
            {
                "name": "+1",
                "users": [
                    "U04QHTTJU"
                ],
                "count": 1
            }
        ]
    },
    {
        "type": "message",
        "user": "U04BQ4FMC",
        "text": "If anything, the addition of more investors in in the direction opposite of of centralization.",
        "ts": "1457541128.000131"
    },
    {
        "type": "message",
        "user": "U0QK92Y58",
        "text": "to answer <@U048ERGCQ>  \/n &gt; Synereo LTD will assist major advertisers and allow them to pay with fiat currency directly, exchanging it to AMPs for them and investing these AMPs in the posts reaching your eyes.   - from <http:\/\/blog.synereo.com|blog.synereo.com> (2015\/02\/27)",
        "ts": "1457541147.000132"
    },
    {
        "type": "message",
        "user": "U048ERGCQ",
        "text": "Thanks. Sounds legit.",
        "ts": "1457541189.000133"
    },
    {
        "type": "message",
        "user": "U0QK92Y58",
        "text": "If LLC has no ownership in the Synereo network, why are they Taxing it! With \"small transaction fee from every transaction\" and using this TAX to profit LLC investors?",
        "ts": "1457541273.000134"
    },
    {
        "type": "message",
        "user": "U04BQ4FMC",
        "text": "So they will act as a currency exchange house - again, those guys take a cut everywhere else too.  There are no free lunches.",
        "ts": "1457541284.000135"
    },
    {
        "type": "message",
        "user": "U0474E4KZ",
        "text": "<@U0QK92Y58>: taxes here only refer to those the company has to pay when compensating people with AMPs. AMPs people already hold can't be touched by anyone.",
        "ts": "1457541332.000136"
    },
    {
        "type": "message",
        "user": "U0474E4KZ",
        "text": "Come on, <@U0QK92Y58>. You can't even get the names right. It's Synereo LTD. :simple_smile:",
        "ts": "1457541409.000137"
    },
    {
        "type": "message",
        "user": "U0QK92Y58",
        "text": "<@U0474E4KZ>. Please clarify what your Investor Deck slide is offering to LLC investors. It sure looks like a Utility Company scheme for metering usage on the network.",
        "ts": "1457541423.000138"
    },
    {
        "type": "message",
        "user": "U0474E4KZ",
        "text": "Why is this in random, anyway? That's not the right place for this.",
        "ts": "1457541434.000139"
    },
    {
        "type": "message",
        "user": "U0474E4KZ",
        "text": "We already answered this in <#C0474AT8X>.",
        "ts": "1457541449.000140"
    },
    {
        "type": "message",
        "user": "U0QK92Y58",
        "text": "sorry.. I have fat, sticky fingers :simple_smile:",
        "ts": "1457541469.000141"
    },
    {
        "type": "message",
        "user": "U04BQ4FMC",
        "text": "- and <@U0QK92Y58>  disappeared from the conversation - hit &amp; run tactics",
        "ts": "1457541490.000142"
    },
    {
        "type": "message",
        "user": "U048ERGCQ",
        "text": "What would you guys advise me to read to understand the structure, i.e. what Synereo LTD is supposed to be and who owns what and earns what?",
        "ts": "1457541586.000143"
    },
    {
        "type": "message",
        "user": "U0QK92Y58",
        "text": "Oh, and nobody ever proved that all of this was spelled out before the crowd sale. I still say that this is a big change in philosophy. This metering to pay off LTD investors.",
        "ts": "1457541602.000144"
    },
    {
        "type": "message",
        "user": "U0QK92Y58",
        "text": "<@U048ERGCQ>. Fresh eyes :eyes: at last. See how confusing they have made this!",
        "ts": "1457541706.000145"
    },
    {
        "type": "message",
        "user": "U049CMCCZ",
        "text": "I need to chip in, as I think <@U0QK92Y58> has a valid point, in that this is not in sync with the inital statement of Synereo (which I can't find right now) which stated that Synereo will be decentralized, autonomous and the users are rewarded, not the corporations (aka FB style).\nHow come that we suddenly see a corporation taking a cut of the users AMPs?\nInvestors can invest in AMPs like everyone else, and take their rewards in AMPs eventual rise in value.\nI would not like to suspect Synereo of falling into the same trap as eg. FB, who gets rich off of the users. This needs to be clarified and rebuffed if it is true or not.\nI'm confused.",
        "ts": "1457541766.000146"
    },
    {
        "type": "message",
        "user": "U0QK92Y58",
        "text": "<@U0474E4KZ> Please clarify this TAX \/ METERING that you refer to in your Investor Deck slide (above). This should go to reward <@U0DKBHZN1> operators, not investor speculators and monetizers.",
        "ts": "1457541825.000147"
    },
    {
        "type": "message",
        "user": "U0QK92Y58",
        "text": "<@U049CMCCZ> Here Here. At last!  Thank You :kiss:",
        "ts": "1457541863.000148"
    },
    {
        "type": "message",
        "user": "U048ERGCQ",
        "text": "PS: I`ve read the investors deck (21 pages) and would not be able to explain this to my potential investors, which is just a honest feedback, no attack.",
        "ts": "1457541952.000149"
    },
    {
        "type": "message",
        "user": "U048ERGCQ",
        "text": "I`m also open to the idea of a company involved, I just need to understand who does and owns what.",
        "ts": "1457541975.000150"
    },
    {
        "type": "message",
        "user": "U0QK92Y58",
        "text": "<@U0474E4KZ> got greedy and changed the business model for his Private Synereo LTD.\nHere is their initial monetization scheme:\n&gt; Synereo LTD will assist major advertisers and allow them to pay with fiat currency directly, exchanging it to AMPs for them and investing these AMPs in the posts reaching your eyes.\n- <http:\/\/blog.synereo.com|blog.synereo.com> (2015\/03\/27)",
        "ts": "1457542042.000151"
    },
    {
        "type": "message",
        "user": "U0QK92Y58",
        "text": "<@U049CMCCZ> now go compare that statement to this private Synereo LLC offer to investors:\n<http:\/\/i.snag.gy\/SbmGa.jpg>",
        "ts": "1457542168.000152"
    },
    {
        "type": "message",
        "user": "U0QK92Y58",
        "text": "<http:\/\/i.snag.gy\/SbmGa.jpg>",
        "ts": "1457542182.000153"
    },
    {
        "type": "message",
        "user": "U049CMCCZ",
        "text": "well - I'm not out to \"create waves\", I am just simply confused and don't understand why suddenly the future users of Synereo and AMPs are going to loose some of their AMPs to a coorp? I thought that the Synereo network was going to be 100% owned by the users?",
        "ts": "1457542220.000154",
        "reactions": [
            {
                "name": "+1",
                "users": [
                    "U04QHTTJU"
                ],
                "count": 1
            }
        ]
    },
    {
        "type": "message",
        "user": "U0474E4KZ",
        "text": "1) We've always said we'll take fees from transaction to cover development and maintenance costs.",
        "ts": "1457542242.000155"
    },
    {
        "type": "message",
        "user": "U0474E4KZ",
        "text": "2) We've always said that the basic, public utility social network infrastructure will remain non-profit.",
        "ts": "1457542272.000156"
    },
    {
        "type": "message",
        "user": "U049CMCCZ",
        "text": "That is what I have promoted to my friends - that they can leave FB and join a 100% user-owned social platform.",
        "ts": "1457542277.000157"
    },
    {
        "type": "message",
        "user": "U0QK92Y58",
        "text": "Who is We, <@U0474E4KZ>.  Where exactly did you say this.",
        "ts": "1457542278.000158"
    },
    {
        "type": "message",
        "user": "U0474E4KZ",
        "text": "3) We've always said that added services may be for profit, and that's what our pitch on BTTF reflects.",
        "ts": "1457542292.000159"
    },
    {
        "type": "message",
        "user": "U0474E4KZ",
        "text": "Again, this was all answered to you when you brought up the exact same points last time.",
        "ts": "1457542316.000160"
    },
    {
        "type": "message",
        "user": "U0QK92Y58",
        "text": "<@U0474E4KZ> speaking for his Private LTD, not for Synereo (network)",
        "ts": "1457542320.000161"
    },
    {
        "type": "message",
        "user": "U0474E4KZ",
        "text": "With links.",
        "ts": "1457542322.000162"
    },
    {
        "type": "message",
        "user": "U04BQ4FMC",
        "text": "<@U0QK92Y58>:  - do you seriously think there was ever a time in this concept, where there were no transaction fees to run the network??",
        "ts": "1457542386.000163"
    },
    {
        "type": "message",
        "user": "U048X85UT",
        "text": "I think we need a #ranting channel",
        "ts": "1457542391.000164"
    },
    {
        "type": "message",
        "user": "U049CMCCZ",
        "text": "hmm I'll rest it for now, and ponder. but I don't like the sound of a \"milking-apparatus\" if that was not intended in the principal.",
        "ts": "1457542430.000165"
    },
    {
        "type": "message",
        "user": "U0QK92Y58",
        "text": "Fees to run the network, of course.. That makes sense. But GO LOOK AND SEE, <@U04BQ4FMC> <@U0474E4KZ> is tapping these fees to reward his Private LTD and its investors. Wake UP.",
        "ts": "1457542466.000166"
    },
    {
        "type": "message",
        "user": "U04BQ4FMC",
        "text": "and by what mechanism do you think this will happen?  your choice of the word 'tax' suggests you think it will be a pure mingling of funds",
        "ts": "1457542513.000167"
    },
    {
        "type": "message",
        "user": "U0QK92Y58",
        "text": "<@U049CMCCZ> I think they started out the right way and greed took over when they saw how to monetize using a Utility company model to meter usage on the network.",
        "ts": "1457542548.000168"
    },
    {
        "type": "message",
        "user": "U0PCK9TKL",
        "text": "You also have to understand that without a LLC, everything that we have done would be illegal and against federal law in the USA. There would never be a synereo without this step. The system is not up yet <@U0QK92Y58> we will see how these \"fees\" pan out in the future.",
        "ts": "1457542569.000169"
    },
    {
        "type": "message",
        "user": "U0QK92Y58",
        "text": "Still waiting for <@U0474E4KZ> to explain that infamous slide. ...",
        "ts": "1457542637.000170"
    },
    {
        "type": "message",
        "user": "U0PCK9TKL",
        "text": "There is no incentive to donate to Wikipedia for example..they are decentralized and distributed. The Bitcoin network takes a fee for every transaction. I pay taxes for roads and hospitals in the USA. A fee or small tax makes sense.",
        "ts": "1457542712.000171"
    },
    {
        "type": "message",
        "user": "U0PCK9TKL",
        "text": "There is nothing free in life. Accept this fact",
        "edited": {
            "user": "U0PCK9TKL",
            "ts": "1457542760.000000"
        },
        "ts": "1457542747.000172"
    },
    {
        "type": "message",
        "user": "U048ERGCQ",
        "text": "I think we will know more when the investors documents on Bnktothefuture BTTF are public. There have to be legal documents available if one could already invest before the launch on BTTF.",
        "ts": "1457542792.000174",
        "reactions": [
            {
                "name": "+1",
                "users": [
                    "U04BQ4FMC"
                ],
                "count": 1
            }
        ]
    },
    {
        "type": "message",
        "user": "U049CMCCZ",
        "text": "..but wasn't it so that the rewards would be the use of AMPs and their increase in value (hopefully) - also to the developers? or am I misunderstanding it?",
        "ts": "1457542876.000175"
    },
    {
        "type": "message",
        "user": "U0QK92Y58",
        "text": "usage fees should go to node operators to compensate for network costs and compute, not to reward a private LTD. The private development company should stick to their original funding model, not get greedy and destroy the initial anti-monopoly vision of this project.\nHere is their initial monetization scheme:\n&gt; Synereo LTD will assist major advertisers and allow them to pay with fiat currency directly, exchanging it to AMPs for them and investing these AMPs in the posts reaching your eyes.\n- <http:\/\/blog.synereo.com|blog.synereo.com> (2015\/03\/27)",
        "ts": "1457542900.000176"
    },
    {
        "type": "message",
        "user": "U0PCK9TKL",
        "text": "Ok",
        "ts": "1457542938.000177"
    },
    {
        "type": "message",
        "user": "U0PCK9TKL",
        "text": "Shkreli",
        "ts": "1457542949.000178"
    },
    {
        "type": "message",
        "user": "U0PCK9TKL",
        "text": "The nods operators do get paid",
        "ts": "1457542966.000179"
    },
    {
        "type": "message",
        "user": "U0PCK9TKL",
        "text": "Node",
        "ts": "1457542973.000180"
    },
    {
        "type": "message",
        "user": "U0QK92Y58",
        "text": "also the LTD would offer paid services to help companies design applications to run on the Synereo Platform.",
        "ts": "1457542977.000181"
    },
    {
        "type": "message",
        "user": "U0PCK9TKL",
        "text": "But without the network being up",
        "ts": "1457542982.000182"
    },
    {
        "type": "message",
        "user": "U0PCK9TKL",
        "text": "There no way to understand ",
        "ts": "1457542990.000183"
    },
    {
        "type": "message",
        "user": "U0PCK9TKL",
        "text": "The percentages being taken",
        "ts": "1457543003.000184"
    },
    {
        "type": "message",
        "user": "U0PCK9TKL",
        "text": "Also ",
        "ts": "1457543005.000185"
    },
    {
        "type": "message",
        "user": "U0PCK9TKL",
        "text": "I just ",
        "ts": "1457543011.000186"
    },
    {
        "type": "message",
        "user": "U0PCK9TKL",
        "text": "Arrived in Seattle ",
        "ts": "1457543015.000187"
    },
    {
        "type": "message",
        "user": "U0PCK9TKL",
        "text": "Ill be interviewing Greg soon",
        "ts": "1457543028.000188"
    },
    {
        "type": "message",
        "user": "U0474AYFT",
        "text": ";-)",
        "ts": "1457543039.000189"
    },
    {
        "type": "message",
        "user": "U0PCK9TKL",
        "text": "So we will figure every detail out",
        "ts": "1457543043.000190"
    },
    {
        "type": "message",
        "user": "U0PCK9TKL",
        "text": "Don't worry",
        "ts": "1457543045.000191"
    },
    {
        "type": "message",
        "user": "U0PCK9TKL",
        "text": "You don't need to freak out",
        "ts": "1457543061.000192"
    },
    {
        "type": "message",
        "user": "U0QK92Y58",
        "text": "<@U0474AYFT>: THank GOd.   Please Please Please give us some clarification !",
        "ts": "1457543071.000193"
    },
    {
        "type": "message",
        "user": "U0474AYFT",
        "text": "i'm returning from Boston today. ",
        "ts": "1457543083.000194"
    },
    {
        "type": "message",
        "user": "U0PCK9TKL",
        "text": "Calm down ",
        "ts": "1457543086.000195"
    },
    {
        "type": "message",
        "user": "U0PCK9TKL",
        "text": "The man has been traveling for weeks",
        "ts": "1457543097.000196"
    },
    {
        "type": "message",
        "user": "U0PCK9TKL",
        "text": "Have some respect ",
        "ts": "1457543106.000197"
    },
    {
        "type": "message",
        "user": "U04BQ4FMC",
        "text": "here's the thing.. ONCE the ownership is expanded (decen), then some kind of limitations will be set, and voting mechanisms, etc",
        "ts": "1457543109.000198"
    },
    {
        "type": "message",
        "user": "U0474AYFT",
        "text": "<@U0QK92Y58>: can you join today's hangout?",
        "ts": "1457543117.000199"
    },
    {
        "type": "message",
        "user": "U0474AYFT",
        "text": "We can talk this through.",
        "ts": "1457543135.000200"
    },
    {
        "type": "message",
        "user": "U048ERGCQ",
        "text": "henri\n6:01 PM ..but wasn't it so that the rewards would be the use of AMPs and their increase in value (hopefully) - also to the developers? or am I misunderstanding it? That`s what I also understood when I invested in the crowdfunding, but that might have been my \"mistake\",  as I am undecided on that point. I like being invested in AMP and open to investing in the Synereo LTD. As to fees, they actually really could go back to the network. If Synereo (and AMP) succeeds, those will be petty questions anyway. It would be simply cooler to renounce on the fees and pay them to the nodes. After all, the basic philosophy is that if one is rich in AMP and has positive AMP cashflow, then he is doing good to the network, right?",
        "ts": "1457543219.000201"
    },
    {
        "type": "message",
        "user": "U0474AYFT",
        "text": "In general the network has two burdens: 1) it has to be fiscally self-sustaining; 2) it has to make contact with the existing infrastructure.",
        "ts": "1457543220.000202"
    },
    {
        "type": "message",
        "user": "U0QK92Y58",
        "text": "I'll be watching:japanese_goblin:",
        "ts": "1457543224.000203"
    },
    {
        "type": "message",
        "user": "U0474AYFT",
        "text": "Don't just watch, join the dialogue.",
        "ts": "1457543246.000204",
        "reactions": [
            {
                "name": "+1",
                "users": [
                    "U04QHTTJU"
                ],
                "count": 1
            }
        ]
    },
    {
        "type": "message",
        "user": "U0474AYFT",
        "text": "You have questions and concerns. Give them voice and listen to how the community responds.",
        "ts": "1457543301.000205"
    },
    {
        "type": "message",
        "user": "U0474AYFT",
        "text": "We value your skepticism, and concerns.",
        "ts": "1457543328.000206"
    },
    {
        "type": "message",
        "user": "U04BQ4FMC",
        "text": "if there are PROFITS above &amp; beyond the cost of the network, then some kind of dividend may be paid - but this is not a direct transfer of amps from the users to the investors, as you are portraying it - and it is NOT any different than if those investors had started from the beginning, and set this thing up",
        "ts": "1457543352.000207"
    },
    {
        "type": "message",
        "user": "U0474AYFT",
        "text": "We take every voice seriously-- and playfully. ;-)",
        "ts": "1457543362.000208"
    },
    {
        "type": "message",
        "user": "U0474AYFT",
        "text": "Right now there are no profits. Some of us have sunk millions into building this.",
        "ts": "1457543455.000209",
        "reactions": [
            {
                "name": "+1",
                "users": [
                    "U04BQ4FMC",
                    "U048ERGCQ",
                    "U0PCK9TKL"
                ],
                "count": 3
            }
        ]
    },
    {
        "type": "message",
        "user": "U0PCK9TKL",
        "text": "Woah.",
        "ts": "1457543473.000210"
    },
    {
        "type": "message",
        "user": "U0PCK9TKL",
        "text": "There's your answer ",
        "ts": "1457543480.000211"
    },
    {
        "type": "message",
        "user": "U048ERGCQ",
        "text": "I`m totally in favor of that being changed.",
        "ts": "1457543495.000212"
    },
    {
        "type": "message",
        "user": "U0474AYFT",
        "text": "We all understand that there are challenges and pit falls.",
        "ts": "1457543564.000213"
    },
    {
        "type": "message",
        "user": "U0QK92Y58",
        "text": "I've said my peace. Just looking for clarification whether this project is sticking to its initial vision or looking to adopt a monetized system that will drag it down going forward. The crowdsale statement simply does not jive with the slide in the Investor deck that outlines a Utility Model that rewards the Private LTD investors.",
        "ts": "1457543590.000214",
        "reactions": [
            {
                "name": "simple_smile",
                "users": [
                    "U04BQ4FMC"
                ],
                "count": 1
            }
        ]
    },
    {
        "type": "message",
        "user": "U0474AYFT",
        "text": "Thank you!",
        "ts": "1457543610.000215"
    },
    {
        "type": "message",
        "user": "U0474AYFT",
        "text": "Please join the hangout and we'll talk it through in more detail.",
        "ts": "1457543646.000216"
    },
    {
        "type": "message",
        "user": "U048ERGCQ",
        "text": "when is it?",
        "ts": "1457543670.000217"
    },
    {
        "type": "message",
        "user": "U0474AYFT",
        "text": "If you have these concerns then ten thousand others will share them.",
        "ts": "1457543681.000218",
        "reactions": [
            {
                "name": "+1",
                "users": [
                    "U04BQ4FMC",
                    "U0QK92Y58"
                ],
                "count": 2
            }
        ]
    },
    {
        "type": "message",
        "user": "U0474AYFT",
        "text": "So we want to have that dialogue.",
        "ts": "1457543698.000219"
    },
    {
        "type": "message",
        "user": "U0474AYFT",
        "text": "We're taking off now.",
        "ts": "1457543720.000220"
    },
    {
        "type": "message",
        "user": "U0QK92Y58",
        "text": "Thank you <@U0474AYFT>",
        "ts": "1457543744.000221"
    },
    {
        "type": "message",
        "user": "U0474AYFT",
        "text": "i'm going to jump off until we're at 10k feet.",
        "ts": "1457543750.000222"
    },
    {
        "type": "message",
        "user": "U048ERGCQ",
        "text": "10K satoshi is close",
        "ts": "1457543814.000223"
    },
    {
        "type": "message",
        "user": "U049CMCCZ",
        "text": "The only issue I have with this is:\nI love the idea of freedom and 100% control to the people, in order to throw out the old corrupt model.\nI'm not against investors and them claiming profit\/ROI for that.\nWhat makes me sad is that they can sit back in the sofa and increase their wealth to become even bigger millionaires totally passive, by taking a cut of users AMPs on the network. Users who have bought\/earned AMPs for their last bucks. That upsets and annoys me.\nIf investors want to be even richer, why can't they buy AMPs and be richer on those, like everyone else?",
        "ts": "1457544059.000224"
    },
    {
        "type": "message",
        "user": "U04BQ4FMC",
        "text": "<@U0QK92Y58>: - I think if you'd ask those questions, and share those concerns WITHOUT the accusations and assumptions, you would have been treated differently",
        "ts": "1457544143.000225"
    },
    {
        "type": "message",
        "user": "U049CMCCZ",
        "text": "Wish you a nice hangout, I'll be sleeping when it runs.",
        "ts": "1457544153.000226"
    },
    {
        "type": "message",
        "subtype": "file_share",
        "text": "<@U0474E4KZ|dor> uploaded a file: <https:\/\/synereonet.slack.com\/files\/dor\/F0RK2GJVD\/-.txt|Untitled>",
        "file": {
            "id": "F0RK2GJVD",
            "created": 1457545557,
            "timestamp": 1457545557,
            "name": "-.txt",
            "title": "Untitled",
            "mimetype": "text\/plain",
            "filetype": "text",
            "pretty_type": "Plain Text",
            "user": "U0474E4KZ",
            "editable": true,
            "size": 7253,
            "mode": "snippet",
            "is_external": false,
            "external_type": "",
            "is_public": true,
            "public_url_shared": false,
            "display_as_bot": false,
            "username": "",
            "url_private": "https:\/\/files.slack.com\/files-pri\/T0474AT8K-F0RK2GJVD\/-.txt?t=xoxe-4242367291-30199722806-30156974547-d9aca652b4",
            "url_private_download": "https:\/\/files.slack.com\/files-pri\/T0474AT8K-F0RK2GJVD\/download\/-.txt?t=xoxe-4242367291-30199722806-30156974547-d9aca652b4",
            "permalink": "https:\/\/synereonet.slack.com\/files\/dor\/F0RK2GJVD\/-.txt",
            "permalink_public": "https:\/\/slack-files.com\/T0474AT8K-F0RK2GJVD-d19745ffa1",
            "edit_link": "https:\/\/synereonet.slack.com\/files\/dor\/F0RK2GJVD\/-.txt\/edit",
            "preview": "Here are the replies you received the last time you pasted your complaints into the chat, @shkreli \r\n\r\n\r\nshkreli [9:56 PM] \r\nHow come nobody is talking about this? @dor is trying to keep this quiet and says \"we can't do this publicly\".\r",
            "preview_highlight": "<div class=\"CodeMirror cm-s-default CodeMirrorServer\">\n<div class=\"CodeMirror-code\">\n<div><pre>Here are the replies you received the last time you pasted your complaints into the chat, @shkreli <\/pre><\/div>\n<div><pre><\/pre><\/div>\n<div><pre><\/pre><\/div>\n<div><pre>shkreli [9:56 PM] <\/pre><\/div>\n<div><pre>How come nobody is talking about this? @dor is trying to keep this quiet and says &quot;we can't do this publicly&quot;.<\/pre><\/div>\n<div><pre><\/pre><\/div>\n<\/div>\n<\/div>\n",
            "lines": 124,
            "lines_more": 119,
            "channels": [
                "C0474AT8Z"
            ],
            "groups": [
    
            ],
            "ims": [
    
            ],
            "comments_count": 0,
            "reactions": [
                {
                    "name": "+1",
                    "users": [
                        "U048ERGCQ"
                    ],
                    "count": 1
                }
            ]
        },
        "user": "U0474E4KZ",
        "upload": true,
        "display_as_bot": false,
        "username": "<@U0474E4KZ|dor>",
        "bot_id": null,
        "ts": "1457545559.000227"
    },
    {
        "type": "message",
        "user": "U0474E4KZ",
        "text": "^ Here are the replies you received the last time.\n\nSpecifically, here's what I said in direct reply:",
        "edited": {
            "user": "U0474E4KZ",
            "ts": "1457546036.000000"
        },
        "ts": "1457545595.000228"
    },
    {
        "type": "message",
        "user": "U0474E4KZ",
        "text": "dor [9:58 PM] \nIt WILL generate revenue, though, to be used to maintain the network. This has been clear since the original announcement, 1.5 years ago.\n\n[9:59] \nProfit will ONLY come from services and applications on the platform.",
        "ts": "1457545601.000229"
    },
    {
        "type": "message",
        "user": "U04GDL62L",
        "text": "<https:\/\/img.rt.com\/files\/2015.10\/original\/5620a202c46188de628b45e2.jpg>",
        "attachments": [
            {
                "fallback": "900x500px image",
                "image_url": "https:\/\/img.rt.com\/files\/2015.10\/original\/5620a202c46188de628b45e2.jpg",
                "image_width": 900,
                "image_height": 500,
                "image_bytes": 128271,
                "from_url": "https:\/\/img.rt.com\/files\/2015.10\/original\/5620a202c46188de628b45e2.jpg",
                "id": 1
            }
        ],
        "ts": "1457546694.000232"
    },
    {
        "type": "message",
        "user": "U04GDL62L",
        "text": "<@U0QK92Y58> chose the wrong alias. He sounds more like an *angry* Bernie Sanders !",
        "edited": {
            "user": "U04GDL62L",
            "ts": "1457546734.000000"
        },
        "ts": "1457546700.000234"
    },
    {
        "user": "U0RL4SRHB",
        "type": "message",
        "subtype": "channel_join",
        "text": "<@U0RL4SRHB|perkiilstofte> has joined the channel",
        "ts": "1457552189.000236"
    },
    {
        "user": "U0RLRNDRP",
        "type": "message",
        "subtype": "channel_join",
        "text": "<@U0RLRNDRP|daniel> has joined the channel",
        "ts": "1457555389.000237"
    },
    {
        "user": "U0RLW7CCC",
        "type": "message",
        "subtype": "channel_join",
        "text": "<@U0RLW7CCC|jonnydubowsky> has joined the channel",
        "ts": "1457559389.000238"
    },
    {
        "type": "message",
        "user": "U0HS7GDRC",
        "text": "FYI massive giveaway from a company I work with (Nimia) of $1000 cash, drone, camera and other expensive gear, enter free here: <http:\/\/bit.ly\/1R7IvF0>",
        "attachments": [
            {
                "service_name": "Nimia",
                "title": "Nimia Cash, Drone &amp; Storage Giveaway",
                "title_link": "http:\/\/bit.ly\/1R7IvF0",
                "text": "Win $1000 cash, a 3DR Solo drone, GoPro Hero4 Black Camera, and Maxx Digital 2TB Pro Edit USB 3.0 from Nimia.",
                "fallback": "Nimia: Nimia Cash, Drone &amp; Storage Giveaway",
                "thumb_url": "https:\/\/nimia.com\/wp-content\/uploads\/2016\/02\/Nimia-Giveaway-PageHeader2-1920x6541.jpg",
                "from_url": "http:\/\/bit.ly\/1R7IvF0",
                "thumb_width": 1920,
                "thumb_height": 654,
                "id": 1
            }
        ],
        "ts": "1457561723.000239"
    },
    {
        "type": "message",
        "user": "U0PCK9TKL",
        "text": "Omg",
        "ts": "1457562944.000241"
    },
    {
        "type": "message",
        "user": "U0PCK9TKL",
        "text": "Jaw drop I need all. 3",
        "ts": "1457562954.000242"
    },
    {
        "type": "message",
        "user": "U0RLRNDRP",
        "text": "so you're gonna have tax issues. Ditch Israel and start-up this company in Estonia, with EU seed capital. they only want 8% or 0% equity depending on which fund you use. And 0% taxes on re-invested profits.",
        "ts": "1457564572.000243"
    },
    {
        "user": "U0RN1C0SD",
        "type": "message",
        "subtype": "channel_join",
        "text": "<@U0RN1C0SD|spenny> has joined the channel",
        "ts": "1457565464.000244"
    },
    {
        "type": "message",
        "user": "U0RLRNDRP",
        "text": "Israelis wanna tax everything, as much as they can. So the LLC is already only a meter on AMP\n\nHere is their initial monetization scheme:\nSynereo LTD will assist major advertisers and allow them to pay with fiat currency directly, exchanging it to AMPs for them and investing these AMPs in the posts reaching your eyes.\n- <http:\/\/blog.synereo.com|blog.synereo.com> (2015\/03\/27)\n\nditch Israel, thay are jackals on things like this\ndayum daniel",
        "ts": "1457567489.000245"
    },
    {
        "type": "message",
        "user": "U0PCK9TKL",
        "text": "i have informed dor and greg about this. trento in italy is also a option",
        "ts": "1457569254.000246"
    },
    {
        "user": "U0RNWT4MN",
        "type": "message",
        "subtype": "channel_join",
        "text": "<@U0RNWT4MN|shubham.k> has joined the channel",
        "ts": "1457575788.000247"
    },
    {
        "type": "message",
        "user": "U09KY5U65",
        "text": "The crowdsale should have never ended until the required amount of $ was raised. Then people could invest money in AMPs and the network could get built.",
        "ts": "1457595851.000248"
    },
    {
        "type": "message",
        "user": "U09KY5U65",
        "text": "Synereo actually isn't making money from AMP going up 10x in value",
        "ts": "1457595868.000249"
    },
    {
        "type": "message",
        "user": "U09KY5U65",
        "text": "Maybe no one will want to invest in synereo by buying AMPs from them at market price.",
        "ts": "1457595936.000250"
    },
    {
        "type": "message",
        "user": "U09KY5U65",
        "text": "Did the new $20,000 investor buy the AMPs for 10,000 satoshi each or did he get a \"special\" deal cause he is \"special\".",
        "ts": "1457596081.000251",
        "reactions": [
            {
                "name": "-1",
                "users": [
                    "U04BQ4FMC"
                ],
                "count": 1
            }
        ]
    }
]