[
    {
        "type": "message",
        "user": "U0474E4KZ",
        "text": "<@U09KY5U65>: at least initially, we have no intention of creating a chain just for AMPs. The idea is to create a scalable Ethereum blockchain and then switch AMPs from a Bitcoin meta-coin to an Ethereum meta-coin.",
        "ts": "1453304886.000124"
    },
    {
        "type": "message",
        "user": "U0474E4KZ",
        "text": "We don't care for our users to stake coins and such. We prefer to have AMP velocity in the network.",
        "ts": "1453304907.000125"
    },
    {
        "type": "message",
        "user": "U0474E4KZ",
        "text": "To have AMPs in real use.",
        "ts": "1453304915.000126"
    },
    {
        "type": "message",
        "user": "U0474E4KZ",
        "text": "<@U048T3M8W>: the point of the post is: Bitcoin will have to change to scale. To change, a proper mechanism for gathering the wisdom of the crowds and creating consensus is needed.",
        "ts": "1453305008.000127"
    }
]