[
    {
        "type": "message",
        "user": "U06MNSRTK",
        "text": "<https:\/\/www.openledger.info\/>",
        "attachments": [
            {
                "text": "The OpenLedger offers the users a wallet of their own located directly on the BitShares blockchain, with multi-signature accounts, referral system, a financial platform for crypto currencies with a fiat gateway and access to easy cash with a crypto currency debit card called NanoCard.",
                "fallback": "The OpenLedger offers the users a wallet of their own located directly on the BitShares blockchain, with multi-signature accounts, referral system, a financial platform for crypto currencies with a fiat gateway and access to easy cash with a crypto currency debit card called NanoCard.",
                "from_url": "https:\/\/www.openledger.info\/",
                "id": 1
            }
        ],
        "ts": "1451936060.000066"
    }
]