[
    {
        "user": "U0J9CQF9S",
        "type": "message",
        "subtype": "channel_join",
        "text": "<@U0J9CQF9S|shdwdm> has joined the channel",
        "ts": "1452626109.000087"
    },
    {
        "type": "message",
        "user": "U09KY5U65",
        "text": "Does anyone know if <http:\/\/BNKtothefuture.com|BNKtothefuture.com> has an affiliate program? I want to make money by referring people to their site to buy $AMP",
        "ts": "1452640142.000088"
    },
    {
        "user": "U0JA3NQ11",
        "type": "message",
        "subtype": "channel_join",
        "text": "<@U0JA3NQ11|dina> has joined the channel",
        "ts": "1452642316.000089"
    },
    {
        "type": "message",
        "user": "U0474AT8P",
        "text": "They do, when you register if someone signs up with you referral link and makes an investement you earn some rewards in StartCoin",
        "ts": "1452642988.000090",
        "reactions": [
            {
                "name": "+1",
                "users": [
                    "U0474E4KZ"
                ],
                "count": 1
            }
        ]
    },
    {
        "type": "message",
        "user": "U0474E4KZ",
        "text": "<@U09KY5U65>: if you can show us you've referred someone who invested we'll reward you with AMPs ourselves.",
        "ts": "1452643569.000091"
    }
]