[
    {
        "type": "message",
        "user": "U0474E4KZ",
        "text": "Assume they were doing this already \n",
        "ts": "1457684282.000265"
    },
    {
        "user": "U0S56922E",
        "type": "message",
        "subtype": "channel_join",
        "text": "<@U0S56922E|aquentus> has joined the channel",
        "ts": "1457696743.000266"
    },
    {
        "type": "message",
        "user": "U04BQ4FMC",
        "text": "<http:\/\/feedproxy.google.com\/~r\/SingularityWeblogPodcasts\/~3\/FJIEYYldlnY\/>",
        "attachments": [
            {
                "service_name": "Singularity Weblog",
                "title": "Robert Steele on Open Source Everything: Ethics is an OS",
                "title_link": "http:\/\/feedproxy.google.com\/~r\/SingularityWeblogPodcasts\/~3\/FJIEYYldlnY\/",
                "text": "How does a\u00a0former spy become an open source evangelist? I invited Robert Steele to talk about his story and his Open Source Everything Manifesto.",
                "fallback": "Singularity Weblog: Robert Steele on Open Source Everything: Ethics is an OS",
                "image_url": "https:\/\/www.singularityweblog.com\/wp-content\/uploads\/2016\/02\/Robert-Steele.jpg",
                "ts": 1454712998,
                "from_url": "http:\/\/feedproxy.google.com\/~r\/SingularityWeblogPodcasts\/~3\/FJIEYYldlnY\/",
                "image_width": 205,
                "image_height": 250,
                "image_bytes": 91135,
                "id": 1
            }
        ],
        "ts": "1457742297.000267"
    }
]