[
    {
        "type": "message",
        "user": "U06MNSRTK",
        "text": "<http:\/\/www.techradar.com\/news\/internet\/the-internet-is-broken-could-crowdsourcing-be-the-solution--1314147>",
        "attachments": [
            {
                "service_name": "TechRadar",
                "title": "The internet is broken \u2013 could crowdsourcing be the solution?",
                "title_link": "http:\/\/www.techradar.com\/news\/internet\/the-internet-is-broken-could-crowdsourcing-be-the-solution--1314147",
                "text": "The only way to make data safe is to share it with everyone, everywhere",
                "fallback": "TechRadar: The internet is broken \u2013 could crowdsourcing be the solution?",
                "image_url": "http:\/\/cdn.mos.techradar.com\/art\/internet\/connected_world-1200-80.jpg",
                "image_width": 445,
                "from_url": "http:\/\/www.techradar.com\/news\/internet\/the-internet-is-broken-could-crowdsourcing-be-the-solution--1314147",
                "image_height": 250,
                "image_bytes": 108760,
                "id": 1
            }
        ],
        "ts": "1454855299.000047"
    },
    {
        "type": "message",
        "user": "U0J9CQF9S",
        "text": "thanks for posting this. i emailed the press contact at maid safe",
        "ts": "1454856930.000049"
    },
    {
        "user": "U0LG5MS92",
        "type": "message",
        "subtype": "channel_join",
        "text": "<@U0LG5MS92|freeman> has joined the channel",
        "ts": "1454858358.000050"
    },
    {
        "type": "message",
        "user": "U06MNSRTK",
        "text": "GetGems Advertising\nGeneral Advertising Channel\n<https:\/\/telegram.me\/adgetgems>",
        "attachments": [
            {
                "service_name": "Telegram",
                "title": "Telegram: Contact @adgetgems",
                "title_link": "https:\/\/telegram.me\/adgetgems",
                "text": "Telegram is a messaging app with a focus on speed and security. It\u2019s superfast, simple, secure and free.",
                "fallback": "Telegram: Telegram: Contact @adgetgems",
                "thumb_url": "https:\/\/telegram.org\/img\/t_logo.png",
                "from_url": "https:\/\/telegram.me\/adgetgems",
                "thumb_width": 236,
                "thumb_height": 236,
                "id": 1
            }
        ],
        "ts": "1454859641.000051"
    },
    {
        "user": "U0LGKCX0Q",
        "type": "message",
        "subtype": "channel_join",
        "text": "<@U0LGKCX0Q|westarts1> has joined the channel",
        "ts": "1454870130.000053"
    },
    {
        "type": "message",
        "user": "U0474E4KZ",
        "text": "<http:\/\/tech.slashdot.org\/story\/16\/02\/06\/1550249\/even-with-telemetry-disabled-windows-10-talks-to-dozens-of-microsoft-servers?utm_source=feedly1.0mainlinkanon&amp;utm_medium=feed>",
        "attachments": [
            {
                "text": "An esteemed reader writes: Curious about the various telemetry and personal information being collected by Windows 10, one user installed Windows 10 Enterprise and disabled all of the telemetry and reporting options. Then he configured his router to log all the connections that happened anyway. Even...",
                "fallback": "An esteemed reader writes: Curious about the various telemetry and personal information being collected by Windows 10, one user installed Windows 10 Enterprise and disabled all of the telemetry and reporting options. Then he configured his router to log all the connections that happened anyway. Even...",
                "from_url": "http:\/\/tech.slashdot.org\/story\/16\/02\/06\/1550249\/even-with-telemetry-disabled-windows-10-talks-to-dozens-of-microsoft-servers?utm_source=feedly1.0mainlinkanon&utm_medium=feed",
                "thumb_url": "http:\/\/a.fsdn.com\/sd\/topics\/microsoft_64100.png",
                "thumb_width": 100,
                "thumb_height": 64,
                "id": 1
            }
        ],
        "ts": "1454888948.000054",
        "reactions": [
            {
                "name": "imp",
                "users": [
                    "U048T3M8W"
                ],
                "count": 1
            }
        ]
    }
]