[
    {
        "user": "U0LJC4J67",
        "type": "message",
        "subtype": "channel_join",
        "text": "<@U0LJC4J67|naeap> has joined the channel",
        "ts": "1454947358.000056"
    },
    {
        "type": "message",
        "user": "U04BQ4FMC",
        "text": "Sometimes we can be so dumb!  Or at least I can...\nI just realized after watching his HitRecord video that shdwdm is Christian.  LMAO!!\n<@U0J9CQF9S>:   Been talking to you thinking we had a new guy this whole time!",
        "ts": "1454983530.000057",
        "reactions": [
            {
                "name": "stuck_out_tongue_winking_eye",
                "users": [
                    "U048T3M8W"
                ],
                "count": 1
            }
        ]
    },
    {
        "type": "message",
        "user": "U0J9CQF9S",
        "text": "lol",
        "ts": "1454986926.000058"
    }
]