[
    {
        "user": "U0TJN6K09",
        "type": "message",
        "subtype": "channel_join",
        "text": "<@U0TJN6K09|agent_kat> has joined the channel",
        "ts": "1458260773.000045"
    },
    {
        "type": "message",
        "user": "U0474AT8P",
        "text": "Guys if you use Android make sure you run the latest version anything below and including 5.1 is at risk:\n\n<http:\/\/bitcoinist.net\/new-stagefright-bug-android-puts-end-bitcoin-privacy\/>",
        "attachments": [
            {
                "service_name": "Bitcoinist.net",
                "title": "New Stagefright Bug on Android Puts An End To Bitcoin Privacy - Bitcoinist.net",
                "title_link": "http:\/\/bitcoinist.net\/new-stagefright-bug-android-puts-end-bitcoin-privacy\/",
                "text": "What is of particular concern to security researchers is how the Stagefright vulnerability can be modified to inflict even more damage.\u00a0",
                "fallback": "Bitcoinist.net: New Stagefright Bug on Android Puts An End To Bitcoin Privacy - Bitcoinist.net",
                "image_url": "http:\/\/bitcoinist.net\/wp-content\/uploads\/2016\/03\/shutterstock_314123558.jpg",
                "ts": 1458189571,
                "from_url": "http:\/\/bitcoinist.net\/new-stagefright-bug-android-puts-end-bitcoin-privacy\/",
                "image_width": 333,
                "image_height": 250,
                "image_bytes": 82715,
                "id": 1
            }
        ],
        "ts": "1458267996.000046"
    },
    {
        "user": "U0TKLLX7Z",
        "type": "message",
        "subtype": "channel_join",
        "text": "<@U0TKLLX7Z|kennyrowe> has joined the channel",
        "ts": "1458279154.000048"
    }
]