[
    {
        "user": "U0TK16V7V",
        "type": "message",
        "subtype": "channel_join",
        "text": "<@U0TK16V7V|hitman001> has joined the channel",
        "ts": "1458291206.000049"
    },
    {
        "type": "message",
        "user": "U0TK16V7V",
        "text": "Is there anything more to Synereo then whitepages ? any screeen shots of prototype ? anything ?",
        "ts": "1458291392.000050"
    },
    {
        "type": "message",
        "user": "U0TK16V7V",
        "text": "Also from Estonia here... I think your idea is great !.. there was some guy who i met a year or a bit more ago who spoke about it to me...",
        "ts": "1458291719.000051"
    },
    {
        "type": "message",
        "user": "U0TK16V7V",
        "text": "maybe someone from here?",
        "ts": "1458291725.000052"
    },
    {
        "type": "message",
        "user": "U0474E4KZ",
        "text": "Check out the latest post on the blog. ",
        "ts": "1458291845.000053"
    },
    {
        "type": "message",
        "user": "U048T3M8W",
        "text": "I think Synereo could have awesome applications in Estonia.",
        "ts": "1458291895.000054"
    },
    {
        "type": "message",
        "user": "U0TK16V7V",
        "text": "nice. thnx !",
        "ts": "1458292208.000055"
    },
    {
        "type": "message",
        "user": "U0TK16V7V",
        "text": "well.. what can i say.. at least this one has something ! :simple_smile:",
        "ts": "1458292364.000056"
    },
    {
        "type": "message",
        "user": "U0TK16V7V",
        "text": "..more then a landing page .. great job !",
        "ts": "1458292372.000057"
    },
    {
        "type": "message",
        "user": "U0TK16V7V",
        "text": "how long till any alpha\/beta testing will be done ?",
        "ts": "1458292608.000058"
    },
    {
        "type": "message",
        "user": "U0TK16V7V",
        "text": "or any estimation for a first release ?",
        "ts": "1458292625.000059"
    },
    {
        "type": "message",
        "user": "U048T3M8W",
        "text": "On the whole the machine is getting up to steam and a lot of essential progress has been made.\n\nThere's ongoing work in several area's: development work on Casper (sharding, metering, betting cycle), new design, upgrading of interdependencies of software modules like in GloSEval, Docker for easy implementation of a node, preparation of pitch for BTTF, organisation of the community like setting up tasks and bounties, acquiring workers like scribes, Scala-developers, Site maintainers, setting up marketing, etc.\n\nIf we want all of these area's to speed up, we have to roll up our sleeves.",
        "edited": {
            "user": "U048T3M8W",
            "ts": "1458293217.000000"
        },
        "ts": "1458293152.000060",
        "reactions": [
            {
                "name": "muscle",
                "users": [
                    "U04BQ4FMC",
                    "U0474E4KZ",
                    "U0RLW7CCC"
                ],
                "count": 3
            }
        ]
    },
    {
        "type": "message",
        "user": "U048T3M8W",
        "text": "<@U0TK16V7V>: Here you can see the current design in construction. <http:\/\/blog.synereo.com\/2016\/03\/15\/Synereo's-Minimum-Lovable-Product\/>",
        "attachments": [
            {
                "title": "Synereo's Minimum Lovable Product",
                "title_link": "http:\/\/blog.synereo.com\/2016\/03\/15\/Synereo's-Minimum-Lovable-Product\/",
                "text": "It\u2019s been close to a year since our original crowdsale, and more than a year and a half since we first envisioned Synereo and started laying down the foundat...",
                "fallback": "Synereo's Minimum Lovable Product",
                "from_url": "http:\/\/blog.synereo.com\/2016\/03\/15\/Synereo's-Minimum-Lovable-Product\/",
                "id": 1
            }
        ],
        "ts": "1458293800.000062"
    },
    {
        "type": "message",
        "user": "U0TK16V7V",
        "text": "exactly about the time i had some guy talking to me about some idea at my place ..... wonder if he was someone you guys have met ....",
        "ts": "1458293876.000064"
    },
    {
        "type": "message",
        "user": "U0TK16V7V",
        "text": ":stuck_out_tongue: hehe.. and now a year later.. i hear about it from a different source.. that \"this is something good\" .. i read about it and what do i see... hehe.. \"this guys idea..\" , in making...",
        "ts": "1458293916.000065",
        "reactions": [
            {
                "name": "simple_smile",
                "users": [
                    "U04BQ4FMC"
                ],
                "count": 1
            }
        ]
    },
    {
        "type": "message",
        "user": "U0PCK9TKL",
        "text": "<@U0TK16V7V>: I can hook you up with a friend in Estonia if your interested. He's doing some tax research for us. He also runs a CryptoCurrency non profit . What's your email",
        "edited": {
            "user": "U0PCK9TKL",
            "ts": "1458315488.000000"
        },
        "ts": "1458315469.000066"
    }
]