[
    {
        "user": "U0R4YRVFB",
        "type": "message",
        "subtype": "channel_join",
        "text": "<@U0R4YRVFB|joeri> has joined the channel",
        "ts": "1457429830.000085"
    },
    {
        "user": "U0R5Q543W",
        "type": "message",
        "subtype": "channel_join",
        "text": "<@U0R5Q543W|studio4design> has joined the channel",
        "ts": "1457436320.000086"
    },
    {
        "type": "message",
        "user": "U0PCK9TKL",
        "text": "<http:\/\/qz.com\/633683\/your-entire-genome-can-now-be-sequenced-for-999-and-the-results-sent-to-your-smartphone\/> dammmmmmm Daniel ",
        "attachments": [
            {
                "service_name": "Quartz",
                "service_url": "http:\/\/qz.com",
                "title": "Your entire genome can now be sequenced for $999\u2014and the results sent to your smartphone",
                "title_link": "http:\/\/qz.com\/633683\/your-entire-genome-can-now-be-sequenced-for-999-and-the-results-sent-to-your-smartphone\/",
                "author_name": "Akshat Rathi",
                "author_link": "https:\/\/qz.com\/author\/akshatqz\/",
                "thumb_url": "https:\/\/i2.wp.com\/qzprod.files.wordpress.com\/2016\/03\/mygenome-03-main-pic.png?fit=200%2C150&quality=80&strip=all&ssl=1",
                "thumb_width": 78,
                "thumb_height": 150,
                "text": "The fundamental building blocks of human life can be read in the 3-billion letters of a person\u2019s genome. Starting next month, a startup called Veritas Genetics will reveal your unique code for only $999. You can browse the results in a smartphone app.\nRead your genome.(Veritas Genetics)\nSince 2001, when the first full human genome was sequenced (at a cost of $3 billion), geneticists have been dreaming of the \u201c$1,000 genome.\u201d It is the price that many think will usher in an era of predictive and personalized medicine.\nBut the $999 offer comes amid confusion about what such genomic data can and cannot do. For instance, genetic data might be able to tell you that you are at a higher risk of getting, say, breast cancer. Whether you should then get a double mastectomy\u2014as Angelina Jolie did when she found out she was a carrier of the BRCA1 gene\u2014remains a tough question to answer.\nThe BRCA1 test is as good as things get in health advice that stems from simply looking at genes\u2014most other tests provide less conclusive insights. \u201cStepping on your weight scale is more predictive of future health issues than almost all the information you\u2019ll get from a genome scan,\u201d Timothy Caulfield, a researcher at University of Alberta, told Stat.\nMost companies selling similar products to Veritas Genetics seem to make promises that aren\u2019t true, and the regulatory authorities are taking note. In 2013, the US Food and Drug Authority (FDA) ordered 23andMe to stop providing medical advice on health conditions based on its genetic tests, which only look at certain parts of a genome for $199. After two years of regulatory limbo, 23andMe is back on the market, offering advice. But instead of estimating risks for 240 health conditions like it did before, it offers \u201ccarrier status reports\u201d for some 36 conditions.\nVeritas Genetics will have to play by the FDA\u2019s rules too. To fall under looser regulations, it requires a doctor\u2019s approval before users can get their full genome sequenced. This way, Veritas Genetics won\u2019t be selling under stricter \u201cdirect-to-consumer\u201d rules, as 23andMe does.\nCan Veritas Genetics  make money by offering such a low price for its test? Most current tests for full-genome sequencing cost more than $6,000. Last month, Sure Genomics announced a major advance that allowed it to charge $2,500.\nIn a sense, these biotech startups are using similar tactics to tech firms\u2014get users first and worry about business models and regulatory details later. To boost its bottom line, Veritas Genetics is offering add-on services, such as counseling to interpret the app\u2019s results, on top of the $999 sticker price.\nOptimism in the industry is high, but the clinical benefits and financial sustainability of its products are up for debate.",
                "fallback": "Quartz Link: Your entire genome can now be sequenced for $999\u2014and the results sent to your smartphone",
                "from_url": "http:\/\/qz.com\/633683\/your-entire-genome-can-now-be-sequenced-for-999-and-the-results-sent-to-your-smartphone\/",
                "id": 1
            }
        ],
        "ts": "1457440443.000087",
        "reactions": [
            {
                "name": "smile",
                "users": [
                    "U0474E4KZ"
                ],
                "count": 1
            }
        ]
    },
    {
        "type": "message",
        "subtype": "file_share",
        "text": "<@U0PCK9TKL|dj.ruesue> uploaded a file: <https:\/\/synereonet.slack.com\/files\/dj.ruesue\/F0R5WPAD6\/slack_for_ios_upload.jpg|Slack for iOS Upload>",
        "file": {
            "id": "F0R5WPAD6",
            "created": 1457440530,
            "timestamp": 1457440530,
            "name": "Slack for iOS Upload.jpg",
            "title": "Slack for iOS Upload",
            "mimetype": "image\/jpeg",
            "filetype": "jpg",
            "pretty_type": "JPEG",
            "user": "U0PCK9TKL",
            "editable": false,
            "size": 6244,
            "mode": "hosted",
            "is_external": false,
            "external_type": "",
            "is_public": true,
            "public_url_shared": false,
            "display_as_bot": false,
            "username": "",
            "url_private": "https:\/\/files.slack.com\/files-pri\/T0474AT8K-F0R5WPAD6\/slack_for_ios_upload.jpg?t=xoxe-4242367291-30199722806-30156974547-d9aca652b4",
            "url_private_download": "https:\/\/files.slack.com\/files-pri\/T0474AT8K-F0R5WPAD6\/download\/slack_for_ios_upload.jpg?t=xoxe-4242367291-30199722806-30156974547-d9aca652b4",
            "thumb_64": "https:\/\/files.slack.com\/files-tmb\/T0474AT8K-F0R5WPAD6-ad27b23845\/slack_for_ios_upload_64.jpg?t=xoxe-4242367291-30199722806-30156974547-d9aca652b4",
            "thumb_80": "https:\/\/files.slack.com\/files-tmb\/T0474AT8K-F0R5WPAD6-ad27b23845\/slack_for_ios_upload_80.jpg?t=xoxe-4242367291-30199722806-30156974547-d9aca652b4",
            "thumb_360": "https:\/\/files.slack.com\/files-tmb\/T0474AT8K-F0R5WPAD6-ad27b23845\/slack_for_ios_upload_360.jpg?t=xoxe-4242367291-30199722806-30156974547-d9aca652b4",
            "thumb_360_w": 320,
            "thumb_360_h": 180,
            "thumb_160": "https:\/\/files.slack.com\/files-tmb\/T0474AT8K-F0R5WPAD6-ad27b23845\/slack_for_ios_upload_160.jpg?t=xoxe-4242367291-30199722806-30156974547-d9aca652b4",
            "image_exif_rotation": 1,
            "original_w": 320,
            "original_h": 180,
            "permalink": "https:\/\/synereonet.slack.com\/files\/dj.ruesue\/F0R5WPAD6\/slack_for_ios_upload.jpg",
            "permalink_public": "https:\/\/slack-files.com\/T0474AT8K-F0R5WPAD6-763b23ef56",
            "channels": [
                "C0474AT8Z"
            ],
            "groups": [
    
            ],
            "ims": [
    
            ],
            "comments_count": 0
        },
        "user": "U0PCK9TKL",
        "upload": true,
        "display_as_bot": false,
        "username": "<@U0PCK9TKL|dj.ruesue>",
        "bot_id": null,
        "ts": "1457440531.000089"
    },
    {
        "type": "message",
        "user": "U0PCK9TKL",
        "text": "<http:\/\/m.phys.org\/news\/2016-03-google-access-mobile-fi.html>",
        "attachments": [
            {
                "title": "Google opens access to mobile phone service Project Fi",
                "title_link": "http:\/\/m.phys.org\/news\/2016-03-google-access-mobile-fi.html",
                "text": "Google on Monday opened its Project Fi mobile phone service to anyone in the United States using its latest model Nexus smartphones.",
                "fallback": "Google opens access to mobile phone service Project Fi",
                "image_url": "http:\/\/cdn.phys.org\/newman\/gfx\/news\/2016\/googleopened.jpg",
                "from_url": "http:\/\/m.phys.org\/news\/2016-03-google-access-mobile-fi.html",
                "image_width": 365,
                "image_height": 250,
                "image_bytes": 59912,
                "id": 1
            }
        ],
        "ts": "1457440808.000090"
    },
    {
        "user": "U0R5YRG57",
        "type": "message",
        "subtype": "channel_join",
        "text": "<@U0R5YRG57|frogg> has joined the channel",
        "ts": "1457440817.000092"
    },
    {
        "type": "message",
        "user": "U0PCK9TKL",
        "text": "<http:\/\/fortune.com\/2016\/03\/06\/slack-native-voice-chat\/>",
        "attachments": [
            {
                "service_name": "Fortune",
                "service_url": "http:\/\/fortune.com",
                "title": "Slack Rolling Out Native Voice Chat",
                "title_link": "http:\/\/fortune.com\/2016\/03\/06\/slack-native-voice-chat\/",
                "author_name": "David Z. Morris",
                "author_link": "https:\/\/fortune.com\/author\/dzanemorris\/",
                "thumb_url": "https:\/\/i0.wp.com\/fortunedotcom.files.wordpress.com\/2015\/01\/458977036.jpg?fit=200%2C150&quality=80&strip&ssl=1",
                "thumb_width": 200,
                "thumb_height": 115,
                "text": "A nice new feature with nasty implications for Microsoft.",
                "fallback": "Fortune Link: Slack Rolling Out Native Voice Chat",
                "from_url": "http:\/\/fortune.com\/2016\/03\/06\/slack-native-voice-chat\/",
                "id": 1
            }
        ],
        "ts": "1457441850.000093",
        "reactions": [
            {
                "name": "white_check_mark",
                "users": [
                    "U049CMCCZ",
                    "U04GDL62L",
                    "U0474E4KZ"
                ],
                "count": 3
            }
        ]
    },
    {
        "user": "U0R68SUAC",
        "type": "message",
        "subtype": "channel_join",
        "text": "<@U0R68SUAC|tal> has joined the channel",
        "ts": "1457444045.000095"
    },
    {
        "user": "U0R9HRPS4",
        "type": "message",
        "subtype": "channel_join",
        "text": "<@U0R9HRPS4|bitearner66> has joined the channel",
        "ts": "1457462493.000096"
    },
    {
        "user": "U0RBAG1PB",
        "type": "message",
        "subtype": "channel_join",
        "text": "<@U0RBAG1PB|annalyza> has joined the channel",
        "ts": "1457472328.000097"
    },
    {
        "user": "U0RB90L2Y",
        "type": "message",
        "subtype": "channel_join",
        "text": "<@U0RB90L2Y|jake> has joined the channel",
        "ts": "1457474761.000098"
    },
    {
        "user": "U0RC1KJ3V",
        "type": "message",
        "subtype": "channel_join",
        "text": "<@U0RC1KJ3V|ink> has joined the channel",
        "ts": "1457495449.000099"
    }
]