[
    {
        "type": "message",
        "user": "U0DKBHZN1",
        "text": "<http:\/\/www.businessinsider.com\/bitcoin-is-collapsing-and-payments-around-the-world-are-failing-2016-3>",
        "attachments": [
            {
                "service_name": "Business Insider",
                "title": "Bitcoin payments around the world are failing as the platform is overwhelmed",
                "title_link": "http:\/\/www.businessinsider.com\/bitcoin-is-collapsing-and-payments-around-the-world-are-failing-2016-3",
                "text": "The bitcoin network reached capacity, resulting in lengthy transaction times of 43 minutes.",
                "fallback": "Business Insider: Bitcoin payments around the world are failing as the platform is overwhelmed",
                "image_url": "http:\/\/static6.businessinsider.com\/image\/564dc63cdd08954e5f8b4630-506-253\/bitcoin-payments-around-the-world-are-failing-as-the-platform-is-overwhelmed.jpg",
                "from_url": "http:\/\/www.businessinsider.com\/bitcoin-is-collapsing-and-payments-around-the-world-are-failing-2016-3",
                "image_width": 500,
                "image_height": 250,
                "image_bytes": 28612,
                "id": 1
            }
        ],
        "ts": "1457039253.000058"
    },
    {
        "type": "message",
        "user": "U0PCK9TKL",
        "text": "I sold 4 bitcoins today..",
        "ts": "1457041506.000060"
    }
]