[
    {
        "user": "U0MC7HZ3L",
        "type": "message",
        "subtype": "channel_join",
        "text": "<@U0MC7HZ3L|tmad> has joined the channel",
        "ts": "1455535109.000002"
    },
    {
        "type": "message",
        "user": "U0474E4KZ",
        "text": "<@U06AAH8F3>: thanks for that. It seems at this point that it's \"common knowledge\" that Win10 phones home occasionally, even if you ask it very nicely not to. I haven't researched this too deeply myself, however.",
        "ts": "1455543854.000003"
    },
    {
        "type": "message",
        "user": "U0474E4KZ",
        "text": "Assuming that's the case (Win10 still communicates with MS regardless of your choice), it now matters little if it's tidy and compact or whether it's 680 connections \/ hour or just 1. :simple_smile: Indeed, though, this was just sensational.",
        "ts": "1455543946.000004"
    },
    {
        "type": "message",
        "user": "U0474E4KZ",
        "text": "I hope you posted your reply on Slashdot as well.",
        "ts": "1455543951.000005"
    },
    {
        "type": "message",
        "user": "U0FESR742",
        "text": "Lol: <http:\/\/www.businessinsider.com\/martin-shkreli-might-have-been-scammed-out-of-15-million-for-kanyes-new-album-2016-2>",
        "attachments": [
            {
                "service_name": "Business Insider",
                "title": "Martin Shkreli might have been scammed out of $15 million for Kanye's new album",
                "title_link": "http:\/\/www.businessinsider.com\/martin-shkreli-might-have-been-scammed-out-of-15-million-for-kanyes-new-album-2016-2",
                "text": "Karma?",
                "fallback": "Business Insider: Martin Shkreli might have been scammed out of $15 million for Kanye's new album",
                "image_url": "http:\/\/static1.businessinsider.com\/image\/56c0fb492e5265b7008b72bd-506-253\/martin-shkreli-might-have-been-scammed-out-of-15-million-for-kanyes-new-album.jpg",
                "from_url": "http:\/\/www.businessinsider.com\/martin-shkreli-might-have-been-scammed-out-of-15-million-for-kanyes-new-album-2016-2",
                "image_width": 499,
                "image_height": 250,
                "image_bytes": 28225,
                "id": 1
            }
        ],
        "ts": "1455567994.000006"
    },
    {
        "type": "message",
        "user": "U0FESR742",
        "text": "That's 15 million in Bitcoin, btw",
        "ts": "1455568006.000008"
    }
]