[
    {
        "type": "message",
        "user": "U0J9CQF9S",
        "text": "Have you heard of pureOS? The company builds laptops too. <https:\/\/puri.sm\/>",
        "ts": "1455273233.000066"
    },
    {
        "user": "U0M3HGMUY",
        "type": "message",
        "subtype": "channel_join",
        "text": "<@U0M3HGMUY|darko.kolev> has joined the channel",
        "ts": "1455273529.000067"
    },
    {
        "type": "message",
        "user": "U06AAH8F3",
        "text": "<@U0J9CQF9S>: I've not, thanks for the link!",
        "ts": "1455278358.000068"
    }
]