[
    {
        "user": "U0MHYCUAZ",
        "type": "message",
        "subtype": "channel_join",
        "text": "<@U0MHYCUAZ|noykita> has joined the channel",
        "ts": "1455639728.000009"
    },
    {
        "type": "message",
        "user": "U0474E4KZ",
        "text": "Man, this guy has become the Internet's punchbag",
        "ts": "1455640662.000010"
    },
    {
        "type": "message",
        "user": "U0474E4KZ",
        "text": "Check out his Tweets. I can't believe this guy got to be _anything_.",
        "ts": "1455640749.000011"
    },
    {
        "type": "message",
        "user": "U0J9CQF9S",
        "text": "PlantNet by Cirad-France\n<https:\/\/appsto.re\/us\/1d6YJ.i> pretty cool.",
        "attachments": [
            {
                "service_name": "App Store",
                "title": "PlantNet on the App Store",
                "title_link": "https:\/\/appsto.re\/us\/1d6YJ.i",
                "text": "Read reviews, compare customer ratings, see screenshots, and learn more about PlantNet. Download PlantNet and enjoy it on your iPhone, iPad, and iPod touch.",
                "fallback": "App Store: PlantNet on the App Store",
                "image_url": "http:\/\/is1.mzstatic.com\/image\/thumb\/Purple49\/v4\/88\/1d\/b8\/881db8a4-1f33-ac34-ce4c-213bef1a82c6\/source\/1200x630bf.jpg",
                "image_width": 476,
                "image_height": 250,
                "from_url": "https:\/\/appsto.re\/us\/1d6YJ.i",
                "image_bytes": 23445,
                "id": 1
            }
        ],
        "ts": "1455672043.000012",
        "reactions": [
            {
                "name": "+1",
                "users": [
                    "U04BQ4FMC"
                ],
                "count": 1
            }
        ]
    },
    {
        "type": "message",
        "user": "U0J9CQF9S",
        "text": "It's a app that identifies plants when you take a picture of them.",
        "ts": "1455672071.000014"
    }
]