[
    {
        "type": "message",
        "user": "U09KY5U65",
        "text": "This is a premium name. Premium names are more expensive and can't be registered for free by faucet. Try to select another name containing at least one dash, number or no vowels. -openledger",
        "ts": "1452029501.000068"
    },
    {
        "type": "message",
        "user": "U09KY5U65",
        "text": "So many new \"name-&gt;blockchain\" crypto out lately",
        "ts": "1452029567.000069"
    },
    {
        "type": "message",
        "user": "U09KY5U65",
        "text": "Only a few will get the good names. How can Synereo prevent this from happening?",
        "ts": "1452030742.000070"
    }
]