[
    {
        "type": "message",
        "user": "U0474E4KZ",
        "text": "<https:\/\/blog.ethereum.org\/2016\/01\/11\/last-blog-post\/>",
        "attachments": [
            {
                "service_name": "Ethereum Blog",
                "title": "The last Blog Post - Ethereum Blog",
                "title_link": "https:\/\/blog.ethereum.org\/2016\/01\/11\/last-blog-post\/",
                "text": "The time is gone, the song is over, Thought I\u2019d something more to say. \u2014 Pink Floyd It is with no small amount of sadness that I must bid ye farewell. Like The Floyd\u2019s work, in the time I\u2019ve been involved with Ethereum, I\u2019ve sampled the full gamut of emotion. From the amazement of meeting \u2026",
                "fallback": "Ethereum Blog: The last Blog Post - Ethereum Blog",
                "ts": 1452521369,
                "from_url": "https:\/\/blog.ethereum.org\/2016\/01\/11\/last-blog-post\/",
                "id": 1
            }
        ],
        "ts": "1453767017.000003"
    }
]