[
    {
        "user": "U0NDCGNTX",
        "type": "message",
        "subtype": "channel_join",
        "text": "<@U0NDCGNTX|al3xisb> has joined the channel",
        "ts": "1456132239.000045"
    },
    {
        "user": "U0NGAG7V5",
        "type": "message",
        "subtype": "channel_join",
        "text": "<@U0NGAG7V5|bhokor> has joined the channel",
        "ts": "1456170884.000046"
    },
    {
        "user": "U0NGKKKPX",
        "type": "message",
        "subtype": "channel_join",
        "text": "<@U0NGKKKPX|herb> has joined the channel",
        "ts": "1456175094.000047"
    }
]