[
    {
        "type": "message",
        "user": "U0474E4KZ",
        "text": "<@U09KY5U65>: we're planning on using the tools we're building for centerless coordination and self-governance for Synereo itself.",
        "ts": "1453040510.000108"
    },
    {
        "type": "message",
        "user": "U0474E4KZ",
        "text": "<https:\/\/www.facebook.com\/synereo\/posts\/953021384733551>",
        "attachments": [
            {
                "text": "Putting the current block-size debate aside; does Bitcoin really have a chance when its protocol\u2019s code gatekeepers are three people who happened to be...",
                "fallback": "Putting the current block-size debate aside; does Bitcoin really have a chance when its protocol\u2019s code gatekeepers are three people who happened to be...",
                "from_url": "https:\/\/www.facebook.com\/synereo\/posts\/953021384733551",
                "id": 1
            }
        ],
        "ts": "1453040552.000109"
    },
    {
        "type": "message",
        "user": "U09KY5U65",
        "text": "I have my Bitcoins stored away in paper wallets. Paper wallets are amazing for Proof-of-Work coins. You can securely store your coins and they continue on all future forks of the bitcoin blockchain. The sad thing with all of the current Proof-of-Stake coins is you can't obtain staking rewards while your coins are in a paper wallet. Oh well. Not a big deal unless you're looking to maximize your $AMP.",
        "ts": "1453071160.000111"
    },
    {
        "type": "message",
        "user": "U09KY5U65",
        "text": "Here is a whitepaper about \"A Ternary Division DAO\" <https:\/\/docs.google.com\/document\/d\/1ITNRmZ0dTse-aZqjbWiC9w1n2XpPvKyl4J9BP-liuxw\/edit> It looks interesting. That was released by $EXP which is also moving to Ethereum 2.0 Proof-of-Stake Casper like $AMP.",
        "ts": "1453071581.000112"
    }
]