[
    {
        "type": "message",
        "user": "U0R4YRVFB",
        "text": "<@U09KY5U65>: You can't change terms of crowdsales after they have launched. Also, crowdfunding campaigns in general tend to raise more if there's a time limit. Optimal seems to be 30 days. This is best practice when raising now.",
        "ts": "1457597681.000252",
        "reactions": [
            {
                "name": "+1",
                "users": [
                    "U04BQ4FMC",
                    "U0474E4KZ"
                ],
                "count": 2
            },
            {
                "name": "white_check_mark",
                "users": [
                    "U04BQ4FMC"
                ],
                "count": 1
            }
        ]
    },
    {
        "user": "U0RRV439U",
        "type": "message",
        "subtype": "channel_join",
        "text": "<@U0RRV439U|tim.frost> has joined the channel",
        "ts": "1457619077.000253"
    },
    {
        "type": "message",
        "user": "U0RLRNDRP",
        "text": "<https:\/\/vimeo.com\/132182273>\n<http:\/\/www.investinestonia.com\/en\/investment-guide\/tax-system>\n<https:\/\/vimeo.com\/132101725>\n<http:\/\/www.investinestonia.com\/en\/investment-guide\/legal-framework>\n<http:\/\/www.investinestonia.com\/en\/business-opportunities\/ictt>",
        "ts": "1457625323.000254"
    },
    {
        "user": "U0RT4H3H7",
        "type": "message",
        "subtype": "channel_join",
        "text": "<@U0RT4H3H7|inigo> has joined the channel",
        "ts": "1457625338.000255"
    },
    {
        "user": "U0S13RXNG",
        "type": "message",
        "subtype": "channel_join",
        "text": "<@U0S13RXNG|dfgv12> has joined the channel",
        "ts": "1457651369.000256"
    },
    {
        "user": "U0S022H4K",
        "type": "message",
        "subtype": "channel_join",
        "text": "<@U0S022H4K|ryanstr> has joined the channel",
        "ts": "1457652879.000257"
    },
    {
        "type": "message",
        "user": "U0S022H4K",
        "text": "Hello world!  Cool Estonia video above there, Daniel.",
        "ts": "1457653122.000258",
        "reactions": [
            {
                "name": "+1",
                "users": [
                    "U0RLRNDRP"
                ],
                "count": 1
            }
        ]
    },
    {
        "type": "message",
        "user": "U04BQ4FMC",
        "text": ";-",
        "ts": "1457653502.000259"
    },
    {
        "type": "message",
        "user": "U04BQ4FMC",
        "text": ":simple_smile:",
        "ts": "1457653519.000260"
    },
    {
        "type": "message",
        "user": "U04GDL62L",
        "text": "<https:\/\/privacysos.org\/blog\/fbi-will-now-be-able-to-search-through-nsa-intercept-data\/>",
        "attachments": [
            {
                "service_name": "Privacy SOS",
                "title": "How new FBI powers to look through NSA intercepts will exacerbate mass incarceration | Privacy SOS",
                "title_link": "https:\/\/privacysos.org\/blog\/fbi-will-now-be-able-to-search-through-nsa-intercept-data\/",
                "text": "The wall separating \u201cforeign\u201d intelligence operations from domestic criminal investigations has finally, fully collapsed. The FBI is now acting on a rule change initiated by the Bush administration, and finally massaged into actionable policy by Obama: Now, FBI agents can query the NSA\u2019s database of Americans\u2019 international communications, collected without warrants pursuant to Section 702 of the 2008 FISA Amendments Act. That law put congress\u2019 stamp of approval on the Bush administration\u2019s warrantless wiretapping program, which was widely denounced as... Read more \u00bb",
                "fallback": "Privacy SOS: How new FBI powers to look through NSA intercepts will exacerbate mass incarceration | Privacy SOS",
                "thumb_url": "https:\/\/privacysos.org\/app\/uploads\/2015\/09\/nsa-eagle.jpg",
                "ts": 1457454700,
                "from_url": "https:\/\/privacysos.org\/blog\/fbi-will-now-be-able-to-search-through-nsa-intercept-data\/",
                "thumb_width": 1704,
                "thumb_height": 1681,
                "id": 1
            }
        ],
        "ts": "1457673307.000261"
    },
    {
        "type": "message",
        "user": "U0PCK9TKL",
        "text": "Jesus",
        "ts": "1457677162.000263"
    },
    {
        "type": "message",
        "user": "U0PCK9TKL",
        "text": "We need to move faster",
        "ts": "1457677172.000264",
        "reactions": [
            {
                "name": "white_check_mark",
                "users": [
                    "U049CMCCZ"
                ],
                "count": 1
            }
        ]
    }
]