[
    {
        "user": "U0QJSP0LU",
        "type": "message",
        "subtype": "channel_join",
        "text": "<@U0QJSP0LU|2bayou> has joined the channel",
        "ts": "1457197911.000070"
    },
    {
        "user": "U0QK92Y58",
        "type": "message",
        "subtype": "channel_join",
        "text": "<@U0QK92Y58|shkreli> has joined the channel",
        "ts": "1457205036.000071"
    },
    {
        "user": "U0QKV2R35",
        "type": "message",
        "subtype": "channel_join",
        "text": "<@U0QKV2R35|avroom> has joined the channel",
        "ts": "1457223213.000072"
    }
]