[
    {
        "type": "message",
        "user": "U048X85UT",
        "text": "<http:\/\/Unfiltered.news> : Topics and places the world is reporting not reported locally. See what shapes our different perspectives.",
        "attachments": [
            {
                "title": "Unfiltered.news",
                "title_link": "http:\/\/Unfiltered.news",
                "text": "Topics and places the world is reporting on right now. Explore what shapes our different perspectives.",
                "fallback": "Unfiltered.news",
                "image_url": "http:\/\/unfiltered.news\/images\/unfiltered-social.jpg",
                "from_url": "http:\/\/Unfiltered.news",
                "image_width": 476,
                "image_height": 250,
                "image_bytes": 26882,
                "id": 1
            }
        ],
        "edited": {
            "user": "U048X85UT",
            "ts": "1459187642.000000"
        },
        "ts": "1459187593.000112"
    },
    {
        "type": "message",
        "user": "U0RLW7CCC",
        "text": "Check out  <http:\/\/news.genius.com\/> and <http:\/\/genius.com\/web-annotator> as interesting tools for user-generated feedback and contribution to content. Interesting concept and execution.",
        "attachments": [
            {
                "service_name": "Genius",
                "title": "News Genius",
                "title_link": "http:\/\/news.genius.com\/",
                "text": "Welcome to News Genius! News Genius is the flagship project of the Genius Web Annotator and a journey into the future of journalism. We\u2019re a community of prize-winning writers",
                "fallback": "Genius: News Genius",
                "from_url": "http:\/\/news.genius.com\/",
                "id": 1
            },
            {
                "title": "Genius Web Annotator",
                "title_link": "http:\/\/genius.com\/web-annotator",
                "text": "ANNOTATE THE WORLD. Add context, commentary, and images directly on top of any web page.",
                "fallback": "Genius Web Annotator",
                "thumb_url": "https:\/\/assets.rapgenius.com\/images\/home_page\/fb-logo-big.png?1459201319",
                "from_url": "http:\/\/genius.com\/web-annotator",
                "thumb_width": 1200,
                "thumb_height": 630,
                "id": 2
            }
        ],
        "ts": "1459205683.000115",
        "reactions": [
            {
                "name": "books",
                "users": [
                    "U04GDL62L"
                ],
                "count": 1
            }
        ]
    },
    {
        "user": "U0W3150BG",
        "type": "message",
        "subtype": "channel_join",
        "text": "<@U0W3150BG|ledarsi> has joined the channel",
        "ts": "1459215073.000117"
    }
]