[
    {
        "type": "message",
        "user": "U06MNSRTK",
        "text": "<@U09KY5U65>  hi you registed ? On openledger",
        "ts": "1452085160.000071"
    },
    {
        "user": "U0HS7GDRC",
        "type": "message",
        "subtype": "channel_join",
        "text": "<@U0HS7GDRC|philmaher> has joined the channel",
        "ts": "1452111233.000072"
    },
    {
        "user": "U0HS9VDDY",
        "type": "message",
        "subtype": "channel_join",
        "text": "<@U0HS9VDDY|julian> has joined the channel",
        "ts": "1452113156.000073"
    },
    {
        "type": "message",
        "user": "U09KY5U65",
        "text": "I couldn't register on openledger. They wouldn't give me the name I wanted. They said it was a premium name.",
        "ts": "1452115667.000074"
    },
    {
        "type": "message",
        "user": "U09KY5U65",
        "text": "It looks like just another random online web html whatever wallet so i didnt care that much to join",
        "ts": "1452115693.000075"
    },
    {
        "type": "message",
        "user": "U09KY5U65",
        "text": "cloud wallet, thats the name ive been giving to these wallets lately.",
        "ts": "1452116477.000076"
    },
    {
        "type": "message",
        "user": "U04BMCE7Q",
        "text": "Hey Guys I am Back",
        "ts": "1452143813.000077",
        "reactions": [
            {
                "name": "simple_smile",
                "users": [
                    "U0474E4KZ"
                ],
                "count": 1
            },
            {
                "name": "joy",
                "users": [
                    "U048T3M8W"
                ],
                "count": 1
            }
        ]
    },
    {
        "type": "message",
        "user": "U04BMCE7Q",
        "text": "Exams Over",
        "ts": "1452143818.000078"
    },
    {
        "type": "message",
        "subtype": "file_share",
        "text": "<@U04BMCE7Q|theo.godspeed> uploaded a file: <https:\/\/synereonet.slack.com\/files\/theo.godspeed\/F0HT4LVUG\/schwarzenegger-fonte-tweetwood-com.jpg|schwarzenegger-fonte-tweetwood-com.jpg>",
        "file": {
            "id": "F0HT4LVUG",
            "created": 1452143965,
            "timestamp": 1452143965,
            "name": "schwarzenegger-fonte-tweetwood-com.jpg",
            "title": "schwarzenegger-fonte-tweetwood-com.jpg",
            "mimetype": "image\/jpeg",
            "filetype": "jpg",
            "pretty_type": "JPEG",
            "user": "U04BMCE7Q",
            "editable": false,
            "size": 29796,
            "mode": "hosted",
            "is_external": false,
            "external_type": "",
            "is_public": true,
            "public_url_shared": false,
            "display_as_bot": false,
            "username": "",
            "url_private": "https:\/\/files.slack.com\/files-pri\/T0474AT8K-F0HT4LVUG\/schwarzenegger-fonte-tweetwood-com.jpg?t=xoxe-4242367291-30199722806-30156974547-d9aca652b4",
            "url_private_download": "https:\/\/files.slack.com\/files-pri\/T0474AT8K-F0HT4LVUG\/download\/schwarzenegger-fonte-tweetwood-com.jpg?t=xoxe-4242367291-30199722806-30156974547-d9aca652b4",
            "thumb_64": "https:\/\/files.slack.com\/files-tmb\/T0474AT8K-F0HT4LVUG-05502ccd91\/schwarzenegger-fonte-tweetwood-com_64.jpg?t=xoxe-4242367291-30199722806-30156974547-d9aca652b4",
            "thumb_80": "https:\/\/files.slack.com\/files-tmb\/T0474AT8K-F0HT4LVUG-05502ccd91\/schwarzenegger-fonte-tweetwood-com_80.jpg?t=xoxe-4242367291-30199722806-30156974547-d9aca652b4",
            "thumb_360": "https:\/\/files.slack.com\/files-tmb\/T0474AT8K-F0HT4LVUG-05502ccd91\/schwarzenegger-fonte-tweetwood-com_360.jpg?t=xoxe-4242367291-30199722806-30156974547-d9aca652b4",
            "thumb_360_w": 360,
            "thumb_360_h": 266,
            "thumb_480": "https:\/\/files.slack.com\/files-tmb\/T0474AT8K-F0HT4LVUG-05502ccd91\/schwarzenegger-fonte-tweetwood-com_480.jpg?t=xoxe-4242367291-30199722806-30156974547-d9aca652b4",
            "thumb_480_w": 480,
            "thumb_480_h": 355,
            "thumb_160": "https:\/\/files.slack.com\/files-tmb\/T0474AT8K-F0HT4LVUG-05502ccd91\/schwarzenegger-fonte-tweetwood-com_160.jpg?t=xoxe-4242367291-30199722806-30156974547-d9aca652b4",
            "image_exif_rotation": 1,
            "original_w": 540,
            "original_h": 399,
            "permalink": "https:\/\/synereonet.slack.com\/files\/theo.godspeed\/F0HT4LVUG\/schwarzenegger-fonte-tweetwood-com.jpg",
            "permalink_public": "https:\/\/slack-files.com\/T0474AT8K-F0HT4LVUG-2f1b26f80e",
            "channels": [
                "C0474AT8Z"
            ],
            "groups": [
    
            ],
            "ims": [
    
            ],
            "comments_count": 0
        },
        "user": "U04BMCE7Q",
        "upload": true,
        "display_as_bot": false,
        "username": "<@U04BMCE7Q|theo.godspeed>",
        "bot_id": null,
        "ts": "1452143966.000079"
    },
    {
        "type": "message",
        "user": "U06MNSRTK",
        "text": "<@U09KY5U65>  use number in name and please write referred me nick en2",
        "ts": "1452147104.000080"
    }
]