[
    {
        "type": "message",
        "user": "U048T3M8W",
        "text": "Why not get Mike on board of Synereo?",
        "ts": "1452934503.000099",
        "reactions": [
            {
                "name": "+1",
                "users": [
                    "U04BQ4FMC",
                    "U0474AYFT"
                ],
                "count": 2
            }
        ]
    },
    {
        "type": "message",
        "user": "U04BQ4FMC",
        "text": "He apparently already joined another blockchain project (for a bank?).",
        "ts": "1452945769.000100"
    },
    {
        "type": "message",
        "user": "U09KY5U65",
        "text": "Bitcoin is not a failure. Whom ever wrote that article is a moron. There will be bitcoin 2.0, 3.0, 4.0, 5.0, 6.0 ... 100.0 and so on.",
        "ts": "1452986202.000101"
    },
    {
        "type": "message",
        "user": "U09KY5U65",
        "text": "bitcoin could switch to  proof of stake. bitcoin could switch to synereo's code base. Bitcoin can do whatever it wants.",
        "ts": "1452986410.000102"
    },
    {
        "type": "message",
        "user": "U09KY5U65",
        "text": "bitcoin is trying to send a satellite into space.",
        "ts": "1452986599.000103"
    },
    {
        "type": "message",
        "user": "U09KY5U65",
        "text": "Synereo has this same centralized leadership problem as bitcoin. The all supreme leader <@U0474AYFT> rules over synereo, right? Of course he does. It's not that he is some power hungry guy, It's just he is building it all cause he is a genius. So obvs he makes it how he wants. The real problem here has to do with updates. First off you need a way to update everyone's software as not to cause any loss of transactions. Then secondly who decides what updates should go live? These are tough questions to answer.",
        "ts": "1452987152.000104"
    },
    {
        "type": "message",
        "user": "U09KY5U65",
        "text": "One good solution would that every Sunday the system goes down for updates. I see no reason why you need this thing 24\/7. Having a down period to error check and push out updates seems fine to me.",
        "ts": "1452987278.000105"
    },
    {
        "type": "message",
        "user": "U09KY5U65",
        "text": "if you think about it... this whole bitcoin full transaction thing might be a way to pump n dump the coin. Fill up every transaction so no one can move their coins to the exchanges to sell. Good way pump up the price as high as possible.",
        "ts": "1452987496.000106"
    },
    {
        "type": "message",
        "user": "U0474AT8P",
        "text": "If anyone wants to join the Bitcoin Core Slack it is open to anyone for constructive discussion. Feel free to join at: \n\n<http:\/\/slack.bitcoincore.org\/>",
        "ts": "1453004344.000107"
    }
]