[
    {
        "type": "message",
        "user": "U0J9CQF9S",
        "text": "<https:\/\/i.imgur.com\/25K5321.gifv> lolz",
        "attachments": [
            {
                "service_name": "Imgur",
                "title": "Evil penguin steals a pebble",
                "title_link": "https:\/\/i.imgur.com\/25K5321.gifv",
                "fallback": "Imgur: Evil penguin steals a pebble",
                "thumb_url": "https:\/\/i.imgur.com\/25K5321h.jpg",
                "video_html_width": "759",
                "video_html_height": "426",
                "video_url": "https:\/\/i.imgur.com\/25K5321.mp4",
                "video_html": "<video poster=\"https:\/\/i.imgur.com\/25K5321h.jpg\" src=\"https:\/\/i.imgur.com\/25K5321.mp4\" width=\"759\" height=\"426\" autoplay=\"autoplay\" preload=\"auto\" muted=\"muted\" loop=\"loop\" webkit-playsinline><\/video>",
                "from_url": "https:\/\/i.imgur.com\/25K5321.gifv",
                "thumb_width": 759,
                "thumb_height": 426,
                "id": 1
            }
        ],
        "ts": "1453907138.000011"
    },
    {
        "type": "message",
        "user": "U0FESR742",
        "text": "<https:\/\/hitrecord.org\/>",
        "attachments": [
            {
                "text": "HITRECORD is an open-collaborative production company, and this website is where we make things together.",
                "fallback": "HITRECORD is an open-collaborative production company, and this website is where we make things together.",
                "from_url": "https:\/\/hitrecord.org\/",
                "id": 1
            }
        ],
        "ts": "1453967260.000013"
    },
    {
        "type": "message",
        "user": "U0FESR742",
        "text": "^big inspiration for how to effectively launch community",
        "ts": "1453967283.000015"
    }
]