[
    {
        "type": "message",
        "user": "U04BMCE7Q",
        "text": "DATT is Threat to synereo?",
        "ts": "1453814718.000005"
    },
    {
        "type": "message",
        "user": "U0FESR742",
        "text": "<https:\/\/www.youtube.com\/watch?v=36bKE_JsHZs>",
        "attachments": [
            {
                "service_name": "YouTube",
                "service_url": "https:\/\/www.youtube.com\/",
                "title": "Our decentralized future",
                "title_link": "https:\/\/www.youtube.com\/watch?v=36bKE_JsHZs",
                "author_name": "EuroPython 2014",
                "author_link": "https:\/\/www.youtube.com\/user\/europython2014",
                "thumb_url": "https:\/\/i.ytimg.com\/vi\/36bKE_JsHZs\/hqdefault.jpg",
                "thumb_width": 480,
                "thumb_height": 360,
                "fallback": "YouTube Video: Our decentralized future",
                "video_html": "<iframe width=\"400\" height=\"225\" src=\"https:\/\/www.youtube.com\/embed\/36bKE_JsHZs?feature=oembed&autoplay=1&iv_load_policy=3\" frameborder=\"0\" allowfullscreen><\/iframe>",
                "video_html_width": 400,
                "video_html_height": 225,
                "from_url": "https:\/\/www.youtube.com\/watch?v=36bKE_JsHZs",
                "id": 1
            }
        ],
        "ts": "1453817464.000006"
    },
    {
        "type": "message",
        "user": "U06MNSRTK",
        "text": "<https:\/\/youtu.be\/ttN0flPsnBc>",
        "attachments": [
            {
                "service_name": "YouTube",
                "service_url": "https:\/\/www.youtube.com\/",
                "title": "Tutorial Videos #1 : Getting Started",
                "title_link": "https:\/\/youtu.be\/ttN0flPsnBc",
                "author_name": "OpenLedger",
                "author_link": "https:\/\/www.youtube.com\/channel\/UCZHkjzM5Vp5RH0H_XGBtS0g",
                "thumb_url": "https:\/\/i.ytimg.com\/vi\/ttN0flPsnBc\/hqdefault.jpg",
                "thumb_width": 480,
                "thumb_height": 360,
                "fallback": "YouTube Video: Tutorial Videos #1 : Getting Started",
                "video_html": "<iframe width=\"400\" height=\"225\" src=\"https:\/\/www.youtube.com\/embed\/ttN0flPsnBc?feature=oembed&autoplay=1&iv_load_policy=3\" frameborder=\"0\" allowfullscreen><\/iframe>",
                "video_html_width": 400,
                "video_html_height": 225,
                "from_url": "https:\/\/youtu.be\/ttN0flPsnBc",
                "id": 1
            }
        ],
        "ts": "1453825380.000008"
    },
    {
        "user": "U0KE91W0K",
        "type": "message",
        "subtype": "channel_join",
        "text": "<@U0KE91W0K|tptb_need_war> has joined the channel",
        "ts": "1453831838.000010"
    }
]