[
    {
        "type": "message",
        "user": "U048X85UT",
        "text": "<https:\/\/www.indiegogo.com\/projects\/protonet-zoe-smart-home-hub-of-the-free#\/>",
        "ts": "1458412732.000068"
    },
    {
        "type": "message",
        "user": "U0474E4KZ",
        "text": "<http:\/\/techcrunch.com\/2016\/03\/17\/facebooks-messenger-in-a-bot-store\/>",
        "attachments": [
            {
                "service_name": "TechCrunch",
                "service_url": "http:\/\/techcrunch.com",
                "title": "Facebook\u2019s Messenger Bot Store could be the most important launch since the App\u00a0Store",
                "title_link": "http:\/\/techcrunch.com\/2016\/03\/17\/facebooks-messenger-in-a-bot-store\/",
                "author_name": "Tom Hadfield",
                "thumb_url": "https:\/\/i1.wp.com\/tctechcrunch2011.files.wordpress.com\/2016\/01\/facebook-messenger-800.jpg?fit=200%2C150&ssl=1",
                "thumb_width": 200,
                "thumb_height": 101,
                "text": "Tom Hadfield\n\t\t\n\t\t\tCrunch Network Contributor\n\t\t\n\n\t\t\t\t\t\n\t\t\n\t\n\n\t\t\tTom Hadfield is is the CEO of Prompt.\n\t\n\t\t\t\n\t\t\tMore posts by this contributor:\t\t\t\n\t\t\t\t\t\t\t\t\tMobile Messaging Conjures A Commerce\u00a0Platform\n\t\t\t\t\t\t\t\n\t\n\tHow to join the network\n\n\nIf Facebook announces the \u201cMessenger Bot Store\u201d at F8, as many predict, it would be arguably the most consequential event for the tech industry since Apple announced the App Store and iPhone SDK in March 2008.\nEven Steve Jobs could not have foreseen the impact of what he described as \u201ca new application that lets users browse, search, purchase and download third party applications directly onto their iPhone\u201d.\nBy the time the App Store opened for business in July 2008, approximately 6 million people worldwide owned an iPhone. By the end of the year, the number of iPhone owners had more than doubled, and in each of the following years iPhone sales doubled and then doubled again. The App Store ecosystem \u2013 which now has more than 1.5 million iOS apps \u2013 heralded the arrival of a new \u201cmobile\u201d era.\nToday, Facebook Messenger has 800 million monthly active users \u2013 more than 100 times the number of iPhone owners when Apple launched the App Store. Messenger\u2019s current active user base exceeds even the total number of iPhones ever sold. Messaging apps now have more active users than social networks.\nIn January, TechCrunch first reported rumors of Facebook\u2019s secret Chat SDK for building Messenger bots. If and when Facebook announces a Bot Store, it will mark the \u201cend of the beginning\u201d of a new era: messaging as a platform. Conversational user interfaces are about to change the way billions of users interact with the world around them.\nThe Early Days of Messaging as a Platform\n\nThe beginning of the current wave of interest in \u201cmessaging as a platform\u201d can be traced back to early last year. Magic, an SMS-based buying assistant, was the most coveted company at YCombinator\u2019s Demo Day in March 2015, ultimately raising $12 million from Sequoia. In the following months, GoButler raised $8 million from General Catalyst for an almost identical service, and Operator announced it had raised $10 million from Greylock. Suddenly, everyone was talking about the battle for tech\u2019s next frontier.\nOver the summer, The Information broke the news that AI-powered Facebook M would enable Messenger users to make purchases, restaurant reservations, and travel bookings within the messaging interface.\nPavel Durov announced the expansion of the Telegram Bot Store and Ted Livingston staked out Kik\u2019s claim to be the WeChat of the West. By the end of the year, Slack had announced the Slack App Directory, supported by an $80 million fund to fuel the growth of the ecosystem, and Google was rumored to be developing its own chatbots.\nThe Great Bot Rush\nGold rush. Photo courtesy of Flickr\/Glen Bowman.\n\u00a0\nThere has since been much talk about the search for the killer bot. It\u2019s early days, but we\u2019re starting to see seed financing rounds for bots such as Howdy,<http:\/\/Assi.st|Assi.st>, Hyper, Pana, Scout, Luka, and Rep. In parallel, other startups \u2013 like Pandorabots, the soon-to-be-announced Automat and my own company, Prompt \u2013 are focused on building the picks and shovels for bot developers.\nSome of the top investors in Silicon Valley are placing their bets. Phil Libin at General Catalyst has described bots as \u201cthe most important tech trend of the year\u201d and Albert Wenger at Union Square Ventures described this new era as \u201cthe Great Bot Rush\u201d (a notably more attractive phrase than \u201cThe Botageddon\u201d). Just a few days ago, John Lilly at Greylock tweeted that the \u201c% of pitches for bots and\/or AI companies is approaching 100%.\u201d Forward-thinking early stage investors \u2013 such as Boris Wertz, Dave Morin, Semil Shah, and Nir Eyal \u2013 are also taking a keen interest.\nBots Are The New Apps\nA Messenger Bot Store would have far-reaching consequences not only for entrepreneurs and investors, but also developers and designers. Sam Lessin, the CEO of Fin, says the rise of chat-based user interfaces will mark \u201ca fundamental shift that is going to change the types of applications that get developed and the style of service development.\u201d\nChris Messina famously predicted 2016 would be \u201cthe year of conversational commerce\u201d, but the Messenger bot platform will inevitably extend far beyond commerce.\nMessaging will become the command line interface for the real world \u2013 though it will differ from the command line we\u2019re all familiar with. Given recent advances in natural language processing, the syntax for engaging with bots will be less brittle than the command line of recent decades, even if we are \u201c50 Nobel Prizes away\u201d from HAL 9000 as Benedict Evans astutely observes.\nFor a time, bots were perceived to be plain-text exchanges and as such were often described as \u201cinvisible apps\u201d. As Jonathan Libov at USV points out, though, \u201cjust because the container is a messenger doesn\u2019t mean that all the apps inside are text-based.\u201d Toma\u017e \u0160tolfa says there is \u201cunexplored potential in blending conversational interfaces with rich graphical UI elements.\u201d\nIf 800 million Facebook users start discovering bots in Messenger after F8, it will vindicate those who have been saying bots are the new apps.\n\nThere\u2019s an entire ecosystem, akin to the App Store in its scale, to be built. When you can quickly and easily interact with Dominos, United Airlines and Capital One on Messenger, and will you ever use their bloated native apps again? The current bot landscape feels a lot like the web in 1995, or mobile apps in 2008.\nMany answered questions remain: How long until other messaging platforms, such as WhatsApp, open their platforms to developers too? Will the likes of OpenTable build bots for every messaging platform, or will cross-platform standards for bot development emerge? And perhaps most importantly, for which use cases can messaging deliver a far superior experience to traditional native apps?\nIt is true that, as Jonathan Libov has observed, \u201cdeveloper interest in messaging\/bots has far, far outpaced consumer interest thus far\u201d.\nBut if Ted Livingston\u2019s prediction is correct, then that will all change at F8 on April 12th. In the race to become the WeChat of the West, don\u2019t bet against Facebook Messenger just yet.\nLook out, Apple!",
                "fallback": "TechCrunch Link: Facebook&#8217;s Messenger Bot Store could be the most important launch since the App&nbsp;Store",
                "from_url": "http:\/\/techcrunch.com\/2016\/03\/17\/facebooks-messenger-in-a-bot-store\/",
                "id": 1
            }
        ],
        "ts": "1458423936.000069"
    }
]