[
    {
        "user": "U0N53UJES",
        "type": "message",
        "subtype": "channel_join",
        "text": "<@U0N53UJES|petersilo> has joined the channel",
        "ts": "1455880193.000037"
    },
    {
        "type": "message",
        "user": "U0FESR742",
        "text": "This is directly relevant to DC communities \n\n<http:\/\/www.npr.org\/sections\/thetwo-way\/2016\/02\/17\/467035863\/judge-orders-apple-to-help-investigators-unlock-california-shooters-phone?utm_source=facebook.com&amp;utm_medium=social&amp;utm_campaign=npr&amp;utm_term=nprnews&amp;utm_content=20160217>",
        "attachments": [
            {
                "service_name": "NPR.org",
                "title": "Apple Opposes Judge's Order To Help FBI Unlock San Bernardino Shooter's Phone",
                "title_link": "http:\/\/www.npr.org\/sections\/thetwo-way\/2016\/02\/17\/467035863\/judge-orders-apple-to-help-investigators-unlock-california-shooters-phone?utm_source=facebook.com&utm_medium=social&utm_campaign=npr&utm_term=nprnews&utm_content=20160217",
                "text": "Apple has said it can't access data on its phones running iOS 8 or higher \u2014 and doesn't intend to try.",
                "fallback": "NPR.org: Apple Opposes Judge's Order To Help FBI Unlock San Bernardino Shooter's Phone",
                "image_url": "http:\/\/media.npr.org\/assets\/img\/2016\/02\/17\/ap_525223573924_wide-7224c081e7e2f751e7378350e38febbabf20679d.jpg?s=1400",
                "from_url": "http:\/\/www.npr.org\/sections\/thetwo-way\/2016\/02\/17\/467035863\/judge-orders-apple-to-help-investigators-unlock-california-shooters-phone?utm_source=facebook.com&utm_medium=social&utm_campaign=npr&utm_term=nprnews&utm_content=20160217",
                "image_width": 445,
                "image_height": 250,
                "image_bytes": 218900,
                "id": 1
            }
        ],
        "ts": "1455907439.000038"
    },
    {
        "type": "message",
        "user": "U0HS7GDRC",
        "text": "Come help McAfee! Looking for volunteers... <https:\/\/mcafee2016.com>",
        "attachments": [
            {
                "service_name": "John McAfee'16  -  Libertarian For President",
                "title": "John McAfee For President",
                "title_link": "https:\/\/mcafee2016.com",
                "fallback": "John McAfee'16  -  Libertarian For President: John McAfee For President",
                "image_url": "https:\/\/mcafee2016.com\/wp-content\/uploads\/2016\/02\/bg-1-1030x579.jpg",
                "from_url": "https:\/\/mcafee2016.com",
                "image_width": 445,
                "image_height": 250,
                "image_bytes": 128488,
                "id": 1
            }
        ],
        "ts": "1455912651.000040"
    },
    {
        "user": "U0N85EADU",
        "type": "message",
        "subtype": "channel_join",
        "text": "<@U0N85EADU|dodgers> has joined the channel",
        "ts": "1455915396.000042"
    },
    {
        "user": "U0N8G9KFV",
        "type": "message",
        "subtype": "channel_join",
        "text": "<@U0N8G9KFV|tejasunku> has joined the channel",
        "ts": "1455921441.000043"
    },
    {
        "user": "U0N9DPPH6",
        "type": "message",
        "subtype": "channel_join",
        "text": "<@U0N9DPPH6|philh> has joined the channel",
        "ts": "1455953613.000044"
    }
]