[
    {
        "user": "U0M0YRNKW",
        "type": "message",
        "subtype": "channel_join",
        "text": "<@U0M0YRNKW|kripto> has joined the channel",
        "ts": "1455225159.000061"
    },
    {
        "type": "message",
        "user": "U06AAH8F3",
        "text": "<@U0474E4KZ>: the link above [<https:\/\/synereonet.slack.com\/archives\/random\/p1454888948000054>] regarding Win10 collecting data is, as many of these sorts of articles, incredibly light on the conclusive facts and heavy on the sensationalized and incendiary elements of story telling.\n\nThe \"esteemed reader\" goes by the handle of *M0therf*#king+Sh!t* [my censorship provided] and references a user he notes as *one user* and then references a post at a URL which is now no longer present [<https:\/\/voat.co\/v\/technology\/comments\/835741>] due to being banned by moderators (it seems). Luckily, the forum readers surface an archive link of that post that contains actual data [<https:\/\/archive.is\/QFL8e>] in which there are some unfounded assertions, paranoid accusations, and a summation of data without much further thought or investigation going into the matter.\n\nNow I know, I'm not using the most precise of argument refutation strategies here and have most seriously invoked a bit of the strawman in calling out the messenger of the messenger's handle as a point to focus on here, but I don't feel this warrants much attention, most notably because the post doesn't actually contain an argument so reason, evidence, and *data* are all somewhat irrelevant on first blush. 5508 connection attempts over 8 hours translates to 688 connection attempts in 1 hour on a node that has been sabotaged into thinking that it is connected to the internet but, as per #4 in the steps taken, the router is dropping and logging all attempts to \"phone home\" to somewhere.\n\nWhat is the nature of those attempts to \"phone home\"? Are they all indeed being routed to Microsoft services? Are we 100% positive the image is an entirely clean build? Where did the user acquire the Enterprise edition in the first place? Is it embedded with additional Enterprise required services or protocols from the employer that he is using\/borrowing the image from? Do these phone home attempts actually help orient the machine in space and time in some way above and beyond simply \"spying\" on the user? What \"user\" data would be collected at this stage of a clean build in the first place if no user has ever used the machine? Does the user understand the telemetry footprint of MS Windows 10 in the first place to make any sort of assertions about the connections? Has the user ever considered the effects of timing out requests and retrying as a basis for higher than expected traffic due to the drop and log settings on the router?",
        "attachments": [
            {
                "color": "4D394B",
                "from_url": "https:\/\/synereonet.slack.com\/archives\/random\/p1454888948000054",
                "fallback": "[February 7th, 2016 3:49 PM] dor: <http:\/\/tech.slashdot.org\/story\/16\/02\/06\/1550249\/even-with-telemetry-disabled-windows-10-talks-to-dozens-of-microsoft-servers?utm_source=feedly1.0mainlinkanon&amp;utm_medium=feed>",
                "author_subname": "dor",
                "ts": "1454888948.000054",
                "text": "<http:\/\/tech.slashdot.org\/story\/16\/02\/06\/1550249\/even-with-telemetry-disabled-windows-10-talks-to-dozens-of-microsoft-servers?utm_source=feedly1.0mainlinkanon&amp;utm_medium=feed>",
                "author_name": "Dor Konforty",
                "author_link": "https:\/\/synereonet.slack.com\/team\/dor",
                "author_icon": "https:\/\/avatars.slack-edge.com\/2015-06-04\/5225530797_b77f1919ca1f23630c8d_48.jpg",
                "mrkdwn_in": [
                    "text"
                ],
                "id": 1
            },
            {
                "service_name": "Voat",
                "title": "deleted by user | technology",
                "title_link": "https:\/\/voat.co\/v\/technology\/comments\/835741",
                "text": "Voat - have your say",
                "fallback": "Voat: deleted by user | technology",
                "from_url": "https:\/\/voat.co\/v\/technology\/comments\/835741",
                "thumb_url": "https:\/\/voat.co\/Graphics\/voat-logo.png",
                "thumb_width": 112,
                "thumb_height": 31,
                "id": 2
            },
            {
                "service_name": "archive.is",
                "title": "Windows 10 telemetry network traffic analysis, part 1: | technology",
                "title_link": "https:\/\/archive.is\/QFL8e",
                "text": "archived 9 Feb 2016 09:56:16 UTC",
                "fallback": "archive.is: Windows 10 telemetry network traffic analysis, part 1: | technology",
                "thumb_url": "https:\/\/archive.li\/QFL8e\/6f033a588ce229cd9c45fdb3c9e7a405b558bde4\/scr.png",
                "from_url": "https:\/\/archive.is\/QFL8e",
                "thumb_width": 1024,
                "thumb_height": 768,
                "id": 3
            }
        ],
        "edited": {
            "user": "U06AAH8F3",
            "ts": "1455256509.000000"
        },
        "ts": "1455255907.000062",
        "reactions": [
            {
                "name": "+1",
                "users": [
                    "U0474E4KZ"
                ],
                "count": 1
            }
        ]
    },
    {
        "type": "message",
        "user": "U06AAH8F3",
        "text": "I guess what I'm really trying to say here is ... that telemetry data in its purest form is sanitized and anonymized and once received by Microsoft is used in various different ways. As a former PM within MS, I can tell you the rigor that goes into quantifying the specific bit of data that is being asked for is by no means a task taken lightly. Asking specific business questions and formulating a specific series of actions to be logged and that historical data being streamlined and reduced in size to limit impact (performance and bandwidth) is all very highly scrutinized. Writing telemetry specs is really not the most fun I've ever had while building products at Microsoft due to the overhead, the internal regulation and approvals required, and not to mention the analysis on the other end of releasing the feature. Calculating the \"wrong\" metric is quite easy to do once users start hammering away on the product and begin using it in ways that were not originally imagined.\n\nAre there some serious concerns about privacy in the world we inhabit today? Absolutely? Do we actually *own* the software we're running when we're interfacing with the digital world? ... well, if we're using Google, Microsoft, or Apple products, largely no ... the EULAs on these products don't leave much room for us to make the assertion that we do. Roll our own linux machines and rebuild the driver software we're not fond of if it's phoning home to relay telemetry data ... that's the best bet. Ranting about Microsoft products while ill-informed ... kind of not the way to make much change in this world.",
        "ts": "1455256513.000065",
        "reactions": [
            {
                "name": "+1",
                "users": [
                    "U048T3M8W",
                    "U0J9CQF9S",
                    "U0474E4KZ"
                ],
                "count": 3
            }
        ]
    }
]