[
    {
        "user": "U0L5RDT7F",
        "type": "message",
        "subtype": "channel_join",
        "text": "<@U0L5RDT7F|blue> has joined the channel",
        "ts": "1454496809.000039"
    },
    {
        "user": "U0L7K8S5R",
        "type": "message",
        "subtype": "channel_join",
        "text": "<@U0L7K8S5R|tangcov> has joined the channel",
        "ts": "1454533974.000040"
    },
    {
        "user": "U0L7TUQJE",
        "type": "message",
        "subtype": "channel_join",
        "text": "<@U0L7TUQJE|felvis> has joined the channel",
        "ts": "1454537178.000041"
    }
]