[
    {
        "type": "message",
        "user": "U04BQ4FMC",
        "text": "How about an update on the last stage of amp distribution?  <@U0474AT8P> , <@U0474AYFT>",
        "ts": "1431866163.000010"
    },
    {
        "type": "message",
        "user": "U0474AT8P",
        "text": "Work in progress. U mean the payouts for bounties right?",
        "ts": "1431872099.000011"
    },
    {
        "type": "message",
        "user": "U0474AT8P",
        "text": "The team is on the case, just takes a while as Omni has something to finish on their side first.",
        "ts": "1431872202.000012"
    },
    {
        "type": "message",
        "user": "U04BQ4FMC",
        "text": "Yes.  Ok, thanks for the info  :simple_smile:",
        "ts": "1431872883.000013"
    }
]