[
    {
        "type": "message",
        "user": "U046F1278",
        "text": "<@U04HXJ6BY>: if you can't export a private key from your bitgo wallet you won't have access to your amps",
        "ts": "1430118185.000239"
    },
    {
        "type": "message",
        "user": "U046F1278",
        "text": "see PM",
        "ts": "1430118756.000240"
    },
    {
        "type": "message",
        "user": "U049CMCCZ",
        "text": "when do you guys expect the AMPs to be viewable in the omniwallet?",
        "ts": "1430126507.000241"
    },
    {
        "type": "message",
        "user": "U049CMCCZ",
        "text": "<@U04BMCE7Q>: haha yeah thx - good teacher :thumbsup:",
        "ts": "1430126682.000242"
    },
    {
        "user": "U04JKCDMU",
        "type": "message",
        "subtype": "channel_join",
        "text": "<@U04JKCDMU|transisto> has joined the channel",
        "ts": "1430200084.000243"
    }
]