[
    {
        "user": "U04NTSB7Y",
        "type": "message",
        "subtype": "channel_join",
        "text": "<@U04NTSB7Y|dohko> has joined the channel",
        "ts": "1431013894.000002"
    },
    {
        "type": "message",
        "user": "U04BMCE7Q",
        "text": "ALL PPL received AMPs ????",
        "ts": "1431021340.000003"
    },
    {
        "type": "message",
        "user": "U04BMCE7Q",
        "text": "My Omniwallet Still Zero :disappointed:",
        "ts": "1431021351.000004"
    },
    {
        "type": "message",
        "user": "U04BMCE7Q",
        "text": "@all",
        "ts": "1431021359.000005"
    },
    {
        "type": "message",
        "user": "U04HQMSAY",
        "text": "I didnt also",
        "ts": "1431032071.000006"
    },
    {
        "type": "message",
        "user": "U04BMCE7Q",
        "text": "<http:\/\/i.imgur.com\/zPSZXLJ.jpg>",
        "attachments": [
            {
                "from_url": "http:\/\/i.imgur.com\/zPSZXLJ.jpg",
                "fallback": "900x603px image",
                "image_url": "http:\/\/i.imgur.com\/zPSZXLJ.jpg",
                "image_width": 900,
                "image_height": 603,
                "image_bytes": 90836,
                "id": 1
            }
        ],
        "ts": "1431060197.000007"
    }
]