[
    {
        "type": "message",
        "user": "U050QES9A",
        "text": "<@U0474AT8P>: <@U0474AYFT>  Funny enough, I think it is important for the community to take a look see at this... I sent an email out to Omni that said this: Hi,\n\nI understand you have a deal with the Synereo people, providing a platform for them to distribute their AMPS. Well, I won one of their bounties, and was promised a significant number of AMPS. They informed us bounty winners that we would be receiving our coins as soon as the official crowdsale participants received theirs. This occurred around six weeks ago, and after various fandanglings, we have been informed that it isn't Synereo's fault, but is in fact, OMNIWALLETS fault. I quote Nic from the Synereo team, responding to an inquiry about where the AMPS are: \"Unfortunately we are waiting on Omni to complete some tasks before we can go ahead and pay out of the User Rewards Wallet. \"\n\nCould you confirm the validity of this statement? And, if it is in fact valid, could you possibly provide a time frame wherein said \"tasks\" are going to be completed?\" - end email.",
        "ts": "1434139202.000020"
    },
    {
        "type": "message",
        "user": "U050QES9A",
        "text": "Well this email led to this discussion with Adam, a representative of omni - sorry about the formatting -",
        "ts": "1434139268.000021"
    },
    {
        "type": "message",
        "user": "U050QES9A",
        "text": "Welcome!\n\t\n\nYou're a guest in the Omni support room. A list of people in the room is on the right.\n\ninstrument6\n\t\n\n12:37 PM\n\nhello, anyone here?\n\nAdam (Omni)\n\t\n\n12:37 PM\n\nHi,\n\ninstrument6\n\t\n\n12:37 PM\n\nhi oh good\n\nAdam (Omni)\n\t\n\n12:38 PM\n\nHow can i help you\n\ninstrument6\n\t\n\n12:38 PM\n\noh good maybe you can help me with this...\n\ninstrument6\n\t\n\n12:39 PM\n\nI composed this email yesterday and sent to omnichest, which I guess was not the right channel... Zathras pointed me in this direction...\n\ninstrument6\n\t\n\n12:39 PM\n\nI will just repost my email to him...\n\nAdam (Omni)\n\t\n\n12:39 PM\n\nAbout bounties from synereo\n\ninstrument6\n\t\n\n12:39 PM\n\nyes\n\ninstrument6\n\t\n\n12:39 PM\n\nhave you seen it already?\n\nAdam (Omni)\n\t\n\n12:39 PM\n\nYup, I saw it come in this morning\n\ninstrument6\n\t\n\n12:39 PM\n\noh ok\n\ninstrument6\n\t\n\n12:40 PM\n\ncan you confirm that what they are telling us bounty winners is in fact true?\n\nAdam (Omni)\n\t\n\n12:40 PM\n\nyes and no\n\ninstrument6\n\t\n\n12:40 PM\n\nit is a problem on omniwallets end?\n\nAdam (Omni)\n\t\n\n12:40 PM\n\nNo its not a problem\n\nits more communication\n\nand its not omniwallet itself as much as its one of our members\n\nwho is acting as trust\/secure dispensary for the AMp's that where created on behalf of Synereo\n\nhe is basically one of the multisig holders\n\nWhen they tell him 'we need to send amps to person y' he creates the tx and sends it to them to sign, when its been signed by all parties they send it back to him and it get broadcast\n\nOmniwallet\/omni doesn't really have any specific control other than it happens to be one of the guys on our team who was asked to be in this position\n\nSo the last update i saw from him was that he had not actually received any requests from Synereo to send out the amps for the bounty yet\n\nIts entirely possible that someone thought they asked him or they thought he was already receiving the bounty request emails\/confirmations and he didn't\n\nI would say that by monday they should have it figured out and back in process\n\ninstrument6\n\t\n\n12:44 PM\n\nhmmm, interesting... so this statement from them: \"\"Unfortunately we are waiting on Omni to complete some tasks before we can go ahead and pay out of the User Rewards Wallet. \"\n.... this isnt exactly the truth then?\n\nAdam (Omni)\n\t\n\n12:44 PM\n\nIf that makes more sense?\n\ninstrument6\n\t\n\n12:46 PM\n\nwell, yeah that certainly is more information than I have been able to get from them... that offset blame statement is all they have offered us... but it seems that the statemment itself is misleading...\n\nAdam (Omni)\n\t\n\n12:46 PM\n\nWell. \"waiting on omni = waiting on the multisig amp tx to be created and sent to them to sign\"\u2002\u2002is true.\u2002\u2002\nhowever, the member who receives those requests hasn't received the request to his knowledge\n\nHe was planning on reaching out to them today\/this weekend to figure out what is going on.\u2002\u2002\n\nBut communicating between different timezones can be a little delayed sometimes\n\ninstrument6\n\t\n\n12:47 PM\n\nyeah, well said member receiving the request would obviously be the prerequisite for said member being able to perform his function as signature holder haha...\n\nAdam (Omni)\n\t\n\n12:47 PM\n\nhehe yea\n\nBut If you haven't gotten any response by monday please come back and ping me\/let me know and i'll try to poke the guys on this side to make sure it gets moving\n\nAdam (Omni)\n\t\n\n12:49 PM\n\nActually i'm talking to our member now\n\ninstrument6\n\t\n\n12:50 PM\n\nok great Adam! thanks for the professionalism and honesty! I have been uncomfortable about the whole thing and Synereo has done next to nothing to clarify... and this information reveals that there is in fact more to the story... so thanks!\n\nAdam (Omni)\n\t\n\n12:50 PM\n\nHe's reached out to the Synereo guys to spell out exactly what he needs from them\n\nSo as soon as they respond he'll be able to continue the process of the distribution.\u2002\u2002\n\nNot a problem,\u2002\u2002i can understand how lack of information can be unsettling\n\nAnything else I can help\u2002\u2002you with ?\n\ninstrument6\n\t\n\n12:52 PM\n\nno Adam... thanks you have been a great help!",
        "ts": "1434139297.000022"
    },
    {
        "type": "message",
        "user": "U050QES9A",
        "text": "That is the end of the conversation...  LUCY!?  Splainin time!",
        "ts": "1434139541.000023"
    },
    {
        "type": "message",
        "user": "U0474AYFT",
        "text": "<@U050QES9A>: thanks for this!",
        "ts": "1434175911.000024"
    },
    {
        "type": "message",
        "user": "U0474AYFT",
        "text": "We did contact Craig a while ago.",
        "ts": "1434175927.000025"
    },
    {
        "type": "message",
        "user": "U0474AYFT",
        "text": "i'll track down <@U046F1278> and see where this stands.",
        "ts": "1434175950.000026"
    }
]