[
    {
        "type": "message",
        "user": "U04BMCE7Q",
        "text": "<https:\/\/i.imgur.com\/VqXyJ6Z.png>",
        "attachments": [
            {
                "from_url": "https:\/\/i.imgur.com\/VqXyJ6Z.png",
                "fallback": "320x240px image",
                "image_url": "https:\/\/i.imgur.com\/VqXyJ6Z.png",
                "image_width": 320,
                "image_height": 240,
                "image_bytes": 123048,
                "id": 1
            }
        ],
        "ts": "1430212337.000244"
    },
    {
        "type": "message",
        "user": "U04HXJ6BY",
        "text": "<@U046F1278> pm returned yesterday, waiting on reply and insrtuctions",
        "ts": "1430224377.000246"
    }
]