[
    {
        "type": "message",
        "user": "U0474AT8P",
        "text": "Agreed. I actually like his memes quite a bit! :wink:",
        "edited": {
            "user": "U0474AT8P",
            "ts": "1432450987.000000"
        },
        "ts": "1432450978.000015"
    },
    {
        "type": "message",
        "user": "U04BMCE7Q",
        "text": "<@U050QES9A>: dude that meme was for fun. i am not in hurry for bounties . and <@U048X85UT> was just commented in positive feedback",
        "ts": "1432488370.000017"
    },
    {
        "type": "message",
        "user": "U04BMCE7Q",
        "text": "guys i will talk u later its exam time :stuck_out_tongue:",
        "ts": "1432488438.000018"
    },
    {
        "type": "message",
        "user": "U0474AT8P",
        "text": "Good luck with the exams Theo!",
        "ts": "1432491279.000019"
    }
]