[
    {
        "user": "U050QES9A",
        "type": "message",
        "subtype": "channel_join",
        "text": "<@U050QES9A|antisocialmedia> has joined the channel",
        "ts": "1432406133.000002"
    },
    {
        "type": "message",
        "user": "U050QES9A",
        "text": "<@U0474AT8P> <@U048X85UT> <@U0474AYFT> | jimscarver 9:10 AM lol, but there is stuff a lot more importand than distributing bounties.  We got the bounties trust me | This comment really rubs me the wrong way. It is both dismissive and condescending to the people who expended the time and creative energy to come up with the requirements to win the bounties. \"lol\"? Well thats just blatantly adolescent and rude! and: \"there is 'stuff' a lot more important than distributing bounties.\" Tell you what... I do me, you do you... I will decide what is important to me, and you focus on the \u201cstuff a lot more important\u201d thank you very much. Anyone on the team interested in respectful customer service and intelligent PR would do well to put an end to these types of inconsiderate comments, stat. Finally, \"trust me\u201d with a silly face\u2026 sorry but whats up with the sillies? Again, people put their time and energy into this\u2026 you might think it\u2019s cute to be silly but I don\u2019t. And \u201ctrust\u201d? In this space? Anyone with even a modicum of familiarity with the rampant scam artists, consters, opportunists and overt criminals in crypto-space, and crowdsales in general, should have a bit of empathy for those who don't blindly trust people they don't know personally... to do otherwise, especially in any space that has a relation with crypto, is to be a fool. Synereo indicated to everyone that the coins would be distributed promptly after the crowdsale end; first crowdsale participants, then bounties. It is now nearly a month after that date, and nearly two weeks after official tweet that crowdsale AMPS were disbursed, and the only updates we received are the ones we asked for. The logic is this: Since you have not provided considerate updates, the people expecting bounties to arrive are not seeing them arrive. Thus, they ask questions. They do not deserve these types of responses. It is unprofessional to say the least. Altogether, this reveals a void in your awareness and conscientiousness as a team. Wake up. Fix it. No one cares about your problems. Someone dictate and reel in the meandering commenters. Be considerate and polite to those who cared enough about your project to even be keen to the fact that there was a bounty situation at work in the first place\u2026 we are your earliest supporters and should not be treated flippantly, period. The \u201cintegrator\u201d speaks, whether aware of it or not, in the spirit of a segregationist.",
        "edited": {
            "user": "U050QES9A",
            "ts": "1432406860.000000"
        },
        "ts": "1432406196.000003"
    },
    {
        "type": "message",
        "user": "U048X85UT",
        "text": "My apologies for the offence.  I am unaware that early distribution of amps has  any value for anyone whereas early delivery of the beta is in the interest of everyone here.  <@U0474AYFT> and others here have spent a great amount of time insuring everyone in the crowdsale got their amps at the expense of moving synereo forward.",
        "ts": "1432407178.000005"
    },
    {
        "user": "U0474AYFT",
        "inviter": "U048X85UT",
        "type": "message",
        "subtype": "channel_join",
        "text": "<@U0474AYFT|leithaus> has joined the channel",
        "ts": "1432407196.000006"
    },
    {
        "type": "message",
        "user": "U048X85UT",
        "text": "I am very clumsy socially and could not anticipate your reaction.  I am drain bramaged.  I hope I can learn from this faux pas.  Thanks for pointing it out.",
        "ts": "1432407363.000007"
    },
    {
        "type": "message",
        "user": "U048X85UT",
        "text": "btw, the lol was in reference to theo's skeleton image which did make me laugh out loud.  My sence of humor may be a bit off the wall too.",
        "edited": {
            "user": "U048X85UT",
            "ts": "1432409742.000000"
        },
        "ts": "1432409512.000008"
    },
    {
        "type": "message",
        "user": "U0474AT8P",
        "text": "I did get your joke Jim, you have been around for a while and I'm aware of what is important for you: getting Synereo going. I can understand someone taking it the wrong way and the time it's taking for the bounty payouts doesn't help. Unfortunately we are waiting on Omni to complete some tasks before we can go ahead and pay out of the User Rewards Wallet.",
        "ts": "1432420274.000012"
    },
    {
        "type": "message",
        "user": "U0474AT8P",
        "text": "We will make sure to let everyone know when that happens and when to expect their well deserved AMPs.",
        "ts": "1432420360.000013"
    },
    {
        "type": "message",
        "user": "U049CMCCZ",
        "text": "<@U050QES9A>: I too see <@U048X85UT> just joking about it - no bullying whatsoever :simple_smile: matter of fact if you have followed this slack over time you would find that <@U04BMCE7Q> is himself a funny and humorous fellow who likes a good laugh :smile:",
        "ts": "1432449772.000014"
    }
]