[
    {
        "type": "message",
        "user": "U04MANNGL",
        "text": "I see the crowdsale has ended, you made $120.000, is that correct?",
        "ts": "1430821778.000258"
    },
    {
        "type": "message",
        "user": "U04MANNGL",
        "text": "I'm currently reading the whitepaper; very impressive stuff!",
        "ts": "1430821807.000259"
    },
    {
        "type": "message",
        "user": "U048X85UT",
        "text": "Apparently omniwallet does not show bitcoin only transactions in the history for some reason so my funding the wallet and buying amps does not show but they say my amps will show up there.",
        "ts": "1430838238.000260"
    },
    {
        "type": "message",
        "user": "U04BMCE7Q",
        "text": "<@U048X85UT>: yes",
        "ts": "1430838746.000261"
    },
    {
        "type": "message",
        "user": "U04BMCE7Q",
        "text": "i still not received AMPs",
        "ts": "1430838755.000262"
    },
    {
        "type": "message",
        "user": "U048X85UT",
        "text": "Why worry about the amps unless you want to sell them.  synereo has a lot more important stuff to do at the moment than distribute amps if they are to be worth anything so lets be patient. :simple_smile:",
        "ts": "1430839340.000263"
    },
    {
        "type": "message",
        "user": "U04BMCE7Q",
        "text": "right",
        "ts": "1430841296.000264"
    },
    {
        "type": "message",
        "user": "U04BQ4FMC",
        "text": "I just want to AMP my first post on Synereo!  :stuck_out_tongue:",
        "ts": "1430856341.000265"
    },
    {
        "type": "message",
        "user": "U048X85UT",
        "text": "lol.  be carefull, you might create a short :stuck_out_tongue:",
        "ts": "1430857988.000266"
    },
    {
        "type": "message",
        "user": "U048X85UT",
        "text": "and be all alone. :sob:",
        "ts": "1430858119.000267"
    },
    {
        "type": "message",
        "user": "U048X85UT",
        "text": "in an infinate loop, a singularity.",
        "ts": "1430858153.000268"
    },
    {
        "type": "message",
        "user": "U048X85UT",
        "text": "safer to amp a later release :simple_smile:",
        "ts": "1430858281.000269"
    },
    {
        "user": "U04L5FD9S",
        "type": "message",
        "subtype": "channel_join",
        "text": "<@U04L5FD9S|timpastoor> has joined the channel",
        "ts": "1430866860.000270"
    },
    {
        "type": "message",
        "user": "U04BQ4FMC",
        "text": "yeah, Jim, I don't think we'll need much power to traverse the system at first!",
        "ts": "1430874754.000271"
    }
]