[
    {
        "type": "message",
        "user": "U04BQ4FMC",
        "text": "If my AMPS are in Omniwallet, do I need to move it?  Can someone link to where that is explained?",
        "ts": "1447775661.000002"
    },
    {
        "type": "message",
        "user": "U04BQ4FMC",
        "text": "<@U0474AT8P>:",
        "ts": "1447775714.000003"
    },
    {
        "type": "message",
        "user": "U04BQ4FMC",
        "text": "Never mind, I found it.   I was confusing \"mastercoin\" (of omniwallet) with 'masterXchange.",
        "ts": "1447777034.000004"
    },
    {
        "type": "message",
        "user": "U0474AT8P",
        "text": "cool glad u sorted it, and no if in Omniwallet you don\u2019t have to move",
        "ts": "1447780763.000005"
    }
]