[
    {
        "type": "message",
        "user": "U04BMCE7Q",
        "text": "<https:\/\/i.imgur.com\/hSutT1X.jpg>",
        "attachments": [
            {
                "fallback": "400x321px image",
                "image_url": "https:\/\/i.imgur.com\/hSutT1X.jpg",
                "image_width": 400,
                "image_height": 321,
                "image_bytes": 35514,
                "from_url": "https:\/\/i.imgur.com\/hSutT1X.jpg",
                "id": 1
            }
        ],
        "ts": "1434359421.000031"
    },
    {
        "type": "message",
        "user": "U0474AT8P",
        "text": "Theo has a meme for every occasion ah, ah :simple_smile:",
        "ts": "1434390645.000033"
    }
]