[
    {
        "type": "message",
        "user": "U046F1278",
        "text": "bounty payouts have started :simple_smile: expect them all to be completed today",
        "ts": "1434614055.000034"
    },
    {
        "type": "message",
        "user": "U04BMCE7Q",
        "text": "Wooooooo Hoooooooo I got it :grinning:",
        "ts": "1434627939.000035"
    },
    {
        "type": "message",
        "user": "U04BMCE7Q",
        "text": "Hello Guys <@U0474AT8P> <@U048X85UT> <@U049CMCCZ>  <@U049WSTG0>  I am back",
        "ts": "1434628092.000036"
    },
    {
        "user": "U049WSTG0",
        "inviter": "U04BMCE7Q",
        "type": "message",
        "subtype": "channel_join",
        "text": "<@U049WSTG0|21xhipster> has joined the channel",
        "ts": "1434628102.000037"
    },
    {
        "type": "message",
        "user": "U049CMCCZ",
        "text": "very good :thumbsup:  hi Theo",
        "ts": "1434631809.000038"
    }
]