[
    {
        "type": "message",
        "user": "U0474AT8P",
        "text": "<https:\/\/twitter.com\/Synereo\/status\/586902655370428416>",
        "attachments": [
            {
                "fallback": "<https:\/\/twitter.com\/Synereo|@Synereo>: We are over 10 Million AMPs sold. Get yours before the next rate change: <https:\/\/crowdsale.synereo.com> #social #bitcoin <https:\/\/pbs.twimg.com\/media\/CCUYqcJWIAApUz0.png>",
                "ts": 1428763471,
                "author_name": "Synereo",
                "author_link": "https:\/\/twitter.com\/Synereo\/status\/586902655370428416",
                "author_icon": "https:\/\/pbs.twimg.com\/profile_images\/522790259789025280\/FKRuSK66_normal.png",
                "author_subname": "@Synereo",
                "text": "We are over 10 Million AMPs sold. Get yours before the next rate change: <https:\/\/crowdsale.synereo.com> #social #bitcoin <https:\/\/pbs.twimg.com\/media\/CCUYqcJWIAApUz0.png>",
                "service_name": "twitter",
                "service_url": "https:\/\/twitter.com\/",
                "image_url": "https:\/\/pbs.twimg.com\/media\/CCUYqcJWIAApUz0.png",
                "image_width": 598,
                "image_height": 296,
                "image_bytes": 146640,
                "from_url": "https:\/\/twitter.com\/Synereo\/status\/586902655370428416",
                "id": 1
            }
        ],
        "ts": "1428765480.000054"
    },
    {
        "type": "message",
        "user": "U048X85UT",
        "text": "Great news, but, I had an unexpected cash flow problem and did not get many yet.  I'll get some more now. :simple_smile:",
        "ts": "1428766384.000056"
    },
    {
        "user": "U04BQ4FMC",
        "type": "message",
        "subtype": "channel_join",
        "text": "<@U04BQ4FMC|malthusjohn> has joined the channel",
        "ts": "1428767046.000057"
    },
    {
        "type": "message",
        "user": "U048X85UT",
        "text": "I am rather surprised AMPs are not going faster, perhaps  the power of the platform is being undersold.  Maybe its too hard to buy and a credit card option should be added.  Or it just needs more promotion.",
        "ts": "1428768081.000058"
    },
    {
        "type": "message",
        "user": "U04BQ4FMC",
        "text": "Given the modest nature of the marketing, I don't think it's doing badly.  We are in the very early stages, which resemble the tail - small and rising barely above level.  The hump will come, after the early adopter waves.  Given that the network is not actually running, the crowdfunding is based entirely on faith of an idea, and one that most people have yet to encounter.",
        "ts": "1428768930.000059"
    },
    {
        "type": "message",
        "user": "U048X85UT",
        "text": "I guess.  most do not know DAPPs are the future of the internet and Synereo's attention currency and social contract support make it a winner.  They do not know Synereo's process calculus is  not just for social networks but any distributed application making the whole network a single mathematical construction shared  by al the users and what the implications of that are in empowering the individual,",
        "ts": "1428769688.000060"
    },
    {
        "type": "message",
        "user": "U04BQ4FMC",
        "text": "Right.  And most would not walk away with anything pragmatic after finding that out.  We'll have to explain in detail, but in laymen's terms, using  real-word examples.",
        "ts": "1428770770.000061"
    },
    {
        "type": "message",
        "user": "U048X85UT",
        "text": "In the next generation internet, now being spawned, DAPPS  replace central services like facebook and google.  Synereo offers a rich DAPP platform with proven privacy  and economic scalability to take over from facebook, linkedin, reddit, etc. with private communications with enforced social contacts and even  replaces insecure email.  The \"electricity\" that drives Synereo, the AMP insures fair distribution of reward to artists and authors, their promoters, and audience.",
        "ts": "1428774660.000062"
    },
    {
        "type": "message",
        "user": "U048X85UT",
        "text": "this could need a lot of use case examples....  or perhaps one fantasy trip to the future we imagine introducing it all.",
        "ts": "1428776088.000063"
    },
    {
        "type": "message",
        "user": "U04BQ4FMC",
        "text": "Oops - I did not see that the deadline was so soon (April 22).  I guess that does put a less positive  perspective.  Perhaps it should be extended, around 2 weeks?  What was the reason for having it so short?  Getting the message out on enough channels takes time, and repetition - every 3 days re-share each piece of material, etc.",
        "ts": "1428796059.000064"
    }
]