[
    {
        "type": "message",
        "user": "U046F1278",
        "text": "a quick update on the bounty payouts -",
        "ts": "1434218276.000027"
    },
    {
        "type": "message",
        "user": "U046F1278",
        "text": "unfortunately it's a process that takes a while since it requires several different steps to happen until we can actually release the funds: send initial TX fees from an existing wallet, create multisig TX to an intermediate wallet, have n-of-m parties sign and broadcast it, and only then can we move the funds around. this is by-design such that there is no single entity in charge of releasing AMPs",
        "ts": "1434218371.000028"
    },
    {
        "type": "message",
        "user": "U046F1278",
        "text": "having that said, we do apologize for the time this has taken, and hope to send out the bounties within a few days",
        "ts": "1434218392.000029"
    },
    {
        "type": "message",
        "user": "U046F1278",
        "text": "thanks for being patient with us :simple_smile:",
        "ts": "1434218401.000030"
    }
]