[
    {
        "user": "U04HXJ6BY",
        "type": "message",
        "subtype": "channel_join",
        "text": "<@U04HXJ6BY|regsanman> has joined the channel",
        "ts": "1430080163.000237"
    },
    {
        "type": "message",
        "user": "U04HXJ6BY",
        "text": "Hi everybody,  I am also trying to figure out how I can access the amps purchased in the crowdsale. I used bitgo online wallet which is multisig.  I contacted Omni wallet and multisig addresses are not compatible with the import function of the wallet.  So the way I understand it I will be able to see the amps on the Omni Chain, but won;t be able to do anything with them until the synereo network goes live.  Am I understanding this correctly?  thanks",
        "ts": "1430080398.000238"
    }
]