[
    {
        "user": "U048ERGCQ",
        "type": "message",
        "subtype": "channel_join",
        "text": "<@U048ERGCQ|fabio> has joined the channel",
        "ts": "1428051423.000005"
    },
    {
        "type": "message",
        "user": "U048ERGCQ",
        "text": "Hi there! I`ve just set up an omni wallet to do the crowdfunding. How many confirmations does Omni need? I`ve googled and read 1, but the BTC do not show up after 2 so far.",
        "ts": "1428051594.000006"
    },
    {
        "type": "message",
        "user": "U048ERGCQ",
        "text": "Forget it...it`s there...",
        "ts": "1428051924.000007"
    },
    {
        "type": "message",
        "user": "U048ERGCQ",
        "text": "Omni seems really crappy...don`t know wether it has sent the BTC to synereo, it seems stuck after I confirmed \"Send\"...",
        "ts": "1428052350.000008"
    },
    {
        "type": "message",
        "user": "U048ERGCQ",
        "text": "Ok. Worked with Chrome, was stuck with Firefox...I`m in...",
        "ts": "1428053055.000009"
    },
    {
        "type": "message",
        "user": "U0474AT8P",
        "text": "great, patience required sometimes... So hope is all gone through now.",
        "ts": "1428086219.000010"
    },
    {
        "user": "U048NQPTE",
        "type": "message",
        "subtype": "channel_join",
        "text": "<@U048NQPTE|joshn> has joined the channel",
        "ts": "1428095362.000011"
    },
    {
        "type": "message",
        "user": "U04910F4Z",
        "text": "Yeah, have not loved the omni wallet so far. Needs work. Why did u decide to go with them isntead of say NXT or Counter party, for example?",
        "ts": "1428095366.000012"
    },
    {
        "user": "U048QD6CG",
        "type": "message",
        "subtype": "channel_join",
        "text": "<@U048QD6CG|ryan> has joined the channel",
        "ts": "1428103869.000013"
    },
    {
        "type": "message",
        "user": "U048X85UT",
        "text": "my wire transfer failed, I got some AMPs if I used the right wallet :stuck_out_tongue: and will get more soon.  AMPs ought to be valuable because it is a  good solution,  and if nobody gets too greedy getting rich on them is a good thing to do   Synereo is more than just music, it is the power of distributed computing given to the people in a sustainable fashion with music.  But I guess I am preaching to the choir :stuck_out_tongue:",
        "ts": "1428104489.000014"
    },
    {
        "type": "message",
        "user": "U048QD6CG",
        "text": "crowdsale conribution sent",
        "ts": "1428106401.000015"
    },
    {
        "type": "message",
        "user": "U0474AT8P",
        "text": "YAY well done!",
        "ts": "1428106460.000016"
    },
    {
        "type": "message",
        "user": "U0474AT8P",
        "text": "I saw 100BTC going in... Thanks Ryan",
        "ts": "1428106474.000017"
    },
    {
        "type": "message",
        "user": "U0474AT8P",
        "text": ":wink:",
        "ts": "1428106482.000018"
    },
    {
        "type": "message",
        "user": "U0474AT8P",
        "text": "Only kiddin.",
        "ts": "1428106486.000019"
    },
    {
        "type": "message",
        "user": "U048QD6CG",
        "text": "ha i wish it was 100 :stuck_out_tongue_winking_eye:",
        "ts": "1428106488.000020"
    },
    {
        "type": "message",
        "user": "U04910F4Z",
        "text": "lol",
        "ts": "1428106490.000021"
    },
    {
        "type": "message",
        "user": "U048QD6CG",
        "text": "giving synero and factom each one",
        "ts": "1428106512.000022"
    },
    {
        "type": "message",
        "user": "U04910F4Z",
        "text": "So, I need a special btc address to get some AMP?",
        "ts": "1428106516.000023"
    },
    {
        "type": "message",
        "user": "U048NQPTE",
        "text": "Are AMPs being sent out now?",
        "ts": "1428106534.000024"
    },
    {
        "type": "message",
        "user": "U048QD6CG",
        "text": "not sure when i will get them but you can contribute now",
        "ts": "1428106571.000025"
    },
    {
        "type": "message",
        "user": "U04910F4Z",
        "text": "<https:\/\/crowdsale.synereo.com\/>",
        "ts": "1428106590.000026"
    },
    {
        "type": "message",
        "user": "U048QD6CG",
        "text": "i figured i had a good day playing poker this afternoon may as well do some crowdsales :wink:",
        "ts": "1428106592.000027"
    },
    {
        "type": "message",
        "user": "U04910F4Z",
        "text": "i rather not have to leave my comfy electrum wallet. but I will if need be",
        "ts": "1428106610.000028"
    },
    {
        "type": "message",
        "user": "U048XN527",
        "text": "I'm excited. I can't wait to AMPlify my content.",
        "edited": {
            "user": "U048XN527",
            "ts": "1428106859.000000"
        },
        "ts": "1428106844.000029"
    },
    {
        "type": "message",
        "user": "U0474AT8P",
        "text": "if you use Omniwallet it'll be easier as there you can actually see the balance <@U04910F4Z>",
        "ts": "1428106905.000031"
    },
    {
        "type": "message",
        "user": "U0474AT8P",
        "text": "AMPs will be sent at the end of the crowdsale",
        "ts": "1428106919.000032"
    },
    {
        "type": "message",
        "user": "U0474AT8P",
        "text": "to the BTC address that sent the contribution",
        "ts": "1428106937.000033"
    },
    {
        "type": "message",
        "user": "U0474AT8P",
        "text": "avoid exchange BTC addresses, you need to control the private key",
        "ts": "1428106956.000034"
    },
    {
        "type": "message",
        "user": "U0474AT8P",
        "text": "also Omnichest (the block explorer) will allow you to see balances, as Conterwallet and BlockScan",
        "ts": "1428107000.000035"
    },
    {
        "type": "message",
        "user": "U04910F4Z",
        "text": "Great! Thank you nic",
        "ts": "1428107047.000036"
    },
    {
        "type": "message",
        "user": "U0474AT8P",
        "text": "ah and the transaction ID on <http:\/\/Blockchain.info|Blockchain.info> is your receipt",
        "ts": "1428107076.000037"
    },
    {
        "type": "message",
        "user": "U048X85UT",
        "text": "would if I could :stuck_out_tongue:",
        "ts": "1428107078.000038"
    },
    {
        "user": "U049F88PR",
        "type": "message",
        "subtype": "channel_join",
        "text": "<@U049F88PR|calem> has joined the channel",
        "ts": "1428113982.000039"
    },
    {
        "type": "message",
        "user": "U049F88PR",
        "text": "I can edit the purpose\/about of <#C046FL74E> might want to look into user permisions etc",
        "ts": "1428114217.000040"
    },
    {
        "type": "message",
        "user": "U049F88PR",
        "text": "In fact, i can for evrything but general and random because theyre defult channels.",
        "ts": "1428114266.000041"
    },
    {
        "type": "message",
        "user": "U049F88PR",
        "text": "Just thought id mention",
        "ts": "1428114272.000042"
    },
    {
        "type": "message",
        "user": "U0474AT8P",
        "text": "hey calem",
        "ts": "1428124213.000043"
    },
    {
        "type": "message",
        "user": "U0474AT8P",
        "text": "good to see you",
        "ts": "1428124220.000044"
    },
    {
        "type": "message",
        "user": "U049F88PR",
        "text": "hey too easy!",
        "ts": "1428124357.000045"
    },
    {
        "type": "message",
        "user": "U049F88PR",
        "text": "id rather get my news from the source as opposed to catching up on projects like this via news articles etc",
        "ts": "1428124388.000046"
    },
    {
        "type": "message",
        "user": "U04910F4Z",
        "text": ":simple_smile: Ditto",
        "ts": "1428124756.000047"
    }
]