[
    {
        "user": "U049CMBV9",
        "type": "message",
        "subtype": "channel_join",
        "text": "<@U049CMBV9|pythagoras> has joined the channel",
        "ts": "1429818702.000115"
    },
    {
        "user": "U04H0VBF8",
        "type": "message",
        "subtype": "channel_join",
        "text": "<@U04H0VBF8|andrew> has joined the channel",
        "ts": "1429838267.000116"
    },
    {
        "user": "U04HPJP8X",
        "type": "message",
        "subtype": "channel_join",
        "text": "<@U04HPJP8X|bmanred> has joined the channel",
        "ts": "1429841098.000117"
    },
    {
        "type": "message",
        "user": "U04HPJP8X",
        "text": "I sent a transaction from an exchange on accident. wasn't reading. I sent in an email about it and didn't receive a response. Wanted to get it sent back so I can send from a personal wallet.",
        "ts": "1429841176.000118"
    },
    {
        "type": "message",
        "user": "U0474AT8P",
        "text": "The problem is that we cannot verify that the person who sent the coins is actually you. Send me a PM if you have sent an email I and the rest of the team would have seen it and would have replied.",
        "edited": {
            "user": "U0474AT8P",
            "ts": "1429841352.000000"
        },
        "ts": "1429841314.000119"
    },
    {
        "user": "U04GKV3TC",
        "type": "message",
        "subtype": "channel_join",
        "text": "<@U04GKV3TC|mcftdwhorrappuss> has joined the channel",
        "ts": "1429854203.000121"
    }
]