[
    {
        "type": "message",
        "user": "U049CMCCZ",
        "text": "AMPs received into my OmniWallet 10 min ago :simple_smile:\nThx for the work guys :thumbsup: \nNow - let's get that client going and take over the iNet! :simple_smile:",
        "ts": "1430941384.000272"
    },
    {
        "type": "message",
        "user": "U0474AT8P",
        "text": "YAY",
        "ts": "1430966879.000273"
    },
    {
        "type": "message",
        "user": "U0474AT8P",
        "text": "Work in progress guys, distribution is ongoing.",
        "ts": "1430966894.000274"
    },
    {
        "user": "U04HQMSAY",
        "type": "message",
        "subtype": "channel_join",
        "text": "<@U04HQMSAY|vladare> has joined the channel",
        "ts": "1430971650.000275"
    }
]