[
    {
        "user": "U048X85UT",
        "type": "message",
        "subtype": "channel_join",
        "text": "<@U048X85UT|jimscarver> has joined the channel",
        "ts": "1428013628.000002"
    },
    {
        "user": "U048XN527",
        "type": "message",
        "subtype": "channel_join",
        "text": "<@U048XN527|adamhackbarth> has joined the channel",
        "ts": "1428016546.000003"
    },
    {
        "user": "U04910F4Z",
        "type": "message",
        "subtype": "channel_join",
        "text": "<@U04910F4Z|jsgalt> has joined the channel",
        "ts": "1428026587.000004"
    }
]