[
    {
        "user": "U04MQG5KX",
        "type": "message",
        "subtype": "channel_join",
        "text": "<@U04MQG5KX|sam> has joined the channel",
        "ts": "1430736547.000250"
    },
    {
        "type": "message",
        "user": "U048X85UT",
        "text": "my omniwallet does not show any history today.   What could be wrong? It only shows the balance.",
        "ts": "1430757207.000251"
    },
    {
        "type": "message",
        "user": "U04BQ4FMC",
        "text": "mine neither - no change",
        "ts": "1430763454.000252"
    },
    {
        "type": "message",
        "user": "U048X85UT",
        "text": "I mean all the transitions are gone, funding the wallet,  buying amps, they are not there.  Nobody's been in the help chatroom.  I am now awaiting email support response :disappointed:",
        "edited": {
            "user": "U048X85UT",
            "ts": "1430765485.000000"
        },
        "ts": "1430765445.000253"
    },
    {
        "type": "message",
        "user": "U049CMCCZ",
        "text": "strange Jim - my wallet is still intact",
        "edited": {
            "user": "U049CMCCZ",
            "ts": "1430766230.000000"
        },
        "ts": "1430766218.000255"
    },
    {
        "user": "U04MANNGL",
        "type": "message",
        "subtype": "channel_join",
        "text": "<@U04MANNGL|mav137> has joined the channel",
        "ts": "1430769167.000257"
    }
]