[
    {
        "type": "message",
        "user": "U0474AT8P",
        "text": "<@U04BQ4FMC>: agree when you say \"Given the modest nature of the marketing, I don't think it's doing badly.\" and \"Given that the network is not actually running, the crowdfunding is based entirely on faith of an idea, and one that most people have yet to encounter.\"",
        "ts": "1428865376.000065"
    },
    {
        "type": "message",
        "user": "U0474AT8P",
        "text": "We welcome ideas feel free to come up with suggestions",
        "ts": "1428865400.000066"
    },
    {
        "type": "message",
        "user": "U0474AT8P",
        "text": "I personally know how good Synereo is set to be but yes most people out there don't realize. Also with a 62 page whitepaper (which I think is great) is difficult to get the message to spread outside of the Crypto world. So I also agree with: \"We'll have to explain in detail, but in laymen's terms, using  real-word examples.\"",
        "ts": "1428865559.000067"
    },
    {
        "user": "U04BSUV0L",
        "type": "message",
        "subtype": "channel_join",
        "text": "<@U04BSUV0L|ferdinand> has joined the channel",
        "ts": "1428869974.000068"
    },
    {
        "type": "message",
        "user": "U04BSUV0L",
        "text": "Hi! I'm trying to participate in the crowdsale but i don't understand where I will recieve my AMPs",
        "ts": "1428870028.000069"
    },
    {
        "type": "message",
        "user": "U04BSUV0L",
        "text": "anyone can help me with this?",
        "ts": "1428870528.000070"
    },
    {
        "type": "message",
        "user": "U0474AT8P",
        "text": "hey ferdinand, you just tweeted right?",
        "ts": "1428872212.000071"
    },
    {
        "type": "message",
        "user": "U0474AT8P",
        "text": "You will receive your AMPs at the end of the crowdsale to the Bitcoin address you used to contribute",
        "ts": "1428872247.000072"
    },
    {
        "type": "message",
        "user": "U0474AT8P",
        "text": "<@U04BSUV0L>:",
        "ts": "1428872254.000073"
    },
    {
        "type": "message",
        "user": "U0474AT8P",
        "text": "but before you send the bitcoins make sure you use an address you control the private key for",
        "ts": "1428872279.000074"
    },
    {
        "type": "message",
        "user": "U0474AT8P",
        "text": "avoid using an exchange address as they don't give you private key access",
        "ts": "1428872314.000075"
    },
    {
        "type": "message",
        "user": "U0474AT8P",
        "text": "We recommend using Omniwallet but other wallets like Bitcoin Core or <http:\/\/blockchain.info|blockchain.info> are fine too. On Omniwallet you will be able to see the AMP balance directly in your address like Conterwallet does.",
        "edited": {
            "user": "U0474AT8P",
            "ts": "1428872449.000000"
        },
        "ts": "1428872431.000076"
    },
    {
        "type": "message",
        "user": "U04BSUV0L",
        "text": "yes <@U0474AT8P>, thanks! But I don't understand. My wallet just accept bitcoin, how can you send me another kind of token?",
        "ts": "1428872703.000078"
    },
    {
        "type": "message",
        "user": "U0474AT8P",
        "text": "AMP addresses are simply Bitcoin addresses",
        "ts": "1428872725.000079"
    },
    {
        "type": "message",
        "user": "U0474AT8P",
        "text": "Omniwallet is based on Bitcoin so all assets created on the platform use Bitcoin addresses (like AMPs)",
        "ts": "1428872756.000080"
    },
    {
        "type": "message",
        "user": "U0474AT8P",
        "text": "AMP is a Omni asset",
        "ts": "1428872773.000081"
    },
    {
        "type": "message",
        "user": "U0474AT8P",
        "text": "So long as you control the private key you can always import your BTC address with the AMP balance into Omni or wait until we launch Synereo and then just move the AMPs on our platform.",
        "ts": "1428872839.000082"
    },
    {
        "type": "message",
        "user": "U0474AT8P",
        "text": "Furthermore you can simply search for your bitcoin address in Omnichest (omni's block explorer) and see your balance on there.",
        "edited": {
            "user": "U0474AT8P",
            "ts": "1428872983.000000"
        },
        "ts": "1428872963.000083"
    },
    {
        "type": "message",
        "user": "U0474AT8P",
        "text": "Just make sure you don't use an exchange address",
        "ts": "1428872994.000085"
    },
    {
        "type": "message",
        "user": "U04BSUV0L",
        "text": "but for move my assets I need always to import my private key to a service like omniwallet, right?",
        "ts": "1428873010.000086"
    },
    {
        "type": "message",
        "user": "U04BSUV0L",
        "text": "I'm using mycellium",
        "ts": "1428873018.000087"
    },
    {
        "type": "message",
        "user": "U0474AT8P",
        "text": "In that case yes you will have to import your address into Omniwallet",
        "ts": "1428873056.000088"
    },
    {
        "type": "message",
        "user": "U04BSUV0L",
        "text": "btw, <@U0474AT8P> , the best option maybe is send bitcoin to a new omniwallet address and then buy AMP from there",
        "ts": "1428873066.000089"
    },
    {
        "type": "message",
        "user": "U0474AT8P",
        "text": "so may as well do it from Omni if you want an easy process",
        "ts": "1428873079.000090"
    },
    {
        "type": "message",
        "user": "U0474AT8P",
        "text": "Agreed, if you do it from Omniwallet it will be much easier.",
        "ts": "1428873107.000091"
    },
    {
        "type": "message",
        "user": "U0474AT8P",
        "text": "Let me know if anything isn't clear, and welcome to our Slack",
        "ts": "1428873136.000092"
    },
    {
        "type": "message",
        "user": "U04BSUV0L",
        "text": "thanks you very much <@U0474AT8P> ! your help are really useful!",
        "ts": "1428873232.000093"
    },
    {
        "type": "message",
        "user": "U04BSUV0L",
        "text": "is*",
        "ts": "1428873235.000094"
    },
    {
        "type": "message",
        "user": "U0474AT8P",
        "text": "Anytime :thumbsup:",
        "ts": "1428873273.000095"
    },
    {
        "type": "message",
        "user": "U04BQ4FMC",
        "text": "<@U0474AT8P>",
        "ts": "1428892296.000096"
    },
    {
        "type": "message",
        "user": "U04BQ4FMC",
        "text": "I'll be working on some things to promote.  There's a bit of a catch-22 that I implied: the people who are buying AMPs this early are pretty much all looking at the crypto side, and other network benefits.  The people we need to get in early and use the system need to see other things. (see <https:\/\/discuss.synereo.com\/t\/synereo-mvp-suggestions\/53697\/6?u=malthus_john> )",
        "attachments": [
            {
                "service_name": "Discuss Synereo",
                "title": "Synereo MVP Suggestions",
                "title_link": "https:\/\/discuss.synereo.com\/t\/synereo-mvp-suggestions\/53697\/6?u=malthus_john",
                "text": "I heard in one of the hangouts that there was more or less a consensus on going in with first appearances as a 'social media', and if true, I think this is the way to go. More people are ready to be on board the next gen social network than are ready to adopt a cyber currency (that haven't already done so). Low hanging fruit first. Basing this on Attention Economy (AE) principles should be done, as it is the natural basis for value of AMPS. The word attention is 2 way: we can get it, or pay...",
                "fallback": "Discuss Synereo: Synereo MVP Suggestions",
                "from_url": "https:\/\/discuss.synereo.com\/t\/synereo-mvp-suggestions\/53697\/6?u=malthus_john",
                "id": 1
            }
        ],
        "ts": "1428892641.000097"
    },
    {
        "type": "message",
        "user": "U04BQ4FMC",
        "text": "So, a second AMP buy in is probably necessary for them.",
        "ts": "1428892697.000099"
    },
    {
        "type": "message",
        "user": "U04BQ4FMC",
        "text": "If we need to get this first one bigger this early, maybe some other \"idealists\" will throw money down on principles.",
        "ts": "1428892782.000100"
    },
    {
        "type": "message",
        "user": "U04BQ4FMC",
        "text": "Some short essays, articles on the benefits of decentralized distributed networks in other areas of life, like breaking the centralized elitist's grip on the global economy, democracy, etc.  Both left &amp; right leaning anarchists should see the light when given an explanation, as well as progressives.",
        "ts": "1428893012.000101"
    },
    {
        "type": "message",
        "user": "U04BQ4FMC",
        "text": "Then there's the Privacy issues, spying, security, etc.",
        "ts": "1428893092.000102"
    },
    {
        "type": "message",
        "user": "U04BQ4FMC",
        "text": "MEMES will get a lot of traction on social media, and be of easily understandable length.",
        "ts": "1428893115.000103"
    }
]