[
    {
        "type": "message",
        "user": "U04BMCE7Q",
        "text": "<http:\/\/i.imgur.com\/0dAt8Ve.jpg>",
        "attachments": [
            {
                "from_url": "http:\/\/i.imgur.com\/0dAt8Ve.jpg",
                "fallback": "600x408px image",
                "image_url": "http:\/\/i.imgur.com\/0dAt8Ve.jpg",
                "image_width": 600,
                "image_height": 408,
                "image_bytes": 51357,
                "id": 1
            }
        ],
        "ts": "1432011610.000014"
    }
]