[
    {
        "type": "message",
        "user": "U049P4TJ2",
        "text": "thank you",
        "ts": "1458382483.000037"
    },
    {
        "type": "message",
        "user": "U048T3M8W",
        "text": "However you can participate in the PreSale of the Crowdsale. It means minimum investment of $1000. You get then for $1000 equity and for 20% AMP at market price of AMP at the moment of buy",
        "ts": "1458394485.000038"
    },
    {
        "type": "message",
        "user": "U0FESR742",
        "text": "Community 101: 1) Its okay to set behavior norms 2) It is OK to draw boundaries between those who are clearly working toward our goals, and those who are clearly not. 3) There's nothing wrong with setting boundaries this way. \n\nI consider this a work group. If we want to set up a place for non-work speech, let people who are disruptive go there. But this isn't the space for disruptive people.",
        "ts": "1458416071.000039"
    },
    {
        "type": "message",
        "user": "U04BQ4FMC",
        "text": "we have 2 loaded in the chamber..  :thinking_face:\n- nm",
        "edited": {
            "user": "U04BQ4FMC",
            "ts": "1458417033.000000"
        },
        "ts": "1458416732.000041"
    },
    {
        "type": "message",
        "user": "U04BQ4FMC",
        "text": "<@U049WSTG0>:  - hey, can you explain your system on cyber.fund a little?  Is the data meant to be gathered in an open source-styled collaboration, or do we have to notify you of changes or errors in our file?",
        "ts": "1458431722.000046"
    },
    {
        "type": "message",
        "user": "U04BQ4FMC",
        "text": "- for example, on this: <https:\/\/github.com\/cyberFund\/chaingear\/blob\/gh-pages\/sources\/Synereo\/Synereo.toml>",
        "attachments": [
            {
                "service_name": "GitHub",
                "title": "cyberFund\/chaingear",
                "title_link": "https:\/\/github.com\/cyberFund\/chaingear\/blob\/gh-pages\/sources\/Synereo\/Synereo.toml",
                "text": "chaingear - :gem: Accessible Blockchains Metadata",
                "fallback": "GitHub: cyberFund\/chaingear",
                "thumb_url": "https:\/\/avatars0.githubusercontent.com\/u\/6171796?v=3&s=400",
                "from_url": "https:\/\/github.com\/cyberFund\/chaingear\/blob\/gh-pages\/sources\/Synereo\/Synereo.toml",
                "thumb_width": 300,
                "thumb_height": 300,
                "id": 1
            }
        ],
        "ts": "1458431750.000047"
    },
    {
        "type": "message",
        "user": "U04BQ4FMC",
        "text": "<https:\/\/cyber.fund\/system\/Synereo>",
        "ts": "1458431822.000049"
    },
    {
        "type": "message",
        "user": "U04BQ4FMC",
        "text": "I think we should have a higher score!  :simple_smile:",
        "ts": "1458431853.000050"
    },
    {
        "type": "message",
        "user": "U04BQ4FMC",
        "text": "(I did read this too, BTW.. <https:\/\/www.academia.edu\/22691395\/cyber_Rating_Crypto_Property_Evaluation>",
        "attachments": [
            {
                "title": "cyber\u2022Rating: Crypto Property Evaluation",
                "title_link": "https:\/\/www.academia.edu\/22691395\/cyber_Rating_Crypto_Property_Evaluation",
                "text": "Crypto\u00adproperty is one of the most rapidly growing classes of economic assets nowadays. There are several protocols that determine working principles of the cryptocurrencies as well as several protocols that enable creation and accounting of crypto",
                "fallback": "cyber\u2022Rating: Crypto Property Evaluation",
                "thumb_url": "https:\/\/gravatar.com\/avatar\/8e9bc3afe792e883d8fe9cd7f9de9176?s=200",
                "from_url": "https:\/\/www.academia.edu\/22691395\/cyber_Rating_Crypto_Property_Evaluation",
                "thumb_width": 200,
                "thumb_height": 200,
                "id": 1
            }
        ],
        "ts": "1458432200.000051"
    }
]