[
    {
        "type": "message",
        "user": "U0474E4KZ",
        "text": "You'll have to consult with the trezor documentation for that.",
        "ts": "1455020094.000006"
    },
    {
        "type": "message",
        "user": "U0474E4KZ",
        "text": "It should be very straightforward.",
        "ts": "1455020100.000007"
    },
    {
        "type": "message",
        "user": "U04BB1PCG",
        "text": "Thanks Dor, but there's nothing in the trezor docs about that. It seems to me that they designed that thing with the purpose to be unable to extract any private keys. :wink: \nI've hoped that anyone with a trezor has already done that, but maybe I was the only one storing AMPs with a trezor! Not a big deal though, because I'm a hodler! :smile: Only out of curiosity, how this could eventually work.",
        "ts": "1455032562.000008"
    },
    {
        "type": "message",
        "user": "U0474E4KZ",
        "text": "There's no chance that you don't have access to the private key stored on Trezor.",
        "ts": "1455034489.000009"
    },
    {
        "type": "message",
        "user": "U0474E4KZ",
        "text": "If and when you really want to move your AMPs out, let me know and I'll figure it out myself.",
        "ts": "1455034515.000010"
    }
]