[
    {
        "type": "message",
        "user": "U048ERGCQ",
        "text": "Can I also have the presentation for equity investors please? Plus: do you have any german speaking devs, maybe located in Berlin?",
        "ts": "1457345489.000022"
    },
    {
        "type": "message",
        "user": "U0474E4KZ",
        "text": "We do not!",
        "ts": "1457346007.000023"
    },
    {
        "type": "message",
        "subtype": "file_share",
        "text": "<@U0474E4KZ|dor> shared a file: <https:\/\/synereonet.slack.com\/files\/dor\/F0Q52LTF0\/synereo_investor_deck.pdf|Synereo Investor Deck.pdf>",
        "file": {
            "id": "F0Q52LTF0",
            "created": 1457027039,
            "timestamp": 1457027039,
            "name": "Synereo Investor Deck.pdf",
            "title": "Synereo Investor Deck.pdf",
            "mimetype": "application\/pdf",
            "filetype": "pdf",
            "pretty_type": "PDF",
            "user": "U0474E4KZ",
            "editable": false,
            "size": 15159424,
            "mode": "external",
            "is_external": true,
            "external_type": "dropbox",
            "is_public": true,
            "public_url_shared": false,
            "display_as_bot": false,
            "username": "",
            "url_private": "https:\/\/www.dropbox.com\/s\/rs933uu2wutg2jf\/Synereo%20Investor%20Deck.pdf?dl=0",
            "permalink": "https:\/\/synereonet.slack.com\/files\/dor\/F0Q52LTF0\/synereo_investor_deck.pdf",
            "channels": [
                "C0474AT8X",
                "C046FL74E"
            ],
            "groups": [
    
            ],
            "ims": [
    
            ],
            "comments_count": 0
        },
        "user": "U0474E4KZ",
        "upload": false,
        "display_as_bot": false,
        "username": "<@U0474E4KZ|dor>",
        "bot_id": null,
        "ts": "1457346024.000025"
    },
    {
        "type": "message",
        "user": "U048ERGCQ",
        "text": "Ok, thanks!",
        "ts": "1457346513.000027"
    },
    {
        "type": "message",
        "subtype": "file_share",
        "text": "<@U0QANLBM3|delawer> uploaded a file: <https:\/\/synereonet.slack.com\/files\/delawer\/F0QR42U5A\/_btc___default_screenshot_20160307_105906_527.png|bitcoin orderbook and trades from 3 exchanges>",
        "file": {
            "id": "F0QR42U5A",
            "created": 1457348517,
            "timestamp": 1457348517,
            "name": "$BTC @ Default_screenshot_20160307_105906_527.png",
            "title": "bitcoin orderbook and trades from 3 exchanges",
            "mimetype": "image\/png",
            "filetype": "png",
            "pretty_type": "PNG",
            "user": "U0QANLBM3",
            "editable": false,
            "size": 43634,
            "mode": "hosted",
            "is_external": false,
            "external_type": "",
            "is_public": true,
            "public_url_shared": false,
            "display_as_bot": false,
            "username": "",
            "url_private": "https:\/\/files.slack.com\/files-pri\/T0474AT8K-F0QR42U5A\/_btc___default_screenshot_20160307_105906_527.png?t=xoxe-4242367291-28095460608-28095460624-739c22ae7e",
            "url_private_download": "https:\/\/files.slack.com\/files-pri\/T0474AT8K-F0QR42U5A\/download\/_btc___default_screenshot_20160307_105906_527.png?t=xoxe-4242367291-28095460608-28095460624-739c22ae7e",
            "thumb_64": "https:\/\/files.slack.com\/files-tmb\/T0474AT8K-F0QR42U5A-50acda4dd5\/_btc___default_screenshot_20160307_105906_527_64.png?t=xoxe-4242367291-28095460608-28095460624-739c22ae7e",
            "thumb_80": "https:\/\/files.slack.com\/files-tmb\/T0474AT8K-F0QR42U5A-50acda4dd5\/_btc___default_screenshot_20160307_105906_527_80.png?t=xoxe-4242367291-28095460608-28095460624-739c22ae7e",
            "thumb_360": "https:\/\/files.slack.com\/files-tmb\/T0474AT8K-F0QR42U5A-50acda4dd5\/_btc___default_screenshot_20160307_105906_527_360.png?t=xoxe-4242367291-28095460608-28095460624-739c22ae7e",
            "thumb_360_w": 360,
            "thumb_360_h": 173,
            "thumb_480": "https:\/\/files.slack.com\/files-tmb\/T0474AT8K-F0QR42U5A-50acda4dd5\/_btc___default_screenshot_20160307_105906_527_480.png?t=xoxe-4242367291-28095460608-28095460624-739c22ae7e",
            "thumb_480_w": 480,
            "thumb_480_h": 231,
            "thumb_160": "https:\/\/files.slack.com\/files-tmb\/T0474AT8K-F0QR42U5A-50acda4dd5\/_btc___default_screenshot_20160307_105906_527_160.png?t=xoxe-4242367291-28095460608-28095460624-739c22ae7e",
            "thumb_720": "https:\/\/files.slack.com\/files-tmb\/T0474AT8K-F0QR42U5A-50acda4dd5\/_btc___default_screenshot_20160307_105906_527_720.png?t=xoxe-4242367291-28095460608-28095460624-739c22ae7e",
            "thumb_720_w": 720,
            "thumb_720_h": 346,
            "thumb_960": "https:\/\/files.slack.com\/files-tmb\/T0474AT8K-F0QR42U5A-50acda4dd5\/_btc___default_screenshot_20160307_105906_527_960.png?t=xoxe-4242367291-28095460608-28095460624-739c22ae7e",
            "thumb_960_w": 960,
            "thumb_960_h": 461,
            "thumb_1024": "https:\/\/files.slack.com\/files-tmb\/T0474AT8K-F0QR42U5A-50acda4dd5\/_btc___default_screenshot_20160307_105906_527_1024.png?t=xoxe-4242367291-28095460608-28095460624-739c22ae7e",
            "thumb_1024_w": 1024,
            "thumb_1024_h": 492,
            "image_exif_rotation": 1,
            "original_w": 1330,
            "original_h": 639,
            "permalink": "https:\/\/synereonet.slack.com\/files\/delawer\/F0QR42U5A\/_btc___default_screenshot_20160307_105906_527.png",
            "permalink_public": "https:\/\/slack-files.com\/T0474AT8K-F0QR42U5A-04af062ee7",
            "channels": [
                "C046FL74E"
            ],
            "groups": [
    
            ],
            "ims": [
    
            ],
            "comments_count": 0
        },
        "user": "U0QANLBM3",
        "upload": true,
        "display_as_bot": false,
        "username": "<@U0QANLBM3|delawer>",
        "bot_id": null,
        "ts": "1457348520.000028"
    },
    {
        "type": "message",
        "user": "U048ERGCQ",
        "text": "Any other documents for investors? Legal stuff?",
        "ts": "1457357110.000029"
    },
    {
        "type": "message",
        "user": "U049CMBV9",
        "text": "for some reaso I can\u2019t find my amp\u2019s anymore. My omniwallet is empty :flushed:",
        "ts": "1457364497.000030"
    },
    {
        "type": "message",
        "user": "U04GDL62L",
        "text": "<@U049CMBV9>: Try checking <https:\/\/blockchain.info\/address\/>  + your wallet address\nto see what happened.",
        "ts": "1457370822.000031"
    },
    {
        "type": "message",
        "user": "U049CMBV9",
        "text": "Nic helped me to find it on omnichest",
        "ts": "1457371760.000032",
        "reactions": [
            {
                "name": "+1",
                "users": [
                    "U04BB1PCG",
                    "U0474E4KZ"
                ],
                "count": 2
            }
        ]
    },
    {
        "type": "message",
        "user": "U0474E4KZ",
        "text": "Thanks <@U0474AT8P>!",
        "ts": "1457379254.000033"
    },
    {
        "type": "message",
        "user": "U0474AT8P",
        "text": "My pleasure",
        "edited": {
            "user": "U0474AT8P",
            "ts": "1457380456.000000"
        },
        "ts": "1457380450.000034"
    },
    {
        "type": "message",
        "user": "U0474AT8P",
        "text": "<@U049CMBV9>: make sure you have access to that BTC address and you can actually manage your AMPs, I guess it is an Omni BTC address",
        "ts": "1457380492.000036"
    },
    {
        "type": "message",
        "user": "U0QANLBM3",
        "text": "A investor is supposed to receive AMPs in first term? shares? or how it works? (already investing with a partner) tx",
        "ts": "1457391544.000037"
    },
    {
        "type": "message",
        "user": "U04BQ4FMC",
        "text": "I think the way the crowdsale works is they sell shares, and you get some amps as a bonus, but cannot cash them in for a set amount of time",
        "ts": "1457393189.000038"
    },
    {
        "type": "message",
        "user": "U04BQ4FMC",
        "text": "If you have people really interested, they'll have to wait for this event.  Just stay tuned, you won't be able to miss it!",
        "ts": "1457393252.000039"
    },
    {
        "type": "message",
        "user": "U0QANLBM3",
        "text": "Ok",
        "ts": "1457393459.000040"
    },
    {
        "type": "message",
        "user": "U0QANLBM3",
        "text": "tx",
        "ts": "1457393462.000041"
    }
]