[
    {
        "user": "U0RHXFGG5",
        "type": "message",
        "subtype": "channel_join",
        "text": "<@U0RHXFGG5|chrisbates01> has joined the channel",
        "ts": "1457540586.000050"
    },
    {
        "user": "U0QK92Y58",
        "type": "message",
        "subtype": "channel_join",
        "text": "<@U0QK92Y58|shkreli> has joined the channel",
        "ts": "1457592241.000051"
    },
    {
        "type": "message",
        "user": "U0QK92Y58",
        "text": "<http:\/\/i.snag.gy\/SbmGa.jpg>",
        "attachments": [
            {
                "fallback": "1000x562px image",
                "image_url": "http:\/\/i.snag.gy\/SbmGa.jpg",
                "image_width": 1000,
                "image_height": 562,
                "image_bytes": 67657,
                "from_url": "http:\/\/i.snag.gy\/SbmGa.jpg",
                "id": 1
            }
        ],
        "ts": "1457592266.000052"
    },
    {
        "type": "message",
        "user": "U0QK92Y58",
        "text": "LTD REVENUE \u221d transaction fees\n&gt; \"Synereo takes a small transaction fee from every transaction on the network\"\n  :point_up_2:    Referring to Synereo *LTD*   :point_up_2:\n\n:x: Synereo - ~Decentralized~ and ~Distributed~ Social Network\n:heavy_check_mark: Synereo - *Federated* Social Network, metered application platform, and private LTD.\n\nHow can Synereo call itself _decentralized_ when a fee from all transactions flows back to ONE private company (LTD)?\n```\nEthereum is truly decentralized. Transactions are metered (gasPrice), but gas pays to miners and contracts, not to a single company who owns the network. Oh, and the Ethereum Foundation is a not for profit (\u2018Stiftung\u2019) organization registered in Switzerland and funded by ETHER crowdsales.\n\nFactom clearly states that all of its servers are Federated. Node operators are paid by the Factom Foundation, a London based foundation that is funded by sale of 'factoids' and develops open source software anyone can use. Factoid holders freaked out when a private company,_Factom Inc_, appeared and offered to sell *equity* to investors post-crowdsale. Factom Inc's mission is to create solutions that solve problems by utilizing the Factom protocol.\n```\nWhere does Synereo LTD fit in? It looks a lot more like Factom (_Federated_), than Ethereum (_Decentralized_)\nMost AMP investors, the bitcoin community, and the press think that Synereo is crowd-funded by AMP, not a private company making equity offerings to investors hoping to tap revenue out of a metered network. This BTTF offering is going to blow up in your face. I hope I'm wrong. I hope its not too late for you to fix this.\n\ncc: <@U0DKBHZN1>, <@U049CMCCZ>, <@U048ERGCQ>, <@U0474E4KZ>, <@U0474AYFT>, <@U0Q9QKGR0> , <@U09KY5U65>",
        "edited": {
            "user": "U0QK92Y58",
            "ts": "1457593601.000000"
        },
        "ts": "1457592281.000054",
        "reactions": [
            {
                "name": "hankey",
                "users": [
                    "U04BQ4FMC"
                ],
                "count": 1
            }
        ]
    }
]