[
    {
        "type": "message",
        "user": "U0QK92Y58",
        "text": "Pathological? Now that you have thrown a stone at me, does that make you part of the gang?\n\u201cThe greatest threat to freedom is the absence of criticism.\u201d - Wole Soyinka",
        "ts": "1458205128.000023"
    },
    {
        "user": "U048T3M8W",
        "type": "message",
        "subtype": "channel_join",
        "text": "<@U048T3M8W|lapin7> has joined the channel",
        "ts": "1458206481.000024"
    },
    {
        "type": "message",
        "user": "U0FESR742",
        "text": "No <@U0QK92Y58> I'm just generally concerned for your behavior. Answers are being given to you, but you continue to post the same questions. Its strange to watch.",
        "ts": "1458207354.000025"
    },
    {
        "type": "message",
        "user": "U0FESR742",
        "text": "You seem to be taking this issue very personally. Are you okay?",
        "ts": "1458207430.000026"
    },
    {
        "type": "message",
        "user": "U04BQ4FMC",
        "text": "<@U0QK92Y58>:  - can you at least explain what it is that you hope to achieve here?  I have asked several times (when responding to your claims) for you to explain the reasoning behind your fears, but maybe you cannot articulate that.  \n\nBTW, \"criticism\", without any alternative for success, is just complaining and finger pointing.  Also note, that you have open communications with us, and only through your non-responsiveness, unwillingness to listen, and refusal to explain yourself in reasonable terms (instead of wild unsubstantiated claims and personal attacks) - followed by spamming and harassment, has this freedom to communicate openly been considered for closing.  We are not fools though, and know if one sock-puppet account is banned, you will appear in one of your other ones - so is there really a threat to cut you off?  You are a guy in a mask yelling \"Fire!\" in a theater.  Then following the people home, knocking on their doors, and yelling \"Fire!\" again.  Do you think this is right?",
        "ts": "1458216503.000027"
    },
    {
        "type": "message",
        "user": "U0R4YRVFB",
        "text": "Love the \"Fire!\" analogy",
        "ts": "1458228925.000028"
    },
    {
        "type": "message",
        "user": "U049CMCCZ",
        "text": "Can we please agree that it's a free world, and that shkreli has all the right to bring forward negative as well as positive comments. I sense that he is not pursing his initial agenda, and may have come to some conclusion that it's not worth it going on and on with this \"battle\". Could we please stop this? Thank you. :simple_smile:",
        "edited": {
            "user": "U049CMCCZ",
            "ts": "1458235302.000000"
        },
        "ts": "1458235148.000029",
        "reactions": [
            {
                "name": "sunflower",
                "users": [
                    "U04BQ4FMC"
                ],
                "count": 1
            }
        ]
    },
    {
        "type": "message",
        "user": "U049CMCCZ",
        "text": "I'm going out with friends tonight to celebrate St Patricks day, on a local Irish pub. Let's all bring forward a cheers for good spirits :simple_smile: :beers:",
        "ts": "1458235406.000031",
        "reactions": [
            {
                "name": "+1",
                "users": [
                    "U049P4TJ2",
                    "U0474AT8P"
                ],
                "count": 2
            }
        ]
    },
    {
        "user": "U0TJN6K09",
        "type": "message",
        "subtype": "channel_join",
        "text": "<@U0TJN6K09|agent_kat> has joined the channel",
        "ts": "1458268338.000032"
    },
    {
        "user": "U0TKLLX7Z",
        "type": "message",
        "subtype": "channel_join",
        "text": "<@U0TKLLX7Z|kennyrowe> has joined the channel",
        "ts": "1458279404.000033"
    }
]