[
    {
        "type": "message",
        "user": "U0474E4KZ",
        "text": "Synereo was crowd-funded by AMPs, and maintains itself using fees.",
        "ts": "1457600552.000063"
    },
    {
        "type": "message",
        "user": "U0474E4KZ",
        "text": "Did you watch the hangout yesterday?",
        "ts": "1457600561.000064"
    },
    {
        "type": "message",
        "user": "U0474E4KZ",
        "text": "Here it is. If anyone's interested in our direct response to Shkreli's claims, you can watch them here.",
        "ts": "1457600648.000065"
    },
    {
        "type": "message",
        "user": "U0474E4KZ",
        "text": "<https:\/\/plus.google.com\/events\/cc3hkumb07oq1k1f5k7qm5ree18>",
        "attachments": [
            {
                "service_name": "Google+",
                "title": "Synereo Community Hangout - Google+",
                "title_link": "https:\/\/plus.google.com\/events\/cc3hkumb07oq1k1f5k7qm5ree18",
                "text": "Join the Synereo Team each Wednesday for the latest news and updates, discussion related to the project and its progress, development, social contracts, bounties, app ideas, and a lot more. Post your questions here and they will be answered live in the hangout! Meet and work with community members from all over the world! \"We can continue to live under centralized control, or we can work together to solve these problems.\" Visit these sites to learn more about or get involved with Synereo: <http:\/\/synereo.com|synereo.com> <http:\/\/synereonet.slack.com|synereonet.slack.com> #synereo \u00a0 #distributed \u00a0 #decentralized \u00a0 #network\u00a0 #platform",
                "fallback": "Google+: Synereo Community Hangout - Google+",
                "image_url": "https:\/\/lh3.googleusercontent.com\/-AO9om6AlY2M\/VuBGWpt5FSI\/AAAAAAAAAAA\/n-VqwqlvQHs\/w940-h280-n\/event_theme.jpg",
                "from_url": "https:\/\/plus.google.com\/events\/cc3hkumb07oq1k1f5k7qm5ree18",
                "image_width": 839,
                "image_height": 250,
                "image_bytes": 32457,
                "id": 1
            }
        ],
        "ts": "1457600649.000066"
    },
    {
        "type": "message",
        "user": "U0474E4KZ",
        "text": "It'll also be up on the blog soon, of course.",
        "ts": "1457600656.000068"
    },
    {
        "type": "message",
        "user": "U0474E4KZ",
        "text": "All of the projects in this space have to be financed, somehow. This isn't going to materialize out of thin air. :simple_smile:",
        "ts": "1457600858.000069"
    },
    {
        "type": "message",
        "user": "U0474E4KZ",
        "text": "We are committed to financing the project using the least intrusive means and while placing the least amount of burden on users.",
        "ts": "1457600885.000070"
    },
    {
        "type": "message",
        "user": "U0474E4KZ",
        "text": "Selling AMPs on the market is as well a burden.",
        "ts": "1457600894.000071"
    },
    {
        "type": "message",
        "user": "U0474E4KZ",
        "text": "As Greg said, the decentralized network does not rely solely on storage, processing and bandwidth.",
        "ts": "1457600971.000072"
    },
    {
        "type": "message",
        "user": "U0QANLBM3",
        "text": "<@U0QK92Y58>: how the hell you wanna synereo maintain servers for instance ,  or whatever is needed at the beguinng if there is no an investing (at least)?",
        "ts": "1457600978.000073"
    },
    {
        "type": "message",
        "user": "U0474E4KZ",
        "text": "It also relies on the work of the people developing it.",
        "ts": "1457600981.000074"
    },
    {
        "type": "message",
        "user": "U0474E4KZ",
        "text": "Especially at the start. Especially now.",
        "ts": "1457601004.000075",
        "reactions": [
            {
                "name": "white_check_mark",
                "users": [
                    "U04BQ4FMC"
                ],
                "count": 1
            }
        ]
    },
    {
        "type": "message",
        "user": "U0474E4KZ",
        "text": "The more the network develops, the more it relies on open-source code contributions, the bigger it gets - the fees are going to become less and less relevant. Same as with the costs of supporting the network with hardware.",
        "ts": "1457601043.000076",
        "reactions": [
            {
                "name": "+1",
                "users": [
                    "U04BQ4FMC"
                ],
                "count": 1
            }
        ]
    },
    {
        "type": "message",
        "user": "U048ERGCQ",
        "text": "So right now Synereo is financed through AMPs sales on Bittrex? Whose AMPs? Synereo LTDs?",
        "ts": "1457601623.000077"
    },
    {
        "type": "message",
        "user": "U048ERGCQ",
        "text": "I`m asking because currently liquidity is pretty poor.",
        "ts": "1457602690.000078"
    },
    {
        "type": "message",
        "user": "U048ERGCQ",
        "text": "Here you go, that`s not me, but same concerns: <https:\/\/bitcointalk.org\/index.php?topic=995987.msg14153970#msg14153970>",
        "ts": "1457602754.000079"
    },
    {
        "type": "message",
        "user": "U0474E4KZ",
        "text": "Synereo is not selling AMPs on the exchanges. ",
        "ts": "1457605552.000080"
    },
    {
        "type": "message",
        "user": "U0QANLBM3",
        "text": "ops",
        "ts": "1457605614.000081"
    },
    {
        "type": "message",
        "user": "U0QANLBM3",
        "text": "i have already buy some",
        "ts": "1457605628.000082"
    },
    {
        "type": "message",
        "user": "U0QANLBM3",
        "text": "well they sell amps\/btc",
        "ts": "1457605638.000083"
    },
    {
        "type": "message",
        "user": "U0QANLBM3",
        "text": "I have deleted the post there",
        "ts": "1457605665.000084"
    },
    {
        "type": "message",
        "user": "U048ERGCQ",
        "text": "Ok, so only private deals. With a discount I guess. Well, it helps Synereo if the price is high\/stable, as it raises the valuation of the LTD stake.",
        "ts": "1457605678.000085"
    },
    {
        "type": "message",
        "user": "U0QANLBM3",
        "text": "agree",
        "ts": "1457605690.000086"
    },
    {
        "type": "message",
        "user": "U0QANLBM3",
        "text": "dor could you check again the transfer? if today is not, I must call the bank",
        "ts": "1457605746.000087"
    },
    {
        "type": "message",
        "user": "U0474E4KZ",
        "text": "No, we sell at market price. ",
        "ts": "1457605782.000088"
    },
    {
        "type": "message",
        "user": "U048ERGCQ",
        "text": "Oh, that`s cool!",
        "ts": "1457605798.000089"
    },
    {
        "type": "message",
        "user": "U0474E4KZ",
        "text": "fartbags, the poster you linked to on the forums, carries a grudge because we wouldn't sell him at a discount. ",
        "ts": "1457605819.000090"
    },
    {
        "type": "message",
        "user": "U0474E4KZ",
        "text": "He's also Shkreli, crypto.coins and cryptocoinz here on Slack. ",
        "ts": "1457605847.000091"
    },
    {
        "type": "message",
        "user": "U048ERGCQ",
        "text": "Oh, I see. Well, his posts weren`t that negative this time. It is true that Synereo LTD does not profit directly from sells on Bittrex.  Only indirectly.",
        "ts": "1457605895.000092"
    },
    {
        "type": "message",
        "user": "U04BQ4FMC",
        "text": "like your neighbor selling their house, which is nicer than yours - your home value goes up",
        "ts": "1457609202.000093"
    },
    {
        "type": "message",
        "user": "U04BQ4FMC",
        "text": "communism?  hardly..",
        "ts": "1457609221.000094"
    },
    {
        "type": "message",
        "user": "U04BQ4FMC",
        "text": "<@U0QK92Y58>: @ crypto(.)coins(z) \"How can Synereo call itself decentralized when a fee from all transactions flows back to ONE private company (LTD)?\"  Because the Synereo social network is decentralized.  Pretty simple, isn't it?  Especially when your argument consists solely of your own assertions, without bothering to think, fact-check, or cite research, etc.  So, I'll do what you will not: go beyond making wild unsubstantiated claims, and displays of ignorance of certain basic facts.\n\nStarting with the definition of _decentralization_ : *the process of redistributing or dispersing functions, powers, people or things away from a central location or authority.*\n\nHere's a rough timeline:\nSynereo (LTD), consisting of ~4 people, works &amp; invests time and money over about 4 years to create the code\/software\/mathematics necessary to bring about their vision of a *platform* (tech stack) that can host various applications, the first of which will be the Synereo social network.\n\nThey plan a multiple-stage investment strategy, where they will hold several fund-raising events over a couple years, while furthering development along the way.\n\nThey create their cryptocurrency, the AMP, and hold their first crowdsale, which transfers AMPs from their ownership, to around 400 investors who buy AMPs in the crowdsale.  AMPs are not available on the market at this time.  Their plan shows that they have divided the total AMPs into several categories, including a % that the founders hold, and a % that will be sold to investors in several stages, over time.",
        "ts": "1457615839.000095",
        "reactions": [
            {
                "name": "+1",
                "users": [
                    "U048ERGCQ"
                ],
                "count": 1
            }
        ]
    },
    {
        "type": "message",
        "user": "U04BQ4FMC",
        "text": "*Note: the social network does not exist yet, and the only measurement which we have to work with is the ownership of AMPs.  That measurement goes from ~4 to ~400.  Direct evidence of _decentralization_.*\n\nDue to market conditions, specifically over-hyped, similar crowdsale projects and cryptocurrencies in general, investors are scarce at this time, and want to see more development and tangibles before buying into yet another offering.\n\nAt the present moment, Synereo LTD has opened up their _management_ process in a transparent and decentralized fashion.  They have set up this channel, and others, to allow members to begin to participate in  distributed control of the company.  They will make this official, by offering legal entry into the core founders group.  This is decentralization at work.  Have they thrown the reins into the air and abandoned any control over the manifestation of their plan?  No.  That would be catastrophic at this point, because no one else is vested at the level that they are; they'd stand to lose their substantial financial and personal input.\n\nNo one is under the illusion that the 400 people who bought AMPs are now running the show, and directing development.  Like any endeavor, at start-up, control is very centralized.  Synereo LTD is still the same ~4 owners, now with a few employees and partners.  Are there more than 4 owners now?  Were there more than 4 at the start? (IE, silent investors)  That information is not relevant to the *social network*, which is what the 400 people have bought into.  One fact is certain though: the larger that number of owners\/partners, *the more decentralized ownership becomes.*\n\nFor the same reason that the creative output begins in the mind of one person, and flows outward to others, financial investment follows the same trajectory.  According to the plan, the long-range goal is moving from the traditional server-based network access to mesh-networks of devices.  This is quite a ways away, and requires a large number of nodes and members with proper devices, not commercially available at this time.  Nodes are another indirect way that members (AMP owners) will support the network, and will receive some transaction fees for this service.  *Until such a time however, Synereo LTD is fully responsible for setting up and maintaining the network.*  The cart must come before the horse here: members are not going to be charged for membership!  Network transaction fees are the only way to do this, other than bringing in additional investors to the core, or selling more AMPs - both which happen in planned increments, due to logistics.",
        "ts": "1457615857.000096"
    },
    {
        "type": "message",
        "user": "U04BQ4FMC",
        "text": "*Until the network is actually up &amp; running, there are no transaction fees, and the only funding to pay for development is through investors or AMP sales.*  Was there ever a time when a person with $50,000 could not come in and become an additional partner?  Emotionally speaking, we could only ask the original owners.  Technically and legally, as well as conceptually, the answer to this question is *NO*.  That option was always available, probably happened, and *is totally irrelevant* to the \"question\", invalid as it was, that you are asking in the form of shrieking accusations about being 'centralized'.  The core has only grown larger, and that *only* results in *decentralization*.\n\nTo close, I'll go back to that other problem your question has, the first being ignorance of what \"decentralized\" means: the transaction fees from the network *will not flow directly back to \"one company\"* because the expenses of the network are also not centralized, they are by definition, distributed throughout the network in order to maintain it.  The AMPs will never accumulate into one wallet or account - that information, by design of the network, exists in distributed fashion throughout the *blockchain*.  It never has to leave the network, only get moved around, paying nodes, new members, for attention, etc.\n\nWill they company (Synereo LTD) \"profit\" from selling new AMPs?  Yes.  Again, this was always true, regardless of whether the BnkToTheFuture sale happens or not.  Profit here can mean exchanging the value of AMPs for the value of some Fiat currency, which is necessary to survive in a world owned (literally) by centralized fiat currency issuers.  BTW, Bitcoin has this same feature, which you've not complained about: it has no real value in the world until people agree to exchange them for Fiat currency somewhere.  When that exchange happens, the \"profits\" move directly to the most centralized organizations on the planet: Modern Governments and their version of Nodes, the Central Banks.  To date, I know of no electric company that accepts BTC as payment for the necessary power to run the network.  The Attention Economy behind Synereo can end all that in the long run, because the value of AMPs is *not* exclusively tied to the exchange rate of Fiats, nor the electricity to operate \"miners\".\n\nThere is no centralization happening here, nor consolidation of power; it is, and has been going in the opposite direction from the start.",
        "ts": "1457615875.000097"
    },
    {
        "type": "message",
        "user": "U048ERGCQ",
        "text": "This deserves to be on Bitcointalk (btw, a little bit more activity there would not hurt)",
        "ts": "1457617742.000098"
    },
    {
        "type": "message",
        "user": "U0QANLBM3",
        "text": "+1 <@U04BQ4FMC>",
        "ts": "1457617812.000099"
    },
    {
        "type": "message",
        "user": "U0QANLBM3",
        "text": "I make a invest, and im translating the whitepaper and I will do all in my hands to make synereo grows up = descentralization",
        "ts": "1457617884.000100"
    },
    {
        "type": "message",
        "user": "U0474E4KZ",
        "text": ":clap:",
        "ts": "1457618938.000101"
    },
    {
        "user": "U0RRV439U",
        "type": "message",
        "subtype": "channel_join",
        "text": "<@U0RRV439U|tim.frost> has joined the channel",
        "ts": "1457621433.000102"
    },
    {
        "type": "message",
        "user": "U048ERGCQ",
        "text": "is someone in here putting up a small sell wall on bittrex?",
        "ts": "1457628955.000103"
    },
    {
        "type": "message",
        "user": "U048ERGCQ",
        "text": "are there traders in here? we could do a trading channel",
        "ts": "1457629370.000104"
    },
    {
        "type": "message",
        "user": "U0QK92Y58",
        "text": "<http:\/\/i.snag.gy\/SbmGa.jpg>",
        "attachments": [
            {
                "fallback": "1000x562px image",
                "image_url": "http:\/\/i.snag.gy\/SbmGa.jpg",
                "image_width": 1000,
                "image_height": 562,
                "image_bytes": 67657,
                "from_url": "http:\/\/i.snag.gy\/SbmGa.jpg",
                "id": 1
            }
        ],
        "ts": "1457629423.000105"
    },
    {
        "type": "message",
        "user": "U0QK92Y58",
        "text": "<http:\/\/i.snag.gy\/SbmGa.jpg>\n\nHeadline: *Synereo LTD makes post-crowdsale private equity offering.*\n\nFounder <@U0474E4KZ> tells AMP investors that transaction fees siphoned from the network will \"never go to profits\", but the slide (above) promises that revenues from fees go to _private equity_ investors perpetually.\n\nDon't trust me, *trust the MATH* in <@U0474E4KZ>'s graph:\n&gt; REVENUE \u221d transaction fees",
        "ts": "1457629433.000107"
    },
    {
        "type": "message",
        "user": "U048ERGCQ",
        "text": "I got it and I`m fine with it.",
        "ts": "1457629525.000108"
    },
    {
        "type": "message",
        "user": "U0474E4KZ",
        "text": "Shkreli, please open up Wikipedia and look at the \"revenue\" and \"profit\" pages. ",
        "ts": "1457630239.000109",
        "reactions": [
            {
                "name": "+1",
                "users": [
                    "U04BQ4FMC"
                ],
                "count": 1
            }
        ]
    },
    {
        "type": "message",
        "user": "U0474E4KZ",
        "text": "You got it, <@U048ERGCQ>. <#C0RU0LZQD>",
        "edited": {
            "user": "U0474E4KZ",
            "ts": "1457632194.000000"
        },
        "ts": "1457632190.000110"
    },
    {
        "type": "message",
        "user": "U048ERGCQ",
        "text": "thanks!",
        "ts": "1457632209.000112"
    },
    {
        "type": "message",
        "user": "U0QANLBM3",
        "text": "<@U0474E4KZ>: I send you and email. We need to know if all is ok.",
        "ts": "1457640024.000113"
    }
]