[
    {
        "type": "message",
        "user": "U048XN527",
        "text": "<@U0474AT8P> <@U0474E4KZ> I received that same private message from him too.",
        "ts": "1458144158.000020",
        "reactions": [
            {
                "name": "+1",
                "users": [
                    "U04BQ4FMC"
                ],
                "count": 1
            }
        ]
    },
    {
        "user": "U0T5V6WCF",
        "type": "message",
        "subtype": "channel_join",
        "text": "<@U0T5V6WCF|durerus> has joined the channel",
        "ts": "1458151366.000021"
    },
    {
        "type": "message",
        "user": "U0FESR742",
        "text": "Me too. I think this person has a right to ask questions, but I'm concerned that they are not hearing any of the information that they are being provided with. Seems trollish, pathological.",
        "ts": "1458182307.000022"
    }
]