[
    {
        "type": "message",
        "user": "U04BQ4FMC",
        "text": "<@U049CMCCZ>: - I continue to make it clear that I support the right to be heard and redress.  But there are boundaries that need to be set, and maintained.  There is also the idea of personal growth and general improvement - which means refining your words so that you are better heard and understood.",
        "ts": "1458302512.000034"
    },
    {
        "type": "message",
        "user": "U049P4TJ2",
        "text": "Are you planning another sale of AMPs from synereo ltd?",
        "ts": "1458303306.000035"
    },
    {
        "type": "message",
        "user": "U04BQ4FMC",
        "text": "the upcoming BTTF crowdfund will have packages available that include AMPs, but *not alone*, only with an investment\n- so for now, no - you would have to buy them on Bittrex, or similar.  The next AMP sale is farther in the future, TBA.",
        "ts": "1458303611.000036"
    }
]