[
    {
        "type": "message",
        "user": "U0474E4KZ",
        "text": "People will get their AMPs when the sale is over.",
        "ts": "1457452547.000042"
    },
    {
        "type": "message",
        "user": "U0QANLBM3",
        "text": "dor could you check if my invest reach you?",
        "ts": "1457453113.000043"
    },
    {
        "type": "message",
        "user": "U048ERGCQ",
        "text": "you can already invest? how? I thought we were waiting for the Bnktothefuture thing",
        "ts": "1457453622.000044"
    },
    {
        "type": "message",
        "user": "U0474E4KZ",
        "text": "You can invest directly through me, which will be credited to you when the sale goes live.",
        "ts": "1457453781.000045"
    },
    {
        "type": "message",
        "user": "U0474E4KZ",
        "text": "Not yet, <@U0QANLBM3>.",
        "ts": "1457453832.000046"
    },
    {
        "type": "message",
        "user": "U048ERGCQ",
        "text": "Ok, and on what terms would one invest via you?",
        "ts": "1457454045.000047"
    },
    {
        "type": "message",
        "user": "U0474E4KZ",
        "text": "Please mail me at <mailto:dor@synereo.com|dor@synereo.com>.",
        "ts": "1457456885.000048"
    },
    {
        "type": "message",
        "user": "U0QANLBM3",
        "text": "ok I did it yesterday morning- it supposed no more than 3 days",
        "ts": "1457457257.000049"
    }
]