[
    {
        "user": "U0QANLBM3",
        "type": "message",
        "subtype": "channel_join",
        "text": "<@U0QANLBM3|delawer> has joined the channel",
        "ts": "1457177965.000006"
    },
    {
        "type": "message",
        "user": "U0QANLBM3",
        "text": "just telling im studing about the availability of watch the order book with AMPs, same as the 6E (euro). Im almost get with the bitcoin. Will be awsome if I can wich will give us an advantage of what is people doing (uying or selling AMPs)",
        "ts": "1457178071.000007"
    },
    {
        "type": "message",
        "subtype": "file_share",
        "text": "<@U0QANLBM3|delawer> uploaded a file: <https:\/\/synereonet.slack.com\/files\/delawer\/F0QJA1ZST\/secuencia1.jpg|secuencia1.jpg> and commented: Here is an example",
        "file": {
            "id": "F0QJA1ZST",
            "created": 1457178109,
            "timestamp": 1457178109,
            "name": "secuencia1.jpg",
            "title": "secuencia1.jpg",
            "mimetype": "image\/jpeg",
            "filetype": "jpg",
            "pretty_type": "JPEG",
            "user": "U0QANLBM3",
            "editable": false,
            "size": 272541,
            "mode": "hosted",
            "is_external": false,
            "external_type": "",
            "is_public": true,
            "public_url_shared": false,
            "display_as_bot": false,
            "username": "",
            "url_private": "https:\/\/files.slack.com\/files-pri\/T0474AT8K-F0QJA1ZST\/secuencia1.jpg?t=xoxe-4242367291-28095460608-28095460624-739c22ae7e",
            "url_private_download": "https:\/\/files.slack.com\/files-pri\/T0474AT8K-F0QJA1ZST\/download\/secuencia1.jpg?t=xoxe-4242367291-28095460608-28095460624-739c22ae7e",
            "thumb_64": "https:\/\/files.slack.com\/files-tmb\/T0474AT8K-F0QJA1ZST-d77934bcc6\/secuencia1_64.jpg?t=xoxe-4242367291-28095460608-28095460624-739c22ae7e",
            "thumb_80": "https:\/\/files.slack.com\/files-tmb\/T0474AT8K-F0QJA1ZST-d77934bcc6\/secuencia1_80.jpg?t=xoxe-4242367291-28095460608-28095460624-739c22ae7e",
            "thumb_360": "https:\/\/files.slack.com\/files-tmb\/T0474AT8K-F0QJA1ZST-d77934bcc6\/secuencia1_360.jpg?t=xoxe-4242367291-28095460608-28095460624-739c22ae7e",
            "thumb_360_w": 360,
            "thumb_360_h": 165,
            "thumb_480": "https:\/\/files.slack.com\/files-tmb\/T0474AT8K-F0QJA1ZST-d77934bcc6\/secuencia1_480.jpg?t=xoxe-4242367291-28095460608-28095460624-739c22ae7e",
            "thumb_480_w": 480,
            "thumb_480_h": 219,
            "thumb_160": "https:\/\/files.slack.com\/files-tmb\/T0474AT8K-F0QJA1ZST-d77934bcc6\/secuencia1_160.jpg?t=xoxe-4242367291-28095460608-28095460624-739c22ae7e",
            "thumb_720": "https:\/\/files.slack.com\/files-tmb\/T0474AT8K-F0QJA1ZST-d77934bcc6\/secuencia1_720.jpg?t=xoxe-4242367291-28095460608-28095460624-739c22ae7e",
            "thumb_720_w": 720,
            "thumb_720_h": 329,
            "thumb_960": "https:\/\/files.slack.com\/files-tmb\/T0474AT8K-F0QJA1ZST-d77934bcc6\/secuencia1_960.jpg?t=xoxe-4242367291-28095460608-28095460624-739c22ae7e",
            "thumb_960_w": 960,
            "thumb_960_h": 439,
            "thumb_1024": "https:\/\/files.slack.com\/files-tmb\/T0474AT8K-F0QJA1ZST-d77934bcc6\/secuencia1_1024.jpg?t=xoxe-4242367291-28095460608-28095460624-739c22ae7e",
            "thumb_1024_w": 1024,
            "thumb_1024_h": 468,
            "image_exif_rotation": 1,
            "original_w": 1330,
            "original_h": 608,
            "permalink": "https:\/\/synereonet.slack.com\/files\/delawer\/F0QJA1ZST\/secuencia1.jpg",
            "permalink_public": "https:\/\/slack-files.com\/T0474AT8K-F0QJA1ZST-b5987afdf4",
            "channels": [
                "C046FL74E"
            ],
            "groups": [
    
            ],
            "ims": [
    
            ],
            "comments_count": 1,
            "initial_comment": {
                "id": "Fc0QJ7MJSH",
                "created": 1457178109,
                "timestamp": 1457178109,
                "user": "U0QANLBM3",
                "comment": "Here is an example"
            }
        },
        "user": "U0QANLBM3",
        "upload": true,
        "display_as_bot": false,
        "username": "<@U0QANLBM3|delawer>",
        "bot_id": null,
        "ts": "1457178111.000008"
    }
]