[
    {
        "type": "message",
        "user": "U0QANLBM3",
        "text": "Hello, talking with investors I always have the same 3 questions. 1They want to know where their money goes, and what is this used for. And secondly what would be the expected return and in wich way: example- if they invest 5000$ and the espected return is 3% monthly they would last 3 years to recover the investment.  Have someone any thougs about? - 3Would they have any official paper that supports they investment?  -------It would be easier for me if I can answer those question to atract more investors :smiley:",
        "ts": "1457292723.000009"
    },
    {
        "type": "message",
        "user": "U0FESR742",
        "text": "<@U0474E4KZ>:  ^",
        "ts": "1457294011.000010"
    },
    {
        "type": "message",
        "subtype": "file_share",
        "text": "<@U0474E4KZ|dor> uploaded a file: <https:\/\/synereonet.slack.com\/files\/dor\/F0QN6DD25\/7.jpg|7.jpg> and commented: 1)",
        "file": {
            "id": "F0QN6DD25",
            "created": 1457295869,
            "timestamp": 1457295869,
            "name": "7.jpg",
            "title": "7.jpg",
            "mimetype": "image\/jpeg",
            "filetype": "jpg",
            "pretty_type": "JPEG",
            "user": "U0474E4KZ",
            "editable": false,
            "size": 938511,
            "mode": "hosted",
            "is_external": false,
            "external_type": "",
            "is_public": true,
            "public_url_shared": false,
            "display_as_bot": false,
            "username": "",
            "url_private": "https:\/\/files.slack.com\/files-pri\/T0474AT8K-F0QN6DD25\/7.jpg?t=xoxe-4242367291-28095460608-28095460624-739c22ae7e",
            "url_private_download": "https:\/\/files.slack.com\/files-pri\/T0474AT8K-F0QN6DD25\/download\/7.jpg?t=xoxe-4242367291-28095460608-28095460624-739c22ae7e",
            "thumb_64": "https:\/\/files.slack.com\/files-tmb\/T0474AT8K-F0QN6DD25-4f677f47da\/7_64.jpg?t=xoxe-4242367291-28095460608-28095460624-739c22ae7e",
            "thumb_80": "https:\/\/files.slack.com\/files-tmb\/T0474AT8K-F0QN6DD25-4f677f47da\/7_80.jpg?t=xoxe-4242367291-28095460608-28095460624-739c22ae7e",
            "thumb_360": "https:\/\/files.slack.com\/files-tmb\/T0474AT8K-F0QN6DD25-4f677f47da\/7_360.jpg?t=xoxe-4242367291-28095460608-28095460624-739c22ae7e",
            "thumb_360_w": 360,
            "thumb_360_h": 203,
            "thumb_480": "https:\/\/files.slack.com\/files-tmb\/T0474AT8K-F0QN6DD25-4f677f47da\/7_480.jpg?t=xoxe-4242367291-28095460608-28095460624-739c22ae7e",
            "thumb_480_w": 480,
            "thumb_480_h": 270,
            "thumb_160": "https:\/\/files.slack.com\/files-tmb\/T0474AT8K-F0QN6DD25-4f677f47da\/7_160.jpg?t=xoxe-4242367291-28095460608-28095460624-739c22ae7e",
            "thumb_720": "https:\/\/files.slack.com\/files-tmb\/T0474AT8K-F0QN6DD25-4f677f47da\/7_720.jpg?t=xoxe-4242367291-28095460608-28095460624-739c22ae7e",
            "thumb_720_w": 720,
            "thumb_720_h": 405,
            "thumb_960": "https:\/\/files.slack.com\/files-tmb\/T0474AT8K-F0QN6DD25-4f677f47da\/7_960.jpg?t=xoxe-4242367291-28095460608-28095460624-739c22ae7e",
            "thumb_960_w": 960,
            "thumb_960_h": 540,
            "thumb_1024": "https:\/\/files.slack.com\/files-tmb\/T0474AT8K-F0QN6DD25-4f677f47da\/7_1024.jpg?t=xoxe-4242367291-28095460608-28095460624-739c22ae7e",
            "thumb_1024_w": 1024,
            "thumb_1024_h": 576,
            "image_exif_rotation": 1,
            "original_w": 1920,
            "original_h": 1080,
            "permalink": "https:\/\/synereonet.slack.com\/files\/dor\/F0QN6DD25\/7.jpg",
            "permalink_public": "https:\/\/slack-files.com\/T0474AT8K-F0QN6DD25-dd077f4111",
            "channels": [
                "C046FL74E"
            ],
            "groups": [
    
            ],
            "ims": [
    
            ],
            "comments_count": 1,
            "initial_comment": {
                "id": "Fc0QN6561L",
                "created": 1457295869,
                "timestamp": 1457295869,
                "user": "U0474E4KZ",
                "comment": "1)"
            }
        },
        "user": "U0474E4KZ",
        "upload": true,
        "display_as_bot": false,
        "username": "<@U0474E4KZ|dor>",
        "bot_id": null,
        "ts": "1457295872.000011"
    },
    {
        "type": "message",
        "user": "U0474E4KZ",
        "text": "2) There is no way to create a model as precise as to allow a projection of X% per month. We have modeled some scenarios, which you can find in the revenue portion of the deck (slide 16-17).",
        "ts": "1457295926.000012"
    },
    {
        "type": "message",
        "user": "U0474E4KZ",
        "text": "3) Of course. <http:\/\/BnkToTheFuture.com|BnkToTheFuture.com> is a fully regulated entity, and investing through it people will have to sign all of the relevant papers as well as receive the relevant certificates.",
        "ts": "1457295963.000013"
    },
    {
        "type": "message",
        "user": "U0474E4KZ",
        "text": "<@U0QANLBM3>: let me know if you or they have any other questions.",
        "ts": "1457295973.000014"
    },
    {
        "type": "message",
        "user": "U0QANLBM3",
        "text": "ok don I send you a mail anyway then, should I wait for bmkto the future? or make the paiment throug you?",
        "ts": "1457299300.000015"
    },
    {
        "type": "message",
        "user": "U0474E4KZ",
        "text": "Up to you. If you send it now, it'll be counted right at the start of the campaign and help us gain momentum right off the bat.",
        "ts": "1457305399.000016"
    },
    {
        "type": "message",
        "user": "U04BQ4FMC",
        "text": "Are there new amps being sold into the market, or is that trading just between people who already had them?  <@U0DKBHZN1>  <@U049CMCCZ>",
        "ts": "1457308153.000017"
    },
    {
        "user": "U0DKBHZN1",
        "inviter": "U04BQ4FMC",
        "type": "message",
        "subtype": "channel_join",
        "text": "<@U0DKBHZN1|nodes> has joined the channel",
        "ts": "1457308169.000018"
    },
    {
        "type": "message",
        "user": "U0DKBHZN1",
        "text": "<@U04BQ4FMC>:  Haven't sold any nor plan to sell in the near future.",
        "ts": "1457308667.000019"
    },
    {
        "type": "message",
        "user": "U0DKBHZN1",
        "text": "Don't know if any AMP's were sold recently to new investors. I assume these are the same AMP's being sold and bought. Some investors try to day trade or \"week trade\" .",
        "ts": "1457308904.000020"
    },
    {
        "type": "message",
        "user": "U04BQ4FMC",
        "text": ":white_check_mark:",
        "ts": "1457309718.000021"
    }
]