[
    {
        "type": "message",
        "subtype": "file_share",
        "text": "<@U0474AT8P|nic> uploaded a file: <https:\/\/synereonet.slack.com\/files\/nic\/F0SBR1XPY\/screen_shot_2016-03-12_at_12.03.02.png|Screen Shot 2016-03-12 at 12.03.02.png>",
        "file": {
            "id": "F0SBR1XPY",
            "created": 1457784347,
            "timestamp": 1457784347,
            "name": "Screen Shot 2016-03-12 at 12.03.02.png",
            "title": "Screen Shot 2016-03-12 at 12.03.02.png",
            "mimetype": "image\/png",
            "filetype": "png",
            "pretty_type": "PNG",
            "user": "U0474AT8P",
            "editable": false,
            "size": 231629,
            "mode": "hosted",
            "is_external": false,
            "external_type": "",
            "is_public": true,
            "public_url_shared": false,
            "display_as_bot": false,
            "username": "",
            "url_private": "https:\/\/files.slack.com\/files-pri\/T0474AT8K-F0SBR1XPY\/screen_shot_2016-03-12_at_12.03.02.png?t=xoxe-4242367291-28095460608-28095460624-739c22ae7e",
            "url_private_download": "https:\/\/files.slack.com\/files-pri\/T0474AT8K-F0SBR1XPY\/download\/screen_shot_2016-03-12_at_12.03.02.png?t=xoxe-4242367291-28095460608-28095460624-739c22ae7e",
            "thumb_64": "https:\/\/files.slack.com\/files-tmb\/T0474AT8K-F0SBR1XPY-8f8bbfee34\/screen_shot_2016-03-12_at_12.03.02_64.png?t=xoxe-4242367291-28095460608-28095460624-739c22ae7e",
            "thumb_80": "https:\/\/files.slack.com\/files-tmb\/T0474AT8K-F0SBR1XPY-8f8bbfee34\/screen_shot_2016-03-12_at_12.03.02_80.png?t=xoxe-4242367291-28095460608-28095460624-739c22ae7e",
            "thumb_360": "https:\/\/files.slack.com\/files-tmb\/T0474AT8K-F0SBR1XPY-8f8bbfee34\/screen_shot_2016-03-12_at_12.03.02_360.png?t=xoxe-4242367291-28095460608-28095460624-739c22ae7e",
            "thumb_360_w": 360,
            "thumb_360_h": 331,
            "thumb_480": "https:\/\/files.slack.com\/files-tmb\/T0474AT8K-F0SBR1XPY-8f8bbfee34\/screen_shot_2016-03-12_at_12.03.02_480.png?t=xoxe-4242367291-28095460608-28095460624-739c22ae7e",
            "thumb_480_w": 480,
            "thumb_480_h": 441,
            "thumb_160": "https:\/\/files.slack.com\/files-tmb\/T0474AT8K-F0SBR1XPY-8f8bbfee34\/screen_shot_2016-03-12_at_12.03.02_160.png?t=xoxe-4242367291-28095460608-28095460624-739c22ae7e",
            "image_exif_rotation": 1,
            "original_w": 680,
            "original_h": 625,
            "permalink": "https:\/\/synereonet.slack.com\/files\/nic\/F0SBR1XPY\/screen_shot_2016-03-12_at_12.03.02.png",
            "permalink_public": "https:\/\/slack-files.com\/T0474AT8K-F0SBR1XPY-905d20b48b",
            "channels": [
                "C046FL74E"
            ],
            "groups": [
    
            ],
            "ims": [
    
            ],
            "comments_count": 0
        },
        "user": "U0474AT8P",
        "upload": true,
        "display_as_bot": false,
        "username": "<@U0474AT8P|nic>",
        "bot_id": null,
        "ts": "1457784349.000002"
    },
    {
        "type": "message",
        "user": "U0474AT8P",
        "text": "Hi shkreli I don\u2019t think Dor means bad for the project. You need to understand that for being able to be crowdfunding on Bank To The Future Synereo needs to have a registered company first.\n\nSecond, the company needs to be able to sell shares because that is what people will be buying on there.\n\nLike every other project that has crowdfunded on the platform.\n\nNow for an investor to be interested in contributing there must be a way for the investor to make a return right?\n\nSo I believe some of the fees that Synereo will collect will go to nodes that help to maintain the network as it should and some others will go to the LTD.\n\nMost other projects that have crowdfunded there do the same, Factom, Storj, ShapeShift, you name it.\n\nWhat Dor is trying to do it to raise sufficient funds (hopefully) so that development of the platform can progress. Investors need to see there will be a return on their investment and that the company has a way of monetizing the platform.",
        "ts": "1457784482.000003"
    },
    {
        "type": "message",
        "user": "U0474AT8P",
        "text": "And I don\u2019t think he will ban you for being vocal about an issue you seem to have at hearth",
        "edited": {
            "user": "U0474AT8P",
            "ts": "1457784527.000000"
        },
        "ts": "1457784509.000004"
    },
    {
        "type": "message",
        "user": "U0474AT8P",
        "text": "I rather keep the discussion open and public <@U0QK92Y58> so that everyone can chip in with their arguments in favour or against",
        "ts": "1457784596.000007"
    },
    {
        "type": "message",
        "user": "U0474AT8P",
        "text": "I personally want to see Synereo succeed, I have been on a number of projects and things do change from time to time for the better of the project and\/or to actually make the project happen.",
        "ts": "1457784722.000008"
    },
    {
        "type": "message",
        "user": "U0474AT8P",
        "text": "What does it for me with Synereo is the fact that it will be decentralized and private, so private that noone can ever get any personal or private details out of your own profile\/content unless of course you make them public.",
        "ts": "1457784782.000009",
        "reactions": [
            {
                "name": "dart",
                "users": [
                    "U049CMCCZ",
                    "U0R4YRVFB"
                ],
                "count": 2
            }
        ]
    },
    {
        "type": "message",
        "user": "U0474AT8P",
        "text": "If some fees are used as a mean of giving a return to some investors who have contributed money to make Synereo happen I\u2019m totally in favour.",
        "ts": "1457784846.000010"
    },
    {
        "type": "message",
        "user": "U0474AT8P",
        "text": "I\u2019m not worried about voting either, because I don\u2019t believe investors who own shares of the LTD will be able to make the good and bad weather about decisions to be taken regarding the project.",
        "ts": "1457784981.000011"
    },
    {
        "type": "message",
        "user": "U0474AT8P",
        "text": "I\u2019m glad you bring this issue up, however you seem to be either not listening to the feedback everyone is giving you or you are just trying to attract attention for reasons of your own. Sit down, relax and listen to what others are telling you. We are all in it because we support this idea, we are not here because we want Synereo to become another Facebook, and in my opinion it will not be.",
        "edited": {
            "user": "U0474AT8P",
            "ts": "1457785371.000000"
        },
        "ts": "1457785096.000012",
        "reactions": [
            {
                "name": "heart",
                "users": [
                    "U0474E4KZ",
                    "U04BQ4FMC"
                ],
                "count": 2
            }
        ]
    },
    {
        "type": "message",
        "user": "U0474AT8P",
        "text": "Also you should change your nickname because it is deceiving. You know who shkreli is and what he\u2019s done. But you play like being the opposite, actually trying to defend the innocent\u2026 (somehow). Name yourself Jesus instead :simple_smile:",
        "ts": "1457785252.000014"
    },
    {
        "type": "message",
        "user": "U0474AT8P",
        "text": "This last bit is only a joke",
        "ts": "1457785280.000015"
    },
    {
        "type": "message",
        "user": "U0QANLBM3",
        "text": "he is a bit annoying",
        "ts": "1457786257.000017"
    },
    {
        "user": "U0PJL1WE5",
        "type": "message",
        "subtype": "channel_join",
        "text": "<@U0PJL1WE5|n3xtgen> has joined the channel",
        "ts": "1457824458.000018"
    }
]