[
    {
        "type": "message",
        "user": "U0QK92Y58",
        "text": "<@U04BQ4FMC>: It is misleading to give a definition of _decentralization (verb)_ instead of\n*decentralized network*\n\nUnlike most DAO, Synereo LTD is not run by a foundation. It is a for profit company that is either too broke, impatient, or greedy to follow the DAO model. They are selling off private equity to investors who will profit from transaction fees levied on the network. Equity investors also decide the network's future by voting their shares.",
        "edited": {
            "user": "U0QK92Y58",
            "ts": "1457690322.000000"
        },
        "ts": "1457690296.000114"
    },
    {
        "type": "message",
        "user": "U04BQ4FMC",
        "text": "No, it's not misleading.  It' is action we are describing, not something that is finished.\nWhatever the final form is, there's no rule book that says it has to be a \"foundation\".  You're reaching for nothing there.\nThere will be formalizations put into place that limit voting power, and\/or equity.\n\nFor the last time, the network transaction fees are totally standard.  The tech stack behind the social network will be used by other Apps and custom set-ups, etc, and earn money to pay for devs and things not related to the social network.  The number or timing of private investors is irrelevant, as I've explained to you.  If you do choose to run a fine tooth comb through it, as you are continually speculating, you only find that it's moving in the direction of decentralization.",
        "ts": "1457693572.000116"
    },
    {
        "user": "U0RLRNDRP",
        "type": "message",
        "subtype": "channel_join",
        "text": "<@U0RLRNDRP|daniel> has joined the channel",
        "ts": "1457695778.000117"
    }
]