[
    {
        "type": "message",
        "user": "U048X85UT",
        "text": "I echo <@U09KY5U65> impatience with the rate of development.  If programmers are accepting amps our investment is zero as we can issue amps up to the cost of developing synereo without inflating it since it represents real value.  I suggest developer bounties be offered in <#C046ERKU6> as the devil is in the details which are not of <#C0474AT8X> interest.",
        "ts": "1441104307.000028"
    },
    {
        "type": "message",
        "user": "U048X85UT",
        "text": "Exponential development amplification requires a budget of amps delegated to subtasks autonomously as I have outlined for the prv currency in the <#C04BLQ4CX> slack. ",
        "edited": {
            "user": "U048X85UT",
            "ts": "1441105232.000000"
        },
        "ts": "1441105042.000029"
    }
]