[
    {
        "type": "message",
        "user": "U0474AT8P",
        "text": "The Synereo Team will host a Reddit AMA tonight at 21:00 GMT on \/r\/Synereo. You are all welcome to join and ask your questions away. <https:\/\/twitter.com\/Synereo\/status\/590137223904890880>",
        "attachments": [
            {
                "fallback": "<https:\/\/twitter.com\/Synereo|@Synereo>: We will host a Reddit AMA TONIGHT at 21:00 GMT. Ask the <https:\/\/twitter.com\/Synereo|@Synereo> Founders ANYTHING. <http:\/\/www.reddit.com\/r\/Synereo\/comments\/3388l7\/synereo_team_ama_tonight_at_2100_gmt_come_ask_us\/> #bitcoin <https:\/\/pbs.twimg.com\/media\/CDCWdLlVEAAsmZ4.jpg>",
                "ts": 1429534653,
                "author_name": "Synereo",
                "author_link": "https:\/\/twitter.com\/Synereo\/status\/590137223904890880",
                "author_icon": "https:\/\/pbs.twimg.com\/profile_images\/522790259789025280\/FKRuSK66_normal.png",
                "author_subname": "@Synereo",
                "text": "We will host a Reddit AMA TONIGHT at 21:00 GMT. Ask the <https:\/\/twitter.com\/Synereo|@Synereo> Founders ANYTHING. <http:\/\/www.reddit.com\/r\/Synereo\/comments\/3388l7\/synereo_team_ama_tonight_at_2100_gmt_come_ask_us\/> #bitcoin <https:\/\/pbs.twimg.com\/media\/CDCWdLlVEAAsmZ4.jpg>",
                "service_name": "twitter",
                "service_url": "https:\/\/twitter.com\/",
                "image_url": "https:\/\/pbs.twimg.com\/media\/CDCWdLlVEAAsmZ4.jpg",
                "image_width": 599,
                "image_height": 313,
                "image_bytes": 26421,
                "from_url": "https:\/\/twitter.com\/Synereo\/status\/590137223904890880",
                "id": 1
            }
        ],
        "ts": "1429534817.000660"
    },
    {
        "type": "message",
        "user": "U0474AT8P",
        "text": "<!channel>:",
        "ts": "1429534823.000662"
    },
    {
        "type": "message",
        "user": "U0474AT8P",
        "text": "<https:\/\/twitter.com\/Synereo\/status\/590248741900144640>",
        "attachments": [
            {
                "fallback": "<https:\/\/twitter.com\/Synereo|@Synereo>: Our Reddit AMA is LIVE right now! Come and ask us anything! <http:\/\/www.reddit.com\/r\/Synereo\/comments\/339u2f\/ama_with_synereo_founders_ask_us_anything_live_now\/> #SocialNetwork #bitcoin #AMA <https:\/\/pbs.twimg.com\/media\/CDD72r2UgAAiudg.jpg>",
                "ts": 1429561241,
                "author_name": "Synereo",
                "author_link": "https:\/\/twitter.com\/Synereo\/status\/590248741900144640",
                "author_icon": "https:\/\/pbs.twimg.com\/profile_images\/522790259789025280\/FKRuSK66_normal.png",
                "author_subname": "@Synereo",
                "text": "Our Reddit AMA is LIVE right now! Come and ask us anything! <http:\/\/www.reddit.com\/r\/Synereo\/comments\/339u2f\/ama_with_synereo_founders_ask_us_anything_live_now\/> #SocialNetwork #bitcoin #AMA <https:\/\/pbs.twimg.com\/media\/CDD72r2UgAAiudg.jpg>",
                "service_name": "twitter",
                "service_url": "https:\/\/twitter.com\/",
                "image_url": "https:\/\/pbs.twimg.com\/media\/CDD72r2UgAAiudg.jpg",
                "image_width": 599,
                "image_height": 313,
                "image_bytes": 26421,
                "from_url": "https:\/\/twitter.com\/Synereo\/status\/590248741900144640",
                "id": 1
            }
        ],
        "ts": "1429561270.000663"
    },
    {
        "type": "message",
        "user": "U0474AT8P",
        "text": "AMA is now live <!channel>",
        "ts": "1429561280.000665"
    }
]