[
    {
        "user": "U04G48MM8",
        "type": "message",
        "subtype": "channel_join",
        "text": "<@U04G48MM8|wally> has joined the channel",
        "ts": "1429699768.000696"
    },
    {
        "type": "message",
        "user": "U04FS8D7N",
        "text": "With the AMP system, say I controlled two very popular accounts, could I not just fund the posts of the other to increase its Current without loosing any funds?",
        "ts": "1429710060.000697"
    },
    {
        "type": "message",
        "user": "U04BMCE7Q",
        "text": "hi",
        "ts": "1429710603.000698"
    },
    {
        "type": "message",
        "user": "U04BMCE7Q",
        "text": "u need any help?",
        "ts": "1429710631.000699"
    },
    {
        "type": "message",
        "user": "U04FS8D7N",
        "text": "I was just wondering about how Current system could be gamed and if the above is possible.",
        "ts": "1429712039.000700"
    },
    {
        "user": "U04G9BU2J",
        "type": "message",
        "subtype": "channel_join",
        "text": "<@U04G9BU2J|tim> has joined the channel",
        "ts": "1429720374.000701"
    },
    {
        "type": "message",
        "user": "U0474AT8P",
        "text": "Over 17 Million AMPs sold, 1 Hour to the Synereo crowdsale end.\n\n<https:\/\/crowdsale.synereo.com>\n\nA massive thank you to the hundreds of supporters who have contributed so far.",
        "ts": "1429728502.000702"
    },
    {
        "type": "message",
        "user": "U04FS8D7N",
        "text": "Congrats. Glad it was successful.",
        "ts": "1429728969.000703"
    },
    {
        "type": "message",
        "user": "U0474E4KZ",
        "text": "<@U04FS8D7N>, there's no way to create energy out of thin air in the system. :simple_smile:",
        "ts": "1429730164.000704"
    },
    {
        "type": "message",
        "user": "U0474E4KZ",
        "text": "If you amplify something to a specific person only, no one else will see your message, so there's no point in doing that back and forth.",
        "ts": "1429730194.000705"
    },
    {
        "type": "message",
        "user": "U04AJ2WH0",
        "text": "is there a google hangout today?",
        "ts": "1429732768.000706"
    },
    {
        "type": "message",
        "user": "U0474AYFT",
        "text": "<https:\/\/plus.google.com\/hangouts\/_\/hoaevent\/AP36tYfjtD6CoMxHPmXCStKGksEQYhAkAAENEhOi7npOGZ8Ntqmcuw?authuser=0&amp;eid=109002904706315055045&amp;hl=en>",
        "ts": "1429733414.000707"
    },
    {
        "user": "U04GDL62L",
        "type": "message",
        "subtype": "channel_join",
        "text": "<@U04GDL62L|drbloom> has joined the channel",
        "ts": "1429736393.000708"
    },
    {
        "user": "U04GE9D7C",
        "type": "message",
        "subtype": "channel_join",
        "text": "<@U04GE9D7C|lgv> has joined the channel",
        "ts": "1429738974.000709"
    },
    {
        "user": "U04GKV3TC",
        "type": "message",
        "subtype": "channel_join",
        "text": "<@U04GKV3TC|mcftdwhorrappuss> has joined the channel",
        "ts": "1429771884.000710"
    }
]