[
    {
        "user": "U04FS8D7N",
        "type": "message",
        "subtype": "channel_join",
        "text": "<@U04FS8D7N|bilbo> has joined the channel",
        "ts": "1429638390.000666"
    },
    {
        "type": "message",
        "user": "U04FS8D7N",
        "text": "Oh man, I've got so many tabs open on about this from that past week, I honestly forgot how I got here, haha. Can someone here help explain what this site is in relation to Synereo?",
        "ts": "1429638710.000667"
    },
    {
        "type": "message",
        "user": "U04BMCE7Q",
        "text": "hi",
        "ts": "1429638873.000668"
    },
    {
        "type": "message",
        "user": "U04FS8D7N",
        "text": "Hello there",
        "ts": "1429639380.000669"
    },
    {
        "type": "message",
        "user": "U0474AYFT",
        "text": "Hello <@U04FS8D7N>! We were just exchanging emails.",
        "ts": "1429639487.000670"
    },
    {
        "type": "message",
        "user": "U04FS8D7N",
        "text": "Hi, you must be Greg then.",
        "ts": "1429639564.000671"
    },
    {
        "type": "message",
        "user": "U0474AYFT",
        "text": "Indeed!",
        "ts": "1429639582.000672"
    },
    {
        "type": "message",
        "user": "U04FS8D7N",
        "text": "Could you explain what this site is? I'm guessing it's some sort of pre-forum for the release of synereo?",
        "ts": "1429639646.000673"
    },
    {
        "type": "message",
        "user": "U0474AYFT",
        "text": "Yes, this is a forum for pre-release.",
        "ts": "1429639671.000674"
    },
    {
        "type": "message",
        "user": "U04FS8D7N",
        "text": "Ah ok, that makes much more sense.  Thank you.",
        "ts": "1429639701.000675"
    },
    {
        "type": "message",
        "user": "U04FS8D7N",
        "text": "Using this network, would it be possible to sell digital content for AMPs? Say I've got a new video or song that I've just posted, could I charge 1 AMP to view said content and would people spending their AMPs on my video add to it's Current?",
        "ts": "1429640395.000676"
    },
    {
        "type": "message",
        "user": "U04FS8D7N",
        "text": "*its",
        "ts": "1429640485.000677"
    },
    {
        "type": "message",
        "user": "U0474AYFT",
        "text": "No, not on this forum.",
        "ts": "1429640686.000678"
    },
    {
        "type": "message",
        "user": "U0474AYFT",
        "text": "This is only for communication with early adopters.",
        "ts": "1429640701.000679"
    },
    {
        "type": "message",
        "user": "U04FS8D7N",
        "text": "Sorry, I meant for Synereo in general",
        "ts": "1429640705.000680"
    },
    {
        "type": "message",
        "user": "U0474AYFT",
        "text": "Yes, that's possible. Synereo can be used as a marketplace.",
        "ts": "1429640738.000681"
    },
    {
        "type": "message",
        "user": "U0474AYFT",
        "text": "However, for content, that use case runs counter to the way Synereo works by default.",
        "ts": "1429640768.000682"
    },
    {
        "type": "message",
        "user": "U0474AYFT",
        "text": "It will be possible, just a little bit of swimming against the current, if you know what i mean.",
        "ts": "1429640816.000683"
    },
    {
        "type": "message",
        "user": "U04FS8D7N",
        "text": "I understand",
        "ts": "1429640888.000684"
    },
    {
        "type": "message",
        "user": "U04FS8D7N",
        "text": "Also, in regards to our emails. Should I consider those AMPs lost? I'd assume the trade for bitcoins to AMPs would be near instant, yet I haven't noticed anything in my mycellium wallet.",
        "ts": "1429641022.000685"
    },
    {
        "type": "message",
        "user": "U0474AYFT",
        "text": "No, their not lost at all.",
        "ts": "1429641042.000686"
    },
    {
        "type": "message",
        "user": "U04FS8D7N",
        "text": "Excellent",
        "ts": "1429641054.000687"
    },
    {
        "type": "message",
        "user": "U0474AYFT",
        "text": "It's just harder to see the balance.",
        "ts": "1429641057.000688"
    },
    {
        "type": "message",
        "user": "U04FS8D7N",
        "text": "Could you explain how I could go about seeing my balance?",
        "ts": "1429641087.000689"
    },
    {
        "type": "message",
        "user": "U048X85UT",
        "text": "<@U04FS8D7N>: you will see them in an omniwallet after the crowdsale is over.",
        "edited": {
            "user": "U048X85UT",
            "ts": "1429641207.000000"
        },
        "ts": "1429641182.000690"
    },
    {
        "type": "message",
        "user": "U04FS8D7N",
        "text": "Ah ok, Thank you.",
        "ts": "1429641634.000692"
    },
    {
        "type": "message",
        "user": "U0474AT8P",
        "text": "We will distribute AMPs at the end of the crowdsale as Jim says :wink:",
        "ts": "1429651789.000693"
    },
    {
        "type": "message",
        "user": "U0474AT8P",
        "text": "And welcome to our Slack bilbo :thumbsup:",
        "ts": "1429651814.000694"
    },
    {
        "type": "message",
        "user": "U04FS8D7N",
        "text": "It's a pleasure to be here. This is quite the exciting network you're setting up.",
        "ts": "1429654214.000695"
    }
]