[
    {
        "type": "message",
        "user": "U0474AT8P",
        "text": "our bounty is still ongoing send us a tweet or post on our forum:",
        "ts": "1428977377.000555"
    },
    {
        "type": "message",
        "user": "U0474AT8P",
        "text": "<https:\/\/twitter.com\/Synereo\/status\/587795376385744896>",
        "attachments": [
            {
                "fallback": "<https:\/\/twitter.com\/Synereo|@Synereo>: Which <https:\/\/twitter.com\/Synereo|@Synereo> features you want to see at launch? Tell us with #SynereoMVP for a share of 50K AMPs. <http:\/\/blog.synereo.com\/2015\/04\/07\/mvp> #bitcoin #bounty",
                "ts": 1428976313,
                "author_name": "Synereo",
                "author_link": "https:\/\/twitter.com\/Synereo\/status\/587795376385744896",
                "author_icon": "https:\/\/pbs.twimg.com\/profile_images\/522790259789025280\/FKRuSK66_normal.png",
                "author_subname": "@Synereo",
                "text": "Which <https:\/\/twitter.com\/Synereo|@Synereo> features you want to see at launch? Tell us with #SynereoMVP for a share of 50K AMPs. <http:\/\/blog.synereo.com\/2015\/04\/07\/mvp> #bitcoin #bounty",
                "service_name": "twitter",
                "service_url": "https:\/\/twitter.com\/",
                "from_url": "https:\/\/twitter.com\/Synereo\/status\/587795376385744896",
                "id": 1
            }
        ],
        "ts": "1428977378.000556"
    },
    {
        "type": "message",
        "user": "U04910F4Z",
        "text": "Beautiful and powerful ad <@U0474AT8P>! Great job. Saw the video.,",
        "ts": "1428985696.000558"
    },
    {
        "type": "message",
        "user": "U0474AT8P",
        "text": "thanks for the feedback :wink:",
        "ts": "1428986021.000559"
    }
]