[
    {
        "type": "message",
        "user": "U04AYFU8H",
        "text": "im a little confused as to where the codebase for synereo and surrounding software resides.  where is all the feedback from recent demos\/installs going? as i understand the distributed network has been written by one person?  there is one open issue saying \"no readme file\" (raised by me) that still has no response. where is all the feedback being recorded? is there an issue queue\/repository elsewhere? are you waiting for funding to start development? whats the status on ongoing development from multiple contributers?",
        "edited": {
            "user": "U04AYFU8H",
            "ts": "1429001295.000000"
        },
        "ts": "1429001205.000560"
    },
    {
        "type": "message",
        "user": "U0474E4KZ",
        "text": "<@U0474AYFT>",
        "ts": "1429002593.000563"
    },
    {
        "type": "message",
        "user": "U04AYFU8H",
        "text": "<@U046F1278>",
        "ts": "1429002964.000564"
    },
    {
        "type": "message",
        "user": "U046F1278",
        "text": "hey <@U04AYFU8H>, all the code is on github, it's not hiding anywhere else",
        "ts": "1429003824.000565"
    },
    {
        "type": "message",
        "user": "U046F1278",
        "text": "we didn't release any alpha version yet so we don't have installs in the wild",
        "ts": "1429003854.000566"
    },
    {
        "type": "message",
        "user": "U046F1278",
        "text": "the distributed network has been conceived by <@U0474AYFT> and written by many people, over the course of almost 5 years",
        "ts": "1429003884.000567"
    },
    {
        "type": "message",
        "user": "U046F1278",
        "text": "and as you can tell we've been very busy with the crowdsale over the past month, so not much active development going on ATM",
        "ts": "1429003923.000568"
    },
    {
        "type": "message",
        "user": "U04AYFU8H",
        "text": "does that mean an alpha version is in the works that is not in github? i dont see where the latest iteration of user feedback is being recorded?",
        "ts": "1429004085.000569"
    },
    {
        "type": "message",
        "user": "U046F1278",
        "text": "which user feedback?",
        "ts": "1429004147.000570"
    },
    {
        "type": "message",
        "user": "U04AYFU8H",
        "text": "from the recent demo and ad-hoc user installations? whose feeding into the alpha?",
        "ts": "1429004209.000571"
    },
    {
        "type": "message",
        "user": "U046F1278",
        "text": "again, there are no user installations since we haven't released an alpha version yet",
        "ts": "1429004379.000572"
    },
    {
        "type": "message",
        "user": "U04AYFU8H",
        "text": "there is no release history for specialk. how stable? what works? what needs completion? adaptation for synereo? how many of the specialK contributors are still available\/committed? it may be the case that I am simply not scala\/github literate enough to answer these questions and the answers are staring me in face but if that's the case maybe there is a case to open the gates a little wider to new developers - if wider developer adoption is what we seek?",
        "edited": {
            "user": "U04AYFU8H",
            "ts": "1429004573.000000"
        },
        "ts": "1429004508.000573"
    },
    {
        "type": "message",
        "user": "U04AYFU8H",
        "text": "build a buzz around development as well as useage. look what happened with drupal. the developer appeal is phenomenal.",
        "ts": "1429004641.000576"
    },
    {
        "type": "message",
        "user": "U04AYFU8H",
        "text": "Im a little confused also that there are no issues\/labels\/milestones in the github specialK queue. how did the contributers communicate? Has SpecialK been stress tested? How does it stand up? How do we stress test it? Shall I pop these questions into the github queue?",
        "ts": "1429005546.000577"
    },
    {
        "type": "message",
        "user": "U046F1278",
        "text": "please do!",
        "ts": "1429005597.000578"
    },
    {
        "type": "message",
        "user": "U04AYFU8H",
        "text": "These are not criticisms of the software (nor the great work completed to date, nor the obvious talents of <@U0474AYFT>) per se - more regarding ease of access to the software. I sincerely want to see synereo take off and fly but without a rock solid dev process as a runway it may struggle. I realise I may be jumping the gun a little, but forward planning is just in my nature.  :simple_smile:",
        "ts": "1429005749.000579"
    },
    {
        "type": "message",
        "user": "U04AYFU8H",
        "text": "i think synereo also needs to assess whether github issue queues will serve its long term requirements or whether another ticket system will be better suited for internal projects. JIRA has already been mentioned. <https:\/\/www.atlassian.com\/software\/jira>. Of course that's not the only choice and it costs money. Slack is hopeless for anything more than chat (IMO). And Trello doesnt cut it for project management in its standard form. Perhaps there are extensions that can adapt it into an issue queue?",
        "attachments": [
            {
                "service_name": "Atlassian",
                "title": "JIRA - Issue & Project Tracking Software | Atlassian",
                "title_link": "https:\/\/www.atlassian.com\/software\/jira",
                "text": "Track and manage everything with JIRA project and issue tracking software by Atlassian. Free trial for 7 days, hosted or download.",
                "fallback": "Atlassian: JIRA - Issue &amp; Project Tracking Software | Atlassian",
                "from_url": "https:\/\/www.atlassian.com\/software\/jira",
                "id": 1
            }
        ],
        "ts": "1429006250.000580"
    },
    {
        "type": "message",
        "user": "U0474AT8P",
        "text": "I've been using Jira at my day job and I find it an incredible tool for Project Management.",
        "edited": {
            "user": "U0474AT8P",
            "ts": "1429014188.000000"
        },
        "ts": "1429014172.000582"
    },
    {
        "type": "message",
        "user": "U0474AT8P",
        "text": "<https:\/\/twitter.com\/Synereo\/status\/587976593299140609>",
        "attachments": [
            {
                "fallback": "<https:\/\/twitter.com\/Synereo|@Synereo>: Good read <https:\/\/twitter.com\/examinercom|@examinercom>: <https:\/\/twitter.com\/Synereo|@Synereo> builds the world's first decentralised #SocialNetwork. <http:\/\/www.examiner.com\/article\/synereo-builds-the-world-s-first-decentralized-social-network> #startup #bitcoin #B2B",
                "ts": 1429019518,
                "author_name": "Synereo",
                "author_link": "https:\/\/twitter.com\/Synereo\/status\/587976593299140609",
                "author_icon": "https:\/\/pbs.twimg.com\/profile_images\/522790259789025280\/FKRuSK66_normal.png",
                "author_subname": "@Synereo",
                "text": "Good read <https:\/\/twitter.com\/examinercom|@examinercom>: <https:\/\/twitter.com\/Synereo|@Synereo> builds the world's first decentralised #SocialNetwork. <http:\/\/www.examiner.com\/article\/synereo-builds-the-world-s-first-decentralized-social-network> #startup #bitcoin #B2B",
                "service_name": "twitter",
                "service_url": "https:\/\/twitter.com\/",
                "from_url": "https:\/\/twitter.com\/Synereo\/status\/587976593299140609",
                "id": 1
            }
        ],
        "ts": "1429019601.000584"
    },
    {
        "type": "message",
        "user": "U0474AT8P",
        "text": "Interesting read, find out more about Synereo B2B Arms.",
        "ts": "1429019626.000586"
    },
    {
        "type": "message",
        "user": "U0474AT8P",
        "text": "<https:\/\/twitter.com\/Synereo\/status\/588008666407817217>",
        "attachments": [
            {
                "fallback": "<https:\/\/twitter.com\/Synereo|@Synereo>: Read more about <https:\/\/twitter.com\/Synereo|@Synereo> B2B Arms: Technology and Content on <https:\/\/twitter.com\/examinercom|@examinercom>: <http:\/\/www.examiner.com\/article\/synereo-builds-the-world-s-first-decentralized-social-network> #startup #bitcoin <https:\/\/pbs.twimg.com\/media\/CCkF-4kW8AICz6h.jpg>",
                "ts": 1429027165,
                "author_name": "Synereo",
                "author_link": "https:\/\/twitter.com\/Synereo\/status\/588008666407817217",
                "author_icon": "https:\/\/pbs.twimg.com\/profile_images\/522790259789025280\/FKRuSK66_normal.png",
                "author_subname": "@Synereo",
                "text": "Read more about <https:\/\/twitter.com\/Synereo|@Synereo> B2B Arms: Technology and Content on <https:\/\/twitter.com\/examinercom|@examinercom>: <http:\/\/www.examiner.com\/article\/synereo-builds-the-world-s-first-decentralized-social-network> #startup #bitcoin <https:\/\/pbs.twimg.com\/media\/CCkF-4kW8AICz6h.jpg>",
                "service_name": "twitter",
                "service_url": "https:\/\/twitter.com\/",
                "image_url": "https:\/\/pbs.twimg.com\/media\/CCkF-4kW8AICz6h.jpg",
                "image_width": 600,
                "image_height": 441,
                "image_bytes": 42384,
                "from_url": "https:\/\/twitter.com\/Synereo\/status\/588008666407817217",
                "id": 1
            }
        ],
        "ts": "1429027243.000587"
    },
    {
        "type": "message",
        "user": "U04BQ4FMC",
        "text": "Nice",
        "ts": "1429031135.000589"
    },
    {
        "type": "message",
        "user": "U0474AYFT",
        "text": "<@U04AYFU8H>: we agree that github issue tracker is not what we want to use for project management. The github issues are there for the MVP bounties and engagement with external developers.",
        "edited": {
            "user": "U0474AYFT",
            "ts": "1429031420.000000"
        },
        "ts": "1429031406.000590"
    },
    {
        "type": "message",
        "user": "U0474AYFT",
        "text": "<@U04AYFU8H>: yes, SpecialK was stress tested in the context of the development for protunity. We had both hand written load and stress tests as well as loadrunner based tests. We are well aware of the hotspots and have a backlog that we would love to get to, if we had money for dev.",
        "ts": "1429031507.000592"
    },
    {
        "type": "message",
        "user": "U0474AYFT",
        "text": "All of our efforts have been focused on bizdev because we need to reach a certain level of investment before we can do more serious development.",
        "ts": "1429031568.000593"
    },
    {
        "user": "U04DJ5PUP",
        "type": "message",
        "subtype": "channel_join",
        "text": "<@U04DJ5PUP|jankei> has joined the channel",
        "ts": "1429042498.000594"
    }
]