[
    {
        "type": "message",
        "user": "U0474E4KZ",
        "text": "<@U0474AT8P> <@U0FESR742> that's really the sort of thing we should be pushing out",
        "ts": "1448828002.000046"
    },
    {
        "type": "message",
        "user": "U0474AYFT",
        "text": "Panel: Technical challenges: Blockchain scalability and other important problems to the mainstream deployment of blockchain technology.\n\nModerator: Constance Choi\n\nPanelists: Sarah Meiklejohn (UCL), Peter Todd (Bitcoin dev), Vlad Zamfir (Ethereum), Gregory Meredith (Synereo)",
        "ts": "1448828402.000047"
    },
    {
        "type": "message",
        "user": "U0474AYFT",
        "text": "This is a panel i'll speaking on at the Blockchain Workshop in Sydney.",
        "ts": "1448828452.000048"
    },
    {
        "type": "message",
        "user": "U0474E4KZ",
        "text": "Awesome!",
        "ts": "1448828500.000049"
    },
    {
        "type": "message",
        "user": "U0474E4KZ",
        "text": "Is there a link to this info on their page?",
        "ts": "1448828586.000050"
    },
    {
        "type": "message",
        "user": "U0474AT8P",
        "text": "Welcome <@U0FESR742>",
        "ts": "1448829906.000051"
    },
    {
        "type": "message",
        "user": "U048X85UT",
        "text": "They list Greg as a speaker but I do not see the session listed <http:\/\/blockchainworkshops.org\/>",
        "ts": "1448831210.000052"
    },
    {
        "type": "message",
        "user": "U0474E4KZ",
        "text": "I'm a judge in the upcoming Ethereum online hackathon, by the way.",
        "ts": "1448831484.000053"
    },
    {
        "type": "message",
        "user": "U0474AT8P",
        "text": "YAY",
        "ts": "1448839366.000054"
    },
    {
        "type": "message",
        "user": "U0FESR742",
        "text": "This is all great news gentleman! Good talk early today, I'm glad I finally made it back to this end of the work. Look forward to working with this awesome community as we push towards the goal!",
        "ts": "1448869821.000055"
    }
]