[
    {
        "type": "message",
        "user": "U0474E4KZ",
        "text": "AWS is mostly used as an intermediate solution until we have an easy to install docker container.",
        "ts": "1440960805.000021"
    },
    {
        "type": "message",
        "user": "U0474AT8P",
        "text": "Docker should be easy as spinning a VM",
        "ts": "1440964284.000022"
    },
    {
        "type": "message",
        "user": "U0474AT8P",
        "text": "Need to get ready for docker :simple_smile:",
        "ts": "1440964312.000023"
    },
    {
        "type": "message",
        "user": "U04BQ4FMC",
        "text": "I decided to wait for docker.  Don't have time to learn that Amazon stuff too.",
        "ts": "1440974728.000024"
    }
]