[
    {
        "type": "message",
        "user": "U0474AT8P",
        "text": "<https:\/\/twitter.com\/Synereo\/status\/586436344118820864>",
        "attachments": [
            {
                "fallback": "<https:\/\/twitter.com\/Synereo|@Synereo>: Hear about <https:\/\/twitter.com\/Synereo|@Synereo>'s crowdsale and a live tech demo with <https:\/\/twitter.com\/leithaus|@leithaus> on <https:\/\/twitter.com\/decentralvan|@decentralvan> hangout <https:\/\/youtu.be\/4xwyc2iC4Nc?t=24m7s> #socialnetwork #bitcoin",
                "ts": 1428652294,
                "author_name": "Synereo",
                "author_link": "https:\/\/twitter.com\/Synereo\/status\/586436344118820864",
                "author_icon": "https:\/\/pbs.twimg.com\/profile_images\/522790259789025280\/FKRuSK66_normal.png",
                "author_subname": "@Synereo",
                "text": "Hear about <https:\/\/twitter.com\/Synereo|@Synereo>'s crowdsale and a live tech demo with <https:\/\/twitter.com\/leithaus|@leithaus> on <https:\/\/twitter.com\/decentralvan|@decentralvan> hangout <https:\/\/youtu.be\/4xwyc2iC4Nc?t=24m7s> #socialnetwork #bitcoin",
                "service_name": "twitter",
                "service_url": "https:\/\/twitter.com\/",
                "from_url": "https:\/\/twitter.com\/Synereo\/status\/586436344118820864",
                "id": 1
            }
        ],
        "ts": "1428652325.000522"
    },
    {
        "user": "U04BX31QM",
        "type": "message",
        "subtype": "channel_join",
        "text": "<@U04BX31QM|nenad> has joined the channel",
        "ts": "1428658105.000524"
    },
    {
        "type": "message",
        "user": "U04BX31QM",
        "text": "Thanks for inviting me everyone, I will lurk for a bit, before I join in",
        "ts": "1428663119.000525"
    },
    {
        "user": "U04BB1PCG",
        "type": "message",
        "subtype": "channel_join",
        "text": "<@U04BB1PCG|cryptkeeper> has joined the channel",
        "ts": "1428670901.000526"
    },
    {
        "user": "U04BC1JF0",
        "type": "message",
        "subtype": "channel_join",
        "text": "<@U04BC1JF0|st_ky> has joined the channel",
        "ts": "1428675119.000527"
    },
    {
        "type": "message",
        "user": "U0474AT8P",
        "text": "welcome newcomers :wink:",
        "ts": "1428678438.000528"
    },
    {
        "type": "message",
        "user": "U0474AT8P",
        "text": "newbie message for you",
        "ts": "1428678445.000529"
    },
    {
        "type": "message",
        "user": "USLACKBOT",
        "text": "Looks like we have a new user. 1) Change your username to your first name, or your nickname. 2) Put up a custom profile picture. 3) If you feel like, introduce yourself and tell us how you can help Synereo. 4) Feel free to ask any questions and browse around. 5) Have fun!",
        "ts": "1428678445.000530"
    },
    {
        "type": "message",
        "user": "U0474AYFT",
        "text": "Synereo's in Forbes: <http:\/\/www.forbes.com\/sites\/ilyapozin\/2015\/04\/10\/meet-the-3-platforms-that-will-decentralize-the-web\/>",
        "attachments": [
            {
                "service_name": "Forbes",
                "title": "The 3 Platforms That Will Decentralize The Web",
                "title_link": "http:\/\/www.forbes.com\/sites\/ilyapozin\/2015\/04\/10\/meet-the-3-platforms-that-will-decentralize-the-web\/",
                "text": "Bitcoin is going mainstream, and the decentralized platform has tremendous potential to change the way people make payments and transfer money. Now industry leaders are looking at the technology used to create other decentralized services like peer-to-peer file sharing, made popular by Napster and BitTorrent, as a way to deliver content. Decentralization [...]",
                "fallback": "Forbes: The 3 Platforms That Will Decentralize The Web",
                "thumb_url": "https:\/\/farm6.staticflickr.com\/5033\/5825972240_6c2f4932aa_b.jpg",
                "ts": 1428649200,
                "from_url": "http:\/\/www.forbes.com\/sites\/ilyapozin\/2015\/04\/10\/meet-the-3-platforms-that-will-decentralize-the-web\/",
                "thumb_width": 1024,
                "thumb_height": 768,
                "id": 1
            }
        ],
        "ts": "1428689132.000531"
    },
    {
        "user": "U04C4RDE5",
        "type": "message",
        "subtype": "channel_join",
        "text": "<@U04C4RDE5|miri.gefen> has joined the channel",
        "ts": "1428692650.000533"
    },
    {
        "type": "message",
        "user": "U0474AT8P",
        "text": "great mention",
        "ts": "1428694343.000534"
    },
    {
        "user": "U04C7D0GH",
        "type": "message",
        "subtype": "channel_join",
        "text": "<@U04C7D0GH|assafbz> has joined the channel",
        "ts": "1428704264.000535"
    },
    {
        "user": "U04BMCE7Q",
        "type": "message",
        "subtype": "channel_join",
        "text": "<@U04BMCE7Q|theo.godspeed> has joined the channel",
        "ts": "1428723668.000536"
    },
    {
        "type": "message",
        "user": "U04BMCE7Q",
        "text": "HI all",
        "ts": "1428723729.000537"
    },
    {
        "type": "message",
        "user": "U048X85UT",
        "text": "welcome",
        "ts": "1428725672.000538"
    }
]