[
    {
        "user": "U04MQG5KX",
        "type": "message",
        "subtype": "channel_join",
        "text": "<@U04MQG5KX|sam> has joined the channel",
        "ts": "1430736505.000901"
    },
    {
        "type": "message",
        "user": "U049CMCCZ",
        "text": "I'm still trying to get my head around this stuff.\n\n1.\tWhen I create my profile, is that a completely blank one with no data about me whatsoever?\n2.\tI then enter my name, birthday, birthplace, address, country, phn number, email and etc. When talking about anonymity, are all those details only available to me, or can anyone I link to also see those details?\n3.\tHow do I secure those details to keep only for myself?\n4.\tAnd how do I show details that I don't mind my friends and circle and even the general public to know?\n5.\tOnce I create my profile, is that one like an account online which you cannot delete, ever?\n\nAs you are all aware, in various fora or news sites about controversial topics\/articles, sometimes it could be necessary (or tempting) to bring forward statements\/opinions which are seen as offensive to some and not to others  but you refrain because your identity is not hidden, which means that there is a high risk you can have bad people knocking on your front-door and do bad stuff to you or your family.\n\nA.\tIs it possible to create a second identity\/profile which will be ranked as trustworthy, but where you are not profiled as yourself with personal details and such?\nB.\tAnd that this profile cannot be traced back to your geo location?",
        "edited": {
            "user": "U049CMCCZ",
            "ts": "1430737984.000000"
        },
        "ts": "1430737872.000902"
    },
    {
        "type": "message",
        "user": "U049CMCCZ",
        "text": "My reason for question A and B is due to the fact that different govs and radical organizations, are already harvesting accounts online about people who have 'non-conforming political and religious views', and I see that as a danger to society.\nOne can ofcourse elect not to speak up about controversial topics, but is that really the way we are heading? To be silent sheep?\nSo I think one corner of the internet is in need of a way to convey strong opinions, without risking your and your family safety.",
        "ts": "1430739777.000904"
    },
    {
        "type": "message",
        "user": "U04BQ4FMC",
        "text": "I can't say exactly how it works, <@U049CMCCZ> , but I think that you have to set each output with the level of access that you want.  For posts, this is easier to imagine, but I think your 'home page' will work similarly.  There should be options to set who can see each part, if it's treated like an individual output.  We also have the option of posting without that data, aka 'anonymously'.  That may make it easier to imagine, as you may want to leave your basic profile info public, if you are some kind of content producer.",
        "ts": "1430754958.000905"
    },
    {
        "type": "message",
        "user": "U048T3M8W",
        "text": "Hi. Yesterday I've explained the concept of Synereo to a friend and she understood it immediately.",
        "ts": "1430755056.000906"
    },
    {
        "type": "message",
        "user": "U0474AYFT",
        "text": "<@U048T3M8W>: fantastic! Can you share your explanation with us?",
        "ts": "1430755203.000907"
    },
    {
        "type": "message",
        "user": "U0474AYFT",
        "text": "<@U049CMCCZ>: Here's a slide deck that helps explain how we approach your questions: <http:\/\/biosimilarity.com\/qoid-an-origin-story.html>",
        "attachments": [
            {
                "title": "QOID: An Origin Story",
                "title_link": "http:\/\/biosimilarity.com\/qoid-an-origin-story.html",
                "text": "Monadic Design Patters, Scala Web Development, &lt;tel:206-618-8302|206-618-8302&gt;, Seattle, WA 98136",
                "fallback": "QOID: An Origin Story",
                "from_url": "http:\/\/biosimilarity.com\/qoid-an-origin-story.html",
                "id": 1
            }
        ],
        "ts": "1430755272.000908"
    },
    {
        "type": "message",
        "user": "U0474AYFT",
        "text": "All information is transmitted over a channel.",
        "ts": "1430755287.000910"
    },
    {
        "type": "message",
        "user": "U0474AYFT",
        "text": "A channel always involves 2 end points.",
        "ts": "1430755308.000911"
    },
    {
        "type": "message",
        "user": "U0474AYFT",
        "text": "However, both end points can be the same entity. In other words, we support loops.",
        "ts": "1430755349.000912"
    },
    {
        "type": "message",
        "user": "U0474AYFT",
        "text": "When you store information for your personal use, you are actually transmitting it on a channel that is a loop.",
        "ts": "1430755392.000913"
    },
    {
        "type": "message",
        "user": "U0474AYFT",
        "text": "When you share information with others you are transmitting it over a collection of channels, one for each of the others with whom you wish to share the information.",
        "ts": "1430755434.000914"
    },
    {
        "type": "message",
        "user": "U0474AYFT",
        "text": "One crucially important thing to understand: channels are *logical* entities, not physical entities.",
        "ts": "1430755486.000915"
    },
    {
        "type": "message",
        "user": "U0474AYFT",
        "text": "Transmitting information on a channel does not necessarily pin information to a physical location.",
        "ts": "1430755523.000916"
    },
    {
        "type": "message",
        "user": "U0474AYFT",
        "text": "In fact, quite the opposite is true.",
        "ts": "1430755540.000917"
    },
    {
        "type": "message",
        "user": "U0474AYFT",
        "text": "Once information is in play in the Synereo network it is almost never still.",
        "ts": "1430755560.000918"
    },
    {
        "type": "message",
        "user": "U0474AYFT",
        "text": "It's constantly in motion relative to physical locations.",
        "edited": {
            "user": "U0474AYFT",
            "ts": "1430755588.000000"
        },
        "ts": "1430755566.000919"
    },
    {
        "type": "message",
        "user": "U049CMCCZ",
        "text": "if I disclose eg. private info to someone and later regret that - can I pull it back so to speak? or delete it? or will it be forever out there?",
        "ts": "1430755651.000921"
    },
    {
        "type": "message",
        "user": "U0474AYFT",
        "text": "Yes, you can.",
        "ts": "1430755671.000922"
    },
    {
        "type": "message",
        "user": "U0474AYFT",
        "text": "Unless they have scraped the information and stored it outside of the network.",
        "ts": "1430755687.000923"
    },
    {
        "type": "message",
        "user": "U049CMCCZ",
        "text": "ah yes ofc",
        "ts": "1430755711.000924"
    },
    {
        "type": "message",
        "user": "U049CMCCZ",
        "text": "did you see my questions A and B?",
        "ts": "1430755744.000925"
    },
    {
        "type": "message",
        "user": "U0474AYFT",
        "text": "You can have many loops. Each loop corresponds to a different profile.",
        "ts": "1430755766.000926"
    },
    {
        "type": "message",
        "user": "U049CMCCZ",
        "text": "maybe that's too controversial and something it's not supposed to accomodate?",
        "ts": "1430755777.000927"
    },
    {
        "type": "message",
        "user": "U0474AYFT",
        "text": "Channels which are not loops are actually between *loops*.",
        "ts": "1430755805.000928"
    },
    {
        "type": "message",
        "user": "U049CMCCZ",
        "text": "ah so one person can indeed create several profiles?",
        "ts": "1430755815.000929"
    },
    {
        "type": "message",
        "user": "U0474AYFT",
        "text": "Yes.",
        "ts": "1430755821.000930"
    },
    {
        "type": "message",
        "user": "U049CMCCZ",
        "text": "interesting",
        "ts": "1430755834.000931"
    },
    {
        "type": "message",
        "user": "U0474AYFT",
        "text": "And you can have different connections to the same agent with different profiles.",
        "ts": "1430755841.000932"
    },
    {
        "type": "message",
        "user": "U049CMCCZ",
        "text": "as we already talked about earlier - it's probably best to wait with these questions till we have the client up and running. will prob give instant answers just by doing stuff",
        "ts": "1430755920.000933"
    },
    {
        "type": "message",
        "user": "U0474AYFT",
        "text": "Sort of.",
        "ts": "1430755933.000934"
    },
    {
        "type": "message",
        "user": "U0474AYFT",
        "text": "It's quite likely that the next client we release exposes *less* of the underlying model.",
        "ts": "1430755954.000935"
    },
    {
        "type": "message",
        "user": "U0474AYFT",
        "text": "The underlying model is exceedingly rich.",
        "ts": "1430755966.000936"
    },
    {
        "type": "message",
        "user": "U049CMCCZ",
        "text": "I can imagine",
        "ts": "1430755976.000937"
    },
    {
        "type": "message",
        "user": "U049CMCCZ",
        "text": "and prob a good idea to start up softly",
        "ts": "1430755991.000938"
    },
    {
        "type": "message",
        "user": "U0474AYFT",
        "text": "i've discovered that even people who have thought about this for a while haven't thought things all the way through.",
        "ts": "1430755992.000939"
    },
    {
        "type": "message",
        "user": "U0474AYFT",
        "text": "So, they don't get some of the features until they've had a chance to play with it for a while.",
        "ts": "1430756015.000940"
    },
    {
        "type": "message",
        "user": "U049CMCCZ",
        "text": "true",
        "ts": "1430756022.000941"
    },
    {
        "type": "message",
        "user": "U0474AYFT",
        "text": "Then they begin to understand the features in terms of their experience.",
        "ts": "1430756029.000942"
    },
    {
        "type": "message",
        "user": "U0474AYFT",
        "text": "So, we're likely to release a steady stream of clients with increasingly rich feature sets.",
        "ts": "1430756065.000943"
    },
    {
        "type": "message",
        "user": "U049CMCCZ",
        "text": "you know - I hate it that we talk about this baby, but we can't touch her yet - will be nice to finally see 'her' in action :smile:",
        "ts": "1430756083.000944"
    },
    {
        "type": "message",
        "user": "U0474AYFT",
        "text": "i will be doing on boarding for those who want early access to the bits.",
        "ts": "1430756115.000945"
    },
    {
        "type": "message",
        "user": "U0474AYFT",
        "text": "The next on boarding session is at 17:30 PDT 6 May. To join all you need is proof of purchase of AMPs in the crowdsale.",
        "ts": "1430756215.000946"
    },
    {
        "type": "message",
        "user": "U0474AYFT",
        "text": "If you could get the word out, i would appreciate it.",
        "ts": "1430756241.000947"
    },
    {
        "type": "message",
        "user": "U049CMCCZ",
        "text": "'on boarding' not familiar with that term?",
        "ts": "1430756261.000948"
    },
    {
        "type": "message",
        "user": "U049CMCCZ",
        "text": "will try to spread the word",
        "ts": "1430756313.000949"
    },
    {
        "type": "message",
        "user": "U0474AYFT",
        "text": "The current UI\/UX needs a little explanation. i will help people get logged in and show them how to do basic things.",
        "ts": "1430756370.000950"
    },
    {
        "type": "message",
        "user": "U049CMCCZ",
        "text": "ah - nice",
        "ts": "1430756386.000951"
    },
    {
        "type": "message",
        "user": "U048T3M8W",
        "text": "A boarding session needs a URL to somewhere, isn't it?",
        "ts": "1430756591.000952"
    },
    {
        "type": "message",
        "user": "U048T3M8W",
        "text": "Or is it a kind of google Hangout?",
        "ts": "1430756621.000953"
    },
    {
        "type": "message",
        "user": "U049CMCCZ",
        "text": "that QOID is another good slide :thumbsup:",
        "ts": "1430756663.000954"
    },
    {
        "type": "message",
        "user": "U048T3M8W",
        "text": "That would be 02:30 AM CEST. Guess that I'm sleeping at that time. Could you not re-schedule this event to a moment in the morning PDT?",
        "ts": "1430756930.000955"
    },
    {
        "type": "message",
        "user": "U0474AYFT",
        "text": "<@U048T3M8W>: i could do a session at 09:30 PDT. Would that help?",
        "ts": "1430757583.000956"
    },
    {
        "type": "message",
        "user": "U0474AYFT",
        "text": "We will be using google hangouts.",
        "ts": "1430757596.000957"
    },
    {
        "type": "message",
        "user": "U048T3M8W",
        "text": "09:30 PDT is 18:30 CEST. If you could do that, that would be excellent for Europe :simple_smile:",
        "ts": "1430757872.000958"
    },
    {
        "type": "message",
        "user": "U048T3M8W",
        "text": "What kind of proof of purchase of AMP in the crowdsale would do? For example the transaction ID of the bitcoin transfer?",
        "ts": "1430758189.000959"
    },
    {
        "type": "message",
        "user": "U0474AYFT",
        "text": "The transaction ID will suffice.",
        "ts": "1430758226.000960"
    },
    {
        "type": "message",
        "user": "U048T3M8W",
        "text": "OK",
        "ts": "1430758237.000961"
    },
    {
        "type": "message",
        "user": "U0474AYFT",
        "text": "<@U049CMCCZ>: thanks for the feedback about the QOID slides!",
        "ts": "1430758267.000962"
    },
    {
        "type": "message",
        "user": "U048T3M8W",
        "text": "I've to go through it a few times in order to get the idea. First impression is that they're beautifully done.",
        "ts": "1430758392.000963"
    },
    {
        "type": "message",
        "user": "U048T3M8W",
        "text": "So what I explained to my friend about Synereo is not much, just a start. First I explained about the collision of community effort and capitalistic abuse by a few businesses. Like with car-sharing, ride-sharing, home-sharing, content-sharing. Naturally people feel good in this sharing economy, because it\u2019s good for everything: environment, cheaper prices, more comfort, more social. But then the people see that a few business capitalise on their effort and then they get bored of this kind of sharing.\n\nNow Synereo comes up with this idea that you only have to start a decentralised process where there\u2019s no centralised control anymore. It would mean even more empowerment of individuals, an ever increasing trend that\u2019s going on since humans exists. So I told her, that if you\u2019re famous in a certain network and you have something new to show; that this message will get you not only massive attention but you would earn also from this massive attention. On the other hand when you want to distribute your unappreciated message, then you have to pay people for consuming it.\n\nAlso if you want to offer a service like a ride-share from Amsterdam to Paris, then this offering would through the network very quickly, if you do this ride in a proper way. Probably riders could even pay you in AMP\u2019s for making a reservation.\n\nMy friend compared it to what neighbours do for each other or how agriculture becomes also a common effort.\n\nSo I\u2019m very interested in this concept, but I also know that I\u2019ve to learn a lot about how it is organised.",
        "ts": "1430759940.000964"
    },
    {
        "type": "message",
        "user": "U04BQ4FMC",
        "text": "Someone recently said in a conversation, \"It's all easy when you have Trust.\"",
        "ts": "1430762585.000965"
    },
    {
        "type": "message",
        "user": "U04BQ4FMC",
        "text": "Wednesday is the worst day of the week for me, so unless the HO is done late in the evening (~2200 UTC-4) I won't be able to make it.",
        "ts": "1430762742.000966"
    },
    {
        "type": "message",
        "user": "U0474AYFT",
        "text": "<@U048T3M8W>: excellent description!",
        "ts": "1430764415.000967"
    },
    {
        "type": "message",
        "user": "U0474AYFT",
        "text": "One of my friends coined the phrase Neighbors on Purpose that amplifies your friends observation.",
        "ts": "1430764441.000968"
    },
    {
        "type": "message",
        "user": "U0474AYFT",
        "text": "<@U04BQ4FMC>: Does next Monday work for you?",
        "ts": "1430764478.000969"
    },
    {
        "type": "message",
        "user": "U048X85UT",
        "text": "\"It's all easy when you have Trust.\"  But building trust is not easy.  Join the <http:\/\/FreeTrust.org|FreeTrust.org> slack at <http:\/\/FreeTrust.net|FreeTrust.net> to help build Blockchain 2.0 trust.",
        "ts": "1430764803.000970"
    },
    {
        "type": "message",
        "user": "U048X85UT",
        "text": "Extending Synereo privacy by default into the outside world.",
        "edited": {
            "user": "U048X85UT",
            "ts": "1430764911.000000"
        },
        "ts": "1430764869.000971"
    },
    {
        "user": "U04MANNGL",
        "type": "message",
        "subtype": "channel_join",
        "text": "<@U04MANNGL|mav137> has joined the channel",
        "ts": "1430768691.000973"
    },
    {
        "type": "message",
        "user": "U04BQ4FMC",
        "text": "<@U0474AYFT>: Monday is great, but I'm in \"the middle\" time area, IE between west coast US, or Europe.  So to not be too early for you, or too late for others, it limits the window for me.    I'm wide open from 1600 to 1900, which is 1300-1600 for you, and 2000-2300 for Europe.  Probably reasonable for the majority.",
        "ts": "1430769566.000974"
    },
    {
        "type": "message",
        "user": "U04BQ4FMC",
        "text": "<@U048X85UT>: perfect segue :simple_smile:  Trusting the platform &amp; network is a damn good start!",
        "ts": "1430769735.000975"
    },
    {
        "type": "message",
        "user": "U04GDL62L",
        "text": "![anonymity slider]\n(<https:\/\/lh3.googleusercontent.com\/FI77e2lw0CMisW2vrJTp7cenYcw-852psdFI3DyYLrxm8TwOwfqT1rioTlD1JbSChKDfWtz3>)\n\n---\nRE Henri's question...\n\nI'd love to see a UI enabling users to tailor their level of anonymity per post. The slider above could be wired to an image filter, such that the user's real photo is masked or altered as it slides towards complete anonymity. The table below could be filled out by the user.\n\nDoes level of anonymity affect REO ?",
        "ts": "1430779279.000978"
    },
    {
        "type": "message",
        "user": "U04GDL62L",
        "text": "Alternatively, tapping my avatar could bring up a slider allowing me to select a particular profile.",
        "ts": "1430780877.000979"
    },
    {
        "type": "message",
        "user": "U04BQ4FMC",
        "text": "Coincidentally, I just came across Openname <https:\/\/openname.org\/> .  I take it that will be able to 'ride' on top of (or however you'd describe it) Synereo?",
        "ts": "1430786985.000980"
    },
    {
        "type": "message",
        "user": "U048X85UT",
        "text": "<#C04BLQ4CX> will integrate openname and synereo with the national identity ecosystem.",
        "ts": "1430794061.000981"
    },
    {
        "type": "message",
        "user": "U04M6AUV5",
        "text": "So when would the amps be distributed?",
        "ts": "1430794259.000982"
    },
    {
        "type": "message",
        "user": "U04M6AUV5",
        "text": "I thought it would be done by monday, correct\/",
        "ts": "1430794282.000983"
    },
    {
        "type": "message",
        "user": "U0474AT8P",
        "text": "We mentioned it could take up to two weeks in our last blog post, nevertheless distribution is underway and shouldn't be much longer to be completed.",
        "edited": {
            "user": "U0474AT8P",
            "ts": "1430796411.000000"
        },
        "ts": "1430796396.000984"
    }
]