[
    {
        "type": "message",
        "user": "U0474E4KZ",
        "text": "<http:\/\/techcrunch.com\/2015\/05\/13\/all-you-need-is-like\/#.ysupo7:Qhw0>",
        "attachments": [
            {
                "service_name": "TechCrunch",
                "service_url": "http:\/\/techcrunch.com",
                "title": "Facebook\u2019s Quest To Absorb The\u00a0Internet",
                "title_link": "http:\/\/techcrunch.com\/2015\/05\/13\/all-you-need-is-like\/",
                "author_name": "Josh Constine",
                "thumb_url": "https:\/\/i2.wp.com\/tctechcrunch2011.files.wordpress.com\/2015\/05\/facebook-absorbs-the-internet.png?fit=200%2C150",
                "thumb_width": 200,
                "thumb_height": 104,
                "text": "Facebook never wants you to leave, so it's swallowing up where you might try to go. A few years back, its News Feed brimmed with links to content hosted elsewhere. News articles, YouTube clips, business websites, ads for ecommerce stores.\r\n\r\nBut Facebook has decided the world outside its walled garden is full of friction. And friction isn't The Hacker Way.",
                "fallback": "TechCrunch Link: Facebook&#8217;s Quest To Absorb The&nbsp;Internet",
                "from_url": "http:\/\/techcrunch.com\/2015\/05\/13\/all-you-need-is-like\/",
                "id": 1
            }
        ],
        "ts": "1432713444.000030"
    },
    {
        "type": "message",
        "user": "U0474E4KZ",
        "text": "\"Facebook\u2019s Quest To Absorb The Internet\"\n\nA good overview of existing and recent features designed to keep users inside Facebook's walls.",
        "ts": "1432713451.000032"
    },
    {
        "type": "message",
        "user": "U0474AT8P",
        "text": "Tonight\u2019s community hangout will be 2 hours earlier at 19:00 Western European Time which is 2PM Eastern, 11AM Pacific. \n\n<https:\/\/plus.google.com\/u\/1\/b\/109002904706315055045\/events\/cmqejp6d43n5cqkdl3iu0582f4k>\n\nGreg will be going through his latest paper on How Linear Types Can Change The Blockchain.",
        "attachments": [
            {
                "service_name": "Google+",
                "title": "Synereo Community Hangout - Linear Types Can Change the Blockchain - Google+",
                "title_link": "https:\/\/plus.google.com\/u\/1\/b\/109002904706315055045\/events\/cmqejp6d43n5cqkdl3iu0582f4k",
                "text": "On this week's SCH we'll talk about a new model for the blockchain -- based on linear logic!",
                "fallback": "Google+: Synereo Community Hangout - Linear Types Can Change the Blockchain - Google+",
                "image_url": "https:\/\/lh3.googleusercontent.com\/-sq9uHlSjgcc\/VWIkpWA_AhI\/AAAAAAAAAAA\/aZvEas3xbq0\/w940-h280-n\/event_theme.jpg",
                "from_url": "https:\/\/plus.google.com\/u\/1\/b\/109002904706315055045\/events\/cmqejp6d43n5cqkdl3iu0582f4k",
                "image_width": 839,
                "image_height": 250,
                "image_bytes": 32822,
                "id": 1
            }
        ],
        "edited": {
            "user": "U0474AT8P",
            "ts": "1432717986.000000"
        },
        "ts": "1432717901.000033"
    },
    {
        "type": "message",
        "user": "U0474AYFT",
        "text": "Here's the participant's link for today's hangout: <https:\/\/plus.google.com\/hangouts\/_\/hoaevent\/AP36tYcDfTUtCjiJI5I119ff7IlP2fcMCFncqBPx3GECgcdggs6WLA?authuser=0&amp;eid=109002904706315055045&amp;hl=en>",
        "ts": "1432750046.000036"
    },
    {
        "type": "message",
        "user": "U0474AT8P",
        "text": "Thanks Greg!",
        "ts": "1432750130.000037"
    },
    {
        "type": "message",
        "user": "U048X85UT",
        "text": "The talk was Awesome. This is clearly leading to revolutionizing the blockchain. It seems consensus can be reached by mathematical proof. The proof of work is a proof of proof. It seems that rather than every node coming up with it's own different equally viable version of the next block, every node comes up with an identical next block and never has to accept a next block different from its own. This would solve a multitude of issues and is truly revolutionary. There are some details to be worked out but the concept was well presented and compelling.",
        "ts": "1432775985.000038"
    },
    {
        "type": "message",
        "user": "U048X85UT",
        "text": "Am I close <@U0474AYFT> ?",
        "ts": "1432776029.000039"
    }
]