[
    {
        "type": "message",
        "user": "U07D57ZMG",
        "text": "So who copied who's logo: <https:\/\/twitter.com\/OurCrowd>",
        "attachments": [
            {
                "text": "The latest Tweets from OurCrowd (@OurCrowd). Building the next generation of funding for startups. Stay ahead of new technologies, rising-star entrepreneurs, and must-attend events. Jerusalem, Israel",
                "fallback": "The latest Tweets from OurCrowd (@OurCrowd). Building the next generation of funding for startups. Stay ahead of new technologies, rising-star entrepreneurs, and must-attend events. Jerusalem, Israel",
                "from_url": "https:\/\/twitter.com\/OurCrowd",
                "id": 1
            }
        ],
        "ts": "1449150328.000074",
        "reactions": [
            {
                "name": "eyes",
                "users": [
                    "U06AAH8F3"
                ],
                "count": 1
            }
        ]
    }
]