[
    {
        "user": "U04LB7EJ5",
        "type": "message",
        "subtype": "channel_join",
        "text": "<@U04LB7EJ5|ripper234> has joined the channel",
        "ts": "1430381382.000838"
    },
    {
        "type": "message",
        "user": "U04LB7EJ5",
        "text": "I'm that's the Slack is now open to everyone, I wanted to get in here a while ago.\nDisclaimer: I'm not really sparing tons of CPU cycles to Synereo these days, so I probablly won't read 99.9% of the content here. But it's nice that it's open.",
        "ts": "1430381493.000839"
    },
    {
        "type": "message",
        "user": "U049CMCCZ",
        "text": "just watched the hangout from yday.\nalways a pleasure to hear Greg's easy to understand elaborations over how Synereo will work :simple_smile:",
        "edited": {
            "user": "U049CMCCZ",
            "ts": "1430381758.000000"
        },
        "ts": "1430381675.000840"
    },
    {
        "type": "message",
        "user": "U0474AT8P",
        "text": "<https:\/\/twitter.com\/Synereo\/status\/593689975843102721>",
        "attachments": [
            {
                "fallback": "<https:\/\/twitter.com\/Synereo|@Synereo>: The <https:\/\/twitter.com\/Synereo|@Synereo> Twitter Bounty Winners have been chosen. A big thank you to every single participant. <https:\/\/discuss.synereo.com\/t\/twitter-bounties-winners\/56368> #bitcoin #startup",
                "ts": 1430381695,
                "author_name": "Synereo",
                "author_link": "https:\/\/twitter.com\/Synereo\/status\/593689975843102721",
                "author_icon": "https:\/\/pbs.twimg.com\/profile_images\/522790259789025280\/FKRuSK66_normal.png",
                "author_subname": "@Synereo",
                "text": "The <https:\/\/twitter.com\/Synereo|@Synereo> Twitter Bounty Winners have been chosen. A big thank you to every single participant. <https:\/\/discuss.synereo.com\/t\/twitter-bounties-winners\/56368> #bitcoin #startup",
                "service_name": "twitter",
                "service_url": "https:\/\/twitter.com\/",
                "from_url": "https:\/\/twitter.com\/Synereo\/status\/593689975843102721",
                "id": 1
            }
        ],
        "ts": "1430381762.000842"
    },
    {
        "type": "message",
        "user": "U04BMCE7Q",
        "text": "Wooooooooooo hoooooooooooooooo i WOn\n\ntheo.godspeed [2:00 PM]\n<http:\/\/i.imgur.com\/stUO0ET.png>",
        "attachments": [
            {
                "from_url": "http:\/\/i.imgur.com\/stUO0ET.png",
                "fallback": "560x315px image",
                "image_url": "http:\/\/i.imgur.com\/stUO0ET.png",
                "image_width": 560,
                "image_height": 315,
                "image_bytes": 192337,
                "id": 1
            }
        ],
        "ts": "1430382636.000844"
    },
    {
        "type": "message",
        "user": "U04BMCE7Q",
        "text": "Thanks All :simple_smile:",
        "ts": "1430382758.000846"
    },
    {
        "type": "message",
        "user": "U0474AT8P",
        "text": "Well deserved Theo! And don't forget you can still Tweet even after the bounty :wink:",
        "ts": "1430382809.000847"
    },
    {
        "type": "message",
        "user": "U04BMCE7Q",
        "text": "sure i will",
        "ts": "1430382931.000848"
    },
    {
        "type": "message",
        "user": "U04BMCE7Q",
        "text": "leithaus was asking for spreading the word about a Synereo hackathon?",
        "ts": "1430383017.000849"
    },
    {
        "type": "message",
        "user": "U0474AT8P",
        "text": "Yes that will come soon. We need to organize it first",
        "ts": "1430383040.000850"
    },
    {
        "type": "message",
        "user": "U04BMCE7Q",
        "text": "I am in",
        "ts": "1430383073.000851"
    },
    {
        "type": "message",
        "user": "U04BMCE7Q",
        "text": "in advance :stuck_out_tongue:",
        "ts": "1430383079.000852"
    },
    {
        "type": "message",
        "user": "U04BMCE7Q",
        "text": "so how winners will get AMPs ?",
        "ts": "1430383155.000853"
    },
    {
        "type": "message",
        "user": "U0474AT8P",
        "text": "And here are the MVP Bounty Winners:",
        "ts": "1430383199.000854"
    },
    {
        "type": "message",
        "user": "U0474AT8P",
        "text": "<https:\/\/discuss.synereo.com\/t\/mvp-bounty-winners\/56369>",
        "attachments": [
            {
                "service_name": "Discuss Synereo",
                "title": "MVP Bounty Winners",
                "title_link": "https:\/\/discuss.synereo.com\/t\/mvp-bounty-winners\/56369",
                "text": "We are excited to announce the winners for our MVP Bounty. We have our 3 winners. We will proceed to get in contact with them to payout the prizes. Each one of the winners will split 50,000 AMPs at 16,666 each. We want to thank every single one of you who participated and look forward to host more bounties in the future. The winners are in alphabetical order: @jimscarver @Malthus_John @st_ky And their entries can be seen here: <https:\/\/discuss.synereo.com\/t\/synereo-mvp-suggestions\/536>...",
                "fallback": "Discuss Synereo: MVP Bounty Winners",
                "from_url": "https:\/\/discuss.synereo.com\/t\/mvp-bounty-winners\/56369",
                "id": 1
            }
        ],
        "ts": "1430383201.000855"
    },
    {
        "type": "message",
        "user": "U04BMCE7Q",
        "text": "I didn't know about MVP Bounty",
        "ts": "1430383293.000857"
    },
    {
        "type": "message",
        "user": "U0474AT8P",
        "text": "<https:\/\/twitter.com\/Synereo\/status\/593697371344756736>",
        "attachments": [
            {
                "fallback": "<https:\/\/twitter.com\/Synereo|@Synereo>: Our <https:\/\/twitter.com\/Synereo|@Synereo> MVP Bounty Winners have been chosen. A big thank you for every submitted suggestion. <https:\/\/discuss.synereo.com\/t\/mvp-bounty-winners\/56369> #bitcoin #fintech",
                "ts": 1430383458,
                "author_name": "Synereo",
                "author_link": "https:\/\/twitter.com\/Synereo\/status\/593697371344756736",
                "author_icon": "https:\/\/pbs.twimg.com\/profile_images\/522790259789025280\/FKRuSK66_normal.png",
                "author_subname": "@Synereo",
                "text": "Our <https:\/\/twitter.com\/Synereo|@Synereo> MVP Bounty Winners have been chosen. A big thank you for every submitted suggestion. <https:\/\/discuss.synereo.com\/t\/mvp-bounty-winners\/56369> #bitcoin #fintech",
                "service_name": "twitter",
                "service_url": "https:\/\/twitter.com\/",
                "from_url": "https:\/\/twitter.com\/Synereo\/status\/593697371344756736",
                "id": 1
            }
        ],
        "ts": "1430383479.000861"
    },
    {
        "type": "message",
        "user": "U04BMCE7Q",
        "text": "so how winners will get AMPs direct in Synereo wallets ?",
        "ts": "1430383508.000863"
    },
    {
        "type": "message",
        "user": "U0474AT8P",
        "text": "No send me a PM with your wallet address. We recommend Omni wallet",
        "ts": "1430383553.000864"
    },
    {
        "type": "message",
        "user": "U04BMCE7Q",
        "text": "wait min need to login",
        "ts": "1430383593.000865"
    },
    {
        "type": "message",
        "user": "U04BMCE7Q",
        "text": "but its beta ?",
        "ts": "1430383636.000866"
    },
    {
        "type": "message",
        "user": "U0474AT8P",
        "text": "<@U04BC1JF0>: <@U048X85UT> <@U04BQ4FMC> <@U049N8MT7> you have won one of the bounties too, please PM me your AMP address.",
        "ts": "1430383722.000867"
    },
    {
        "type": "message",
        "user": "U04BMCE7Q",
        "text": "i signed up there one month ago but still not received confirmation mail",
        "ts": "1430383808.000868"
    },
    {
        "type": "message",
        "user": "U04BMCE7Q",
        "text": "PM sent",
        "ts": "1430383911.000869"
    },
    {
        "type": "message",
        "user": "U04BMCE7Q",
        "text": "BRB 1 Hour",
        "ts": "1430384437.000870"
    },
    {
        "type": "message",
        "user": "U049CMCCZ",
        "text": "ah didn't know that is you Theo - grats a lot",
        "ts": "1430384825.000871"
    },
    {
        "type": "message",
        "user": "U049CMCCZ",
        "text": "<@U0474AT8P> do you have any indication of when we can expect our AMPs from the crowdsale to enter our accounts?\nI imported my btc wallet addresses used to send to the crowdsale account into omniwallet - but they still show 0",
        "edited": {
            "user": "U049CMCCZ",
            "ts": "1430385152.000000"
        },
        "ts": "1430385118.000872"
    },
    {
        "type": "message",
        "user": "U04BMCE7Q",
        "text": "back",
        "ts": "1430385741.000874"
    },
    {
        "type": "message",
        "user": "U0474AYFT",
        "text": "<@U049CMCCZ>: we talked about that on the Synereo Community Hangout, yesterday.",
        "ts": "1430423021.000875"
    },
    {
        "type": "message",
        "user": "U0474AYFT",
        "text": "We're ironing out the last few wrinkles in the omni foundation environment that will allow us to distribute the amps.",
        "ts": "1430423060.000876"
    },
    {
        "type": "message",
        "user": "U0474AYFT",
        "text": "Here's the link: <https:\/\/www.youtube.com\/watch?v=q2z-oYahENE>",
        "attachments": [
            {
                "service_name": "YouTube",
                "service_url": "http:\/\/www.youtube.com\/",
                "title": "Synereo Community Hangout - AMP distribution &amp; hackathon",
                "title_link": "https:\/\/www.youtube.com\/watch?v=q2z-oYahENE",
                "author_name": "Synereo",
                "author_link": "http:\/\/www.youtube.com\/channel\/UCU5CBbxAeFYnodf32w3ahOQ",
                "thumb_url": "http:\/\/i.ytimg.com\/vi\/q2z-oYahENE\/hqdefault.jpg",
                "thumb_width": 480,
                "thumb_height": 360,
                "fallback": "YouTube Video: Synereo Community Hangout - AMP distribution & hackathon",
                "video_html": "<iframe width=\"400\" height=\"225\" src=\"http:\/\/www.youtube.com\/embed\/q2z-oYahENE?feature=oembed\" frameborder=\"0\" allowfullscreen><\/iframe>",
                "video_html_width": 400,
                "video_html_height": 225,
                "from_url": "https:\/\/www.youtube.com\/watch?v=q2z-oYahENE",
                "id": 1
            }
        ],
        "ts": "1430423169.000877"
    },
    {
        "type": "message",
        "user": "U0474AYFT",
        "text": "You can watch to get a more detailed update.",
        "ts": "1430423181.000879"
    },
    {
        "type": "message",
        "user": "U04BQ4FMC",
        "text": "Sorry I wasn't able to check in yesterday.  Happy to receive the share of AMP rewards with the others!",
        "ts": "1430424448.000880"
    },
    {
        "type": "message",
        "user": "U04BQ4FMC",
        "text": "And yes - count me in for spreading the word about the Hackathon :simple_smile:  I'll watch the hangout now to get up to speed.",
        "ts": "1430424487.000881"
    },
    {
        "user": "U04L5FD9S",
        "type": "message",
        "subtype": "channel_join",
        "text": "<@U04L5FD9S|timpastoor> has joined the channel",
        "ts": "1430453036.000882"
    }
]