[
    {
        "type": "message",
        "user": "U09KY5U65",
        "text": "What a boring episode. You people are a bunch of nobodies.",
        "ts": "1441312593.000037"
    },
    {
        "type": "message",
        "user": "U09KY5U65",
        "text": "you get it? something no one owns. users would be called nobodies. no body",
        "ts": "1441312731.000038"
    },
    {
        "type": "message",
        "user": "U0474AT8P",
        "text": "Thanks for the feedback and who are you?",
        "ts": "1441322038.000039"
    }
]