[
    {
        "type": "message",
        "user": "U0474E4KZ",
        "text": "?",
        "ts": "1451138505.000348"
    },
    {
        "type": "message",
        "user": "U09KY5U65",
        "text": "I would never actually run synereo myself from home on my computer (btw... most kids don't have computers anymore). I would want to pay BTC to rent a synereo hosting server for a year\/month. My images\/videos\/data would have to be encrypted using the private keys that only I have on my cell phone so the hosting company could not have access to my stuff.   Are there any plans for this? Will synereo support this ability? I kind of need this service to use synereo.",
        "ts": "1451167572.000349"
    },
    {
        "type": "message",
        "user": "U0FESR742",
        "text": "Hey Guys! Sorry I got blind-sided by Christmas. Back now!",
        "ts": "1451170888.000350"
    },
    {
        "type": "message",
        "user": "U0FESR742",
        "text": "<@U048XN527>:  touch base with me on the map, and send me your email..",
        "ts": "1451170949.000351"
    },
    {
        "type": "message",
        "user": "U0FESR742",
        "text": "<@U048T3M8W>:  Thanks again. I would definitely like to get someone in who can edit the document to a publishable place for me. The scribe notes need to be written to publication status in order for the AMP payment to be worthwhile to us. Please don't get me wrong, I TRULY appreciate all the work you guys are putting into this. I think with the right person or boost though and we'll have something gold here.",
        "ts": "1451171115.000352"
    },
    {
        "type": "message",
        "user": "U04BQ4FMC",
        "text": "<@U0FESR742>: - you'll have to be more specific I think.  Perhaps leave some notes on the document (just a one-time communication of expectations).",
        "ts": "1451172109.000353"
    },
    {
        "type": "message",
        "user": "U0FESR742",
        "text": "Gotcha, that's definitely a good way to go about it. I'll impliment this for next time (wednesday 12\/30).",
        "ts": "1451172280.000354"
    },
    {
        "type": "message",
        "user": "U0FESR742",
        "text": "Wanted to make sure these got shared here: \n\n<http:\/\/blog.synereo.com\/2015\/12\/21\/Synereo-Update-16.12-Scribed\/>",
        "attachments": [
            {
                "text": "Update SummaryAs we continue the tradition of summarizing the updates of our weekly hangout, we bring to you a summary of the events of the past week, courte...",
                "fallback": "Update SummaryAs we continue the tradition of summarizing the updates of our weekly hangout, we bring to you a summary of the events of the past week, courte...",
                "from_url": "http:\/\/blog.synereo.com\/2015\/12\/21\/Synereo-Update-16.12-Scribed\/",
                "id": 1
            }
        ],
        "ts": "1451185522.000355"
    },
    {
        "type": "message",
        "user": "U09KY5U65",
        "text": "Bnktothefuture and our coming pre-sale for investors, which will help us gain the best possible footing for moving forward.",
        "ts": "1451189001.000357"
    },
    {
        "type": "message",
        "user": "U09KY5U65",
        "text": "Someone should focus on that. Get as much invested pre-crowdsale. I'm not sure if they even raise any funds from the public.",
        "ts": "1451189170.000358"
    },
    {
        "type": "message",
        "user": "U09KY5U65",
        "text": "So advertise to the pre-crowdsale buyers.  Get new users to become pre-crowdsale members at bnktothefuture just so they can buy AMPs. Maybe work out some sort of affliliate program with bnktothefuture. If a new pre-crowdsale member joins to buy AMPs, AMPs should benefit from that. New users to a site like that could go for upwards of $300 to $500 a user.",
        "ts": "1451189324.000359"
    }
]