[
    {
        "type": "message",
        "user": "U09KY5U65",
        "text": "can this project be more open about the funds? have a real time public ledger of your records.",
        "ts": "1449485035.000082"
    },
    {
        "type": "message",
        "user": "U09KY5U65",
        "text": "How much does <@U0474E4KZ> make? How long have we signed him to?",
        "ts": "1449485143.000083"
    },
    {
        "type": "message",
        "user": "U09KY5U65",
        "text": "We don't want to make the same mistake that we did wit Ethereum.",
        "ts": "1449485161.000084"
    },
    {
        "type": "message",
        "user": "U09KY5U65",
        "text": "We should sign <@U0474AYFT> to a 10 yr contract as soon as possible.",
        "ts": "1449485190.000085"
    },
    {
        "type": "message",
        "user": "U09KY5U65",
        "text": "We shouldn't \"buy a product\/results\", we should sign people to long term contracts with bonuses if milestones are hit.",
        "ts": "1449485314.000086"
    },
    {
        "type": "message",
        "user": "U0DKBHZN1",
        "text": "Check this link:   <https:\/\/bitcointalk.org\/index.php?topic=995987.0>\n    Crowdsale Wallet (184,800,000 AMPs)\n    User Reward Wallet (100,000,000 AMPs)\n    Content Creator Wallet (75,000,000 AMPs)\n    Founder Reward Wallet (100,000,000 AMPs)\n    Bounty Wallet (115,000,000 AMPs)\n    Future Funding Wallet (425,200,000 AMPs)",
        "edited": {
            "user": "U0DKBHZN1",
            "ts": "1449485482.000000"
        },
        "ts": "1449485443.000087"
    },
    {
        "type": "message",
        "user": "U09KY5U65",
        "text": "I was looking for 100000x more detail into the use of funds than that.",
        "ts": "1449485628.000089"
    },
    {
        "type": "message",
        "user": "U09KY5U65",
        "text": "Is anyone on this project signed to a long term contract?",
        "ts": "1449486034.000090"
    }
]