[
    {
        "user": "U049VM0TV",
        "type": "message",
        "subtype": "channel_join",
        "text": "<@U049VM0TV|scottmb> has joined the channel",
        "ts": "1428317735.000267"
    },
    {
        "type": "message",
        "user": "U04954VEH",
        "text": "nic, in the example you've given you've show a way for a musician to spend his money promoting his content but that doesn't show how the musician is supposed to make a living out of his creative work. One of the complains about Facebook is that it takes ownership over the content of the artists, uses it for selling ads and gives nothing back to them. I thought that the primary goal of the AMPs would be to allow rewarding quality curated content, not just as a way to sells ads (like Facebook). If users perceive the attention economy model as a way to make them consume \"artificially-amplified\" content (even if they are getting paid) they may just opt-out of ad the system and block the ads. Without AMPs Synereo becomes a Facebook but the for people that want some privacy.",
        "ts": "1428319668.000268"
    },
    {
        "type": "message",
        "user": "U049CMBV9",
        "text": "Joao, that's also my concern with Synereo. It is based on two thoughts: 1. Identity control and Privacy, 2. Content distribution. There should be focus on one of the two to be successfull",
        "ts": "1428321133.000269"
    },
    {
        "type": "message",
        "user": "U04954VEH",
        "text": "<@U049CMCCZ> <@U0474AT8P>, I think that we are all concerned about privacy but that doesn't come as very relevant for the most of the people out there, some statistics would be useful here, ask the people if they were willing to relocate to a new social network that needs to be installed in their local computer and push their friends to move along with them just for the sake of some privacy. I believe that Synereo need to get the \"Why\" very clear before the \"What\" and the \"How\". Going back to the example from the demo, nothing is said about Why United Friends decided to amplify the content. For the normal user paying is not a natural thing to do in Facebook or Google Plus so that must be explained. (I found this video very useful about the power of the WHY in order to inspire action <http:\/\/www.ted.com\/talks\/simon_sinek_how_great_leaders_inspire_action?language=en> )",
        "attachments": [
            {
                "title": "How great leaders inspire action",
                "title_link": "http:\/\/www.ted.com\/talks\/simon_sinek_how_great_leaders_inspire_action?language=en",
                "fallback": "How great leaders inspire action",
                "image_url": "http:\/\/img.tedcdn.com\/r\/images.ted.com\/images\/ted\/168353_800x600.jpg?c=1280%2C720&ll=1&quality=89&w=1200",
                "from_url": "http:\/\/www.ted.com\/talks\/simon_sinek_how_great_leaders_inspire_action?language=en",
                "image_width": 333,
                "image_height": 250,
                "image_bytes": 54046,
                "id": 1
            }
        ],
        "ts": "1428321332.000270"
    },
    {
        "type": "message",
        "user": "U0474AT8P",
        "text": "I agree with you <@U04954VEH> users need to understand why they will want to switch to a new social network service.",
        "edited": {
            "user": "U0474AT8P",
            "ts": "1428321440.000000"
        },
        "ts": "1428321416.000272"
    },
    {
        "type": "message",
        "user": "U049CMBV9",
        "text": "I fully agree",
        "ts": "1428321423.000273"
    },
    {
        "type": "message",
        "user": "U048X85UT",
        "text": "On the contrary, synereo is about my ownership of my  identity, intellectual property and work product.  This necessarily involves both privacy and compensation.  The attention model is not the only thing needed but it addresses a significant  issue.  And we will not have privacy without economic scalability.",
        "ts": "1428321605.000275"
    },
    {
        "type": "message",
        "user": "U049CMCCZ",
        "text": "<@U04954VEH>: I don't think I've stated that privacy is my main focus?\nI've agreed with <@U0474AT8P> that 'being in charge\/control' is what I find exciting.\nThat I decide and not FB eg.",
        "edited": {
            "user": "U049CMCCZ",
            "ts": "1428321830.000000"
        },
        "ts": "1428321693.000276"
    },
    {
        "type": "message",
        "user": "U049CMBV9",
        "text": "The one thing that I very much like about Synereo is the distributed and decentralized content, no central storage, control on your content and indentity. Not so much the AMP's",
        "ts": "1428321825.000278"
    },
    {
        "type": "message",
        "user": "U0474AT8P",
        "text": "It's a bit of both, there are users concerned with privacy, some that couldn't care less. What Synereo needs is to be an attractive offer for both sides by being first secure and private but also an easy to use system which gives social networking a new spin.",
        "ts": "1428321827.000279"
    },
    {
        "type": "message",
        "user": "U0474AT8P",
        "text": "With extra features, making it easy to host content. When you want to post something on FB for instance you need to get a link from a different site and post it. On Synereo we should be able to make it easy to share the files, just search and share.",
        "edited": {
            "user": "U0474AT8P",
            "ts": "1428322101.000000"
        },
        "ts": "1428321906.000281"
    },
    {
        "type": "message",
        "user": "U0474AT8P",
        "text": "Also customization of one's feed\/profile would be beneficial. Be original with your profile. And considering that it will be open source, people culd build all sort of plugins and extensions for it",
        "ts": "1428322028.000282"
    },
    {
        "type": "message",
        "user": "U048X85UT",
        "text": "that was a response to <@U049CMBV9> on synereo being about two separate things.  Our research has shown people tend not to collaborate if they feel their privacy is being violated.  Many are deluded into trusting existing systems but will come around once we offer a real alternative.",
        "ts": "1428322054.000283"
    },
    {
        "type": "message",
        "user": "U048X85UT",
        "text": "the synereo plug-in to FB for social contracts and ability to share to legacy networks will suck users in to its safe haven.",
        "ts": "1428322212.000285"
    },
    {
        "type": "message",
        "user": "U049CMCCZ",
        "text": "Another feature I find interesting is that an artist can make a living form distributing\/selling her\/his work on the Synereo network.\nJust not sure how he will\/can be sure he will always make a good buck from it, the further out on the network it goes?\nAnd also why, and how much, many intermittent receivers should 'gain' (AMPs) from her\/his work?",
        "ts": "1428322274.000286"
    },
    {
        "type": "message",
        "user": "U049CMCCZ",
        "text": "<@U048X85UT>: good points!",
        "ts": "1428322306.000287"
    },
    {
        "type": "message",
        "user": "U048X85UT",
        "text": "I trust that <@U0474AYFT> will find an optimal crowd sourced distribution strategy, though I think it should be set by the author and be allowed to evolve naturally.  Readers may choose ads that pay them the most while artists will want to reward their promoters.",
        "ts": "1428324081.000288"
    },
    {
        "type": "message",
        "user": "U049CMCCZ",
        "text": "true - and by 2nd thought - the artist would not be able to make much bucks if the network users does not pass it on to new users, so obviously they should gain from it and the artist will eventually make more bucks",
        "ts": "1428324679.000289"
    },
    {
        "type": "message",
        "user": "U049CMCCZ",
        "text": "anyway - it shall be interesting to try it in the beta",
        "ts": "1428324726.000290"
    },
    {
        "type": "message",
        "user": "U049CMBV9",
        "text": "I'm also very curious what the beta will deliver. @Jim I don't agree, paying for content is not something that is in the social media genes. So paying AMP's for a poem you just read, is not a very likely behaviour. Privacy and identity control is! The absence of one organization that controls all will be the main driver to join.",
        "ts": "1428325141.000291"
    },
    {
        "type": "message",
        "user": "U049CMCCZ",
        "text": "<@U049CMBV9>: but then I might have misunderstood something?\nI have the impression that if you pay AMPs for reading a poem - won't you then get tohse returned somehow if you pass on the poem to other users?\n..and yes I agree to your last sentence",
        "edited": {
            "user": "U049CMCCZ",
            "ts": "1428325489.000000"
        },
        "ts": "1428325300.000292"
    },
    {
        "type": "message",
        "user": "U049CMBV9",
        "text": "Yes you're right Henri, I wanted to make   a point with THE last statement",
        "ts": "1428325549.000296"
    },
    {
        "type": "message",
        "user": "U049CMCCZ",
        "text": ":simple_smile: let's get that baby installed and start playing with it - might answer many of our questions by doing instead of thinking :wink:",
        "ts": "1428325646.000297"
    },
    {
        "type": "message",
        "user": "U048X85UT",
        "text": "I expect it will evolve according to fairness principles.   Without central control, the crowd must pay the bill.   Somebody has to pay for the electricity.  Ideally it would be the advertisers and those who profit from the system.  If you view an ad, promoted with amps, you get amps to use for the accessing the poem.",
        "ts": "1428325676.000298"
    },
    {
        "type": "message",
        "user": "U04954VEH",
        "text": "<@U049CMCCZ>, totally agree. Have been thinking about many scenarios about how it will be used, don't even know if somebody from Synereo team got to make some sort of realistic simulation with different use cases, but having a it woking and being able to try it out will definitely answer many questions. I really trust on the approach from the scientific point of view, modelling the network like synapses in the brain,  how human beings are going to use it maybe a little bit unpredictable.",
        "edited": {
            "user": "U04954VEH",
            "ts": "1428326064.000000"
        },
        "ts": "1428325966.000299"
    },
    {
        "type": "message",
        "user": "U048X85UT",
        "text": "hello <@U0492BA08> , welcome.  It's good to see you here friend.",
        "ts": "1428326005.000301"
    },
    {
        "type": "message",
        "user": "U0474E4KZ",
        "text": "<@U049CMCCZ>: you'll be able to exchange them on any cryptocurrency exchange. Synereo will eventually have an \"in-house\" exchange for AMPs to fiat and vice versa.",
        "ts": "1428338143.000303"
    },
    {
        "type": "message",
        "user": "U049CMCCZ",
        "text": "thx <@U0474E4KZ> - will be a nice addition",
        "ts": "1428341141.000304"
    },
    {
        "user": "U04A61RG3",
        "type": "message",
        "subtype": "channel_join",
        "text": "<@U04A61RG3|sirwagginston> has joined the channel",
        "ts": "1428367199.000305"
    },
    {
        "type": "message",
        "user": "U04A61RG3",
        "text": "Hey guys",
        "ts": "1428367374.000306"
    },
    {
        "type": "message",
        "user": "U0474AT8P",
        "text": "hello <@U04A61RG3> welcome!",
        "ts": "1428368338.000307"
    },
    {
        "type": "message",
        "user": "U04A61RG3",
        "text": "I'm gonna get the Decentral Vancouver guys in here so we can prepare for Thursday hangout",
        "ts": "1428368401.000308"
    },
    {
        "type": "message",
        "user": "U04A61RG3",
        "text": "We can set up a node over here",
        "ts": "1428368411.000309"
    },
    {
        "type": "message",
        "user": "U0474AT8P",
        "text": "perfect!",
        "edited": {
            "user": "U0474AT8P",
            "ts": "1428368517.000000"
        },
        "ts": "1428368513.000310"
    },
    {
        "type": "message",
        "user": "U0474AYFT",
        "text": "The conversation is awesome! i haven't wanted to jump in but watch you guys work out your expectations of the system. It's really helpful for us to collect this kind of information.",
        "ts": "1428375256.000312"
    },
    {
        "type": "message",
        "user": "U0474AYFT",
        "text": "One way to think about the flow up AMPs is to align the flow of currency with the flow of value. This way people who support the flow of valuable content become stakeholders in the transmission of value.",
        "edited": {
            "user": "U0474AYFT",
            "ts": "1428375477.000000"
        },
        "ts": "1428375349.000313"
    },
    {
        "type": "message",
        "user": "U0474AYFT",
        "text": "Instead of Dylan Thomas, think about your favorite musician, or your favorite journalist, or your favorite cartoonist.",
        "ts": "1428375389.000314"
    },
    {
        "type": "message",
        "user": "U0474AYFT",
        "text": "Currently, they're really under a squeeze.",
        "ts": "1428375550.000316"
    },
    {
        "type": "message",
        "user": "U0474AYFT",
        "text": "David Torn reports that Pandora paid him $8 for hundreds of thousands of plays of one of his songs.",
        "ts": "1428375591.000317"
    },
    {
        "type": "message",
        "user": "U0474AYFT",
        "text": "If that trend continues, musicians of David's caliber simply will not be able to make a living as a musician.",
        "ts": "1428375628.000318"
    },
    {
        "type": "message",
        "user": "U0474AYFT",
        "text": "If David were to post a new tune on Synereo and 10K friends promoted it with just a few AMPs each, David could actually begin to make a living again from sharing his music, and fans of his music would become stakeholders in the transmission of music they love. This at least has the potential to become a virtuous cycle, a positive feedback loop.",
        "edited": {
            "user": "U0474AYFT",
            "ts": "1428375824.000000"
        },
        "ts": "1428375806.000319"
    },
    {
        "user": "U04A8095T",
        "type": "message",
        "subtype": "channel_join",
        "text": "<@U04A8095T|ed.eykholt> has joined the channel",
        "ts": "1428379874.000321"
    },
    {
        "user": "U049JTSTW",
        "type": "message",
        "subtype": "channel_join",
        "text": "<@U049JTSTW|tylershuster> has joined the channel",
        "ts": "1428386612.000322"
    }
]