[
    {
        "type": "message",
        "user": "U0474E4KZ",
        "text": "Have we a scribe for today?",
        "ts": "1450278340.000283"
    },
    {
        "type": "message",
        "user": "U0474E4KZ",
        "text": "<@U048T3M8W> <@U04BQ4FMC> <@U04GDL62L>",
        "edited": {
            "user": "U0474E4KZ",
            "ts": "1450278356.000000"
        },
        "ts": "1450278354.000284"
    },
    {
        "type": "message",
        "user": "U048T3M8W",
        "text": "I will be there. First some food in a resto.",
        "ts": "1450287271.000286"
    },
    {
        "type": "message",
        "user": "U04BQ4FMC",
        "text": "I'm here too.",
        "ts": "1450292161.000287"
    },
    {
        "type": "message",
        "user": "U04GDL62L",
        "text": "inspire me :simple_smile:",
        "ts": "1450292367.000288"
    },
    {
        "type": "message",
        "user": "U048X85UT",
        "text": "that video is annoying there should not be a start arrow on the hangout until it has started.",
        "ts": "1450292671.000289"
    },
    {
        "type": "message",
        "user": "U048T3M8W",
        "text": "no call today????",
        "ts": "1450292747.000290"
    },
    {
        "type": "message",
        "user": "U04GDL62L",
        "text": "Why didn't anybody start it?",
        "ts": "1450292759.000291"
    },
    {
        "type": "message",
        "user": "U048T3M8W",
        "text": "<@U04BQ4FMC>: You're a problem solver. What can you do?",
        "ts": "1450292794.000292"
    },
    {
        "type": "message",
        "user": "U0474AYFT",
        "text": "Today's Synereo Community Hangout: <https:\/\/plus.google.com\/hangouts\/_\/hoaevent\/AP36tYdE6HfYB5YVVgm000f2KIfEl_RqA2XHcEHzrBJ1t_htr99apw?eid=109002904706315055045&amp;hl=en&amp;authuser=1>",
        "ts": "1450292948.000293"
    },
    {
        "type": "message",
        "user": "U0474E4KZ",
        "text": "fixing it. brb",
        "ts": "1450293075.000294"
    },
    {
        "type": "message",
        "user": "U0474AYFT",
        "text": "<https:\/\/plus.google.com\/u\/1\/b\/109002904706315055045\/events\/c9vc7mnd80dqq4ctkafk4r5f7qk?gmbpt=true&amp;pageId=109002904706315055045&amp;_ga=1.33778081.1809844976.1445449886>",
        "ts": "1450293226.000295"
    }
]