[
    {
        "type": "message",
        "user": "U0474AYFT",
        "text": "i made some notes about how linear logic can help make for a more scalable blockchain: <https:\/\/docs.google.com\/document\/d\/1bRGmuTZFLLnFWrgFzV-Sy96lWgkYWdP9ywk21SAbIEM\/edit?usp=sharing>",
        "ts": "1431907478.000038"
    },
    {
        "type": "message",
        "subtype": "file_share",
        "text": "<@U0474AYFT|leithaus> shared a file: <https:\/\/synereonet.slack.com\/files\/leithaus\/F04TTTC6K\/lineartypescanchangetheblockchain|Linear Types Can Change the Blockchain!>",
        "file": {
            "id": "F04TTTC6K",
            "created": 1431901824,
            "timestamp": 1431901824,
            "name": "LinearTypesCanChangetheBlockchain",
            "title": "Linear Types Can Change the Blockchain!",
            "mimetype": "application\/vnd.google-apps.document",
            "filetype": "gdoc",
            "pretty_type": "GDocs Document",
            "user": "U0474AYFT",
            "editable": false,
            "size": 11614,
            "mode": "external",
            "is_external": true,
            "external_type": "gdrive",
            "is_public": true,
            "public_url_shared": false,
            "display_as_bot": false,
            "username": "",
            "url_private": "https:\/\/docs.google.com\/document\/d\/1bRGmuTZFLLnFWrgFzV-Sy96lWgkYWdP9ywk21SAbIEM\/edit?usp=drivesdk",
            "thumb_64": "https:\/\/a.slack-edge.com\/66f9\/img\/files\/gdraw_64.png",
            "thumb_360": "https:\/\/a.slack-edge.com\/272a\/img\/files\/gdoc_360.png",
            "thumb_360_w": 360,
            "thumb_360_h": 167,
            "permalink": "https:\/\/synereonet.slack.com\/files\/leithaus\/F04TTTC6K\/lineartypescanchangetheblockchain",
            "channels": [
                "C048QUHB5",
                "C0474AT8X"
            ],
            "groups": [
    
            ],
            "ims": [
    
            ],
            "comments_count": 0
        },
        "user": "U0474AYFT",
        "upload": false,
        "display_as_bot": false,
        "username": "<@U0474AYFT|leithaus>",
        "bot_id": null,
        "ts": "1431907478.000039"
    },
    {
        "type": "message",
        "user": "U04FDMM9P",
        "text": "So in layman's terms, it would allow transactions to occur without having to sync up the entire block chain?",
        "ts": "1431917709.000040"
    },
    {
        "type": "message",
        "user": "U048X85UT",
        "text": "\"might\" is closer than \"would\".  The implication is that it \"should\".",
        "ts": "1431917910.000041"
    },
    {
        "type": "message",
        "user": "U04FDMM9P",
        "text": "Makes sense. ",
        "ts": "1431918238.000042"
    },
    {
        "type": "message",
        "user": "U0474AYFT",
        "text": "<@U04FDMM9P>: Using a blockchain organized by linear logic would not only allow for transaction to occur without having to sync up the entire blockchain, it would also provide a natural scripting language for complex transactions -- what Ethereum calls smart contracts -- that is both typed and terminating.",
        "ts": "1431920700.000043"
    },
    {
        "type": "message",
        "user": "U04FDMM9P",
        "text": "Interesting!",
        "ts": "1431920765.000044"
    },
    {
        "type": "message",
        "user": "U0474AYFT",
        "text": "It would also provide a means to ferret out resources that ought to be booted off the blockchain -- because not all content needs to be on the blockchain.",
        "ts": "1431920800.000045"
    },
    {
        "type": "message",
        "user": "U0474AYFT",
        "text": "This would prevent a different kind of blockchain bloat.",
        "ts": "1431920823.000046"
    },
    {
        "type": "message",
        "user": "U048X85UT",
        "text": "Yes. \" if we can prove that sections of the blockchain can be safely isolated from other sections, \" but the part I am missing is how can we do that in a trustless environment.",
        "edited": {
            "user": "U048X85UT",
            "ts": "1431921446.000000"
        },
        "ts": "1431921418.000047"
    },
    {
        "type": "message",
        "user": "U048X85UT",
        "text": "<#C04BLQ4CX> addresses that issue by enabling trust.",
        "edited": {
            "user": "U048X85UT",
            "ts": "1431921542.000000"
        },
        "ts": "1431921504.000049"
    },
    {
        "type": "message",
        "user": "U0474AYFT",
        "text": "The point is that this uses correct-by-construction paradigm. You construct the proof when you construct the transaction. Another way to put it is the transaction is the proof.",
        "ts": "1431922346.000051"
    },
    {
        "type": "message",
        "user": "U0474AYFT",
        "text": "The system won't let you construct fallacious transactions because they will be ill-typed.",
        "ts": "1431922381.000052"
    },
    {
        "type": "message",
        "user": "U0474AYFT",
        "text": "Type systems are the ultimate trustless mechanism.",
        "ts": "1431922461.000053"
    },
    {
        "type": "message",
        "user": "U048X85UT",
        "text": "Ok,  that makes sense if every node can validate the proof it \"should\" work :stuck_out_tongue:",
        "ts": "1431922715.000054"
    },
    {
        "type": "message",
        "user": "U048X85UT",
        "text": "I am concerned that if block A and block  B are constructed simultaneously how the order AB or BA is determined, and what ramifications may be of the blockchain no longer representing a strict time ordering.  I had considered it an important property of a blockchain is that it creates an immutable linear timeline of events.  #treetrust resolves that with sidechains for organizations and individuals or other entities where global consensus is not needed hashed periodically to global blockchains.",
        "ts": "1431923789.000055"
    },
    {
        "type": "message",
        "user": "U0474AYFT",
        "text": "That's what proof-of-work is all about.",
        "ts": "1431923910.000056"
    },
    {
        "type": "message",
        "user": "U048X85UT",
        "text": "I guess I am still missing a piece of the puzzle.  Suppose I am a node that has proof of transaction A, B and C for block x, you are a nod that has proof of transactions A, B and D for block x, or E, F and G.  How is the contents of block x determined?",
        "edited": {
            "user": "U048X85UT",
            "ts": "1431924350.000000"
        },
        "ts": "1431924297.000057"
    },
    {
        "type": "message",
        "user": "U0474AYFT",
        "text": "Our language is different: for me the transaction is the proof.",
        "ts": "1431924479.000059"
    },
    {
        "type": "message",
        "user": "U0474AYFT",
        "text": "The block represents the evidence of the transaction.",
        "ts": "1431924493.000060"
    },
    {
        "type": "message",
        "user": "U0474AYFT",
        "text": "If transactions A - G have any linked addresses they must all use the same segment, S, of the blockchain.",
        "ts": "1431924545.000061"
    },
    {
        "type": "message",
        "user": "U0474AYFT",
        "text": "A menu transaction will only be allowed in the presence of a selection transaction.",
        "ts": "1431924569.000062"
    },
    {
        "type": "message",
        "user": "U0474AYFT",
        "text": "The typing system guarantees that.",
        "ts": "1431924579.000063"
    },
    {
        "type": "message",
        "user": "U0474AYFT",
        "text": "So, you're menu transaction with the 'or' in it will be rejected (or deferred) unless there is a corresponding selection transaction to be paired with it.",
        "edited": {
            "user": "U0474AYFT",
            "ts": "1431924664.000000"
        },
        "ts": "1431924648.000064"
    },
    {
        "type": "message",
        "user": "U0474AYFT",
        "text": "This works in perfect analogy with the way transactions work on the chain today. If a single address doesn't have a recv funds to be paired with a spend funds, the txn is rejected by the chain.",
        "ts": "1431924738.000066"
    },
    {
        "type": "message",
        "user": "U048X85UT",
        "text": "Many transactions are in a block,  A transaction does not tell us which transactions belong to the next block of the global chain.",
        "edited": {
            "user": "U048X85UT",
            "ts": "1431925534.000000"
        },
        "ts": "1431925510.000067"
    },
    {
        "type": "message",
        "user": "U0474AYFT",
        "text": "We have agreement on the first claim!",
        "ts": "1431926045.000069"
    },
    {
        "type": "message",
        "user": "U0474AYFT",
        "text": "The second claim not so much. The point of no-double-spend is that there's a correlation between transaction dependencies and transactional ordering.",
        "ts": "1431926092.000070"
    },
    {
        "type": "message",
        "user": "U0474AYFT",
        "text": "If there are no dependencies between A and B, the order doesn't matter. We just don't care if server S1 sees A as coming before B while server S2 sees B as coming before A.",
        "ts": "1431926188.000071"
    },
    {
        "type": "message",
        "user": "U0474AYFT",
        "text": "The only time this ever matters is if there is a transactional dependency between A and B. Then both servers must achieve consensus about the order.",
        "ts": "1431926227.000072"
    },
    {
        "type": "message",
        "user": "U048X85UT",
        "text": "Assuming the order does not matter, if server 1 received the transaction order ABCD filling the next block while at the same time, 2 sees order DCBA, 3 sees WXYZ, what will be the contents of the next block?",
        "ts": "1431926540.000073"
    },
    {
        "type": "message",
        "user": "U0474AYFT",
        "text": "If there are no dependencies, i.e. they can be proved to be isolated, then we don't care. As long as txn's are all eventually assigned to blocks.",
        "ts": "1431926786.000074"
    },
    {
        "type": "message",
        "user": "U048X85UT",
        "text": "we may not care but there must be some mechanism that determines if the next block is ABCD, DCBA, or WXYZ.",
        "ts": "1431926878.000075"
    },
    {
        "type": "message",
        "user": "U0474AYFT",
        "text": "Why?",
        "ts": "1431926935.000076"
    },
    {
        "type": "message",
        "user": "U0474AYFT",
        "text": "That's not what happens in physics.",
        "ts": "1431926944.000077"
    },
    {
        "type": "message",
        "user": "U0474AYFT",
        "text": "If events A and B are a space-like distance apart different observers see different orders.",
        "ts": "1431926970.000078"
    },
    {
        "type": "message",
        "user": "U0474AYFT",
        "text": "It doesn't matter, the universe remains consistent.",
        "ts": "1431926999.000079"
    },
    {
        "type": "message",
        "user": "U0474AYFT",
        "text": "This is because no causal ordering can be imposed.",
        "ts": "1431927017.000080"
    },
    {
        "type": "message",
        "user": "U0474AYFT",
        "text": "So, it's wasteful, or too onerous to demand that one be imposed.",
        "ts": "1431927032.000081"
    },
    {
        "type": "message",
        "user": "U048X85UT",
        "text": "So every server has a different blockchain rather then a copy of the same blockchain.  Scary :stuck_out_tongue:",
        "ts": "1431927159.000082"
    },
    {
        "type": "message",
        "user": "U0474AYFT",
        "text": "It's only scary if there is a transactional dependency.",
        "ts": "1431927179.000083"
    },
    {
        "type": "message",
        "user": "U0474AYFT",
        "text": "Think about it this way: if part of the blockchain were on a planet in the region of Alpha Centauri, call it Twin Earth, would you insist that there be a global ordering, i.e. one that was the same viewed from Earth and from Twin Earth?",
        "edited": {
            "user": "U0474AYFT",
            "ts": "1431927287.000000"
        },
        "ts": "1431927241.000084"
    },
    {
        "type": "message",
        "user": "U048X85UT",
        "text": "It would seem you would need to prove blockchanes against each other to insure nothing was missed our added.",
        "ts": "1431927298.000086"
    },
    {
        "type": "message",
        "user": "U0474AYFT",
        "text": "That's the point of the correct-by-construction mechanism.",
        "ts": "1431927322.000087"
    },
    {
        "type": "message",
        "user": "U048X85UT",
        "text": "there are no errors in physics, we have a different situation.",
        "ts": "1431927344.000088"
    },
    {
        "type": "message",
        "user": "U0474AYFT",
        "text": "It provides exactly that proof. In point of fact, each transaction is just such a proof.",
        "ts": "1431927347.000089"
    },
    {
        "type": "message",
        "user": "U0474AYFT",
        "text": "You can't submit ill-typed (unproven) transactions.",
        "ts": "1431927397.000090"
    },
    {
        "type": "message",
        "user": "U0474AYFT",
        "text": "The linear blockchain will reject them.",
        "ts": "1431927406.000091"
    },
    {
        "type": "message",
        "user": "U0474AYFT",
        "text": "It works just the way the current one does with simple address-to-address transactions.",
        "ts": "1431927436.000092"
    },
    {
        "type": "message",
        "user": "U0474AYFT",
        "text": "You can't submit double spends.",
        "ts": "1431927442.000093"
    },
    {
        "type": "message",
        "user": "U048X85UT",
        "text": "what if you never got a transaction?",
        "ts": "1431927534.000094"
    },
    {
        "type": "message",
        "user": "U0474AYFT",
        "text": "Then you really have nothing to worry about!",
        "ts": "1431927550.000095"
    },
    {
        "type": "message",
        "user": "U0474AYFT",
        "text": "You're free to enjoy the garden, tend the bees, play with the kids, play guitar, etc.",
        "ts": "1431927576.000096"
    },
    {
        "type": "message",
        "user": "U048X85UT",
        "text": "the transaction one server never saw could be proven on other block chains but not the local one?",
        "ts": "1431927641.000097"
    },
    {
        "type": "message",
        "user": "U0474AYFT",
        "text": "Again, contention about the existence of a transaction is handled by proof-of-work.",
        "ts": "1431927716.000098"
    },
    {
        "type": "message",
        "user": "U0474AYFT",
        "text": "If there's a fork, longest chain wins.",
        "ts": "1431927729.000099"
    },
    {
        "type": "message",
        "user": "U048X85UT",
        "text": "ok, if every server has its own block chain I don't see how that can work. Perhaps we should take this off line.",
        "ts": "1431927821.000100"
    },
    {
        "type": "message",
        "user": "U0474AYFT",
        "text": "They don't have their own block chain.",
        "ts": "1431927844.000101"
    },
    {
        "type": "message",
        "user": "U0474AYFT",
        "text": "Think about it this way, instead of just one kind of block, there are several different flavors of blocks.",
        "ts": "1431927883.000102"
    },
    {
        "type": "message",
        "user": "U048X85UT",
        "text": "what, one has a block ABCD, one has DCBA and another has WXYZ in thier last block.",
        "ts": "1431927895.000103"
    },
    {
        "type": "message",
        "user": "U0474AYFT",
        "text": "Some blocks are marked: order doesn't matter in this block.",
        "ts": "1431927910.000104"
    },
    {
        "type": "message",
        "user": "U0474AYFT",
        "text": "Let's denote this Ordered( t1, ..., tn ), and Unordered( t1, ..., tn )",
        "ts": "1431927965.000105"
    },
    {
        "type": "message",
        "user": "U048X85UT",
        "text": "ok, but who decides if the next block is ABCD or WXYZ?",
        "ts": "1431927980.000106"
    },
    {
        "type": "message",
        "user": "U0474AYFT",
        "text": "Then consider two short chains: Ordered( A, B ) -&gt; Unordered( D, E, F ) -&gt; Ordered( G, H ); and Ordered( A, B ) -&gt; Unordered( E, F, D ) -&gt; Ordered( G, H )",
        "ts": "1431928030.000107"
    },
    {
        "type": "message",
        "user": "U0474AYFT",
        "text": "Let's say that server S1 sees the first chain, and S2 sees the second chain.",
        "ts": "1431928064.000108"
    },
    {
        "type": "message",
        "user": "U0474AYFT",
        "text": "Now, let's define equality of two chains by list equality for ordered blocks and set equality for unordered blocks.",
        "edited": {
            "user": "U0474AYFT",
            "ts": "1431928531.000000"
        },
        "ts": "1431928137.000109"
    },
    {
        "type": "message",
        "user": "U0474AYFT",
        "text": "i contend that S1 and S2 see exactly the _same_ chain under this notion of equality.",
        "edited": {
            "user": "U0474AYFT",
            "ts": "1431928189.000000"
        },
        "ts": "1431928168.000110"
    },
    {
        "type": "message",
        "user": "U048X85UT",
        "text": "that can work if both servers get the same transactions but unless the order is determined the the servers will not know which version of the block to write  and the hash would be different for each ordering..",
        "edited": {
            "user": "U048X85UT",
            "ts": "1431929365.000000"
        },
        "ts": "1431928991.000115"
    },
    {
        "type": "message",
        "subtype": "file_share",
        "text": "<@U0474AYFT|leithaus> shared a file: <https:\/\/synereonet.slack.com\/files\/leithaus\/F04T9Q6HQ\/gistfile1.scala|gistfile1.scala>",
        "file": {
            "id": "F04T9Q6HQ",
            "created": 1431929081,
            "timestamp": 1431929081,
            "name": "gistfile1.scala",
            "title": "gistfile1.scala",
            "mimetype": "text\/plain",
            "filetype": "scala",
            "pretty_type": "Scala",
            "user": "U0474AYFT",
            "editable": true,
            "size": 420,
            "mode": "snippet",
            "is_external": true,
            "external_type": "unknown",
            "is_public": true,
            "public_url_shared": false,
            "display_as_bot": false,
            "username": "",
            "url_private": "https:\/\/gist.github.com\/5848c46540c74414c44d#file-gistfile1-scala",
            "url_private_download": "https:\/\/gist.github.com\/5848c46540c74414c44d#file-gistfile1-scala",
            "permalink": "https:\/\/synereonet.slack.com\/files\/leithaus\/F04T9Q6HQ\/gistfile1.scala",
            "edit_link": "https:\/\/synereonet.slack.com\/files\/leithaus\/F04T9Q6HQ\/gistfile1.scala\/edit",
            "preview": "object CompareChains {\n  def equal( chain1 : BlockChain, chain2 : BlockChain ) : Boolean = {\n    ( chain1, chain2 ) match {\n      case ( Nil, Nil ) => true\n      case ( b1@Ordered( _ ) :: rchain1, b2@Ordered( _ ) :: rchain2 ) => b1 == b2 & equal( rchain1, rchain2 )\n      case ( b1@Unordered( _ ) :: rchain1, b2@Unordered( _ ) :: rchain2 ) => b1 == b2 & equal( rchain1, rchain2 )\n      case ( _, _ ) => false\n    }\n  }\n}",
            "preview_highlight": "<div class=\"CodeMirror cm-s-default CodeMirrorServer\">\n<div class=\"CodeMirror-code\">\n<div><pre><span class=\"cm-keyword\">object<\/span> <span class=\"cm-variable\">CompareChains<\/span> {<\/pre><\/div>\n<div><pre>  <span class=\"cm-keyword\">def<\/span> <span class=\"cm-variable\">equal<\/span>( <span class=\"cm-variable\">chain1<\/span> : <span class=\"cm-variable\">BlockChain<\/span>, <span class=\"cm-variable\">chain2<\/span> : <span class=\"cm-variable\">BlockChain<\/span> ) : <span class=\"cm-keyword\">Boolean<\/span> <span class=\"cm-operator\">=<\/span> {<\/pre><\/div>\n<div><pre>    ( <span class=\"cm-variable\">chain1<\/span>, <span class=\"cm-variable\">chain2<\/span> ) <span class=\"cm-keyword\">match<\/span> {<\/pre><\/div>\n<div><pre>      <span class=\"cm-keyword\">case<\/span> ( <span class=\"cm-keyword\">Nil<\/span>, <span class=\"cm-keyword\">Nil<\/span> ) <span class=\"cm-operator\">=&gt;<\/span> <span class=\"cm-atom\">true<\/span><\/pre><\/div>\n<div><pre>      <span class=\"cm-keyword\">case<\/span> ( <span class=\"cm-variable\">b1<\/span><span class=\"cm-meta\">@Ordered<\/span>( <span class=\"cm-keyword\">_<\/span> ) :: <span class=\"cm-variable\">rchain1<\/span>, <span class=\"cm-variable\">b2<\/span><span class=\"cm-meta\">@Ordered<\/span>( <span class=\"cm-keyword\">_<\/span> ) :: <span class=\"cm-variable\">rchain2<\/span> ) <span class=\"cm-operator\">=&gt;<\/span> <span class=\"cm-variable\">b1<\/span> <span class=\"cm-operator\">==<\/span> <span class=\"cm-variable\">b2<\/span> <span class=\"cm-operator\">&amp;<\/span> <span class=\"cm-variable\">equal<\/span>( <span class=\"cm-variable\">rchain1<\/span>, <span class=\"cm-variable\">rchain2<\/span> )<\/pre><\/div>\n<div><pre>      <span class=\"cm-keyword\">case<\/span> ( <span class=\"cm-variable\">b1<\/span><span class=\"cm-meta\">@Unordered<\/span>( <span class=\"cm-keyword\">_<\/span> ) :: <span class=\"cm-variable\">rchain1<\/span>, <span class=\"cm-variable\">b2<\/span><span class=\"cm-meta\">@Unordered<\/span>( <span class=\"cm-keyword\">_<\/span> ) :: <span class=\"cm-variable\">rchain2<\/span> ) <span class=\"cm-operator\">=&gt;<\/span> <span class=\"cm-variable\">b1<\/span> <span class=\"cm-operator\">==<\/span> <span class=\"cm-variable\">b2<\/span> <span class=\"cm-operator\">&amp;<\/span> <span class=\"cm-variable\">equal<\/span>( <span class=\"cm-variable\">rchain1<\/span>, <span class=\"cm-variable\">rchain2<\/span> )<\/pre><\/div>\n<div><pre>      <span class=\"cm-keyword\">case<\/span> ( <span class=\"cm-keyword\">_<\/span>, <span class=\"cm-keyword\">_<\/span> ) <span class=\"cm-operator\">=&gt;<\/span> <span class=\"cm-keyword\">false<\/span><\/pre><\/div>\n<div><pre>    }<\/pre><\/div>\n<div><pre>  }<\/pre><\/div>\n<div><pre>}<\/pre><\/div>\n<\/div>\n<\/div>\n",
            "lines": 10,
            "lines_more": 0,
            "channels": [
                "C0474AT8X"
            ],
            "groups": [
    
            ],
            "ims": [
    
            ],
            "comments_count": 0
        },
        "user": "U0474AYFT",
        "upload": false,
        "display_as_bot": false,
        "username": "<@U0474AYFT|leithaus>",
        "bot_id": null,
        "ts": "1431929081.000117"
    },
    {
        "type": "message",
        "user": "U048X85UT",
        "text": "but that does not answer the case where s1 and s2 get different transactions to put in the next block and how it is decided which ones get in.",
        "ts": "1431929160.000119"
    },
    {
        "type": "message",
        "user": "U0474AYFT",
        "text": "Right, and how does that work in the current block chain?",
        "ts": "1431929166.000120"
    },
    {
        "type": "message",
        "user": "U0474AYFT",
        "text": "That very case happens all the time.",
        "ts": "1431929184.000121"
    },
    {
        "type": "message",
        "user": "U048X85UT",
        "text": "the guy with the best proof wins on the current blockchain.",
        "ts": "1431929458.000123"
    },
    {
        "type": "message",
        "user": "U0474AYFT",
        "text": "i'm not sure i understand your answer.",
        "ts": "1431929549.000124"
    },
    {
        "type": "message",
        "user": "U0474AYFT",
        "text": "S1 gets A, S2 gets B. Let's consider the cases.",
        "ts": "1431929590.000125"
    },
    {
        "type": "message",
        "user": "U0474AYFT",
        "text": "A is transactionally independent of B.",
        "ts": "1431929601.000126"
    },
    {
        "type": "message",
        "user": "U0474AYFT",
        "text": "Are you saying that one of S1 or S2 gets to determine which of A and B get published to the blockchain?",
        "ts": "1431929639.000127"
    },
    {
        "type": "message",
        "user": "U048X85UT",
        "text": "if there is only only blockchain there must be a mechanism to decide which transactions are included in what order or nobody will know what the next block they should write is.",
        "ts": "1431929656.000128"
    },
    {
        "type": "message",
        "user": "U0474AYFT",
        "text": "That's not quite how it works.",
        "ts": "1431929681.000129"
    },
    {
        "type": "message",
        "user": "U0474AYFT",
        "text": "There are forks. They happen.",
        "ts": "1431929706.000130"
    },
    {
        "type": "message",
        "user": "U0474AYFT",
        "text": "The longest fork wins.",
        "ts": "1431929714.000131"
    },
    {
        "type": "message",
        "user": "U048X85UT",
        "text": "the current blockchain works that way, the block order and content of the winning proof is what everyone writes on their copy of the blockchain.",
        "ts": "1431929740.000132"
    },
    {
        "type": "message",
        "user": "U0474AYFT",
        "text": "We have a different understanding of the way the blockchain works.",
        "ts": "1431929780.000133"
    },
    {
        "type": "message",
        "user": "U0474AYFT",
        "text": "Can you provide a definition of winning proof?",
        "ts": "1431929804.000134"
    },
    {
        "type": "message",
        "user": "U0474AYFT",
        "text": "Consider the case above, the one you outlined.",
        "ts": "1431929824.000135"
    },
    {
        "type": "message",
        "user": "U0474AYFT",
        "text": "S1 gets A, S2 gets B.",
        "ts": "1431929841.000136"
    },
    {
        "type": "message",
        "user": "U0474AYFT",
        "text": "Now, walk me through the different possibilities and outcomes.",
        "ts": "1431929858.000137"
    },
    {
        "type": "message",
        "user": "U048X85UT",
        "text": "they decode the hash of the block to generate as many leading zeros as possible and the if another server has a solution that hashes more zeros they abandon the block they were working on and work on the block having the better proof.",
        "ts": "1431930078.000138"
    },
    {
        "type": "message",
        "user": "U048X85UT",
        "text": "the longest fork applied to unconfirmed block look aheads as I understand it.",
        "ts": "1431930376.000139"
    },
    {
        "type": "message",
        "user": "U0474AYFT",
        "text": "Please relate this to S1 and S2 and A and B.",
        "ts": "1431930597.000140"
    },
    {
        "type": "message",
        "user": "U0474AYFT",
        "text": "In particular, what happens to A and B?",
        "ts": "1431930609.000141"
    },
    {
        "type": "message",
        "user": "U0474AYFT",
        "text": "<https:\/\/www.youtube.com\/watch?feature=player_detailpage&amp;v=Lx9zgZCMqXE#t=653>",
        "attachments": [
            {
                "service_name": "YouTube",
                "service_url": "http:\/\/www.youtube.com\/",
                "title": "How Bitcoin Works Under the Hood",
                "title_link": "https:\/\/www.youtube.com\/watch?feature=player_detailpage&amp;v=Lx9zgZCMqXE#t=653",
                "author_name": "CuriousInventor",
                "author_link": "http:\/\/www.youtube.com\/user\/CuriousInventor",
                "thumb_url": "https:\/\/i.ytimg.com\/vi\/Lx9zgZCMqXE\/hqdefault.jpg",
                "thumb_width": 480,
                "thumb_height": 360,
                "fallback": "YouTube Video: How Bitcoin Works Under the Hood",
                "video_html": "<iframe width=\"400\" height=\"225\" src=\"https:\/\/www.youtube.com\/embed\/Lx9zgZCMqXE?feature=oembed&start=653&start=653\" frameborder=\"0\" allowfullscreen><\/iframe>",
                "video_html_width": 400,
                "video_html_height": 225,
                "from_url": "https:\/\/www.youtube.com\/watch?feature=player_detailpage&amp;v=Lx9zgZCMqXE#t=653",
                "id": 1
            }
        ],
        "ts": "1431930718.000142"
    },
    {
        "type": "message",
        "user": "U0474AYFT",
        "text": "Watch this from 10:53 onward.",
        "ts": "1431930739.000144"
    },
    {
        "type": "message",
        "user": "U0474AYFT",
        "text": "The blockchain already considers txns in a block unordered.",
        "ts": "1431930758.000145"
    },
    {
        "type": "message",
        "user": "U0474AYFT",
        "text": "The order occurs from block to block.",
        "ts": "1431930775.000146"
    },
    {
        "type": "message",
        "user": "U0474AYFT",
        "text": "i'm proposing an augmentation of this solution.",
        "ts": "1431930799.000147"
    },
    {
        "type": "message",
        "user": "U048X85UT",
        "text": "so S1 puts A together with the hash of the last block and generates a hash of the whole thing.  S2 does the same with B.  They both  try to find a key that decodes their hash to be 00000000000000.., in binary.  Whoever has the most zeros wins.",
        "ts": "1431930889.000148"
    },
    {
        "type": "message",
        "user": "U0474AYFT",
        "text": "What does winning mean?",
        "ts": "1431930904.000149"
    },
    {
        "type": "message",
        "user": "U048X85UT",
        "text": "more leading zeros",
        "ts": "1431930915.000150"
    },
    {
        "type": "message",
        "user": "U0474AYFT",
        "text": "In particular, are you suggesting that there is a choice between whether A or B is recorded?",
        "ts": "1431930939.000151"
    },
    {
        "type": "message",
        "user": "U048X85UT",
        "text": "the one with more zero becomes the candadate for being the next block on the chain.",
        "ts": "1431930968.000152"
    },
    {
        "type": "message",
        "user": "U0474AYFT",
        "text": "We're still missing each other.",
        "ts": "1431930982.000153"
    },
    {
        "type": "message",
        "user": "U0474AYFT",
        "text": "You haven't addressed the status of A and B.",
        "ts": "1431930993.000154"
    },
    {
        "type": "message",
        "user": "U0474AYFT",
        "text": "Are both in the blockchain?",
        "ts": "1431931005.000155"
    },
    {
        "type": "message",
        "user": "U0474AYFT",
        "text": "Only one?",
        "ts": "1431931009.000156"
    },
    {
        "type": "message",
        "user": "U0474AYFT",
        "text": "Are they ordered?",
        "ts": "1431931013.000157"
    },
    {
        "type": "message",
        "user": "U0474AYFT",
        "text": "Are they unordered?",
        "ts": "1431931017.000158"
    },
    {
        "type": "message",
        "user": "U048X85UT",
        "text": "yes, S1 proposes A and S2 proposes B but the one having the better proof wins.",
        "ts": "1431931034.000159"
    },
    {
        "type": "message",
        "user": "U0474AYFT",
        "text": "So, you're suggesting that the blockchain will reject one of A and B. Is that correct?",
        "ts": "1431931069.000160"
    },
    {
        "type": "message",
        "user": "U048X85UT",
        "text": "no, the is how the next block to go on the chain is decided.",
        "ts": "1431931080.000161"
    },
    {
        "type": "message",
        "user": "U048X85UT",
        "text": "yes",
        "ts": "1431931088.000162"
    },
    {
        "type": "message",
        "user": "U0474AYFT",
        "text": "Even in the case the A and B are transactionally independent.",
        "ts": "1431931096.000163"
    },
    {
        "type": "message",
        "user": "U0474AYFT",
        "text": "Let's make this even more concrete.",
        "ts": "1431931158.000164"
    },
    {
        "type": "message",
        "user": "U048X85UT",
        "text": "A is just what S1 received and B is just what S2 received without reguard for transactional dependence.",
        "ts": "1431931165.000165"
    },
    {
        "type": "message",
        "user": "U0474AYFT",
        "text": "Suppose that A is Alice pays Allan 5btc, and B is Bob pays Betty 7btc.",
        "ts": "1431931190.000166"
    },
    {
        "type": "message",
        "user": "U0474AYFT",
        "text": "You're suggesting that one of these transactions will be rejected by the blockchain. Do i understand you correctly?",
        "ts": "1431931216.000167"
    },
    {
        "type": "message",
        "user": "U048X85UT",
        "text": "yes,  Betty will have to wait until the next @block.",
        "ts": "1431931268.000168"
    },
    {
        "type": "message",
        "user": "U0474AYFT",
        "text": "Ah, good. That's a great clarification.",
        "ts": "1431931308.000169"
    },
    {
        "type": "message",
        "user": "U048X85UT",
        "text": "but since she got in first she is very likely to be included in everyones next block candidate.",
        "ts": "1431931311.000170"
    },
    {
        "type": "message",
        "user": "U0474AYFT",
        "text": "The network doesn't actually reject either transaction.",
        "ts": "1431931327.000171"
    },
    {
        "type": "message",
        "user": "U0474AYFT",
        "text": "What it does is to provide an ordering.",
        "ts": "1431931349.000172"
    },
    {
        "type": "message",
        "user": "U048X85UT",
        "text": "no,. it just rejects the block cadidate.",
        "ts": "1431931354.000173"
    },
    {
        "type": "message",
        "user": "U0474AYFT",
        "text": "Almost.",
        "ts": "1431931374.000174"
    },
    {
        "type": "message",
        "user": "U048X85UT",
        "text": "yes ordering",
        "ts": "1431931421.000175"
    },
    {
        "type": "message",
        "user": "U048X85UT",
        "text": "no rejection of transaction.",
        "ts": "1431931472.000176"
    },
    {
        "type": "message",
        "user": "U0474AYFT",
        "text": "If S1 publishes a block that doesn't contain B, and S2 publishes a block that doesn't contain A, then there is contention on the ordering of the blocks and that is resolved by proof-of-work.",
        "ts": "1431931479.000177"
    },
    {
        "type": "message",
        "user": "U0474AYFT",
        "text": "Great, now we're on the same page.",
        "ts": "1431931489.000178"
    },
    {
        "type": "message",
        "user": "U0474AYFT",
        "text": "Within a block, txn's are considered simultaneous. Across blocks txns are considered ordered.",
        "ts": "1431931528.000179"
    },
    {
        "type": "message",
        "user": "U0474AYFT",
        "text": "Do you agree?",
        "ts": "1431931547.000180"
    },
    {
        "type": "message",
        "user": "U048X85UT",
        "text": "they are ordered even in a block candidate, the order can determine which transaction of a double spend fails.",
        "ts": "1431931661.000181"
    },
    {
        "type": "message",
        "user": "U048X85UT",
        "text": "if S1 and S2 have different ordering of the same transactions the hash is different.",
        "ts": "1431931699.000182"
    },
    {
        "type": "message",
        "user": "U048X85UT",
        "text": "If we allow the block chain of each server to be different, as I thought you were suggesting, but can prove equivalence there is no problem.",
        "edited": {
            "user": "U048X85UT",
            "ts": "1431932048.000000"
        },
        "ts": "1431932027.000183"
    },
    {
        "type": "message",
        "user": "U048X85UT",
        "text": "well, almost..",
        "ts": "1431932081.000185"
    },
    {
        "type": "message",
        "user": "U0474AYFT",
        "text": "Correct, the definition of equivalence of chains becomes more flexible.",
        "ts": "1431932235.000186"
    },
    {
        "type": "message",
        "user": "U0474AYFT",
        "text": "You can construct a hash that is order (on the block) insensitive, as well.",
        "edited": {
            "user": "U0474AYFT",
            "ts": "1431932480.000000"
        },
        "ts": "1431932293.000187"
    }
]