[
    {
        "type": "message",
        "user": "U06AAH8F3",
        "text": "<@U07D57ZMG>: I just came across OurCrowd today myself and was going to ask the same question of the channel. Any relation? Another project you're working on <@U0474E4KZ> ?",
        "ts": "1449396049.000078"
    },
    {
        "type": "message",
        "user": "U0474E4KZ",
        "text": "<@U06AAH8F3>: Synereo is the only project I'm working on and my full time occupation.",
        "ts": "1449422131.000079"
    },
    {
        "type": "message",
        "user": "U0474E4KZ",
        "text": "The logo is a relatively simple pattern and I suspect it can be found in many other places. :simple_smile:",
        "ts": "1449422220.000080"
    },
    {
        "user": "U0G1ER57D",
        "type": "message",
        "subtype": "channel_join",
        "text": "<@U0G1ER57D|gcoen> has joined the channel",
        "ts": "1449443694.000081"
    }
]