[
    {
        "type": "message",
        "user": "U0A9FTLLV",
        "text": "Will this only work for pc or will it be possible to use for tablets?",
        "ts": "1441710016.000005"
    },
    {
        "type": "message",
        "user": "U0474AT8P",
        "text": "docker should work on windows, mac and linux, no tablets",
        "ts": "1441710412.000006"
    },
    {
        "type": "message",
        "user": "U09KY5U65",
        "text": "If only it would world on tablets. Maybe in a few years!",
        "ts": "1441771607.000007"
    }
]