[
    {
        "type": "message",
        "user": "U049CMCCZ",
        "text": "<@U050QES9A>: please - you are blowing this out of proportion. \nmy own and private opinion of the people involved with Synereo (w\/o even knowing them in person) is that they are all responsible and trustworthy persons, with no hidden agenda regarding payout of any 'missing' AMPs. and any other issue for that matter.\n\nsometimes it's better to ask, than to create havoc out of something which was never a problem. we don't have 'the big picture' of what is happening behind the scenes - but I would imagine that everyone is working hard to make things happen.\npatience is the best solution as an outsider.",
        "ts": "1434357916.000135"
    },
    {
        "type": "message",
        "user": "U0474E4KZ",
        "text": "we've decided to hold a small pool of AMPs for bounties so that we don't have to bug Craig every time we need to pay one out. he's super busy and hard to reach. as soon as the transfer is made (we've been poking him about it quite a lot.. ), we'll have easy control of these bounty funds and will be able to send them out with more agility.",
        "ts": "1434359508.000136"
    },
    {
        "type": "message",
        "user": "U0474E4KZ",
        "text": "I sincerely apologize to anyone who's been affronted by this delay.",
        "ts": "1434359546.000137"
    }
]