[
    {
        "type": "message",
        "user": "U048X85UT",
        "text": "A search on <http:\/\/minds.com|minds.com> for synereo finds nothing.  People who hope to profit from their participation are flocking there. A million so far.  I think we need an ambassador there.",
        "ts": "1450530468.000313"
    },
    {
        "type": "message",
        "user": "U0DKBHZN1",
        "text": "We need Dor on <http:\/\/Ted.com|Ted.com> :loudspeaker:",
        "ts": "1450537144.000314",
        "reactions": [
            {
                "name": "heart",
                "users": [
                    "U0474E4KZ",
                    "U048T3M8W"
                ],
                "count": 2
            }
        ]
    },
    {
        "type": "message",
        "user": "U048XN527",
        "text": "I agree with Minds and Ted. I wonder if Dor should record some videos of himself doing a FAQ of Synereo which explains in simple terms what Synereo is doing and its place in the techniverse.",
        "ts": "1450575651.000315"
    }
]