[
    {
        "type": "message",
        "user": "U0474AYFT",
        "text": "The participants' link for today's hangout is: <https:\/\/plus.google.com\/hangouts\/_\/hoaevent\/AP36tYdDtWrjNeREH2SQldVvjwZJwXI-Y1lYgPllUkJPe6pr71m8hg?authuser=0&amp;eid=109002904706315055045&amp;hl=en>",
        "ts": "1437588140.000003"
    },
    {
        "type": "message",
        "user": "U0474AT8P",
        "text": "Or viewers only:",
        "ts": "1437588286.000004"
    },
    {
        "type": "message",
        "user": "U0474AT8P",
        "text": "<https:\/\/plus.google.com\/u\/0\/b\/109002904706315055045\/events\/ckjh82sbfp4n1sbdk4pp6vu5se0>",
        "attachments": [
            {
                "service_name": "Google+",
                "title": "Synereo Community Hangout - Google+",
                "title_link": "https:\/\/plus.google.com\/u\/0\/b\/109002904706315055045\/events\/ckjh82sbfp4n1sbdk4pp6vu5se0",
                "text": "Join the Synereo Team each Wednesday for the latest news and updates, discussion related to the project and its progress, development, social contracts, bounties, app ideas, and a lot more.",
                "fallback": "Google+: Synereo Community Hangout - Google+",
                "image_url": "https:\/\/lh3.googleusercontent.com\/-IpaHEMvpegM\/VagyR16wW0I\/AAAAAAAAAAA\/SMOyOAqpbdc\/w940-h280-n\/event_theme.jpg",
                "from_url": "https:\/\/plus.google.com\/u\/0\/b\/109002904706315055045\/events\/ckjh82sbfp4n1sbdk4pp6vu5se0",
                "image_width": 839,
                "image_height": 250,
                "image_bytes": 32551,
                "id": 1
            }
        ],
        "ts": "1437588287.000005"
    },
    {
        "type": "message",
        "user": "U04AJ2WH0",
        "text": "<http:\/\/www.emergentvr.com> virtual reality social media network. In beta.",
        "ts": "1437592393.000007"
    }
]