[
    {
        "type": "message",
        "user": "U04BQ4FMC",
        "text": "that's what I though, but it wasn't working for me",
        "ts": "1450884121.000343"
    },
    {
        "type": "message",
        "user": "U048XN527",
        "text": "<@U0474E4KZ> I haven't received the access so I have pretty much been at a stand still with the community map. Before I proceeded, I wanted to make sure I have the ability to reach out via Twitter as well. Let me know if I should instead shift focus to other areas.",
        "edited": {
            "user": "U048XN527",
            "ts": "1450903779.000000"
        },
        "ts": "1450903677.000344"
    },
    {
        "type": "message",
        "user": "U0474E4KZ",
        "text": "<@U0FESR742> should be back in business today and give you access.",
        "ts": "1450914179.000346"
    }
]