[
    {
        "type": "message",
        "user": "U048T3M8W",
        "text": "<@U0474E4KZ> scribes were: <@U04GDL62L> <@U04BQ4FMC> <@U0FESR742> <@U048T3M8W>\nAmp rewards are fixed now\n<@U0FESR742> did very good quality editing, but it seems he's rewarded in a different way",
        "ts": "1450776179.000337"
    },
    {
        "type": "message",
        "user": "U0474E4KZ",
        "text": "Fixed meaning you want to share them equally?",
        "ts": "1450796960.000338"
    },
    {
        "type": "message",
        "user": "U04BQ4FMC",
        "text": "The amp spreadsheet is done, as far as I know:                                                                                                                                                                                               drbloom\t lapin7\t   malthusjohn\n26.67%\t63.33%\t10.00%",
        "ts": "1450797860.000339"
    },
    {
        "type": "message",
        "user": "U048T3M8W",
        "text": "<@U0474E4KZ>\nAt the current $ price of AMP it would be:\n<@U04GDL62L>\t$16.00\tAMP 3,848.93\n<@U048T3M8W>\t$38.00\tAMP 9,141.21\n<@U04BQ4FMC>\t$6.00\tAMP 1,443.35",
        "ts": "1450800886.000340"
    },
    {
        "type": "message",
        "user": "U04BQ4FMC",
        "text": "How do you 'return' without posting the comment here in slack?  -- my last comment's form is off, drbloom should be above the first column, as Henri posted.",
        "ts": "1450801701.000341"
    },
    {
        "type": "message",
        "user": "U048T3M8W",
        "text": "shift return gives a new line",
        "ts": "1450801855.000342"
    }
]