[
    {
        "user": "U0567N5MP",
        "type": "message",
        "subtype": "channel_join",
        "text": "<@U0567N5MP|richard> has joined the channel",
        "ts": "1433352008.000080"
    },
    {
        "type": "message",
        "user": "U048X85UT",
        "text": "participant link?",
        "ts": "1433361396.000081"
    },
    {
        "type": "message",
        "user": "U0474AYFT",
        "text": "<https:\/\/plus.google.com\/hangouts\/_\/hoaevent\/AP36tYeSKbYiiwUhRrHvibyU4J6JF03uB1abMhk0BpdL9Vwjnm4vSA?authuser=0&amp;eid=109002904706315055045&amp;hl=en>",
        "ts": "1433361746.000082"
    },
    {
        "type": "message",
        "user": "U0474AYFT",
        "text": "^^^ Is the participant link for the Synereo Community Hangout. Be there, Aloha!",
        "ts": "1433361771.000083"
    }
]