[
    {
        "type": "message",
        "user": "U0474AYFT",
        "text": "<@U048X85UT>: there's a distinction between the proofs in LT4tBC and those in proof-of-work.",
        "ts": "1432801937.000040"
    },
    {
        "type": "message",
        "user": "U0474AYFT",
        "text": "As i mentioned, the proofs in LT4tBC represent the state of the blockchain.",
        "ts": "1432801965.000041"
    },
    {
        "type": "message",
        "user": "U0474AYFT",
        "text": "The proofs in proof-of-work are used to garner consensus of which states are observed by clients.",
        "ts": "1432802008.000042"
    },
    {
        "type": "message",
        "user": "U0474AYFT",
        "text": "You still need proof-of-work or some other kind of consensus mechanism to guarantee consistency and coherence.",
        "ts": "1432802073.000043"
    },
    {
        "type": "message",
        "user": "U0474AYFT",
        "text": "This is because the state of the blockchain is evolving in response to client behavior.",
        "ts": "1432802093.000044"
    },
    {
        "type": "message",
        "user": "U0474AYFT",
        "text": "Spse that s is the state of the blockchain, and t1 is a transaction submitted by a client, c1, and t2 is a transaction submitted by a client, c2.",
        "ts": "1432802193.000045"
    },
    {
        "type": "message",
        "user": "U0474AYFT",
        "text": "There is still a requirement of deciding the order in which these two transactions are submitted against a common blockchain.",
        "ts": "1432802287.000046"
    },
    {
        "type": "message",
        "user": "U0474AYFT",
        "text": "If you have two *isolated* blockchains, say s1 and s2, and t1 is submitted against s1 while t2 is submitted against s2, *and* t1 is isolated from t2, then they can be processed completely independently. An observer who can see both blockchains does not care about the order between the two transactions.",
        "ts": "1432802412.000047"
    },
    {
        "type": "message",
        "user": "U0474AYFT",
        "text": "In the former case, some kind of tie-breaker is needed. An observer can tell the difference between the two orders, in principle. Proof-of-work is a protocol to break the tie as it were.",
        "edited": {
            "user": "U0474AYFT",
            "ts": "1432802951.000000"
        },
        "ts": "1432802489.000048"
    },
    {
        "type": "message",
        "user": "U0474AYFT",
        "text": "As i mentioned at the top of the hangout, LT4tBC do not remove the need for proof-of-work like protocols.",
        "ts": "1432802832.000049"
    },
    {
        "type": "message",
        "user": "U0474AYFT",
        "text": "They provide other benefits.",
        "ts": "1432802852.000050"
    },
    {
        "type": "message",
        "user": "U048X85UT",
        "text": "Oops.  I guess I was a bit overoptimistic.   I guess I did not ask the right questions.  You were saying that the combination of different versions of the blockchain was deterministic.  I inferred that this would in principle allow the detection of misbehaving nodes.  The part I did not fully understand was exactly the case you mention. You were clear on the condition that their need to be a proof that the versions were independent w.r.t. the pairs of actors.  My assumption was that we could discard versions that were shown to not be independent and come up with a deterministic result.   But you never did say that could be done.",
        "ts": "1432808045.000052"
    },
    {
        "type": "message",
        "user": "U048X85UT",
        "text": "I feel very silly now.",
        "ts": "1432808054.000053"
    },
    {
        "type": "message",
        "user": "U048X85UT",
        "text": "It still seems to me the case could be minimized and the tie broken by the strength of the proof.",
        "ts": "1432809084.000054"
    },
    {
        "type": "message",
        "user": "U048X85UT",
        "text": "Solving that last piece would be truly revolutionary.",
        "ts": "1432809750.000055"
    },
    {
        "type": "message",
        "user": "U048X85UT",
        "text": "I thought you accomplished that since we had last spoken and got over excited :stuck_out_tongue:",
        "ts": "1432809861.000056"
    },
    {
        "type": "message",
        "user": "U048X85UT",
        "text": "In any case the work is very significant and a step, in my view, toward proof of work becoming proof of proof.",
        "edited": {
            "user": "U048X85UT",
            "ts": "1432811016.000000"
        },
        "ts": "1432810403.000057"
    },
    {
        "type": "message",
        "user": "U048X85UT",
        "text": "Sorry I grossly overstated the result.  :disappointed:",
        "edited": {
            "user": "U048X85UT",
            "ts": "1432810971.000000"
        },
        "ts": "1432810794.000058"
    },
    {
        "type": "message",
        "user": "U048X85UT",
        "text": "misstated that is.",
        "ts": "1432812897.000061"
    },
    {
        "type": "message",
        "user": "U048X85UT",
        "text": "I've been told a million times not to exaggerate. :confused:",
        "ts": "1432818904.000062"
    },
    {
        "type": "message",
        "user": "U048X85UT",
        "text": "As <@U0474AYFT> said, We will get there a step at a time.",
        "ts": "1432819042.000063"
    },
    {
        "type": "message",
        "user": "U048X85UT",
        "text": "And yet.  it seems to me we have an unsolvable problem and the solution is doing it step by step.   If, by dumb luck we do not  get candidate blocks having independent agents involved in the transactions, functionally we ought to be able to construct such blocks with least effort making conflict highly exceptional.  The chance that the conflicting blocks effect the outcome of any transaction is even smaller and an attack strategy can be nearly impossible to devise.  The choice can be considered arbitrary.  In this rare case the game begins, any game having a binary outcome.  Other nodes witness the plays and confirm the winner.  A simple majority on each play defeats 50% corrupted nodes causing only an occasional hiccup in brockchain performance.  It is still stochastic, but very green and very safe, no?",
        "edited": {
            "user": "U048X85UT",
            "ts": "1432823669.000000"
        },
        "ts": "1432822582.000064"
    },
    {
        "type": "message",
        "user": "U048X85UT",
        "text": "And then adding a preference for believing trusted nodes in acquiring the 51% gives a trusted result.",
        "ts": "1432822752.000066"
    },
    {
        "type": "message",
        "user": "U048X85UT",
        "text": "The winner is the crowd sourced trusted answer.",
        "edited": {
            "user": "U048X85UT",
            "ts": "1432823716.000000"
        },
        "ts": "1432823032.000067"
    },
    {
        "type": "message",
        "user": "U048X85UT",
        "text": "Greater assurance can always be added.  There is no perfect solution.  We can always do better.  It is sufficient for now just to do better than Bitcoin.",
        "ts": "1432823554.000068"
    },
    {
        "type": "message",
        "user": "U048X85UT",
        "text": "The trick is devising the game.",
        "edited": {
            "user": "U048X85UT",
            "ts": "1432824896.000000"
        },
        "ts": "1432824801.000071"
    },
    {
        "type": "message",
        "user": "U048X85UT",
        "text": "It requires an unpredictable but verifiable external event.",
        "ts": "1432824960.000073"
    },
    {
        "type": "message",
        "user": "U048X85UT",
        "text": "Or two out of three nearly unpredictable events, and so on.",
        "edited": {
            "user": "U048X85UT",
            "ts": "1432825182.000000"
        },
        "ts": "1432825151.000074"
    }
]