[
    {
        "type": "message",
        "user": "U09KY5U65",
        "text": "Is there a show tomorrow? I like listening.",
        "ts": "1441179780.000031"
    },
    {
        "type": "message",
        "user": "U0474AT8P",
        "text": "There is one later on today",
        "ts": "1441207103.000032"
    },
    {
        "type": "message",
        "user": "U0474AT8P",
        "text": "Community Hangout",
        "ts": "1441207122.000033"
    },
    {
        "type": "message",
        "user": "U0474AT8P",
        "text": "<https:\/\/plus.google.com\/u\/0\/b\/109002904706315055045\/events\/ctt9t53rb1j26ma33mecncolmhk>",
        "attachments": [
            {
                "service_name": "Google+",
                "title": "Synereo Community Hangout - Google+",
                "title_link": "https:\/\/plus.google.com\/u\/0\/b\/109002904706315055045\/events\/ctt9t53rb1j26ma33mecncolmhk",
                "text": "Join the Synereo Team each Wednesday for the latest news and updates, discussion related to the project and its progress, development, social contracts, bounties, app ideas, and a lot more.",
                "fallback": "Google+: Synereo Community Hangout - Google+",
                "image_url": "https:\/\/lh3.googleusercontent.com\/-ta_yDRQjgeg\/VeTFFYn6bEI\/AAAAAAAAAAA\/b2i4sd2i6Pg\/w940-h280-n\/event_theme.jpg",
                "from_url": "https:\/\/plus.google.com\/u\/0\/b\/109002904706315055045\/events\/ctt9t53rb1j26ma33mecncolmhk",
                "image_width": 839,
                "image_height": 250,
                "image_bytes": 32551,
                "id": 1
            }
        ],
        "ts": "1441207123.000034"
    },
    {
        "type": "message",
        "user": "U0474AYFT",
        "text": "The participants' link for today's hangout is <https:\/\/plus.google.com\/hangouts\/_\/hoaevent\/AP36tYdwBDAF2eHqOVfvpzBLkSng1UQq2fRWfRZOwa_gVb7cwAjTkg>",
        "ts": "1441217165.000036"
    }
]