[
    {
        "user": "U04GXLFNE",
        "type": "message",
        "subtype": "channel_join",
        "text": "<@U04GXLFNE|ahmedashraf> has joined the channel",
        "ts": "1429820914.000711"
    },
    {
        "user": "U04HL2UJF",
        "type": "message",
        "subtype": "channel_join",
        "text": "<@U04HL2UJF|bolkin> has joined the channel",
        "ts": "1429822772.000712"
    },
    {
        "type": "message",
        "user": "U04A2PRG2",
        "text": "Hello, how long go before we can test\/use synereo? :simple_smile:",
        "ts": "1429825000.000713"
    },
    {
        "type": "message",
        "user": "U0474AT8P",
        "text": "There isn't a date set yet. We have a demo running but there is ongoing development to get us to where we need to be for a public test release.",
        "ts": "1429825400.000714"
    },
    {
        "type": "message",
        "user": "U04A2PRG2",
        "text": "ok. Can investors test Synereo earlier than public test?",
        "ts": "1429825528.000715"
    },
    {
        "type": "message",
        "user": "U0474AT8P",
        "text": "yes when it's ready.",
        "ts": "1429825917.000716"
    },
    {
        "type": "message",
        "user": "U0474AT8P",
        "text": "Contributors will get early access",
        "ts": "1429825929.000717"
    },
    {
        "user": "U04GZRAH8",
        "type": "message",
        "subtype": "channel_join",
        "text": "<@U04GZRAH8|drphotog> has joined the channel",
        "ts": "1429830300.000718"
    },
    {
        "type": "message",
        "user": "U04GZRAH8",
        "text": "Hello all.",
        "ts": "1429830462.000719"
    },
    {
        "type": "message",
        "user": "U04FDMM9P",
        "text": "Hello! ",
        "ts": "1429830504.000720"
    },
    {
        "type": "message",
        "user": "U04GZRAH8",
        "text": "All of this is confusing me at the moment.",
        "ts": "1429830538.000721"
    },
    {
        "user": "U04HMRLT1",
        "type": "message",
        "subtype": "channel_join",
        "text": "<@U04HMRLT1|marc> has joined the channel",
        "ts": "1429830704.000722"
    },
    {
        "type": "message",
        "user": "U048X85UT",
        "text": "it can get a bit complicated.  what do you need to know?",
        "ts": "1429830723.000723"
    },
    {
        "user": "U04H0699Y",
        "type": "message",
        "subtype": "channel_join",
        "text": "<@U04H0699Y|kangertech> has joined the channel",
        "ts": "1429832150.000724"
    },
    {
        "user": "U04H0VBF8",
        "type": "message",
        "subtype": "channel_join",
        "text": "<@U04H0VBF8|andrew> has joined the channel",
        "ts": "1429836502.000725"
    },
    {
        "type": "message",
        "user": "U0474AT8P",
        "text": "hello to all newcomers newbie message for you :wink:",
        "ts": "1429836895.000726"
    },
    {
        "type": "message",
        "user": "USLACKBOT",
        "text": "Looks like we have a new user. 1) Change your username to your first name, or your nickname. 2) Put up a custom profile picture. 3) If you feel like, introduce yourself and tell us how you can help Synereo. 4) Feel free to ask any questions and browse around. 5) Have fun!",
        "ts": "1429836902.000727"
    },
    {
        "type": "message",
        "user": "U0474AT8P",
        "text": "Latest blog post for the Crowdsale end: <http:\/\/blog.synereo.com\/2015\/04\/23\/the-synereo-crowdsale-has-ended\/>",
        "attachments": [
            {
                "text": "The Synereo crowdsale has now ended. We want to thank each one of the contributors who have supported us. We also would like to tell you what\u2019s next.Crowdsal...",
                "fallback": "The Synereo crowdsale has now ended. We want to thank each one of the contributors who have supported us. We also would like to tell you what\u2019s next.Crowdsal...",
                "from_url": "http:\/\/blog.synereo.com\/2015\/04\/23\/the-synereo-crowdsale-has-ended\/",
                "id": 1
            }
        ],
        "ts": "1429836974.000728"
    },
    {
        "user": "U04HPJP8X",
        "type": "message",
        "subtype": "channel_join",
        "text": "<@U04HPJP8X|bmanred> has joined the channel",
        "ts": "1429840984.000730"
    },
    {
        "type": "message",
        "user": "U04HPJP8X",
        "text": "<!channel>: Anyone on to help with an issue I had with a bitcoin transaction?",
        "ts": "1429841035.000731"
    },
    {
        "type": "message",
        "user": "U0474AT8P",
        "text": "what's up?",
        "ts": "1429841060.000732"
    },
    {
        "type": "message",
        "user": "U0474AT8P",
        "text": "wanna go in the <#C046FL74E> channel to keep all issues in one place?",
        "ts": "1429841078.000733"
    },
    {
        "type": "message",
        "user": "U04HPJP8X",
        "text": "sure",
        "ts": "1429841087.000734"
    },
    {
        "user": "U04H1N9GN",
        "type": "message",
        "subtype": "channel_join",
        "text": "<@U04H1N9GN|llsourcell> has joined the channel",
        "ts": "1429841157.000735"
    },
    {
        "type": "message",
        "user": "U04H1N9GN",
        "text": "Hello",
        "ts": "1429841282.000736"
    },
    {
        "type": "message",
        "user": "U04H1N9GN",
        "text": "So when can I try synereo? I'm ready to be onboarded. ",
        "ts": "1429841412.000737"
    },
    {
        "type": "message",
        "user": "U0474AT8P",
        "text": "There isn't a date set yet. We have a demo running but there is ongoing development to get us to where we need to be for a public test release. If you are a crowdsale contributor you will get early access as soon as we have a beta going.",
        "ts": "1429842046.000738"
    },
    {
        "user": "U04H3DCGJ",
        "type": "message",
        "subtype": "channel_join",
        "text": "<@U04H3DCGJ|alonc> has joined the channel",
        "ts": "1429852285.000739"
    },
    {
        "user": "U04H3DZ9Q",
        "type": "message",
        "subtype": "channel_join",
        "text": "<@U04H3DZ9Q|eliptibox> has joined the channel",
        "ts": "1429852438.000740"
    },
    {
        "user": "U04HRUZJZ",
        "type": "message",
        "subtype": "channel_join",
        "text": "<@U04HRUZJZ|2fast2bcn> has joined the channel",
        "ts": "1429856587.000741"
    }
]