[
    {
        "type": "message",
        "user": "U048T3M8W",
        "text": "<@U09KY5U65>: <@U0474E4KZ> do you consider an inscription at <https:\/\/bnktothefuture.com> ??",
        "attachments": [
            {
                "text": "The online investment platform that brings financial innovation &amp; technology investment opportunities to qualifying investors.",
                "fallback": "The online investment platform that brings financial innovation &amp; technology investment opportunities to qualifying investors.",
                "from_url": "https:\/\/bnktothefuture.com",
                "id": 1
            }
        ],
        "ts": "1443632157.000063"
    },
    {
        "type": "message",
        "user": "U0474E4KZ",
        "text": "Yes, I've spoken with Simon about this.",
        "ts": "1443635108.000065"
    },
    {
        "type": "message",
        "user": "U0474AYFT",
        "text": "Today's Synereo Community Hangout participants' link is here: <https:\/\/plus.google.com\/hangouts\/_\/hoaevent\/AP36tYdEGMw_vW_TnmLpb5uf3JLUlAw42LUaogkhJQDj4rFyUCBgBQ?eid=109002904706315055045&amp;hl=en&amp;authuser=0>",
        "ts": "1443636271.000066"
    },
    {
        "type": "message",
        "user": "U09KY5U65",
        "text": "I have a problem with the valuations <http:\/\/bnktothefuture.com|bnktothefuture.com> gives these ideas\/companies at so I think they are pretty bad. I have no proof of the scam but what seems to happen is #1 sell equity really cheap, or maybe even give equity, to the owners of <http:\/\/bnktothefuture.com|bnktothefuture.com>. #2 sell  equity for a really high price to \"bnktothefuture VIP members\". #3 Hype the thing and sell a tiny bit of equity to the public for as much as possible. #4 If successfully over sold to the public, continue to step 5 or give up.  #5 create a traditional style stock where only (#1) buyers are able to sell because the price will be below what crowdsale and VIP members paid.",
        "ts": "1443636588.000067"
    },
    {
        "type": "message",
        "user": "U09KY5U65",
        "text": "Bittrex would add this coin: <https:\/\/bittrex.zendesk.com\/hc\/en-us\/articles\/202583854-Submitting-a-Coin-to-Bittrex-Updated-09-03-15> Since this did a crowdfund on a different platform that bittrex there would be a 3 BTC fee. I'm sure there would add this coin. bittrex has fallen off though. It's not the top exchange anymore. I'm not sure they would be able to raise many funds.",
        "attachments": [
            {
                "service_name": "Bittrex",
                "title": "Submitting a Coin to Bittrex - Updated 09\/03\/15",
                "title_link": "https:\/\/bittrex.zendesk.com\/hc\/en-us\/articles\/202583854-Submitting-a-Coin-to-Bittrex-Updated-09-03-15",
                "text": "At Bittrex, we look for coins that have high community demand, innovations to digital currency technology, or a contribution to science or humanity. Given the demand for currency launches, we limit...",
                "fallback": "Bittrex: Submitting a Coin to Bittrex - Updated 09\/03\/15",
                "from_url": "https:\/\/bittrex.zendesk.com\/hc\/en-us\/articles\/202583854-Submitting-a-Coin-to-Bittrex-Updated-09-03-15",
                "thumb_url": "http:\/\/p5.zdassets.com\/hc\/settings_assets\/478848\/200016824\/jgxL2gYBLx21GL53A0hdCg-logo-white-bittrex.png",
                "thumb_width": 154,
                "thumb_height": 21,
                "id": 1
            }
        ],
        "ts": "1443636823.000068"
    },
    {
        "type": "message",
        "user": "U09KY5U65",
        "text": "Hey greg, what's your <http:\/\/livecoding.tv|livecoding.tv> username?",
        "ts": "1443641422.000070"
    },
    {
        "type": "message",
        "user": "U09KY5U65",
        "text": "ALso, where is this capser github repository that you talked about on the hang out.",
        "ts": "1443643832.000071"
    },
    {
        "type": "message",
        "user": "U09KY5U65",
        "text": "I think <@U0474AYFT> will be the most popular person on <http:\/\/livecoding.tv|livecoding.tv>",
        "ts": "1443670506.000072"
    },
    {
        "type": "message",
        "user": "U0474AYFT",
        "text": "It's leithaus!",
        "ts": "1443670734.000073"
    },
    {
        "type": "message",
        "user": "U0474AYFT",
        "text": "Thanks for the vote of confidence!",
        "ts": "1443670754.000074"
    }
]