[
    {
        "type": "message",
        "user": "U0474E4KZ",
        "text": "How so?",
        "ts": "1451466984.000384"
    },
    {
        "user": "U0HG5G2PL",
        "type": "message",
        "subtype": "channel_join",
        "text": "<@U0HG5G2PL|ore4444> has joined the channel",
        "ts": "1451468453.000385"
    },
    {
        "type": "message",
        "user": "U0FESR742",
        "text": "Hey all. Looks like this week's skype talk is just end of year, more informal. Its not being recorded, so it doesn't look like there will be a scribe notes for this week.",
        "ts": "1451504949.000386"
    },
    {
        "type": "message",
        "user": "U0FESR742",
        "text": "<@U0HDFGKTJ>: Woah, good to see you here!",
        "ts": "1451504983.000387"
    },
    {
        "type": "message",
        "user": "U09KY5U65",
        "text": "Mercy allows for people to avoid the consequences\/punishment. This will lead to corruption if someone can figure out how to always receive mercy for their actions.",
        "ts": "1451512279.000388"
    },
    {
        "type": "message",
        "user": "U09KY5U65",
        "text": "This then goes back to the problem I've always had with computers and never been able to solve. Auto generated content\/SPAM.",
        "ts": "1451512363.000389"
    },
    {
        "type": "message",
        "user": "U09KY5U65",
        "text": "If $AMP = ability\/identity\/SPAM then I can corrupt the system since I have will way more $AMP then all the people joining synereo in 5 years will have.",
        "ts": "1451512679.000390"
    },
    {
        "type": "message",
        "user": "U09KY5U65",
        "text": "This would then become a game where I can go into small groups who have less $AMP then myself and dominate them by using my $AMP to act as a large group of identities and take all their $AMPs.",
        "ts": "1451512897.000391"
    },
    {
        "type": "message",
        "user": "U0FESR742",
        "text": "Mercy as a term is interesting, but let's look at what we mean when we say it. When we say Mercy, it sounds to me like we are saying we want a flexible system that is also ethical and sustainable.",
        "ts": "1451513883.000392",
        "reactions": [
            {
                "name": "+1",
                "users": [
                    "U0474E4KZ"
                ],
                "count": 1
            }
        ]
    },
    {
        "type": "message",
        "user": "U09KY5U65",
        "text": "SO you",
        "ts": "1451514644.000393"
    },
    {
        "type": "message",
        "user": "U0474E4KZ",
        "text": "That's not how AMPs work.",
        "ts": "1451514650.000394",
        "reactions": [
            {
                "name": "+1",
                "users": [
                    "U04GDL62L"
                ],
                "count": 1
            }
        ]
    },
    {
        "type": "message",
        "subtype": "file_share",
        "text": "<@U0474E4KZ|dor> shared a file: <https:\/\/synereonet.slack.com\/files\/dor\/F0HGY4J9G\/networkdynamicschapter3|Network Dynamics: Chapter 3>",
        "file": {
            "id": "F0HGY4J9G",
            "created": 1451514674,
            "timestamp": 1451514674,
            "name": "NetworkDynamicsChapter3",
            "title": "Network Dynamics: Chapter 3",
            "mimetype": "application\/vnd.google-apps.presentation",
            "filetype": "gpres",
            "pretty_type": "GDocs Presentation",
            "user": "U0474E4KZ",
            "editable": false,
            "size": 9387,
            "mode": "external",
            "is_external": true,
            "external_type": "gdrive",
            "is_public": true,
            "public_url_shared": false,
            "display_as_bot": false,
            "username": "",
            "url_private": "https:\/\/docs.google.com\/presentation\/d\/1MQ57q-ZraCBvx-pPFA-J-MpKN6v8AkUXtCaM79vU3L8\/edit?usp=drivesdk",
            "thumb_64": "https:\/\/a.slack-edge.com\/66f9\/img\/files\/gpres_64.png",
            "thumb_360": "https:\/\/a.slack-edge.com\/272a\/img\/files\/gpres_360.png",
            "thumb_360_w": 360,
            "thumb_360_h": 167,
            "permalink": "https:\/\/synereonet.slack.com\/files\/dor\/F0HGY4J9G\/networkdynamicschapter3",
            "channels": [
                "C0474AT8X"
            ],
            "groups": [
    
            ],
            "ims": [
    
            ],
            "comments_count": 0
        },
        "user": "U0474E4KZ",
        "upload": false,
        "display_as_bot": false,
        "username": "<@U0474E4KZ|dor>",
        "bot_id": null,
        "ts": "1451514674.000396"
    },
    {
        "type": "message",
        "user": "U04BQ4FMC",
        "text": "I don't think mercy is being used as in _mitigating circumstances_  that come into play after judgement.  This is protocol; it means we must think of any mitigating circumstances *before* hard-coding them into an unalterable blockchain.  Anticipating certain options, that do not apply to the majority, but are nonetheless necessary to make adjustments for.",
        "ts": "1451514766.000398",
        "reactions": [
            {
                "name": "+1",
                "users": [
                    "U04GDL62L"
                ],
                "count": 1
            }
        ]
    },
    {
        "type": "message",
        "user": "U04BQ4FMC",
        "text": "Today's hangout is a good example: making it easy for _most_  users, Google automatically and unalterable changes the appearance of a user's local time, so that when we set up an event, everyone who views it, no matter where, sees their local time.  However, they did not anticipate that 2 users, authorized to set up and initiate the event, might log in at the same time from different time zones.  The protocol had to make a choice, and did not allow for an \"out\" - and in our case, showed no mercy!  Once started, no changes were allowed.",
        "ts": "1451515083.000399"
    },
    {
        "type": "message",
        "user": "U04BQ4FMC",
        "text": "But your concerns are valid, <@U09KY5U65>",
        "ts": "1451515144.000400"
    },
    {
        "type": "message",
        "user": "U04BQ4FMC",
        "text": "I think Reputation (REO) will go a long way to prevent any traction for bad players.  Sure, they might spam you once, but...",
        "ts": "1451515224.000401"
    },
    {
        "type": "message",
        "user": "U09KY5U65",
        "text": "My main worry with synereo is SPAM.  Can someone use synereo without having any $AMP? I thought $AMP was the SPAM prevention tool. If not.. I will just go and SPAM my business constantly to everyone on the network. Every second you will receive whatever free thing I can send you.",
        "ts": "1451515283.000402"
    },
    {
        "type": "message",
        "user": "U09KY5U65",
        "text": "Could I create a network of fake users with high REO? If I have 1,000,000 $AMP. Could I create 1,000,000 fake users who all improve each others REO?",
        "ts": "1451515321.000403"
    },
    {
        "type": "message",
        "user": "U09KY5U65",
        "text": "The #1 killer of popular sites\/apps is SPAM\/Fake users.",
        "ts": "1451515370.000404",
        "reactions": [
            {
                "name": "+1",
                "users": [
                    "U04BQ4FMC"
                ],
                "count": 1
            }
        ]
    },
    {
        "type": "message",
        "user": "U04BQ4FMC",
        "text": "<@U0474E4KZ>: - is there any negative REO action, like if many people block someone, report posts, etc?",
        "ts": "1451515514.000405"
    },
    {
        "type": "message",
        "user": "U04BQ4FMC",
        "text": "<@U09KY5U65>: - I think people can \"use\" the network without amps, but not to its full potential.  They can view posts, but not make them.  Their views do not have value in synereo's attention economy.",
        "ts": "1451515683.000406"
    },
    {
        "type": "message",
        "user": "U04BQ4FMC",
        "text": "Yes, someone could join, and buy significant $qty of amps, and boost their message beyond their \"standard reach\".  That means 2-way opt-in for connections is normal, but if your 'friends' (connections) engage that post, it could go beyond this initial barrier and reach you.  But like BTC, there is a cost to this, so your typical fly-by-night spammers are not going to do it.",
        "ts": "1451515884.000407"
    },
    {
        "type": "message",
        "user": "U04BQ4FMC",
        "text": "However, keep in mind that the money they invest in boosting their signal _goes to the viewers_.  Two things should result from this: one, you can opt-out any time (like blocking) and not see their posts (ads) again; and two, many people will actually _opt-in_  to view ads, because their attention has value, and they receive amps.  This will create a different perspective on ads in general (think Super Bowl), where the creators will make better content, and people will not perceive all ads as bad.  It really turns the existing apple cart over, because only by monopolizing a channel can someone sell your attention to others, because you are there.  This channel's ownership is distributed among the viewers, and they each decide what will be seen for the most part, at least on a regular basis.",
        "ts": "1451516557.000408",
        "reactions": [
            {
                "name": "heart",
                "users": [
                    "U0474E4KZ"
                ],
                "count": 1
            }
        ]
    },
    {
        "type": "message",
        "user": "U09KY5U65",
        "text": "That part is good. I think that will work well. My worry has to do with accounts. What is an account? There is no master who owns and runs accounts is there? Creating an account is as easy as spinning up 100 docker instances. They can all have the same name and images. If you block 1 there are 99 more. Then each day\/hour the accounts all change to different accounts.  If there is anything you can do for free, it will be abused.",
        "ts": "1451516923.000409"
    },
    {
        "type": "message",
        "user": "U09KY5U65",
        "text": "Just letting people know a url like <http:\/\/myspamsite.com|myspamsite.com> through a new connection request. That would be amazing to tell everyone on the system a url.",
        "ts": "1451517003.000410"
    },
    {
        "type": "message",
        "user": "U09KY5U65",
        "text": "Liking\/sharing something, if that action somehow gets shown to other users for free. That would get abused.",
        "ts": "1451517045.000411"
    },
    {
        "type": "message",
        "user": "U04BQ4FMC",
        "text": "But you have to fund each account with one of two things: money, or time.  That's the only way to get amps.",
        "ts": "1451517090.000412"
    },
    {
        "type": "message",
        "user": "U09KY5U65",
        "text": "Oh, that now makes me thing of something even worse! What if I set up fake accounts to do the social things that get rewarded with $AMPs",
        "ts": "1451517202.000413"
    },
    {
        "type": "message",
        "user": "U09KY5U65",
        "text": "Of course robots will be running all the fake accounts, there will be minimal work by myself once the robots are up and working for me.",
        "ts": "1451517251.000414"
    },
    {
        "type": "message",
        "user": "U09KY5U65",
        "text": "If profitable I can keep expanding the amount of robots being things like sharing and liking.",
        "ts": "1451517322.000415"
    },
    {
        "type": "message",
        "user": "U04BQ4FMC",
        "text": "And everyone's time is not worth the same value.  REO score will make new users spend much more than established ones with good reputation for good content to get better reach.  So yes, I think some 'spam rings' will be set up, but they will end up as isolated islands, spamming each other.",
        "ts": "1451517376.000416"
    },
    {
        "type": "message",
        "user": "U09KY5U65",
        "text": "Interesting",
        "ts": "1451517402.000417"
    },
    {
        "type": "message",
        "user": "U09KY5U65",
        "text": "I don't like sites that reward early adopters.",
        "ts": "1451517615.000418"
    },
    {
        "type": "message",
        "user": "U04BQ4FMC",
        "text": "I asked a similar question quite a while ago, and don't remember the answer very well, but there will be some ways to spot repetitive bot behavior.  There are also connectivity mechanisms, so who you are connected with matters.  If bots only connect with bots, they won't get attention outside that area of the network.",
        "ts": "1451517785.000419",
        "reactions": [
            {
                "name": "+1",
                "users": [
                    "U0474E4KZ",
                    "U04GDL62L"
                ],
                "count": 2
            }
        ]
    },
    {
        "type": "message",
        "user": "U09KY5U65",
        "text": "I would like to see high levels of co-operation in the content creation process of stuff on synereo. I don't like how people get popular on sites early on adn then are the incumbents for ever after.",
        "ts": "1451517899.000420"
    },
    {
        "type": "message",
        "user": "U09KY5U65",
        "text": "This is another problem I have difficulties solving. \"Search\". It's basically a ranking mechanism. Synereo must prevent a few incumbents from being rated #1 always if there is a search feature.",
        "ts": "1451517959.000421"
    },
    {
        "type": "message",
        "user": "U09KY5U65",
        "text": "So many problems to solve... Synereo probably won't be released for another 5 years :stuck_out_tongue:",
        "ts": "1451518239.000422"
    },
    {
        "type": "message",
        "user": "U04BQ4FMC",
        "text": "Yeah, perfect is an ideal.  But also, with Open Source, the community can change things as they see fit, to some degree - as long as there's agreement I suppose.",
        "ts": "1451518485.000423"
    }
]