[
    {
        "user": "U04M87CU9",
        "type": "message",
        "subtype": "channel_join",
        "text": "<@U04M87CU9|cricket> has joined the channel",
        "ts": "1430553835.000891"
    },
    {
        "user": "U04LMDGSA",
        "type": "message",
        "subtype": "channel_join",
        "text": "<@U04LMDGSA|tey84> has joined the channel",
        "ts": "1430563171.000892"
    },
    {
        "user": "U04LQEPCC",
        "type": "message",
        "subtype": "channel_join",
        "text": "<@U04LQEPCC|justlooking> has joined the channel",
        "ts": "1430596203.000893"
    },
    {
        "type": "message",
        "user": "U04L5FD9S",
        "text": "Hi nic, jimscarver. Thnx :simple_smile:",
        "ts": "1430609616.000894"
    },
    {
        "type": "message",
        "user": "U04L5FD9S",
        "text": "* <@U0474AT8P>, <@U048X85UT>",
        "ts": "1430609632.000895"
    }
]