[
    {
        "type": "message",
        "user": "U0474AT8P",
        "text": "Top 5 Things You Can Do With Synereo NOW\n\n<http:\/\/blog.synereo.com\/2015\/08\/12\/top-5-things-you-can-do-with-synereo-now\/>",
        "attachments": [
            {
                "text": "The most common questions we get asked are \u201cwhen are you shipping?\u201d And \u201cwhen can I start playing with the bits?\u201dThe short answer is - we\u2019ve shipped, and you...",
                "fallback": "The most common questions we get asked are \u201cwhen are you shipping?\u201d And \u201cwhen can I start playing with the bits?\u201dThe short answer is - we\u2019ve shipped, and you...",
                "from_url": "http:\/\/blog.synereo.com\/2015\/08\/12\/top-5-things-you-can-do-with-synereo-now\/",
                "id": 1
            }
        ],
        "ts": "1439392580.000021"
    },
    {
        "type": "message",
        "user": "U0474AYFT",
        "text": "Here's the Synereo Community Hangout participants' link: <https:\/\/plus.google.com\/hangouts\/_\/hoaevent\/AP36tYcHN2ACY_1HCtjkZJbZ3pK4JUjhyV1FSdt8hcGq8ALR1SmUfw?eid=109002904706315055045&amp;hl=en&amp;authuser=0>",
        "ts": "1439402621.000023"
    },
    {
        "type": "message",
        "subtype": "file_share",
        "text": "<@U0474E4KZ|dor> uploaded a file: <https:\/\/synereonet.slack.com\/files\/dor\/F090WE602\/synereo_music.pdf|Synereo Music.pdf>",
        "file": {
            "id": "F090WE602",
            "created": 1439403089,
            "timestamp": 1439403089,
            "name": "Synereo Music.pdf",
            "title": "Synereo Music.pdf",
            "mimetype": "application\/pdf",
            "filetype": "pdf",
            "pretty_type": "PDF",
            "user": "U0474E4KZ",
            "editable": false,
            "size": 793331,
            "mode": "hosted",
            "is_external": false,
            "external_type": "",
            "is_public": true,
            "public_url_shared": false,
            "display_as_bot": false,
            "username": "",
            "url_private": "https:\/\/files.slack.com\/files-pri\/T0474AT8K-F090WE602\/synereo_music.pdf?t=xoxe-4242367291-28095460608-28095460624-739c22ae7e",
            "url_private_download": "https:\/\/files.slack.com\/files-pri\/T0474AT8K-F090WE602\/download\/synereo_music.pdf?t=xoxe-4242367291-28095460608-28095460624-739c22ae7e",
            "permalink": "https:\/\/synereonet.slack.com\/files\/dor\/F090WE602\/synereo_music.pdf",
            "permalink_public": "https:\/\/slack-files.com\/T0474AT8K-F090WE602-52d3e8604b",
            "channels": [
                "C0474AT8X"
            ],
            "groups": [
    
            ],
            "ims": [
    
            ],
            "comments_count": 0
        },
        "user": "U0474E4KZ",
        "upload": true,
        "display_as_bot": false,
        "username": "<@U0474E4KZ|dor>",
        "bot_id": null,
        "ts": "1439403090.000024"
    },
    {
        "type": "message",
        "user": "U0474E4KZ",
        "text": "Check out our offer to artists and musicians, now going out to everyone we can find and interest in this.",
        "ts": "1439403119.000025"
    },
    {
        "type": "message",
        "user": "U0474E4KZ",
        "text": "If you know anyone who would be interested in distributing their music through a completely distributed network where they have full control and absolute privacy, please send it their way!",
        "ts": "1439403215.000026"
    },
    {
        "type": "message",
        "user": "U0474E4KZ",
        "text": "<https:\/\/littlemonsters.com\/>",
        "attachments": [
            {
                "service_name": "Backplane",
                "title": "Lady Gaga's LittleMonsters",
                "title_link": "https:\/\/littlemonsters.com\/",
                "text": "Share your passion and creativity in a community full of art, acceptance, monsters, and Gaga",
                "fallback": "Backplane: Lady Gaga's LittleMonsters",
                "image_url": "https:\/\/d2g892zuoe3k49.cloudfront.net\/at\/55bfbcf951cadddb488b45aa.png",
                "from_url": "https:\/\/littlemonsters.com\/",
                "image_width": 583,
                "image_height": 250,
                "image_bytes": 1446115,
                "id": 1
            }
        ],
        "ts": "1439403577.000027"
    },
    {
        "type": "message",
        "user": "U0474E4KZ",
        "text": "<http:\/\/www.amazon.com\/The-Joy-Living-Unlocking-Happiness\/dp\/0307347311>",
        "attachments": [
            {
                "text": "<http:\/\/Amazon.com|Amazon.com>: The Joy of Living: Unlocking the Secret and Science of Happiness (9780307347312): Yongey Mingyur Rinpoche, Eric Swanson, Daniel Goleman: Books",
                "fallback": "<http:\/\/Amazon.com|Amazon.com>: The Joy of Living: Unlocking the Secret and Science of Happiness (9780307347312): Yongey Mingyur Rinpoche, Eric Swanson, Daniel Goleman: Books",
                "from_url": "http:\/\/www.amazon.com\/The-Joy-Living-Unlocking-Happiness\/dp\/0307347311",
                "id": 1
            }
        ],
        "ts": "1439405773.000029"
    },
    {
        "type": "message",
        "user": "U0474E4KZ",
        "text": "<@U04GDL62L>, there's also this one which I finished lately and is quite nice:",
        "edited": {
            "user": "U0474E4KZ",
            "ts": "1439406360.000000"
        },
        "ts": "1439405804.000031"
    },
    {
        "type": "message",
        "user": "U0474E4KZ",
        "text": "<http:\/\/www.amazon.com\/Buddhas-Brain-Practical-Neuroscience-Happiness\/dp\/1491518669>",
        "ts": "1439405814.000032"
    },
    {
        "type": "message",
        "user": "U04GDL62L",
        "text": "Thanks dor, I'm in the middle of \"Altruism\" by Matthieu Ricard. He is a PhD Biologist and (Tibetan) Buddhist monk. The book relates to Synereo because it deeply analyzes the benefits and biological roots of COOPERATION vs selfishness. He is quite active in exploring related subjects in neuroscience and economics as well.",
        "ts": "1439409807.000034"
    },
    {
        "type": "message",
        "user": "U04GDL62L",
        "text": "As we create communities with Amps, Rheos, and Greg's 'biosimilarity' it will be interesting to see how the paradox of altruism plays out. <https:\/\/evolution-institute.org>",
        "edited": {
            "user": "U04GDL62L",
            "ts": "1439413752.000000"
        },
        "ts": "1439412125.000035"
    }
]