[
    {
        "user": "U04HSJJMT",
        "type": "message",
        "subtype": "channel_join",
        "text": "<@U04HSJJMT|ideasof> has joined the channel",
        "ts": "1429860597.000742"
    },
    {
        "user": "U04HUA7JV",
        "type": "message",
        "subtype": "channel_join",
        "text": "<@U04HUA7JV|ish> has joined the channel",
        "ts": "1429869469.000743"
    },
    {
        "type": "message",
        "user": "U04H1N9GN",
        "text": "yeah i was a crowdsale contributor. i was talking with greg on the hangout and he was about to give me instructions but then the hangout got cancelled",
        "ts": "1429874999.000744"
    },
    {
        "user": "U04HARHUA",
        "type": "message",
        "subtype": "channel_join",
        "text": "<@U04HARHUA|koqoo> has joined the channel",
        "ts": "1429888717.000745"
    },
    {
        "user": "U04HZT7C7",
        "type": "message",
        "subtype": "channel_join",
        "text": "<@U04HZT7C7|nanank> has joined the channel",
        "ts": "1429893252.000746"
    },
    {
        "type": "message",
        "user": "U04H0VBF8",
        "text": "Excited to try that beta. ",
        "ts": "1429912469.000747"
    },
    {
        "type": "message",
        "user": "U0490TUQM",
        "text": "Hello. I had some thoughts I wanted to share spoke with @Elokane about using a btc sidechain  in tandem with your AMP blockchain to create a behavioral modification in-app system.",
        "ts": "1429912732.000748"
    },
    {
        "type": "message",
        "user": "U0490TUQM",
        "text": "Is this an appropriate forum to talk about general\/esoteric principle as to why this would work -w\/o marketing a solution...",
        "ts": "1429912775.000749"
    },
    {
        "type": "message",
        "user": "U048X85UT",
        "text": "<@U0490TUQM>:  i would not branch bitcoin and have your own miners.  consider eris <https:\/\/erisindustries.com\/> instread which supports per app block chains. And <http:\/\/tendermint.com\/> is being integrated with eris for efficient federated  concensus.  That is the present approach of <#C04BLQ4CX> which is evolving daily.   Synereo  would use eris services for our application.  Each is a DApp framework but they should work together fine.",
        "attachments": [
            {
                "title": "Eris Industries, Ltd.",
                "title_link": "https:\/\/erisindustries.com\/",
                "text": "We empower developers to embrace participatory software architecture via distributed computing and smart contract systems.",
                "fallback": "Eris Industries, Ltd.",
                "thumb_url": "https:\/\/erisindustries.com\/assets\/images\/logos\/ei-logo-sharing-square.png",
                "from_url": "https:\/\/erisindustries.com\/",
                "thumb_width": 400,
                "thumb_height": 400,
                "id": 1
            }
        ],
        "ts": "1429913730.000750"
    },
    {
        "type": "message",
        "user": "U048X85UT",
        "text": "We had planed to use Etherium and Stellar but eris has what we need and interoperates to some extent with etherium.",
        "ts": "1429913895.000752"
    },
    {
        "user": "U04J6G1D3",
        "type": "message",
        "subtype": "channel_join",
        "text": "<@U04J6G1D3|stonersanta> has joined the channel",
        "ts": "1429923494.000753"
    },
    {
        "type": "message",
        "user": "U04H1N9GN",
        "text": "#jimscarver eris makes each app implement their own blockchain. this is an insane idea and i dont get why they included that in their framework. its unnecessary, bootstrapping a blockchain is really hard",
        "ts": "1429927058.000754"
    },
    {
        "type": "message",
        "user": "U048X85UT",
        "text": "It is trivial to start a blockchain in eris and it will be replicated by the network.  In <#C04BLQ4CX> no particular blockchain is trusted, 2 out of 3 blockchains must agree, individuals and groups are free to trust only their own blockchain.",
        "ts": "1429936746.000755"
    },
    {
        "type": "message",
        "user": "U048X85UT",
        "text": "eris is also integrating <http:\/\/tendermint.com\/>",
        "ts": "1429936785.000756"
    },
    {
        "type": "message",
        "user": "U048X85UT",
        "text": "and it has support for bitcoin and etherium.",
        "ts": "1429936830.000757"
    },
    {
        "type": "message",
        "user": "U048X85UT",
        "text": "blockchains",
        "ts": "1429936835.000758"
    },
    {
        "type": "message",
        "user": "U0490TUQM",
        "text": "<@U048X85UT>: thank you.  It seems to be a good conceptual overview of implementing a round robin algorithm. I'm remiss since I see how blockchains could be implemented in using byzantine model with pJ messages or votes from the users but sinc eris is supporting <#C04BLQ4CX> then blockchains.",
        "ts": "1429937631.000759"
    },
    {
        "type": "message",
        "user": "U048X85UT",
        "text": "What you need may be <http:\/\/www.supernet.org\/>",
        "ts": "1429937809.000760"
    },
    {
        "type": "message",
        "user": "U04BMCE7Q",
        "text": "Hi Jim",
        "ts": "1429937857.000761"
    },
    {
        "type": "message",
        "user": "U04BMCE7Q",
        "text": "check this out <https:\/\/www.goabra.com\/>",
        "ts": "1429937964.000762"
    },
    {
        "type": "message",
        "user": "U04BMCE7Q",
        "text": "u busy?",
        "ts": "1429938046.000763"
    },
    {
        "type": "message",
        "user": "U048X85UT",
        "text": "<@U0490TUQM>:   A present <#C04BLQ4CX> plans to use eris, it is  perfect for us.   It sounded like to wanted a blockchain for data storage which is east in eris",
        "ts": "1429938117.000764"
    },
    {
        "type": "message",
        "user": "U04BMCE7Q",
        "text": "<https:\/\/i.imgur.com\/6YpM3dI.jpg>",
        "attachments": [
            {
                "from_url": "https:\/\/i.imgur.com\/6YpM3dI.jpg",
                "fallback": "665x665px image",
                "image_url": "https:\/\/i.imgur.com\/6YpM3dI.jpg",
                "image_width": 665,
                "image_height": 665,
                "image_bytes": 61153,
                "id": 1
            }
        ],
        "ts": "1429938219.000765"
    },
    {
        "type": "message",
        "user": "U048X85UT",
        "text": "<@U04BMCE7Q>: very cool.  i got some time.",
        "ts": "1429938252.000767"
    },
    {
        "type": "message",
        "user": "U048X85UT",
        "text": "goabra is nifty :stuck_out_tongue:",
        "ts": "1429938358.000768"
    },
    {
        "type": "message",
        "user": "U04BMCE7Q",
        "text": "yes",
        "ts": "1429938389.000769"
    },
    {
        "type": "message",
        "user": "U04BMCE7Q",
        "text": "if u have other projects link",
        "ts": "1429938420.000770"
    },
    {
        "type": "message",
        "user": "U04BMCE7Q",
        "text": "please share",
        "ts": "1429938424.000771"
    },
    {
        "type": "message",
        "user": "U048X85UT",
        "text": "<https:\/\/twitter.com\/jimscarver>",
        "attachments": [
            {
                "text": "The latest Tweets from jimscarver (@jimscarver). Knight of the Truth table. New Jersey",
                "fallback": "The latest Tweets from jimscarver (@jimscarver). Knight of the Truth table. New Jersey",
                "from_url": "https:\/\/twitter.com\/jimscarver",
                "id": 1
            }
        ],
        "ts": "1429938551.000772"
    },
    {
        "type": "message",
        "user": "U048X85UT",
        "text": "what are you looking for?",
        "ts": "1429938630.000774"
    },
    {
        "type": "message",
        "user": "U048X85UT",
        "text": "I am sure ther is a DApp for that :stuck_out_tongue:",
        "ts": "1429938657.000775"
    },
    {
        "type": "message",
        "user": "U048X85UT",
        "text": "just too many to remember",
        "ts": "1429938680.000776"
    },
    {
        "type": "message",
        "user": "U0490TUQM",
        "text": "This is great. I want to know how I can further use a DApp for integrations of thelonius, and ethereum",
        "ts": "1429942490.000777"
    },
    {
        "type": "message",
        "user": "U0490TUQM",
        "text": "Sorry I got distracted in learning about EPM and Legal markdown. Though I am not sure what the appropriate documentation would be for a smart contract dual integration",
        "ts": "1429942536.000778"
    },
    {
        "type": "message",
        "user": "U0490TUQM",
        "text": "I think now I want to see if I can test proof of concept, but this will require some more effort as I go through code and _work_ this out more",
        "ts": "1429942630.000779"
    },
    {
        "type": "message",
        "user": "U0490TUQM",
        "text": "...and tendermint...",
        "ts": "1429942772.000780"
    }
]