[
    {
        "type": "message",
        "user": "U0474E4KZ",
        "text": "<http:\/\/mashable.com\/2015\/06\/25\/ello-facebook-ads>",
        "attachments": [
            {
                "service_name": "Mashable",
                "title": "Ello mocks Facebook by being creepy",
                "title_link": "http:\/\/mashable.com\/2015\/06\/25\/ello-facebook-ads",
                "text": "Sample tagline: \u201cThey told us you\u2019re single in NYC.\u201d",
                "fallback": "Mashable: Ello mocks Facebook by being creepy",
                "image_url": "http:\/\/rack.3.mshcdn.com\/media\/ZgkyMDE1LzA2LzI1L2ZkL0VsbG8uQWRzLlAuODZkOGMuanBnCnAJdGh1bWIJMTIwMHg2MjcjCmUJanBn\/c5c604e8\/805\/Ello.Ads_.Press_.Release_ads.suck_.jpg",
                "image_width": 478,
                "image_height": 250,
                "from_url": "http:\/\/mashable.com\/2015\/06\/25\/ello-facebook-ads",
                "image_bytes": 127143,
                "id": 1
            }
        ],
        "ts": "1435409949.000178"
    },
    {
        "type": "message",
        "user": "U0474E4KZ",
        "text": "\"With tongue-in-cheek taglines like \u201cThey told us you\u2019re single in NYC\u201d and \u201cWe paid for you to see this ad,\u201d Ello's first-ever advertising campaign intends to use the personal data that Facebook supplies to its advertisers to make Facebookers well aware of how much the social network knows about their lives.\"",
        "ts": "1435410122.000180"
    }
]