[
    {
        "type": "message",
        "user": "U06MNSRTK",
        "text": "<http:\/\/referral.getgems.org\/l\/5pRvZx-_Kz>",
        "attachments": [
            {
                "title": "GetGems Messenger",
                "title_link": "http:\/\/referral.getgems.org\/l\/5pRvZx-_Kz",
                "text": "I'm done giving my attention and data away for free! GetGems shares income with active users, and chat is completely encrypted",
                "fallback": "GetGems Messenger",
                "from_url": "http:\/\/referral.getgems.org\/l\/5pRvZx-_Kz",
                "thumb_url": "https:\/\/cdn.branch.io\/branch-assets\/1430135918759-og_image.png",
                "thumb_width": 152,
                "thumb_height": 152,
                "id": 1
            }
        ],
        "ts": "1435827133.000206"
    },
    {
        "type": "message",
        "user": "U06MNSRTK",
        "text": "GetGems app ! :)",
        "ts": "1435827140.000208"
    },
    {
        "user": "U074CC8RH",
        "type": "message",
        "subtype": "channel_join",
        "text": "<@U074CC8RH|security> has joined the channel",
        "ts": "1435837742.000209"
    },
    {
        "type": "message",
        "user": "U0474AT8P",
        "text": "<@U048T3M8W>: all of the hangouts will be on every Wednesday at 7PM UTC, if you go to the event page you will see the start time, if you RSVP you will get notified via G+.",
        "ts": "1435845519.000210"
    },
    {
        "type": "message",
        "user": "U048T3M8W",
        "text": "A nice video about: fake likes and engagement on FB. <https:\/\/www.youtube.com\/watch?v=_Z6U6TegYQs>",
        "attachments": [
            {
                "service_name": "YouTube",
                "service_url": "http:\/\/www.youtube.com\/",
                "title": "Veritasium! Facebook Fraud",
                "title_link": "https:\/\/www.youtube.com\/watch?v=_Z6U6TegYQs",
                "author_name": "Veritasium FAN",
                "author_link": "http:\/\/www.youtube.com\/channel\/UCmkdI_vPaGc9ePO8Cv8xHXg",
                "thumb_url": "https:\/\/i.ytimg.com\/vi\/_Z6U6TegYQs\/hqdefault.jpg",
                "thumb_width": 480,
                "thumb_height": 360,
                "fallback": "YouTube Video: Veritasium! Facebook Fraud",
                "video_html": "<iframe width=\"400\" height=\"225\" src=\"https:\/\/www.youtube.com\/embed\/_Z6U6TegYQs?feature=oembed\" frameborder=\"0\" allowfullscreen><\/iframe>",
                "video_html_width": 400,
                "video_html_height": 225,
                "from_url": "https:\/\/www.youtube.com\/watch?v=_Z6U6TegYQs",
                "id": 1
            }
        ],
        "ts": "1435872244.000211"
    },
    {
        "type": "message",
        "user": "U049CMBV9",
        "text": "<@U048T3M8W> 8 PM CET the hague time ",
        "ts": "1435873375.000213"
    },
    {
        "type": "message",
        "user": "U048T3M8W",
        "text": "Thx",
        "ts": "1435873488.000214"
    },
    {
        "type": "message",
        "user": "U0474AT8P",
        "text": "Here is next one",
        "ts": "1435873644.000215"
    },
    {
        "type": "message",
        "user": "U0474AT8P",
        "text": "<https:\/\/plus.google.com\/u\/0\/b\/109002904706315055045\/events\/csqs1nhocr94lbo2h7n9ob0o71s>",
        "attachments": [
            {
                "service_name": "Google+",
                "title": "Synereo Community Hangout - Google+",
                "title_link": "https:\/\/plus.google.com\/u\/0\/b\/109002904706315055045\/events\/csqs1nhocr94lbo2h7n9ob0o71s",
                "text": "Join the Synereo Team each Wednesday for the latest news and updates, discussion related to the project and its progress, development, social contracts, bounties, app ideas, and a lot more.",
                "fallback": "Google+: Synereo Community Hangout - Google+",
                "image_url": "https:\/\/lh3.googleusercontent.com\/-VpNEmW0xUhI\/VZVBL1NZYoI\/AAAAAAAAAAA\/CLFnzbr_040\/w940-h280-n\/event_theme.jpg",
                "from_url": "https:\/\/plus.google.com\/u\/0\/b\/109002904706315055045\/events\/csqs1nhocr94lbo2h7n9ob0o71s",
                "image_width": 839,
                "image_height": 250,
                "image_bytes": 32551,
                "id": 1
            }
        ],
        "ts": "1435873646.000216"
    }
]