[
    {
        "type": "message",
        "user": "U048X85UT",
        "text": ":simple_smile:",
        "ts": "1431932415.000188"
    },
    {
        "type": "message",
        "user": "U048X85UT",
        "text": "And if there is a discrepancy the logest chain wins.",
        "ts": "1431932565.000190"
    },
    {
        "type": "message",
        "user": "U0474AYFT",
        "text": "Correct!",
        "ts": "1431932573.000191"
    },
    {
        "type": "message",
        "user": "U0474AYFT",
        "text": "Now we are referring to the same things with the same words.",
        "ts": "1431932594.000192"
    },
    {
        "type": "message",
        "user": "U0474AYFT",
        "text": "Yay!",
        "ts": "1431932596.000193"
    },
    {
        "type": "message",
        "user": "U048X85UT",
        "text": "I like it!",
        "ts": "1431932638.000194"
    },
    {
        "type": "message",
        "user": "U0474AYFT",
        "text": "Now, consider a chain C1 = B11 :: B12 :: ... :: Nil",
        "ts": "1431932704.000195"
    },
    {
        "type": "message",
        "user": "U0474AYFT",
        "text": "And a chain C2 = B21 :: B22 :: ... :: Nil",
        "ts": "1431932734.000196"
    },
    {
        "type": "message",
        "user": "U048X85UT",
        "text": "I seems to be the formalization of what I planned for freetrust with the exception I added a step or two on consensus also.",
        "ts": "1431932742.000197"
    },
    {
        "type": "message",
        "user": "U0474AYFT",
        "text": "For purposes of discussion, let's assume length( C1 ) == length ( C2 )",
        "ts": "1431932773.000198"
    },
    {
        "type": "message",
        "user": "U048X85UT",
        "text": "federated byzantine agreement.",
        "ts": "1431932800.000199"
    },
    {
        "type": "message",
        "user": "U0474AYFT",
        "text": "Now, define C1 * C2 = ( B11 * B21 ) :: ( B12 * B22 ) :: ... :: Nil",
        "ts": "1431932832.000200"
    },
    {
        "type": "message",
        "user": "U048X85UT",
        "text": "with maximum relative entropy.",
        "ts": "1431932833.000201"
    },
    {
        "type": "message",
        "user": "U0474AYFT",
        "text": "And B * B' is a kind of disjoint union.",
        "ts": "1431932919.000202"
    },
    {
        "type": "message",
        "user": "U048X85UT",
        "text": "it's 2am for me, you lost me again :stuck_out_tongue:",
        "ts": "1431932943.000203"
    },
    {
        "type": "message",
        "user": "U0474AYFT",
        "text": "No worries, we can pick it up later.",
        "ts": "1431932963.000204"
    },
    {
        "type": "message",
        "user": "U0474AYFT",
        "text": "The main point is that you can organize the chains in terms of isolated regions.",
        "ts": "1431933004.000205"
    },
    {
        "type": "message",
        "user": "U0474AYFT",
        "text": "C1 * C2 isolates C1 from C2.",
        "ts": "1431933040.000206"
    },
    {
        "type": "message",
        "user": "U048X85UT",
        "text": "goodnight!  Thanks for explaining, except for one misconception you had it perfect! outside of my league for sure.  You constantly amaze me.  Thanks and goodnight.",
        "ts": "1431933052.000207"
    },
    {
        "type": "message",
        "user": "U0474AYFT",
        "text": "Gn!",
        "ts": "1431933075.000208"
    },
    {
        "type": "message",
        "user": "U048X85UT",
        "text": "I am anxiously awaiting part 5.",
        "ts": "1431933295.000209"
    },
    {
        "type": "message",
        "user": "U048X85UT",
        "text": "i meant looking forward to part 5 pdf on social contracts :simple_smile:",
        "ts": "1431933430.000210"
    }
]