[
    {
        "user": "U0484CRNY",
        "type": "message",
        "subtype": "channel_join",
        "text": "<@U0484CRNY|stani.meredith> has joined the channel",
        "ts": "1427992318.000012"
    },
    {
        "type": "message",
        "user": "U0474AT8P",
        "text": "welcome <@U0484CRNY>",
        "ts": "1427992441.000013"
    },
    {
        "type": "message",
        "user": "U0474E4KZ",
        "text": "hey. :simple_smile:",
        "ts": "1427993056.000014"
    },
    {
        "type": "message",
        "user": "U0474AT8P",
        "text": "newbie",
        "ts": "1427993320.000023"
    },
    {
        "type": "message",
        "user": "USLACKBOT",
        "text": "Looks like we have a new user. 1) Change your username to your first name, or your nickname. 2) Put up a custom profile picture. 3) Introduce yourself and tell us what you hope to do at Synereo. 4) If you are not active you will be removed. 5) Have fun!",
        "ts": "1427993320.000024"
    },
    {
        "user": "U04855LTQ",
        "type": "message",
        "subtype": "channel_join",
        "text": "<@U04855LTQ|mattblack> has joined the channel",
        "ts": "1427995646.000035"
    },
    {
        "type": "message",
        "user": "U0474AT8P",
        "text": "welcome <@U04855LTQ>",
        "ts": "1428004094.000036"
    },
    {
        "user": "U048X85UT",
        "type": "message",
        "subtype": "channel_join",
        "text": "<@U048X85UT|jimscarver> has joined the channel",
        "ts": "1428005228.000037"
    },
    {
        "type": "message",
        "user": "U0474AT8P",
        "text": "welcome <@U048X85UT>",
        "ts": "1428005364.000038"
    },
    {
        "type": "message",
        "user": "U048X85UT",
        "text": "thanks @nlc",
        "ts": "1428005432.000039"
    },
    {
        "type": "message",
        "user": "U048X85UT",
        "text": "thanks nic I mean :stuck_out_tongue:",
        "ts": "1428005461.000040"
    },
    {
        "type": "message",
        "user": "U0474AT8P",
        "text": "newbie message for you",
        "ts": "1428005485.000041"
    },
    {
        "type": "message",
        "user": "USLACKBOT",
        "text": "Looks like we have a new user. 1) Change your username to your first name, or your nickname. 2) Put up a custom profile picture. 3) Introduce yourself and tell us what you hope to do at Synereo. 4) If you are not active you will be removed. 5) Have fun!",
        "ts": "1428005485.000042"
    },
    {
        "type": "message",
        "user": "U0474AT8P",
        "text": "Don't take it too seriously :wink:",
        "ts": "1428005500.000043"
    },
    {
        "user": "U048XN527",
        "type": "message",
        "subtype": "channel_join",
        "text": "<@U048XN527|adamhackbarth> has joined the channel",
        "ts": "1428007414.000044"
    },
    {
        "type": "message",
        "user": "U048XN527",
        "text": "Howdy.",
        "ts": "1428007578.000045"
    },
    {
        "type": "message",
        "user": "U0474E4KZ",
        "text": "shalom",
        "ts": "1428007589.000046"
    },
    {
        "type": "message",
        "user": "U048X85UT",
        "text": "I am glad to be here.  I got tied up.  I'll be back.... got to run.",
        "ts": "1428007703.000047"
    },
    {
        "type": "message",
        "user": "U0474AT8P",
        "text": "No worries, there will be more people joining and if any of your friends\/colleagues are interested in Synereo please feel free to share the link, it's open to everyone:\n\n<http:\/\/slack.synereo.com>",
        "ts": "1428008186.000048"
    },
    {
        "user": "U048Y3XFP",
        "type": "message",
        "subtype": "channel_join",
        "text": "<@U048Y3XFP|ronnie> has joined the channel",
        "ts": "1428009157.000049"
    },
    {
        "type": "message",
        "user": "U048Y3XFP",
        "text": "Thank you for the invitation.",
        "ts": "1428009201.000050"
    },
    {
        "type": "message",
        "user": "U0474AT8P",
        "text": "you are welcome <@U048Y3XFP>",
        "ts": "1428009891.000051"
    },
    {
        "user": "U0488FH92",
        "type": "message",
        "subtype": "channel_join",
        "text": "<@U0488FH92|sandstone> has joined the channel",
        "ts": "1428010586.000052"
    },
    {
        "type": "message",
        "user": "U0474AT8P",
        "text": "hello <@U0488FH92>",
        "ts": "1428010800.000053"
    },
    {
        "user": "U048YLN1Z",
        "type": "message",
        "subtype": "channel_join",
        "text": "<@U048YLN1Z|davidareallen> has joined the channel",
        "ts": "1428012029.000054"
    },
    {
        "type": "message",
        "user": "U0474AT8P",
        "text": "Hello <@U048YLN1Z> nice to see you again",
        "ts": "1428012354.000055"
    },
    {
        "user": "U0488T9P0",
        "type": "message",
        "subtype": "channel_join",
        "text": "<@U0488T9P0|eitank> has joined the channel",
        "ts": "1428012517.000056"
    },
    {
        "user": "U048YS98R",
        "type": "message",
        "subtype": "channel_join",
        "text": "<@U048YS98R|apenzl> has joined the channel",
        "ts": "1428013073.000057"
    },
    {
        "user": "U048YT1DH",
        "type": "message",
        "subtype": "channel_join",
        "text": "<@U048YT1DH|stuk> has joined the channel",
        "ts": "1428013189.000058"
    },
    {
        "type": "message",
        "user": "U048YT1DH",
        "text": "Hi! that's sounds promising :simple_smile:",
        "ts": "1428013597.000059"
    },
    {
        "type": "message",
        "user": "U048YLN1Z",
        "text": "Nice to connect again <@U0474AT8P> ",
        "ts": "1428014785.000060"
    },
    {
        "user": "U048ZC49X",
        "type": "message",
        "subtype": "channel_join",
        "text": "<@U048ZC49X|hewhocutsdown> has joined the channel",
        "ts": "1428016013.000061"
    },
    {
        "user": "U0489PT3G",
        "type": "message",
        "subtype": "channel_join",
        "text": "<@U0489PT3G|dannygroove> has joined the channel",
        "ts": "1428016508.000062"
    },
    {
        "user": "U048ZPANP",
        "type": "message",
        "subtype": "channel_join",
        "text": "<@U048ZPANP|markxmayer> has joined the channel",
        "ts": "1428018556.000063"
    },
    {
        "user": "U048ZPAV7",
        "type": "message",
        "subtype": "channel_join",
        "text": "<@U048ZPAV7|darkpill> has joined the channel",
        "ts": "1428018567.000064"
    },
    {
        "user": "U048AAG3E",
        "type": "message",
        "subtype": "channel_join",
        "text": "<@U048AAG3E|webpasco> has joined the channel",
        "ts": "1428019343.000065"
    },
    {
        "type": "message",
        "user": "U0474AT8P",
        "text": "welcome everyone, shows us your custom pix :wink:",
        "ts": "1428023650.000066"
    },
    {
        "type": "message",
        "user": "U0474AT8P",
        "text": "newbie message",
        "ts": "1428023662.000067"
    },
    {
        "type": "message",
        "user": "USLACKBOT",
        "text": "Looks like we have a new user. 1) Change your username to your first name, or your nickname. 2) Put up a custom profile picture. 3) Introduce yourself and tell us what you hope to do at Synereo. 4) If you are not active you will be removed. 5) Have fun!",
        "ts": "1428023662.000068"
    },
    {
        "user": "U0490TUQM",
        "type": "message",
        "subtype": "channel_join",
        "text": "<@U0490TUQM|dgomez> has joined the channel",
        "ts": "1428026173.000069"
    },
    {
        "type": "message",
        "user": "U0490TUQM",
        "text": "Hello, hope to actually keep learning about synereo",
        "ts": "1428026218.000070"
    },
    {
        "user": "U04910F4Z",
        "type": "message",
        "subtype": "channel_join",
        "text": "<@U04910F4Z|jsgalt> has joined the channel",
        "ts": "1428026544.000071"
    },
    {
        "type": "message",
        "user": "U04910F4Z",
        "text": "hey! so is there an alpha or beta I can play with?",
        "ts": "1428028018.000072"
    },
    {
        "type": "message",
        "user": "U04910F4Z",
        "text": "Can't wait to get on this and start trying to get people from facebook in here",
        "ts": "1428028032.000073"
    },
    {
        "type": "message",
        "user": "U0474AT8P",
        "text": "yay that's what I like to hear. We'll have a bounty where people will work closely with the team to develop an app, plugin, extension to Synereo. We are finalizing the details but we really want people to play with our code.",
        "ts": "1428029669.000074"
    },
    {
        "type": "message",
        "user": "U0474AT8P",
        "text": "Welcome both <@U0490TUQM> <@U04910F4Z>",
        "ts": "1428029701.000075"
    },
    {
        "type": "message",
        "user": "U0474AT8P",
        "text": "also on here we have the founders who are happy to answer any questions directly",
        "ts": "1428029846.000076"
    }
]