[
    {
        "type": "message",
        "user": "U049CMCCZ",
        "text": "thx <@U0474AYFT> - I missed that when watching the 1st video",
        "ts": "1430464491.000883"
    },
    {
        "type": "message",
        "user": "U049CMCCZ",
        "text": "aha that's another video - got all my questions answered thx :simple_smile:\nbtw - not because I am worried - purely because I'm like a little boy jumping up and down in expectation to see my new toy :simple_smile:",
        "edited": {
            "user": "U049CMCCZ",
            "ts": "1430465063.000000"
        },
        "ts": "1430464999.000884"
    },
    {
        "type": "message",
        "user": "U049CMCCZ",
        "text": "grats to <@U04BQ4FMC> as well :thumbsup:",
        "ts": "1430465121.000886"
    },
    {
        "type": "message",
        "user": "U04BMCE7Q",
        "text": ":man_with_turban:",
        "ts": "1430477147.000887"
    },
    {
        "type": "message",
        "user": "U0474AT8P",
        "text": "Hello <@U04L5FD9S> welcome! :wink:",
        "ts": "1430519193.000888"
    },
    {
        "type": "message",
        "user": "U048X85UT",
        "text": "It's nice to see you here <@U04L5FD9S> . join <#C04BLQ4CX>",
        "ts": "1430521524.000889"
    },
    {
        "user": "U04M6AUV5",
        "type": "message",
        "subtype": "channel_join",
        "text": "<@U04M6AUV5|rakesh1_90> has joined the channel",
        "ts": "1430528589.000890"
    }
]