[
    {
        "user": "U0A9FTLLV",
        "type": "message",
        "subtype": "channel_join",
        "text": "<@U0A9FTLLV|leafkicker> has joined the channel",
        "ts": "1441681092.000002"
    },
    {
        "type": "message",
        "user": "U0A9FTLLV",
        "text": "Is there a way to actually use this yet or where is this in development I just got onto this today",
        "ts": "1441681582.000003"
    },
    {
        "type": "message",
        "user": "U0474AT8P",
        "text": "There will be docker images to setup your own Synereo node soon",
        "ts": "1441682874.000004"
    }
]