[
    {
        "type": "message",
        "user": "U09KY5U65",
        "text": "I had a question about the last meet up tv show thing when you talks about proof of stake. My main concern with PoS is that coins have to be in online\/hot wallets. You have the risk of getting hacked.",
        "ts": "1442995008.000036"
    },
    {
        "type": "message",
        "user": "U0474AT8P",
        "text": "Community Hangout in half hour",
        "ts": "1443029158.000037"
    },
    {
        "type": "message",
        "user": "U0474AT8P",
        "text": "<https:\/\/plus.google.com\/u\/0\/b\/109002904706315055045\/events\/c8s8ua34b0siplius1u85ppl01c>",
        "attachments": [
            {
                "service_name": "Google+",
                "title": "Synereo Community Hangout - Google+",
                "title_link": "https:\/\/plus.google.com\/u\/0\/b\/109002904706315055045\/events\/c8s8ua34b0siplius1u85ppl01c",
                "text": "Join the Synereo Team each Wednesday for the latest news and updates, discussion related to the project and its progress, development, social contracts, bounties, app ideas, and a lot more.",
                "fallback": "Google+: Synereo Community Hangout - Google+",
                "image_url": "https:\/\/lh3.googleusercontent.com\/-v294RqC3bV4\/VgGAOuFrMkI\/AAAAAAAAAAA\/ggqLQouexVc\/w940-h280-n\/event_theme.jpg",
                "from_url": "https:\/\/plus.google.com\/u\/0\/b\/109002904706315055045\/events\/c8s8ua34b0siplius1u85ppl01c",
                "image_width": 839,
                "image_height": 250,
                "image_bytes": 32551,
                "id": 1
            }
        ],
        "ts": "1443029160.000038"
    },
    {
        "type": "message",
        "user": "U0474AYFT",
        "text": "Today's community hangout participants' link: <https:\/\/plus.google.com\/hangouts\/_\/hoaevent\/AP36tYcZBjITJAKUV_9O-wjU3TtaJVTC1zmIOOBfavS48CUYes0cNQ?eid=109002904706315055045&amp;hl=en&amp;ht=0&amp;authuser=0>",
        "ts": "1443030575.000040"
    },
    {
        "type": "message",
        "user": "U09KY5U65",
        "text": "The modified poke idea is good. I've thought of it before. It creates a simple interaction. People love the notifications. It's not going to bring in the users but it's a great feature to maintain active users.",
        "ts": "1443036945.000041"
    },
    {
        "type": "message",
        "user": "U09KY5U65",
        "text": "What's with this seeking capital from centralized investors? It better not be in a back room deal. The centralized investors can invest but they have to invest during a fair public sale open to anyone. Investment style is becoming a big issue.",
        "ts": "1443037426.000042"
    },
    {
        "type": "message",
        "user": "U09KY5U65",
        "text": "You can pay 3 BTC and get listed on Bittrex. You can then sell the premined coins at whatever price you want. You can get listed on Poloniex. You should have been on poloniex when ETH was hot.",
        "ts": "1443037946.000043"
    },
    {
        "type": "message",
        "user": "U09KY5U65",
        "text": "Synereo looks like a scam coin because it's not listed on any of the top exchanges.",
        "ts": "1443038090.000044"
    },
    {
        "type": "message",
        "user": "U09KY5U65",
        "text": "If you were listed on top exchanges you could set up sell walls at different levels so people could see the ability to buy large amounts of AMPs at once and know which level they are buying in at.",
        "ts": "1443038236.000045"
    },
    {
        "type": "message",
        "user": "U09KY5U65",
        "text": "Being on an exchange would create competition between investors. They will see the levels and act quicker. Centralized investors are interested. They just play like they aren't. It's a game.",
        "ts": "1443040007.000046"
    }
]