[
    {
        "type": "message",
        "user": "U0474E4KZ",
        "text": "Hey everyone,",
        "ts": "1449757818.000144"
    },
    {
        "type": "message",
        "user": "U0474E4KZ",
        "text": "I created a Google Doc folder where we can collaborate on all of the community-related documents. <!channel>",
        "edited": {
            "user": "U0474E4KZ",
            "ts": "1449758327.000000"
        },
        "ts": "1449757860.000145"
    },
    {
        "type": "message",
        "user": "U0474E4KZ",
        "text": "<https:\/\/drive.google.com\/folderview?id=0B2oJ08sgSZdaWTBVODh0eFhKTmM&amp;usp=sharing>",
        "ts": "1449757861.000146"
    },
    {
        "type": "message",
        "user": "U0474E4KZ",
        "text": "Everyone with the link can view it.",
        "ts": "1449757868.000147"
    },
    {
        "type": "message",
        "user": "U0474E4KZ",
        "text": "Send Jed or me your email and I'll give you edit permissions.",
        "ts": "1449757877.000148",
        "reactions": [
            {
                "name": "simple_smile",
                "users": [
                    "U04BQ4FMC"
                ],
                "count": 1
            }
        ]
    },
    {
        "type": "message",
        "user": "U0474E4KZ",
        "text": "In the future, when creating documents (like the Scribe's), created them in the folder directly.",
        "ts": "1449757914.000149"
    },
    {
        "type": "message",
        "user": "U0474E4KZ",
        "text": "It'll make it all easier for everyone to see and work on.",
        "ts": "1449757925.000150"
    },
    {
        "type": "message",
        "user": "U048T3M8W",
        "text": "<mailto:lapin7@gmail.com|lapin7@gmail.com> So that we can move 3 docs to this place. Or Jed can move them",
        "ts": "1449757945.000151"
    },
    {
        "type": "message",
        "user": "U048T3M8W",
        "text": "The link under the YouTube video in the comment has to be changed then as well",
        "ts": "1449757978.000152"
    },
    {
        "type": "message",
        "user": "U0474E4KZ",
        "text": "I moved everything already.",
        "ts": "1449758007.000153"
    },
    {
        "type": "message",
        "user": "U0474E4KZ",
        "text": "The link should persist.",
        "ts": "1449758018.000154"
    },
    {
        "type": "message",
        "user": "U048T3M8W",
        "text": "Great",
        "ts": "1449758248.000155"
    },
    {
        "type": "message",
        "user": "U0474E4KZ",
        "text": "Added you",
        "ts": "1449758316.000156"
    },
    {
        "type": "message",
        "user": "U04BQ4FMC",
        "text": "<@U0474E4KZ> - I would like to spearhead a community\/niche for OA science publishing.  Also can be a 'go to ' guy for G+, you can add me as a page manager there, and I can tweak a few things for better traction with their system.  Since the hangouts are the host tech, and youtube houses the videos, Google's platform should be on the 'Primary' list for channels, IMO.",
        "ts": "1449760569.000158"
    },
    {
        "type": "message",
        "user": "U0474E4KZ",
        "text": "OA?",
        "ts": "1449763361.000159"
    },
    {
        "type": "message",
        "user": "U0474E4KZ",
        "text": "I agree. It's only due to lack of resources that we don't have a proper G+ presence. If you want to be our man in G+, that would be highly appreciated.",
        "ts": "1449763395.000160"
    },
    {
        "type": "message",
        "user": "U0474E4KZ",
        "text": "I'll give you the privileges now. Coordinate with Jed when you post please!",
        "ts": "1449763424.000161"
    },
    {
        "type": "message",
        "user": "U04BQ4FMC",
        "text": "open access",
        "ts": "1449766092.000162",
        "reactions": [
            {
                "name": "+1",
                "users": [
                    "U0474E4KZ"
                ],
                "count": 1
            }
        ]
    },
    {
        "type": "message",
        "user": "U0474E4KZ",
        "text": "<https:\/\/twitter.com\/BandofLight\/status\/675056941601849344>",
        "attachments": [
            {
                "fallback": "<https:\/\/twitter.com\/BandofLight|@BandofLight>: Friends, I have been thriving on another social network...with almost 48,000 followers now, my reach is far... <http:\/\/fb.me\/7svSIIO8R>",
                "ts": 1449781091,
                "author_name": "Elijah Ray",
                "author_link": "https:\/\/twitter.com\/BandofLight\/status\/675056941601849344",
                "author_icon": "https:\/\/pbs.twimg.com\/profile_images\/586094721673469954\/lZfVkq5i_normal.jpg",
                "author_subname": "@BandofLight",
                "text": "Friends, I have been thriving on another social network...with almost 48,000 followers now, my reach is far... <http:\/\/fb.me\/7svSIIO8R>",
                "service_name": "twitter",
                "service_url": "https:\/\/twitter.com\/",
                "from_url": "https:\/\/twitter.com\/BandofLight\/status\/675056941601849344",
                "id": 1
            }
        ],
        "ts": "1449781474.000163"
    }
]