[
    {
        "type": "message",
        "user": "U048X85UT",
        "text": "In the hangout ink color was related to chakras and the I ching Houtian Bagua which I have been contemplating as a means of iconizing the many dimensions of trust for <#C04BLQ4CX>.  This is being investigated in <http:\/\/freetrust.slack.com|freetrust.slack.com>.  The issue is maintaining a consistant meaning of the colors of synereo ink and the trust icon.   Have there been any decisions made or direction is assigning meaning to the colors?  Where is the best place to discus this?",
        "ts": "1432389938.000002"
    },
    {
        "type": "message",
        "subtype": "file_share",
        "text": "<@U048X85UT|jimscarver> uploaded a file: <https:\/\/synereonet.slack.com\/files\/jimscarver\/F051ADRD5\/knowledge-iching-mandala.jpg|knowledge-iching-mandala.jpg> and commented: Houtian Bagua",
        "file": {
            "id": "F051ADRD5",
            "created": 1432389983,
            "timestamp": 1432389983,
            "name": "knowledge-iching-mandala.jpg",
            "title": "knowledge-iching-mandala.jpg",
            "mimetype": "image\/jpeg",
            "filetype": "jpg",
            "pretty_type": "JPEG",
            "user": "U048X85UT",
            "editable": false,
            "size": 213202,
            "mode": "hosted",
            "is_external": false,
            "external_type": "",
            "is_public": true,
            "public_url_shared": false,
            "display_as_bot": false,
            "username": "",
            "url_private": "https:\/\/files.slack.com\/files-pri\/T0474AT8K-F051ADRD5\/knowledge-iching-mandala.jpg?t=xoxe-4242367291-28095460608-28095460624-739c22ae7e",
            "url_private_download": "https:\/\/files.slack.com\/files-pri\/T0474AT8K-F051ADRD5\/download\/knowledge-iching-mandala.jpg?t=xoxe-4242367291-28095460608-28095460624-739c22ae7e",
            "thumb_64": "https:\/\/files.slack.com\/files-tmb\/T0474AT8K-F051ADRD5-b90f36ac48\/knowledge-iching-mandala_64.png?t=xoxe-4242367291-28095460608-28095460624-739c22ae7e",
            "thumb_80": "https:\/\/files.slack.com\/files-tmb\/T0474AT8K-F051ADRD5-b90f36ac48\/knowledge-iching-mandala_80.png?t=xoxe-4242367291-28095460608-28095460624-739c22ae7e",
            "thumb_360": "https:\/\/files.slack.com\/files-tmb\/T0474AT8K-F051ADRD5-b90f36ac48\/knowledge-iching-mandala_360.png?t=xoxe-4242367291-28095460608-28095460624-739c22ae7e",
            "thumb_360_w": 360,
            "thumb_360_h": 356,
            "thumb_480": "https:\/\/files.slack.com\/files-tmb\/T0474AT8K-F051ADRD5-b90f36ac48\/knowledge-iching-mandala_480.png?t=xoxe-4242367291-28095460608-28095460624-739c22ae7e",
            "thumb_480_w": 480,
            "thumb_480_h": 474,
            "thumb_160": "https:\/\/files.slack.com\/files-tmb\/T0474AT8K-F051ADRD5-b90f36ac48\/knowledge-iching-mandala_160.png?t=xoxe-4242367291-28095460608-28095460624-739c22ae7e",
            "image_exif_rotation": 1,
            "original_w": 601,
            "original_h": 594,
            "permalink": "https:\/\/synereonet.slack.com\/files\/jimscarver\/F051ADRD5\/knowledge-iching-mandala.jpg",
            "permalink_public": "https:\/\/slack-files.com\/T0474AT8K-F051ADRD5-109acc011b",
            "channels": [
                "C0474AT8X"
            ],
            "groups": [
    
            ],
            "ims": [
    
            ],
            "comments_count": 1,
            "initial_comment": {
                "id": "Fc051ADSFF",
                "created": 1432389988,
                "timestamp": 1432389988,
                "user": "U048X85UT",
                "comment": "Houtian Bagua"
            }
        },
        "user": "U048X85UT",
        "upload": true,
        "display_as_bot": false,
        "username": "<@U048X85UT|jimscarver>",
        "bot_id": null,
        "ts": "1432389988.000003"
    },
    {
        "type": "message",
        "user": "U048X85UT",
        "text": "Point solutions to enabling trust and privacy will be ineffective because any trust factors not included will negate trustworthiness of the system.  While participants in FreeTrust may be rightly focused on a single aspect of trust it ought maintain consistency with the holistic vision of FreeTrust.",
        "ts": "1432398391.000004"
    },
    {
        "type": "message",
        "user": "U048X85UT",
        "text": "Enabling free trust for everyone is an oxymoron in that trust is expectations of others and freedom is independence from the expectation of others.  On its on its face unsolvable but FreeTrust aims to be a methodology to approach the ideal.",
        "ts": "1432398482.000005"
    },
    {
        "user": "U050QES9A",
        "type": "message",
        "subtype": "channel_join",
        "text": "<@U050QES9A|antisocialmedia> has joined the channel",
        "ts": "1432406097.000006"
    }
]