[
    {
        "user": "U0474AT8P",
        "type": "message",
        "subtype": "channel_join",
        "text": "<@U0474AT8P|nic> has joined the channel",
        "ts": "1427667700.000000"
    },
    {
        "user": "U0474AYFT",
        "type": "message",
        "subtype": "channel_join",
        "text": "<@U0474AYFT|leithaus> has joined the channel",
        "ts": "1427667774.000002"
    },
    {
        "type": "message",
        "user": "U0474AT8P",
        "text": "<@U0474AYFT>: I have renamed all dev channels so they have dev in front, and they'll be grouped one after the other.",
        "edited": {
            "user": "U0474AT8P",
            "ts": "1427668816.000000"
        },
        "ts": "1427668803.000003"
    },
    {
        "type": "message",
        "user": "U0474AT8P",
        "text": "If you don't like it feel free to rename.",
        "ts": "1427668833.000005"
    },
    {
        "user": "U0474E4KZ",
        "type": "message",
        "subtype": "channel_join",
        "text": "<@U0474E4KZ|dor> has joined the channel",
        "ts": "1427668977.000006"
    },
    {
        "user": "U046F1278",
        "type": "message",
        "subtype": "channel_join",
        "text": "<@U046F1278|yuvadm> has joined the channel",
        "ts": "1427669951.000007"
    },
    {
        "type": "message",
        "user": "U0474AT8P",
        "text": "Welcome to our SynereoNet Slack guys :wink:",
        "ts": "1427670132.000008"
    },
    {
        "user": "U0476R097",
        "type": "message",
        "subtype": "channel_join",
        "text": "<@U0476R097|andersonmccutcheon> has joined the channel",
        "ts": "1427690544.000009"
    },
    {
        "type": "message",
        "user": "U0476R097",
        "text": "Hola team!",
        "ts": "1427690610.000010"
    }
]