[
    {
        "type": "message",
        "user": "U0474AT8P",
        "text": "The Ethereum Developer Conference \u00d0\u039eVCON1 will be hosted in London, UK on November 9-13.\nSpread over 5 days with 50+ talks and over 400 attendees (including Nick Szabo) it will be packed with discussions, technical talks, workshops, and related events. \n\nGreg Synereo\u2019s CSO will be one of the speakers at the event! :simple_smile:\n\n<http:\/\/bravenewcoin.com\/news\/vcon1-ethereum-developer-conference-is-fast-approaching\/>",
        "attachments": [
            {
                "text": "\u00d0\u039eVCON1 will be opening its doors on November 9th-13th, 2015, in London, UK. The event is set to be an ideal opportunity to learn about the latest developments in Blockchain Technology, Research and Core Protocols, Decentralized Applications (\u00d0Apps) Development, and a lot more.",
                "fallback": "\u00d0\u039eVCON1 will be opening its doors on November 9th-13th, 2015, in London, UK. The event is set to be an ideal opportunity to learn about the latest developments in Blockchain Technology, Research and Core Protocols, Decentralized Applications (\u00d0Apps) Development, and a lot more.",
                "image_url": "http:\/\/bravenewcoin.com\/assets\/Uploads\/_resampled\/CroppedImage400400-London-skyline.png",
                "from_url": "http:\/\/bravenewcoin.com\/news\/vcon1-ethereum-developer-conference-is-fast-approaching\/",
                "image_width": 250,
                "image_height": 250,
                "image_bytes": 294758,
                "id": 1
            }
        ],
        "ts": "1445845670.000033"
    },
    {
        "type": "message",
        "user": "U06MNSRTK",
        "text": "<http:\/\/r.getgems.org\/m\/nNTBl3bkYn>",
        "attachments": [
            {
                "title": "GetGems Messenger",
                "title_link": "http:\/\/r.getgems.org\/m\/nNTBl3bkYn",
                "text": "I'm done giving my attention and data away for free! GetGems shares income with active users, and chat is completely encrypted",
                "fallback": "GetGems Messenger",
                "image_url": "https:\/\/cdn.branch.io\/branch-assets\/1436286729036-og_image.png",
                "from_url": "http:\/\/r.getgems.org\/m\/nNTBl3bkYn",
                "image_width": 250,
                "image_height": 250,
                "image_bytes": 47227,
                "id": 1
            }
        ],
        "ts": "1445847367.000035"
    },
    {
        "type": "message",
        "user": "U06MNSRTK",
        "text": "<@U0474AT8P>  go go Synereo :smile: ",
        "ts": "1445847410.000037"
    }
]