[
    {
        "type": "message",
        "user": "U0474AT8P",
        "text": "Agreed, not that we didn't know but nice they admit it :wink:",
        "ts": "1432223768.000222"
    },
    {
        "type": "message",
        "user": "U04BQ4FMC",
        "text": "They (apparently) only have admitted to \"monitoring\".  What they didn't directly say is that they are seeking software to IMPROVE upon their already sophisticated (compared to Bot factories in the Philippines, for example) creation of fake personae that enable social manipulation via networks of Astroturfers, which are also joined by their Corporate cohorts &amp; masters.",
        "ts": "1432234200.000223"
    },
    {
        "type": "message",
        "user": "U04BQ4FMC",
        "text": "REO, Trust, and Unique authentication (even of anonymous users) are critical to bring into effect.",
        "ts": "1432234324.000224"
    },
    {
        "type": "message",
        "user": "U048T3M8W",
        "text": "The last Hangout was very interesting. A few questions were raised. Does Synereo need to provide all kind of payment systems next to AMP's. For example can you pay directly with bitcoin to amplify your message and that Synereo converts it to AMP through an exchange? I think it is nice to have but not essential. It would be better to start as soon as possible and add features along the way. The first users will be clever enough to get some AMP's on an outside exchange and then use those to amplify their messages.",
        "ts": "1432240644.000225"
    },
    {
        "type": "message",
        "user": "U048T3M8W",
        "text": "Next was the addition of INK to colour messages. This is an interesting concept. Red, Green, Orange and Blue have probably a universal meaning, because of it's use in traffic lights and police cars. But what does it mean for other colours or mixed colours. The example was that somebody colors a message in Red and someone else add some white, so it becomes pink. Would another one read a message in Pink? Would it mean the same to her as the changer had meant it to be. It's interesting and it deserves a quick try out. Maybe somebody could create a web-page, where we could add a statement of max. 50 words and where we can then add a colour to it. It would be nice to see if we see different colours on these statements or that they all convert to the same comparable colour.",
        "ts": "1432241266.000226"
    },
    {
        "type": "message",
        "user": "U048T3M8W",
        "text": "And we had a great demo of how flows of messages could work. <http:\/\/www.splicious.net:5714\/index.html#\/wirings\/new>",
        "attachments": [
            {
                "text": "An Example of Synereo Stream Mixer",
                "fallback": "An Example of Synereo Stream Mixer",
                "from_url": "http:\/\/www.splicious.net:5714\/index.html#\/wirings\/new",
                "id": 1
            }
        ],
        "ts": "1432241448.000227"
    },
    {
        "type": "message",
        "user": "U0474AT8P",
        "text": "This is one for <@U0474AYFT>",
        "ts": "1432245084.000229"
    },
    {
        "type": "message",
        "user": "U0474AYFT",
        "text": ":wink:",
        "ts": "1432262639.000230"
    }
]