[
    {
        "type": "message",
        "user": "U0474AT8P",
        "text": "How did your exams go <@U04BMCE7Q>?",
        "ts": "1433770221.000089"
    },
    {
        "type": "message",
        "user": "U04BMCE7Q",
        "text": "awesome :simple_smile:",
        "ts": "1433770243.000090"
    },
    {
        "type": "message",
        "user": "U04BMCE7Q",
        "text": "how are u ?",
        "ts": "1433770291.000091"
    },
    {
        "type": "message",
        "user": "U0474AT8P",
        "text": "<@U049CMCCZ>: all updates are presented each week during the community hangouts, the best way to keep up to date with Synereo",
        "ts": "1433773277.000092"
    },
    {
        "type": "message",
        "user": "U0474AT8P",
        "text": "I\u2019m good theo!",
        "ts": "1433773292.000093"
    },
    {
        "type": "message",
        "user": "U049CMCCZ",
        "text": "alright - so if I'm not able to join those weekly hangouts - is there a recorded one I can watch when I have time?",
        "ts": "1433774128.000094"
    },
    {
        "type": "message",
        "user": "U04BMCE7Q",
        "text": "<@U049CMCCZ>: hey man What's up ?",
        "ts": "1433774192.000095"
    },
    {
        "type": "message",
        "user": "U049CMCCZ",
        "text": "grats on the exams! \nI'm busy renovating my big house - it's been ongoing for several years - right now wallplastering and painting",
        "ts": "1433774269.000096"
    },
    {
        "type": "message",
        "user": "U048X85UT",
        "text": "<@U049CMCCZ>: you can watch the recordings at <https:\/\/plus.google.com\/u\/0\/+Synereo>",
        "attachments": [
            {
                "title": "Synereo - Google+",
                "title_link": "https:\/\/plus.google.com\/u\/0\/+Synereo",
                "text": "Synereo - Follow our journey to own the sky. - Synereo is a distributed, secure and decentralized social network.",
                "fallback": "Synereo - Google+",
                "image_url": "http:\/\/lh3.googleusercontent.com\/-al2sBnZmF9E\/VVr9AQt-BzI\/AAAAAAAAALA\/feau5x7EH9U\/w426-h276\/SynereoDJSnapshot.jpg",
                "from_url": "https:\/\/plus.google.com\/u\/0\/+Synereo",
                "image_width": 386,
                "image_height": 250,
                "image_bytes": 15655,
                "id": 1
            }
        ],
        "ts": "1433774299.000097"
    },
    {
        "type": "message",
        "user": "U049CMCCZ",
        "text": "thx <@U048X85UT>  will do :thumbsup:",
        "ts": "1433774328.000099"
    },
    {
        "type": "message",
        "user": "U04BMCE7Q",
        "text": "My Dream Home :innocent: <http:\/\/i.imgur.com\/MwwJCGJ.jpg>",
        "attachments": [
            {
                "fallback": "500x308px image",
                "image_url": "http:\/\/i.imgur.com\/MwwJCGJ.jpg",
                "image_width": 500,
                "image_height": 308,
                "image_bytes": 43691,
                "from_url": "http:\/\/i.imgur.com\/MwwJCGJ.jpg",
                "id": 1
            }
        ],
        "ts": "1433774373.000100"
    },
    {
        "type": "message",
        "user": "U049CMCCZ",
        "text": "yup I think I could enjoy a good glass of redwine there",
        "ts": "1433774423.000102"
    },
    {
        "type": "message",
        "user": "U04BMCE7Q",
        "text": "hope AMPs Price hit 1USD Per AMPs",
        "ts": "1433774479.000103"
    },
    {
        "type": "message",
        "user": "U04BMCE7Q",
        "text": "<@U049CMCCZ>: do u have Factoids ?",
        "ts": "1433774613.000104"
    },
    {
        "type": "message",
        "user": "U049CMCCZ",
        "text": "no - came in too late",
        "ts": "1433774642.000105"
    },
    {
        "type": "message",
        "user": "U04BMCE7Q",
        "text": "damn :disappointed:",
        "ts": "1433774782.000106"
    },
    {
        "type": "message",
        "user": "U0474AT8P",
        "text": "<@U049CMCCZ>: yes past hangouts should be available on the Synereo YouTube page",
        "ts": "1433774941.000107"
    },
    {
        "type": "message",
        "user": "U049CMCCZ",
        "text": "thx <@U0474AT8P>",
        "ts": "1433775512.000108"
    }
]