[
    {
        "type": "message",
        "user": "U04A8095T",
        "text": "<@U04AJ2WH0>:  I'll post the participant's link in the Synereonet and LivelyGig <#C0474C7V9> channels today and each week.",
        "ts": "1442835120.000026"
    },
    {
        "type": "message",
        "user": "U04AJ2WH0",
        "text": "Thank you!",
        "ts": "1442844027.000027"
    },
    {
        "type": "message",
        "user": "U04BMCE7Q",
        "text": "<http:\/\/indianexpress.com\/article\/technology\/tech-news-technology\/draft-national-encryption-policy-you-might-need-to-store-whatsapp-messages-for-90-days\/>",
        "attachments": [
            {
                "service_name": "The Indian Express",
                "title": "WhatsApp, web services out of draft encryption policy after outcry",
                "title_link": "http:\/\/indianexpress.com\/article\/technology\/tech-news-technology\/draft-national-encryption-policy-you-might-need-to-store-whatsapp-messages-for-90-days\/",
                "text": "Draft National Encryption Policy: Government says all mass use encryption products now exempted after experts call policy draconian",
                "fallback": "The Indian Express: WhatsApp, web services out of draft encryption policy after outcry",
                "thumb_url": "http:\/\/images.indianexpress.com\/2015\/06\/whatsapp_feat.jpg?w=480",
                "ts": 1442917320,
                "from_url": "http:\/\/indianexpress.com\/article\/technology\/tech-news-technology\/draft-national-encryption-policy-you-might-need-to-store-whatsapp-messages-for-90-days\/",
                "thumb_width": 480,
                "thumb_height": 267,
                "id": 1
            }
        ],
        "ts": "1442899633.000028"
    },
    {
        "type": "message",
        "user": "U04BMCE7Q",
        "text": "INDIA NEED Synereo ASAP",
        "ts": "1442899651.000030"
    },
    {
        "type": "message",
        "user": "U04BMCE7Q",
        "text": "Any IDEA WHEN MAIDSAFE Project Getting Start?",
        "ts": "1442899763.000031"
    }
]