[
    {
        "type": "message",
        "subtype": "file_share",
        "text": "<@U04AJ2WH0|christianpeirson> uploaded a file: <https:\/\/synereonet.slack.com\/files\/christianpeirson\/F0BSJQT4N\/virtual_reality__startups.jpg|Virtual reality  startups>",
        "file": {
            "id": "F0BSJQT4N",
            "created": 1444056758,
            "timestamp": 1444056758,
            "name": "Virtual reality  startups.jpg",
            "title": "Virtual reality  startups",
            "mimetype": "image\/jpeg",
            "filetype": "jpg",
            "pretty_type": "JPEG",
            "user": "U04AJ2WH0",
            "editable": false,
            "size": 58517,
            "mode": "hosted",
            "is_external": false,
            "external_type": "",
            "is_public": true,
            "public_url_shared": false,
            "display_as_bot": false,
            "username": "",
            "url_private": "https:\/\/files.slack.com\/files-pri\/T0474AT8K-F0BSJQT4N\/virtual_reality__startups.jpg?t=xoxe-4242367291-28095460608-28095460624-739c22ae7e",
            "url_private_download": "https:\/\/files.slack.com\/files-pri\/T0474AT8K-F0BSJQT4N\/download\/virtual_reality__startups.jpg?t=xoxe-4242367291-28095460608-28095460624-739c22ae7e",
            "thumb_64": "https:\/\/files.slack.com\/files-tmb\/T0474AT8K-F0BSJQT4N-013c2ec288\/virtual_reality__startups_64.jpg?t=xoxe-4242367291-28095460608-28095460624-739c22ae7e",
            "thumb_80": "https:\/\/files.slack.com\/files-tmb\/T0474AT8K-F0BSJQT4N-013c2ec288\/virtual_reality__startups_80.jpg?t=xoxe-4242367291-28095460608-28095460624-739c22ae7e",
            "thumb_360": "https:\/\/files.slack.com\/files-tmb\/T0474AT8K-F0BSJQT4N-013c2ec288\/virtual_reality__startups_360.jpg?t=xoxe-4242367291-28095460608-28095460624-739c22ae7e",
            "thumb_360_w": 320,
            "thumb_360_h": 271,
            "thumb_160": "https:\/\/files.slack.com\/files-tmb\/T0474AT8K-F0BSJQT4N-013c2ec288\/virtual_reality__startups_160.jpg?t=xoxe-4242367291-28095460608-28095460624-739c22ae7e",
            "image_exif_rotation": 1,
            "original_w": 320,
            "original_h": 271,
            "permalink": "https:\/\/synereonet.slack.com\/files\/christianpeirson\/F0BSJQT4N\/virtual_reality__startups.jpg",
            "permalink_public": "https:\/\/slack-files.com\/T0474AT8K-F0BSJQT4N-f659262296",
            "channels": [
                "C0474AT8X"
            ],
            "groups": [
    
            ],
            "ims": [
    
            ],
            "comments_count": 0
        },
        "user": "U04AJ2WH0",
        "upload": true,
        "display_as_bot": false,
        "username": "<@U04AJ2WH0|christianpeirson>",
        "bot_id": null,
        "ts": "1444056759.000003"
    }
]