[
    {
        "type": "message",
        "user": "U0474E4KZ",
        "text": "<http:\/\/hack.ether.camp\/judges>",
        "attachments": [
            {
                "text": "This is a place developers can take advantage of progressive technology and show us a glimpse into the future of what they're building.",
                "fallback": "This is a place developers can take advantage of progressive technology and show us a glimpse into the future of what they're building.",
                "image_url": "http:\/\/i.imgur.com\/xsnD0Qw.png",
                "image_width": 250,
                "image_height": 250,
                "from_url": "http:\/\/hack.ether.camp\/judges",
                "image_bytes": 12775,
                "id": 1
            }
        ],
        "ts": "1448909104.000056"
    }
]