[
    {
        "type": "message",
        "user": "U04BMCE7Q",
        "text": "<http:\/\/i.imgur.com\/lACitxF.jpg>",
        "attachments": [
            {
                "fallback": "510x510px image",
                "image_url": "http:\/\/i.imgur.com\/lACitxF.jpg",
                "image_width": 510,
                "image_height": 510,
                "image_bytes": 25895,
                "from_url": "http:\/\/i.imgur.com\/lACitxF.jpg",
                "id": 1
            }
        ],
        "ts": "1437753085.000009"
    },
    {
        "type": "message",
        "user": "U04BMCE7Q",
        "text": "<@U048X85UT>:  <@U0474AT8P> <@U049CMCCZ> <@U049WSTG0> I am Back :smile:",
        "ts": "1437753205.000011"
    }
]