[
    {
        "type": "message",
        "user": "U06MNSRTK",
        "text": "<http:\/\/altconvention.com\/>",
        "attachments": [
            {
                "title": "Alt Convention",
                "title_link": "http:\/\/altconvention.com\/",
                "text": "Join us for the most important FinTech event of the year. Three full days of conference sessions, round-table meetings, panels, exhibit hall, and networking events.",
                "fallback": "Alt Convention",
                "from_url": "http:\/\/altconvention.com\/",
                "thumb_url": "http:\/\/altconvention.com\/wp-content\/themes\/boomerang\/images\/og\/alt-convention.jpg",
                "thumb_width": 200,
                "thumb_height": 200,
                "id": 1
            }
        ],
        "ts": "1441356258.000040"
    },
    {
        "type": "message",
        "user": "U09KY5U65",
        "text": "Oh look at that! What a surprise. Everyone at that conference is a known scammer who likes to scam their way into projects earlier than the public. What a joke of a conference.",
        "ts": "1441403366.000042"
    }
]