[
    {
        "type": "message",
        "user": "U04BQ4FMC",
        "text": "<@U09KY5U65>:  If people attending the hangouts would keep their microphones muted, as is protocol, there wouldn't be that problem.  Of course, that means having to communicate to everyone about it.  There are work-arounds in the options as host, but keeping mics muted solves other problems too, like echo, feedback, etc.",
        "ts": "1447774626.000012"
    },
    {
        "type": "message",
        "user": "U04BMCE7Q",
        "text": "any Date for Synereo launch ?",
        "ts": "1447827807.000013"
    },
    {
        "type": "message",
        "user": "U04BMCE7Q",
        "text": "please launch on Android and iOS app first like what;s app and instagram",
        "ts": "1447827863.000014"
    }
]