[
    {
        "type": "message",
        "user": "U0474AYFT",
        "text": "Feel free to join the hangout as a participant: <https:\/\/plus.google.com\/hangouts\/_\/hoaevent\/AP36tYexHjUzMDqAmAnMlDxuLY3-y1A1uI4S5e2IxTrS7xezq8ymgw?authuser=0&amp;eid=109002904706315055045&amp;hl=en>",
        "ts": "1432151979.000219"
    },
    {
        "type": "message",
        "user": "U04910F4Z",
        "text": "Yeah so, the world needs synereo asap. :simple_smile: Great work folk. \n\n<http:\/\/worldtruth.tv\/cia-admits-full-monitoring-of-facebook-and-other-social-networks-2\/>",
        "attachments": [
            {
                "service_name": "World Truth.TV",
                "title": "CIA Admits Full Monitoring of Facebook and Social Networks | World Truth.TV",
                "title_link": "http:\/\/worldtruth.tv\/cia-admits-full-monitoring-of-facebook-and-other-social-networks-2\/",
                "text": "Most people use social media like Facebook and Twitter to share photos of friends and family, chat with friends and strangers about random and amusing diversions, or follow their favorite websites, bands and television shows. But what does the US military use those same networks for? Well, we can't tell you: That's \"classified,\" a CENTCOM spokesman recently informed Raw Story. One use that's confirmed, however, is the manipulation of social media through the use of fake online \"personas\" managed by the military. Recently the US Air Force had solicited private sector vendors for something called \"persona management software.\" Such a technology would allow single individuals to command virtual armies of fake, digital \"people\" across numerous social media portals. These \"personas\" were to have detailed, fictionalized backgrounds, to make them believable to outside observers, and a sophisticated\u00a0identity protection service\u00a0was to back them up, preventing suspicious readers from uncovering",
                "fallback": "World Truth.TV: CIA Admits Full Monitoring of Facebook and Social Networks | World Truth.TV",
                "thumb_url": "http:\/\/worldtruth.tv\/wp-content\/uploads\/2015\/05\/700_20f7cd86b97176bbb1dd58792ac4adb3.jpg",
                "ts": 1430985049,
                "from_url": "http:\/\/worldtruth.tv\/cia-admits-full-monitoring-of-facebook-and-other-social-networks-2\/",
                "thumb_width": 573,
                "thumb_height": 223,
                "id": 1
            }
        ],
        "ts": "1432177178.000220"
    }
]