[
    {
        "type": "message",
        "user": "U0474E4KZ",
        "text": "<@U0474AYFT>: can you elaborate on what these tutorials are about?",
        "ts": "1448725893.000040"
    },
    {
        "type": "message",
        "user": "U0474AYFT",
        "text": "They were designed to introduce the Casper team and anyone else who's interested to the formal methods i'm using to specify and verify Casper, namely the pi-calculus.",
        "ts": "1448727671.000041"
    },
    {
        "user": "U0FESR742",
        "type": "message",
        "subtype": "channel_join",
        "text": "<@U0FESR742|jwalls> has joined the channel",
        "ts": "1448738194.000042"
    },
    {
        "type": "message",
        "user": "U0FESR742",
        "text": "Hey whadda ya know I finally made it onto slack...",
        "ts": "1448738264.000043"
    },
    {
        "type": "message",
        "user": "U048X85UT",
        "text": "welcome Jack!",
        "ts": "1448739803.000044"
    },
    {
        "type": "message",
        "user": "U048X85UT",
        "text": "\u03c0-calculus part 1  and most of 2 was really fun until casper took too much attention to grok. Thanks it is terrific!  I guess the profit comes in part 3 if I can get through it :stuck_out_tongue:",
        "ts": "1448740007.000045"
    }
]