[
    {
        "type": "message",
        "user": "U0474E4KZ",
        "text": "<@U04BQ4FMC>: everyone can make posts regardless of how many AMPs they have, if any at all.",
        "edited": {
            "user": "U0474E4KZ",
            "ts": "1451567516.000000"
        },
        "ts": "1451566929.000424"
    },
    {
        "type": "message",
        "user": "U0474E4KZ",
        "text": "There's no negative Reo action -- a person with a low score will simply have a harder time reaching people's streams. That's not to say people won't create addons and extensions to Synereo to do different things to people based on their scores.",
        "ts": "1451566983.000425"
    },
    {
        "type": "message",
        "user": "U0474E4KZ",
        "text": "I really love your description of how this new model changes the promoted content game. How can we spread this around so that more people see it?",
        "edited": {
            "user": "U0474E4KZ",
            "ts": "1451567090.000000"
        },
        "ts": "1451567072.000426"
    },
    {
        "type": "message",
        "user": "U0474E4KZ",
        "text": "<@U09KY5U65>: if you create a robot that engages the network in ways that people appreciate and reward with AMPs, I'll fly over to wherever you are in the world and shake your hand. :simple_smile: Robots that understand what their networks like and provide them with valuable services! What can be better?",
        "ts": "1451567225.000428",
        "reactions": [
            {
                "name": "+1",
                "users": [
                    "U04BQ4FMC"
                ],
                "count": 1
            }
        ]
    },
    {
        "type": "message",
        "user": "U0474E4KZ",
        "text": "SCRIBES! We're getting free, unsolicited coverage simply due to your efforts and our resulting greater visibility: <http:\/\/allcoinsnews.com\/2015\/12\/31\/decentralized-social-platform-synereo-plans-pre-sale-on-bnktothefuture\/>",
        "ts": "1451567477.000429",
        "reactions": [
            {
                "name": "heart_eyes",
                "users": [
                    "U04BQ4FMC",
                    "U0DKBHZN1",
                    "U04GDL62L",
                    "U049CMCCZ"
                ],
                "count": 4
            }
        ]
    },
    {
        "type": "message",
        "user": "U0474E4KZ",
        "text": ":heart:",
        "ts": "1451567481.000430"
    },
    {
        "type": "message",
        "user": "U04BQ4FMC",
        "text": "<@U0474E4KZ>: Right, as I understand it, no amps are required to post.  I may have been trying to imply that you have to be signed up, which I assume means you need a crypto wallet?  (this was part of the question recently about non-member interactions)  I did say this, too \"I think people can \"use\" the network without amps, but not to its full potential. \"  Speaking in terms of spam vulnerabilities, I meant that you'd have to amp the post if you wanted to get past the first ring of people that had made a connection with you, so you need amps, which requires money, or interaction on the network - both requiring membership.  Are these points correct?",
        "ts": "1451570005.000433"
    },
    {
        "type": "message",
        "user": "U0474E4KZ",
        "text": "Yep.",
        "ts": "1451570037.000434"
    },
    {
        "type": "message",
        "user": "U0474E4KZ",
        "text": "You'll easily get beyond the first ring even without AMPs, though, depending on the content, your reputation, the dynamic structure of the network, and the posts you're competing with.",
        "ts": "1451570068.000435"
    },
    {
        "type": "message",
        "user": "U04BQ4FMC",
        "text": "Ok, that makes sense.  Something, something, about Lessig, and needing to know context...",
        "ts": "1451570161.000436"
    },
    {
        "type": "message",
        "user": "U04BQ4FMC",
        "text": "<@U0474E4KZ>: \"How can we spread this around so that more people see it?\" - I'll make sure to incorporate that into the article I'm working on :simple_smile:",
        "ts": "1451572573.000437"
    },
    {
        "type": "message",
        "user": "U0474E4KZ",
        "text": "Sweet~!",
        "ts": "1451580522.000438"
    },
    {
        "type": "message",
        "user": "U0474E4KZ",
        "text": "The Crowd Expedition interview with me was posted:",
        "ts": "1451587926.000439"
    },
    {
        "type": "message",
        "user": "U0474E4KZ",
        "text": "<https:\/\/www.youtube.com\/watch?v=uV2VfoO30SA&amp;feature=youtu.be>",
        "attachments": [
            {
                "service_name": "YouTube",
                "service_url": "https:\/\/www.youtube.com\/",
                "title": "A fully decentralized and distributed social platform: Synereo",
                "title_link": "https:\/\/www.youtube.com\/watch?v=uV2VfoO30SA&amp;feature=youtu.be",
                "author_name": "Crowd Expedition",
                "author_link": "https:\/\/www.youtube.com\/user\/crowdexpedition",
                "thumb_url": "https:\/\/i.ytimg.com\/vi\/uV2VfoO30SA\/hqdefault.jpg",
                "thumb_width": 480,
                "thumb_height": 360,
                "fallback": "YouTube Video: A fully decentralized and distributed social platform: Synereo",
                "video_html": "<iframe width=\"400\" height=\"225\" src=\"https:\/\/www.youtube.com\/embed\/uV2VfoO30SA?feature=oembed&autoplay=1\" frameborder=\"0\" allowfullscreen><\/iframe>",
                "video_html_width": 400,
                "video_html_height": 225,
                "from_url": "https:\/\/www.youtube.com\/watch?v=uV2VfoO30SA&amp;feature=youtu.be",
                "id": 1
            }
        ],
        "ts": "1451587927.000440"
    },
    {
        "type": "message",
        "user": "U0474E4KZ",
        "text": "It's a comprehensive and non-technical overview of what Synereo is about. Would be good for someone who's not familiar with us or even the decentralization space at all.",
        "edited": {
            "user": "U0474E4KZ",
            "ts": "1451588015.000000"
        },
        "ts": "1451587956.000442"
    },
    {
        "type": "message",
        "user": "U0474E4KZ",
        "text": "Also, the thumbnail makes me look like a wizard.",
        "edited": {
            "user": "U0474E4KZ",
            "ts": "1451588011.000000"
        },
        "ts": "1451587976.000443",
        "reactions": [
            {
                "name": "yum",
                "users": [
                    "U04BQ4FMC",
                    "U049CMCCZ"
                ],
                "count": 2
            }
        ]
    }
]