[
    {
        "user": "U04A759RQ",
        "type": "message",
        "subtype": "channel_join",
        "text": "<@U04A759RQ|afdudley> has joined the channel",
        "ts": "1428488871.000401"
    },
    {
        "type": "message",
        "user": "U0474E4KZ",
        "text": "<@U049CMCCZ>: sure thing. Hangouts has a Q&amp;A module just for that.",
        "ts": "1428490570.000402"
    },
    {
        "type": "message",
        "user": "U0474AT8P",
        "text": "<@U04ATHHAH>:",
        "ts": "1428492837.000403"
    },
    {
        "type": "message",
        "user": "U0474AT8P",
        "text": "no connection but we have been discussing with them, at least our CSO Greg has.",
        "ts": "1428492863.000404"
    },
    {
        "type": "message",
        "user": "U04A759RQ",
        "text": "There are a lot of different ways the two projects could interoperate.",
        "ts": "1428492903.000405"
    },
    {
        "type": "message",
        "user": "U04A759RQ",
        "text": "pegging tokens is an obvious option.",
        "ts": "1428492925.000406"
    },
    {
        "type": "message",
        "user": "U04A759RQ",
        "text": "EVM support for... specialK? seems possible as well.",
        "ts": "1428492944.000407"
    },
    {
        "type": "message",
        "user": "U0474AT8P",
        "text": "are you involved with Ethereum?",
        "ts": "1428492961.000408"
    },
    {
        "type": "message",
        "user": "U04A759RQ",
        "text": "I guess at this point the answer is yes :smile:",
        "ts": "1428492971.000409"
    },
    {
        "type": "message",
        "user": "U0474AT8P",
        "text": "Good!",
        "ts": "1428492976.000410"
    },
    {
        "type": "message",
        "user": "U04A759RQ",
        "text": "not the foundation, but I work on Ethereum projects everyday.",
        "ts": "1428492987.000411"
    },
    {
        "type": "message",
        "user": "U0474AT8P",
        "text": "I think Greg <@U0474AYFT> is the best person to mention this to.",
        "ts": "1428493002.000412"
    },
    {
        "type": "message",
        "user": "U0474AT8P",
        "text": "As a project we are open to collaborate with others",
        "edited": {
            "user": "U0474AT8P",
            "ts": "1428493024.000000"
        },
        "ts": "1428493017.000413"
    },
    {
        "type": "message",
        "user": "U04A759RQ",
        "text": "Yeah, I sent him a reddit message.",
        "ts": "1428493022.000414"
    },
    {
        "type": "message",
        "user": "U0474AT8P",
        "text": "he's on here too, might as well send him a PM",
        "ts": "1428493044.000416"
    },
    {
        "type": "message",
        "user": "U0474AT8P",
        "text": "he's US based so will be around a bit later",
        "ts": "1428493064.000417"
    },
    {
        "type": "message",
        "user": "U04A759RQ",
        "text": "I think a contract DSL makes a lot of sense, I haven't really dug into the other stuff.",
        "ts": "1428493065.000418"
    },
    {
        "type": "message",
        "user": "U04A759RQ",
        "text": "I am pretty much at my limit at this point.",
        "ts": "1428493078.000419"
    },
    {
        "type": "message",
        "user": "U0474AT8P",
        "text": "Greg eats this stuff for breakfast",
        "ts": "1428493113.000420"
    },
    {
        "type": "message",
        "user": "U04A759RQ",
        "text": "Yeah, I am mostly working on Proof of Stake stuff and my projects that rely on it.",
        "ts": "1428493140.000421"
    },
    {
        "type": "message",
        "user": "U0474AT8P",
        "text": "So he'll know what you mean, he's the one who made the long post on the Ethereums Reddit",
        "edited": {
            "user": "U0474AT8P",
            "ts": "1428493157.000000"
        },
        "ts": "1428493154.000422"
    },
    {
        "type": "message",
        "user": "U0474AT8P",
        "text": "Although Synereo will have its own Social Contracts I think being compatible with Ethereum somehow could be good",
        "ts": "1428493192.000424"
    },
    {
        "type": "message",
        "user": "U04A759RQ",
        "text": "I have been thinking about that problem in the general case as well. I think there are a number of possible solutions. From what I read Synereo isn't a general purpose platform? that is one of the things I was confused about...",
        "ts": "1428493263.000425"
    },
    {
        "type": "message",
        "user": "U04A759RQ",
        "text": "it seems to focus on marketers paying for attention?",
        "ts": "1428493278.000426"
    },
    {
        "type": "message",
        "user": "U0474AT8P",
        "text": "not only them, it will cater for everyone who'd like a place where their attention is rewarded and their data is not being sold for profit while kept private",
        "ts": "1428493665.000427"
    },
    {
        "type": "message",
        "user": "U0474AT8P",
        "text": "yes there will be marketers but also a lot of regular folks who just want a different social network",
        "ts": "1428493704.000428"
    },
    {
        "type": "message",
        "user": "U0474AT8P",
        "text": "And the definition of marketers should be expanded to: musicians, artists, writers, video producers, animators, designers, retailers, and so on, the possibilities are endless there. Anyone with a business could be using Synereo",
        "edited": {
            "user": "U0474AT8P",
            "ts": "1428493823.000000"
        },
        "ts": "1428493784.000429"
    },
    {
        "type": "message",
        "user": "U0474AT8P",
        "text": "Anyone who has something to share would benefit from Synereo",
        "ts": "1428493841.000431"
    },
    {
        "type": "message",
        "user": "U04A759RQ",
        "text": "hmm.",
        "ts": "1428493965.000432"
    },
    {
        "type": "message",
        "user": "U04A759RQ",
        "text": "Sounds interesting.",
        "ts": "1428493971.000433"
    },
    {
        "type": "message",
        "user": "U049CMCCZ",
        "text": "I saw the 2 video hangouts in 'random' yday, and there seems to be too many big corperations who are milking almost everything into their own pockets and throwing peanuts towards the real artists who made the piece?\nSynereo looks like it can put the majority income back into the artists own pockets while 'middlemen' aka friends and connections are still able to make a buck too - just the artist gets her\/his biggest share - which is how it should be.",
        "ts": "1428494257.000434"
    },
    {
        "type": "message",
        "user": "U049CMCCZ",
        "text": "and like <@U04A759RQ> mentions - that model could probably be used to any business?",
        "ts": "1428494337.000435"
    },
    {
        "type": "message",
        "user": "U0474E4KZ",
        "text": "<http:\/\/www.reddit.com\/r\/ethereum\/comments\/31rnmh\/isnt_ethereum_just_a_dsl_for_the_blockchain\/cq587mj>",
        "attachments": [
            {
                "service_name": "reddit",
                "title": "Isn't Ethereum just a DSL for the blockchain? \u2022 \/r\/ethereum",
                "title_link": "http:\/\/www.reddit.com\/r\/ethereum\/comments\/31rnmh\/isnt_ethereum_just_a_dsl_for_the_blockchain\/cq587mj",
                "text": "Does this limitation mean that only relatively simple, non-inter-dependent contracts can be used with Ethereum?",
                "fallback": "reddit: Isn't Ethereum just a DSL for the blockchain? \u2022 \/r\/ethereum",
                "thumb_url": "https:\/\/www.redditstatic.com\/icon.png",
                "from_url": "http:\/\/www.reddit.com\/r\/ethereum\/comments\/31rnmh\/isnt_ethereum_just_a_dsl_for_the_blockchain\/cq587mj",
                "thumb_width": 256,
                "thumb_height": 256,
                "id": 1
            }
        ],
        "ts": "1428494646.000436"
    },
    {
        "user": "U04AYFU8H",
        "type": "message",
        "subtype": "channel_join",
        "text": "<@U04AYFU8H|laurencefass> has joined the channel",
        "ts": "1428498319.000438"
    },
    {
        "user": "U04AZBKSZ",
        "type": "message",
        "subtype": "channel_join",
        "text": "<@U04AZBKSZ|beerit> has joined the channel",
        "ts": "1428501367.000439"
    },
    {
        "user": "U04AA3K3L",
        "type": "message",
        "subtype": "channel_join",
        "text": "<@U04AA3K3L|fives> has joined the channel",
        "ts": "1428501382.000440"
    },
    {
        "user": "U04B14VQV",
        "type": "message",
        "subtype": "channel_join",
        "text": "<@U04B14VQV|matanfield> has joined the channel",
        "ts": "1428506854.000441"
    },
    {
        "type": "message",
        "user": "U0474AT8P",
        "text": "<!channel>: What are the best Crypto News Websites in your country? Can you please post links to them and state which country?\n\nIt will be very helpful for us. Thank you.",
        "edited": {
            "user": "U0474AT8P",
            "ts": "1428507848.000000"
        },
        "ts": "1428507829.000442"
    },
    {
        "type": "message",
        "user": "U0474AYFT",
        "text": "Hey <@U04A759RQ> - as biglambda you made an excellent comment on <https:\/\/slack-redir.net\/link?url=http%3A%2F%2Fwww.reddit.com%2Fr%2Fethereum%2Fcomments%2F31rnmh%2Fisnt_ethereum_just_a_dsl_for_the_blockchain%2Fcq587mj&amp;v=3> regarding the suitability of lambda calculus as a model of computation for Ethereum. i wanted to respond there, but the comment seems to be gone.",
        "ts": "1428508268.000444"
    },
    {
        "type": "message",
        "user": "U0474AYFT",
        "text": "Do you have a link?",
        "ts": "1428508283.000445"
    },
    {
        "type": "message",
        "user": "U04A759RQ",
        "text": "I am afdudley on reddit.",
        "ts": "1428508297.000446"
    },
    {
        "type": "message",
        "user": "U04A759RQ",
        "text": "biglambda posts a lot on ethereum stuff as well.",
        "ts": "1428508308.000447"
    },
    {
        "type": "message",
        "user": "U0474AYFT",
        "text": "Ah, cheers! Thanks.",
        "ts": "1428508365.000448"
    },
    {
        "type": "message",
        "user": "U0474AYFT",
        "text": "Sorry for the confusion.",
        "ts": "1428508371.000449"
    },
    {
        "type": "message",
        "user": "U04A759RQ",
        "text": "no worries.",
        "ts": "1428508968.000450"
    },
    {
        "type": "message",
        "user": "U0474AYFT",
        "text": "<@U04A759RQ>: i just got your note on reddit and replied. We're very glad you joined us here. i find Slack more navigable and intelligible than reddit, for some reason. So, it will be easier for us to have a conversation here. Also, please consider joining our hangouts sometime. It would be a welcome influence on the conversation.",
        "ts": "1428509010.000451"
    },
    {
        "type": "message",
        "user": "U04A759RQ",
        "text": "Yeah. I am very focused on Ethereum at the moment, but I am interested in pretty much any computer science topic and find the language design approach here very interesting.",
        "ts": "1428509157.000452"
    },
    {
        "type": "message",
        "user": "U049CMCCZ",
        "text": "<@U0474AT8P> <http:\/\/paycash.eu> - Luxembourg\nnot really news - but one of the few crypto related sites in this small country",
        "edited": {
            "user": "U049CMCCZ",
            "ts": "1428511083.000000"
        },
        "ts": "1428510996.000454"
    },
    {
        "type": "message",
        "user": "U049CMCCZ",
        "text": "BTW there may be sites in French language - but I don't speak French so I wouldn't know of those",
        "edited": {
            "user": "U049CMCCZ",
            "ts": "1428511398.000000"
        },
        "ts": "1428511356.000457"
    },
    {
        "type": "message",
        "user": "U0474AT8P",
        "text": "ok thanks",
        "ts": "1428513750.000459"
    },
    {
        "type": "message",
        "user": "U048QLHHY",
        "text": "join [social thinking]",
        "ts": "1428516596.000460"
    },
    {
        "type": "message",
        "user": "U048QLHHY",
        "text": "\"join [social thinking]\"",
        "ts": "1428516623.000461"
    },
    {
        "type": "message",
        "user": "U0474AT8P",
        "text": "Anyone else has any local bitcoin blogs site worth mentioning for their countries?",
        "ts": "1428520463.000462"
    },
    {
        "type": "message",
        "user": "U0490TUQM",
        "text": "Was hoping to discuss the use of AMP generation and how specifically a users State receives amplified content. Condisering your 4-tuple set structure. What major user behavior defines who sees what content?",
        "ts": "1428522600.000463"
    },
    {
        "type": "message",
        "user": "U0474AYFT",
        "text": "<@U0490TUQM>: We love this question! It opens up a lot of discussion. First of all, participants in the network decide who sees their content. Secondly, as trust of the system and other participants increases, the system will automatically adjust (through local rules) to allow more content from people in your wider trust network, whose content you have previously found engaging, or who others in your wider trust network have found engaging show up in your feed.",
        "ts": "1428522852.000464"
    },
    {
        "type": "message",
        "user": "U0490TUQM",
        "text": "<@U0474AYFT>:  thanks. I undestand. In terms of being able to forward this content through out your neighbor nodes what are the  paramenters involved in sending content throughout the network. Specifically in your fowarding fiunction there are action a, w, whose notation i don't understand . In terms of operationalization.",
        "ts": "1428523000.000465"
    },
    {
        "type": "message",
        "user": "U0474AYFT",
        "text": "Hey, we're just about to go on a hangout. i'm not ignoring you, i just have to jump on this.",
        "ts": "1428523177.000466"
    },
    {
        "type": "message",
        "user": "U0474AYFT",
        "text": "If you want to join us, please do.",
        "ts": "1428523186.000467"
    },
    {
        "type": "message",
        "user": "U0490TUQM",
        "text": "Ok. I woudln't mind. How can I connect?\\",
        "ts": "1428523277.000468"
    },
    {
        "type": "message",
        "user": "U049CMCCZ",
        "text": "open google+ and menu down to hangouts",
        "ts": "1428523521.000469"
    },
    {
        "type": "message",
        "user": "U049CMCCZ",
        "text": "if you never used it you might need a lil bit of setting it up?",
        "ts": "1428523582.000470"
    },
    {
        "type": "message",
        "user": "U0490TUQM",
        "text": "I don't think so. I am jus not sure how to access your room. I dont use hangouts frequently",
        "ts": "1428523614.000471"
    },
    {
        "type": "message",
        "user": "U049CMCCZ",
        "text": "<https:\/\/plus.google.com\/>",
        "attachments": [
            {
                "text": "Google+ is a place to connect with friends and family, and explore all of your interests. Share photos, send messages, and stay in touch with the people and topics you care about.",
                "fallback": "Google+ is a place to connect with friends and family, and explore all of your interests. Share photos, send messages, and stay in touch with the people and topics you care about.",
                "from_url": "https:\/\/plus.google.com\/",
                "id": 1
            }
        ],
        "ts": "1428523674.000472"
    },
    {
        "type": "message",
        "user": "U0490TUQM",
        "text": "<@U049CMCCZ> I found the event on the google + age",
        "ts": "1428523676.000474"
    },
    {
        "type": "message",
        "user": "U048X85UT",
        "text": "nobody is there, I must not have the right link.",
        "ts": "1428524140.000475"
    },
    {
        "type": "message",
        "user": "U048X85UT",
        "text": "ok, got it",
        "ts": "1428524239.000476"
    },
    {
        "type": "message",
        "user": "U049CMCCZ",
        "text": "good :thumbsup:  <@U0490TUQM>",
        "ts": "1428524281.000477"
    },
    {
        "type": "message",
        "user": "U048X85UT",
        "text": "<https:\/\/plus.google.com\/u\/0\/events\/colr93mn6al4ubcvdkn6e8l4m8s>",
        "attachments": [
            {
                "service_name": "Google+",
                "title": "Community Hangout - Developers, Developers, Developers - Google+",
                "title_link": "https:\/\/plus.google.com\/u\/0\/events\/colr93mn6al4ubcvdkn6e8l4m8s",
                "text": "We will discuss the first features to be implemented on the Synereo social network MVP (minimum viable product) and introduce our new 50,000 AMPs bounty.",
                "fallback": "Google+: Community Hangout - Developers, Developers, Developers - Google+",
                "image_url": "https:\/\/lh3.googleusercontent.com\/-_0VmY3NNZsE\/VSUPj5EEgkI\/AAAAAAAAAAA\/xrKtf-8z4og\/w940-h280-n\/event_theme.jpg",
                "from_url": "https:\/\/plus.google.com\/u\/0\/events\/colr93mn6al4ubcvdkn6e8l4m8s",
                "image_width": 839,
                "image_height": 250,
                "image_bytes": 32822,
                "id": 1
            }
        ],
        "ts": "1428524283.000478"
    },
    {
        "type": "message",
        "user": "U0474AT8P",
        "text": "LIVE NOW!",
        "ts": "1428524325.000480"
    },
    {
        "type": "message",
        "user": "U048X85UT",
        "text": "what is the participation link?",
        "ts": "1428525063.000481"
    },
    {
        "type": "message",
        "user": "U0474AYFT",
        "text": "<https:\/\/plus.google.com\/hangouts\/_\/hoaevent\/AP36tYepvKf9mdKGa1x7AsOyh19EXlnr2P_2MkipcEv_S_gCyi4VoA>",
        "ts": "1428525152.000482"
    },
    {
        "user": "U04AJ2WH0",
        "type": "message",
        "subtype": "channel_join",
        "text": "<@U04AJ2WH0|christianpeirson> has joined the channel",
        "ts": "1428527285.000483"
    },
    {
        "type": "message",
        "user": "U0474AYFT",
        "text": "Thanks to all who participated in the hangout! We'll post the participation link here in future.",
        "ts": "1428527603.000484"
    },
    {
        "type": "message",
        "user": "U04AJ2WH0",
        "text": "Thanks again for allowing letting the public into this chat channel. I have great hope in this amp system.",
        "ts": "1428527673.000485"
    },
    {
        "type": "message",
        "user": "U049CMCCZ",
        "text": "Was a pleasure meeting you guys :thumbsup: \nI am becoming overwhelmed with information about this project - it is much bigger than what I initially thought and has great potential!\nGetting a peek into the background coding and how linking everything into each other only underlines how complicated and challenging this is.\nI can already get a feeling of how excited you must be to get this baby going!",
        "ts": "1428528631.000486"
    },
    {
        "type": "message",
        "user": "U0474AYFT",
        "text": "<@U049CMCCZ>: thanks for that observation!",
        "ts": "1428528667.000487"
    },
    {
        "type": "message",
        "user": "U0474AYFT",
        "text": "It really is an incredibly high bar to meet. We're so grateful that people are joining to help make this become a reality. We can only do it together.",
        "ts": "1428528730.000488"
    },
    {
        "type": "message",
        "user": "U049CMCCZ",
        "text": "I am involved with another emerging project which is interesting as well - could be interesting to find out if that could somehow co-exist with Synereo - let's see what the future brings. That project has also been years in preparation and coding.",
        "ts": "1428528899.000489"
    },
    {
        "type": "message",
        "user": "U049CMCCZ",
        "text": "It's sleepy-time over here now - se you folks tomorrow",
        "ts": "1428528980.000490"
    },
    {
        "type": "message",
        "user": "U0474AYFT",
        "text": "What's the project?",
        "ts": "1428528980.000491"
    },
    {
        "type": "message",
        "user": "U0474AYFT",
        "text": "gn",
        "ts": "1428528986.000492"
    },
    {
        "type": "message",
        "user": "U049CMCCZ",
        "text": "eMunie",
        "ts": "1428528988.000493"
    },
    {
        "type": "message",
        "user": "U049CMCCZ",
        "text": "it's another crypto alley - but who knows",
        "ts": "1428529021.000494"
    },
    {
        "type": "message",
        "user": "U0474AYFT",
        "text": "<http:\/\/emunie.com\/>",
        "ts": "1428529242.000495"
    },
    {
        "type": "message",
        "user": "U0474AYFT",
        "text": "That one?",
        "ts": "1428529250.000496"
    },
    {
        "type": "message",
        "user": "U04A8095T",
        "text": "I enjoyed watching the recorded hangout today.  I posted some MVP ideas on <https:\/\/discuss.synereo.com\/t\/synereo-mvp-suggestions\/53697\/2>",
        "attachments": [
            {
                "service_name": "Discuss Synereo",
                "title": "Synereo MVP Suggestions",
                "title_link": "https:\/\/discuss.synereo.com\/t\/synereo-mvp-suggestions\/53697\/2",
                "text": "really great and thoughtful post. my mvp is more about how to advance the concept of amps in order to drive scale to the network. i threw out a tweet around sort of analytics dashboard as part of the overall user experience. my thinking is that the concepts that drive the underlying differences of synereo are novel enough that there needs to be ways to help people simplify their specific actions into amp value. lets face it, this is new nomenclature here, the language doesn't exist yet. th...",
                "fallback": "Discuss Synereo: Synereo MVP Suggestions",
                "from_url": "https:\/\/discuss.synereo.com\/t\/synereo-mvp-suggestions\/53697\/2",
                "id": 1
            }
        ],
        "ts": "1428543607.000497"
    },
    {
        "type": "message",
        "user": "U0474AT8P",
        "text": "thanks Ed!",
        "edited": {
            "user": "U0474AT8P",
            "ts": "1428554726.000000"
        },
        "ts": "1428554722.000499"
    },
    {
        "type": "message",
        "user": "U049CMCCZ",
        "text": "<@U0474AYFT>: yes\nbut don't download and try that .jar from the link as it is an old version not running anymore.\nIt's a one-man developer project and until now betas has only been available to a group of a selected few.\nThere will soon be an OB (OpenBeta) version",
        "edited": {
            "user": "U049CMCCZ",
            "ts": "1428557929.000000"
        },
        "ts": "1428557740.000501"
    },
    {
        "type": "message",
        "user": "U0474AT8P",
        "text": "Guys let's keep <#C0474AT8X> for general announcements and for newcomers, <#C048QUHB5> and other channels may be the case for other discussions. Thank you",
        "ts": "1428560905.000503"
    },
    {
        "type": "message",
        "user": "U0474AT8P",
        "text": ":wink:",
        "ts": "1428560917.000504"
    }
]