[
    {
        "type": "message",
        "user": "U049N8MT7",
        "text": "hello <@U0474E4KZ> any bounties for a designer oder animator?",
        "ts": "1450082947.000239"
    },
    {
        "type": "message",
        "user": "U049N8MT7",
        "text": "i made the synereo logo animation and would do more stuff if its needed",
        "ts": "1450083007.000240"
    },
    {
        "type": "message",
        "user": "U048T3M8W",
        "text": "While you're preparing for the pitch for bnktothefuture, you could add a pre-sale BTC-public key on the blog for early investors in the Synereo ltd. Maybe you know the price per share already. Some kind of form could register email + public key for further communication about the shares. ",
        "ts": "1450086913.000241",
        "reactions": [
            {
                "name": "+1",
                "users": [
                    "U0474E4KZ"
                ],
                "count": 1
            }
        ]
    },
    {
        "type": "message",
        "user": "U048T3M8W",
        "text": "Here's a set up for \"Relevant Community Map\" <https:\/\/docs.google.com\/spreadsheets\/d\/1dgcYgLlhMdV8dJPxAGv0NjHCWDfRoJKvR9SVHIOd21Y\/edit#gid=0>",
        "ts": "1450096076.000242"
    },
    {
        "type": "message",
        "subtype": "file_share",
        "text": "<@U048T3M8W|lapin7> shared a file: <https:\/\/synereonet.slack.com\/files\/lapin7\/F0GJ6E32N\/relevantcommunitymap|Relevant Community Map>",
        "file": {
            "id": "F0GJ6E32N",
            "created": 1450096077,
            "timestamp": 1450096077,
            "name": "RelevantCommunityMap",
            "title": "Relevant Community Map",
            "mimetype": "application\/vnd.google-apps.spreadsheet",
            "filetype": "gsheet",
            "pretty_type": "GDocs Spreadsheet",
            "user": "U048T3M8W",
            "editable": false,
            "size": 20624,
            "mode": "external",
            "is_external": true,
            "external_type": "gdrive",
            "is_public": true,
            "public_url_shared": false,
            "display_as_bot": false,
            "username": "",
            "url_private": "https:\/\/docs.google.com\/spreadsheets\/d\/1dgcYgLlhMdV8dJPxAGv0NjHCWDfRoJKvR9SVHIOd21Y\/edit?usp=drivesdk",
            "thumb_64": "https:\/\/a.slack-edge.com\/66f9\/img\/files\/gsheet_64.png",
            "thumb_360": "https:\/\/a.slack-edge.com\/66f9\/img\/files\/gsheet_360.png",
            "thumb_360_w": 360,
            "thumb_360_h": 167,
            "permalink": "https:\/\/synereonet.slack.com\/files\/lapin7\/F0GJ6E32N\/relevantcommunitymap",
            "channels": [
                "C0474AT8X",
                "C0474CFTH",
                "C0474C7V9"
            ],
            "groups": [
    
            ],
            "ims": [
    
            ],
            "comments_count": 0
        },
        "user": "U048T3M8W",
        "upload": false,
        "display_as_bot": false,
        "username": "<@U048T3M8W|lapin7>",
        "bot_id": null,
        "ts": "1450096077.000243"
    },
    {
        "type": "message",
        "user": "U048XN527",
        "text": "I'd be happy to contribute.",
        "ts": "1450096832.000244"
    },
    {
        "type": "message",
        "user": "U048XN527",
        "text": "If you gave me access to the Relevant Community Map, I would be happy to contribute as well.",
        "ts": "1450097126.000245",
        "reactions": [
            {
                "name": "heart",
                "users": [
                    "U0474E4KZ"
                ],
                "count": 1
            }
        ]
    },
    {
        "type": "message",
        "user": "U0474E4KZ",
        "text": "<@U049N8MT7>: can you send me a portfolio?",
        "ts": "1450097217.000246"
    },
    {
        "type": "message",
        "user": "U0474E4KZ",
        "text": "Hey <@U048XN527>! Missed you!",
        "ts": "1450097261.000247"
    },
    {
        "type": "message",
        "user": "U0474E4KZ",
        "text": "Good idea, <@U048T3M8W> . I'll set it up as soon as we finalize the details.",
        "ts": "1450097274.000248"
    },
    {
        "type": "message",
        "user": "U049N8MT7",
        "text": "<@U0474E4KZ> you can check some of my projects  on <http:\/\/www.behance.net\/sandroieva|www.behance.net\/sandroieva>",
        "ts": "1450099545.000249"
    },
    {
        "type": "message",
        "user": "U048XN527",
        "text": "Missed you all too. Very busy recording and producing projects. But I see there is a need so I thought I'd step out from the darkness.",
        "ts": "1450100024.000250"
    },
    {
        "type": "message",
        "user": "U048XN527",
        "text": "I added a couple more contact categories so users of the spreadsheet will not have to sift through it too much when extracting contact info.",
        "ts": "1450100087.000251"
    },
    {
        "type": "message",
        "user": "U048X85UT",
        "text": "I am jugling too many balls to devote a lot of time to synereo specifically.  Where I think I can help is in the area  of strategy and work on <#C04BLQ4CX> MVP's employing Synereo. We are contemplating NFS proposals solving for block chain identities and  multimodal authentication employing a Synereo user agent.  We have until friday to decide if there will be sufficient collaboration to make it worth our while to answer the solicitations.  <https:\/\/docs.google.com\/document\/d\/1bc3JeNJHO1pY5hscWfwsI95blKddrl_DRyab-8KQdYE\/edit#heading=h.kre4q9h19nkz>",
        "ts": "1450101298.000252"
    },
    {
        "type": "message",
        "user": "U048X85UT",
        "text": "<https:\/\/docs.google.com\/document\/d\/1GmMQ8y6go5ne15T2bQb7-8X7oh0wcdsZ-5WRUMOymJI\/edit#>",
        "ts": "1450101367.000253"
    },
    {
        "type": "message",
        "user": "U048XN527",
        "text": "<@U0474E4KZ> Adding some outside-the-box communities on the spreadsheet as well. Feel free to modify or remove any to your liking, of course.",
        "ts": "1450102245.000254"
    },
    {
        "type": "message",
        "user": "U0474E4KZ",
        "text": "<@U048XN527> :heart:",
        "ts": "1450103137.000255"
    },
    {
        "type": "message",
        "user": "U0474E4KZ",
        "text": "Great work on the community doc, <@U048T3M8W>. Do you want to continue leading and coordinating this effort?",
        "ts": "1450103435.000256"
    },
    {
        "type": "message",
        "user": "U0474E4KZ",
        "text": "Let's talk about a suitable bounty for it as well.",
        "ts": "1450103453.000257"
    },
    {
        "type": "message",
        "user": "U0474E4KZ",
        "text": "<@U049N8MT7>: very nice. Do you have one with animated projects as well?",
        "edited": {
            "user": "U0474E4KZ",
            "ts": "1450103566.000000"
        },
        "ts": "1450103558.000258"
    },
    {
        "type": "message",
        "user": "U049N8MT7",
        "text": "<@U0474E4KZ> yes there is one Animation Project i made for Qora",
        "ts": "1450105482.000260"
    },
    {
        "type": "message",
        "user": "U048XN527",
        "text": "<@U0474E4KZ> If <@U048T3M8W> isn't available, I'd be happy to help whenever... or share the responsibility. Open to whatever <@U048T3M8W> wants. What timezone are you in, <@U048T3M8W>? I'm in CST (St. Louis, Missouri, USA)",
        "ts": "1450106806.000261"
    },
    {
        "type": "message",
        "user": "U0474E4KZ",
        "text": "Thanks. We're also looking for someone to help us with tweets from the Synereo account -- I want to tweet one note\/update from the weekly update every day.",
        "ts": "1450107339.000262"
    },
    {
        "type": "message",
        "user": "U0474E4KZ",
        "text": "Is that something you'd want to do?",
        "ts": "1450107423.000263"
    },
    {
        "type": "message",
        "user": "U0474E4KZ",
        "text": "We also need ambassadors for every community, of course. :simple_smile:",
        "ts": "1450107438.000264"
    },
    {
        "type": "message",
        "user": "U048XN527",
        "text": "I could do that, <@U0474E4KZ> -- and possibly work as an ambassador here or there.",
        "ts": "1450113135.000265"
    },
    {
        "type": "message",
        "user": "U0474E4KZ",
        "text": "Awesomesauce.",
        "ts": "1450113153.000266"
    },
    {
        "type": "message",
        "user": "U0474E4KZ",
        "text": "I'm sending out a newsletter based on the first Scribe update shortly.",
        "ts": "1450113167.000267"
    },
    {
        "type": "message",
        "user": "U0474E4KZ",
        "text": "Ambassadors could work off of that.",
        "ts": "1450113173.000268"
    },
    {
        "type": "message",
        "user": "U048XN527",
        "text": "Send me an email with the details, as I want to make sure I do everything correctly and within Synereo guidlines. <mailto:adamhackbarth@outlook.com|adamhackbarth@outlook.com>",
        "ts": "1450113428.000269"
    },
    {
        "type": "message",
        "user": "U0474E4KZ",
        "text": "Sent you a test email.",
        "ts": "1450113596.000270"
    },
    {
        "type": "message",
        "user": "U048XN527",
        "text": "responded",
        "ts": "1450115328.000271"
    },
    {
        "type": "message",
        "user": "U0474E4KZ",
        "text": "Where to? I didn't get anything. Send to me directly please.",
        "ts": "1450119194.000272"
    },
    {
        "type": "message",
        "user": "U0474E4KZ",
        "text": "<@U048T3M8W> <@U04GDL62L> I sent you guys the bounty for Scribing. Hendrik, I sent you extra for taking over coordinating the task and becoming chief scribe. :heart:",
        "ts": "1450119356.000273"
    },
    {
        "type": "message",
        "user": "U0474E4KZ",
        "text": "<@U04BQ4FMC>: I'll send you what's coming your way when you accumulate a little bit more than 6$. The Omni fees start being somewhat meaningful compared to this sum.",
        "ts": "1450119395.000274"
    },
    {
        "type": "message",
        "user": "U0474E4KZ",
        "text": "(Hope you don't mind. If you do, PM me and I'll send it right away.)",
        "ts": "1450119406.000275"
    },
    {
        "type": "message",
        "user": "U04BQ4FMC",
        "text": "That's fine <@U0474E4KZ> .  I tried to send <@U048T3M8W>  10 amps as a test exchange, but couldn't because I don't have enough BTC to cover the tranX fee!  lolol  (someday soon Hendrik!)",
        "ts": "1450143714.000276"
    },
    {
        "type": "message",
        "user": "U04GDL62L",
        "text": "Thanks <@U0474E4KZ>. The bounty for scribing was received in my wallet at Mon, 14 Dec 2015 17:16:26 GMT.",
        "edited": {
            "user": "U04GDL62L",
            "ts": "1450146893.000000"
        },
        "ts": "1450146571.000277"
    },
    {
        "type": "message",
        "user": "U048T3M8W",
        "text": "<@U0474E4KZ> thanks a lot!!!  :grinning:",
        "ts": "1450164687.000281"
    }
]