[
    {
        "user": "U08A84HUP",
        "type": "message",
        "subtype": "channel_join",
        "text": "<@U08A84HUP|aramkris> has joined the channel",
        "ts": "1438155055.000012"
    },
    {
        "type": "message",
        "user": "U0474AYFT",
        "text": "Today's Synereo community hangout participants' link: <https:\/\/plus.google.com\/hangouts\/_\/hoaevent\/AP36tYexEOkwXHJfgKDSnp_ZhaEnA2kNXtoxAKD92MUlaP1BFI7zrQ?authuser=0&amp;eid=109002904706315055045&amp;hl=en>",
        "ts": "1438192758.000013"
    }
]