[
    {
        "user": "U0E5ULXQ9",
        "type": "message",
        "subtype": "channel_join",
        "text": "<@U0E5ULXQ9|voidspace> has joined the channel",
        "ts": "1447097364.000007"
    },
    {
        "type": "message",
        "user": "U04AJ2WH0",
        "text": "hey guys, i think I'm going to have to opt out of coming to the google hangouts. I've decided to finally remove myself from all of google services. I hate to sound anti capitalist but un-4chan-netly I've been reading to much about the Pentagon paradigm. if the conference calls happen on a different network please let me know. ",
        "ts": "1447102706.000008"
    },
    {
        "type": "message",
        "user": "U0474AYFT",
        "text": "Thanks for letting us know!",
        "ts": "1447105902.000009"
    },
    {
        "type": "message",
        "user": "U04BMCE7Q",
        "text": "IS <https:\/\/www.bittrex.com\/Market\/Index?MarketName=BTC-AMP>",
        "ts": "1447140559.000010"
    },
    {
        "type": "message",
        "user": "U04BMCE7Q",
        "text": "is this our AMPs or FAKE?",
        "ts": "1447140567.000011"
    },
    {
        "type": "message",
        "user": "U04BMCE7Q",
        "text": "this must be not our AMPs cause this coins worth nothing. i paid much more amount on crowdfunding",
        "ts": "1447140694.000012"
    }
]