[
    {
        "type": "message",
        "user": "U0474AYFT",
        "text": "Here's the participants' link for today's hangout: <https:\/\/plus.google.com\/hangouts\/_\/hoaevent\/AP36tYfUBdeQhAhONbfTJa_YFuAiFmqbuB-KldTGrui2uZq8I80PWA>",
        "ts": "1436983422.000231"
    },
    {
        "user": "U07N27RCH",
        "type": "message",
        "subtype": "channel_join",
        "text": "<@U07N27RCH|klemenito7> has joined the channel",
        "ts": "1437016685.000232"
    },
    {
        "user": "U07N3BYRM",
        "type": "message",
        "subtype": "channel_join",
        "text": "<@U07N3BYRM|samwa> has joined the channel",
        "ts": "1437019826.000233"
    }
]