[
    {
        "type": "message",
        "user": "U0474AT8P",
        "text": "thanks Sieva",
        "ts": "1428831677.000550"
    },
    {
        "user": "U04BVH4S0",
        "type": "message",
        "subtype": "channel_join",
        "text": "<@U04BVH4S0|vapor> has joined the channel",
        "ts": "1428843320.000551"
    },
    {
        "type": "message",
        "user": "U0474AT8P",
        "text": "<https:\/\/twitter.com\/Synereo\/status\/587267806116388865>",
        "attachments": [
            {
                "fallback": "<https:\/\/twitter.com\/Synereo|@Synereo>: Does Everything Seem Alright To You? <https:\/\/www.youtube.com\/watch?v=IxrfwsoTpis> #decentralize #socialmedia #bitcoin #startup",
                "ts": 1428850530,
                "author_name": "Synereo",
                "author_link": "https:\/\/twitter.com\/Synereo\/status\/587267806116388865",
                "author_icon": "https:\/\/pbs.twimg.com\/profile_images\/522790259789025280\/FKRuSK66_normal.png",
                "author_subname": "@Synereo",
                "text": "Does Everything Seem Alright To You? <https:\/\/www.youtube.com\/watch?v=IxrfwsoTpis> #decentralize #socialmedia #bitcoin #startup",
                "service_name": "twitter",
                "service_url": "https:\/\/twitter.com\/",
                "from_url": "https:\/\/twitter.com\/Synereo\/status\/587267806116388865",
                "id": 1
            }
        ],
        "ts": "1428856916.000552"
    },
    {
        "user": "U04BY90B0",
        "type": "message",
        "subtype": "channel_join",
        "text": "<@U04BY90B0|josecelano> has joined the channel",
        "ts": "1428872769.000554"
    }
]