[
    {
        "type": "message",
        "user": "U0474AYFT",
        "text": "Here's the participants' link: <https:\/\/plus.google.com\/hangouts\/_\/hoaevent\/AP36tYfD0Nm_hr3hTAtrQHQZYo7g41A8NcziZGJPvNR3X6vGTaOGpw?authuser=0&amp;eid=109002904706315055045&amp;hl=en>",
        "ts": "1436378444.000221"
    },
    {
        "type": "message",
        "subtype": "file_share",
        "text": "<@U0474E4KZ|dor> shared a file: <https:\/\/synereonet.slack.com\/files\/dor\/F071GM89L\/metanetapplicationidea|Metanet (application idea)>",
        "file": {
            "id": "F071GM89L",
            "created": 1435682037,
            "timestamp": 1435682037,
            "name": "Metanetapplicationidea",
            "title": "Metanet (application idea)",
            "mimetype": "application\/vnd.google-apps.document",
            "filetype": "gdoc",
            "pretty_type": "GDocs Document",
            "user": "U0474E4KZ",
            "editable": false,
            "size": 4652,
            "mode": "external",
            "is_external": true,
            "external_type": "gdrive",
            "is_public": true,
            "public_url_shared": false,
            "display_as_bot": false,
            "username": "",
            "url_private": "https:\/\/docs.google.com\/document\/d\/1BrBYGf3rUpjvIxvq0olh41rvanSkIwQQbj5_JuBsIE4\/edit?usp=drivesdk",
            "thumb_64": "https:\/\/a.slack-edge.com\/66f9\/img\/files\/gdraw_64.png",
            "thumb_360": "https:\/\/a.slack-edge.com\/272a\/img\/files\/gdoc_360.png",
            "thumb_360_w": 360,
            "thumb_360_h": 167,
            "permalink": "https:\/\/synereonet.slack.com\/files\/dor\/F071GM89L\/metanetapplicationidea",
            "channels": [
                "C0474CFTH",
                "C0474AT8X"
            ],
            "groups": [
    
            ],
            "ims": [
    
            ],
            "comments_count": 0
        },
        "user": "U0474E4KZ",
        "upload": false,
        "display_as_bot": false,
        "username": "<@U0474E4KZ|dor>",
        "bot_id": null,
        "ts": "1436381000.000223"
    }
]