[
    {
        "type": "message",
        "user": "U04AJ2WH0",
        "text": "time to turn up the heat.",
        "ts": "1442906525.000032"
    },
    {
        "type": "message",
        "user": "U04A8095T",
        "text": "<@U04BMCE7Q>: That article reminded me of this recent article: <http:\/\/www.economist.com\/news\/21664904-consortium-banks-have-15-competitor-bloombergs-1700-product-symphony-chat-service>  ... where there really are people that care about private chat applications.  Finance, banking, attorneys, etc.",
        "attachments": [
            {
                "service_name": "The Economist",
                "title": "Symphony, a chat service from Wall Street, takes on Bloomberg",
                "title_link": "http:\/\/www.economist.com\/news\/21664904-consortium-banks-have-15-competitor-bloombergs-1700-product-symphony-chat-service",
                "text": "STARTUPS typically strain to be noticed. Symphony, a new communication service backed by a consortium of 15 financial firms, did not have this problem. Its unveiling...",
                "fallback": "The Economist: Symphony, a chat service from Wall Street, takes on Bloomberg",
                "image_url": "https:\/\/cdn.static-economist.com\/sites\/default\/files\/images\/2015\/09\/articles\/main\/20150919_fnp504.jpg",
                "from_url": "http:\/\/www.economist.com\/news\/21664904-consortium-banks-have-15-competitor-bloombergs-1700-product-symphony-chat-service",
                "image_width": 444,
                "image_height": 250,
                "image_bytes": 63507,
                "id": 1
            }
        ],
        "ts": "1442940145.000033"
    },
    {
        "user": "U0B5FQTTQ",
        "type": "message",
        "subtype": "channel_join",
        "text": "<@U0B5FQTTQ|goldmanjordan> has joined the channel",
        "ts": "1442968852.000035"
    }
]