[
    {
        "type": "message",
        "user": "U0474AT8P",
        "text": "Our June Update is out:",
        "ts": "1435039793.000142"
    },
    {
        "type": "message",
        "user": "U0474AT8P",
        "text": "<http:\/\/blog.synereo.com\/2015\/06\/23\/synereo-june-update\/>",
        "attachments": [
            {
                "text": "Dear Synereo supporters,The time has come for another update on what the team has been working on. Synereo AMP Tokens DoubledAs mentioned in our previous upd...",
                "fallback": "Dear Synereo supporters,The time has come for another update on what the team has been working on. Synereo AMP Tokens DoubledAs mentioned in our previous upd...",
                "from_url": "http:\/\/blog.synereo.com\/2015\/06\/23\/synereo-june-update\/",
                "id": 1
            }
        ],
        "ts": "1435039794.000143"
    }
]