[
    {
        "type": "message",
        "user": "U0474E4KZ",
        "text": "The interview Martijn from Crowd Expedition did with me may serve that purpose. It should be available in a few days. It's relatively focused, though, and lacks touching on some of the philosophy of the design.",
        "ts": "1450619980.000316"
    },
    {
        "type": "message",
        "user": "U0474E4KZ",
        "text": "We'll see how it turns out. :simple_smile:",
        "ts": "1450619983.000317"
    },
    {
        "type": "message",
        "user": "U0474E4KZ",
        "text": "I gave a talk to the Israeli community a while back that did deal with Synereo's position in the grander scheme of things. It is perhaps the one I most enjoyed giving ever. It's in Hebrew, unfortunately. \n<https:\/\/www.youtube.com\/watch?v=fjKiJ0G1lgM>",
        "attachments": [
            {
                "service_name": "YouTube",
                "service_url": "https:\/\/www.youtube.com\/",
                "title": "\u05d8\u05db\u05e0\u05d5\u05dc\u05d5\u05d2\u05d9\u05d9\u05ea \u05d1\u05d9\u05d6\u05d5\u05e8 \u05d5\u05d4\u05ea\u05e4\u05ea\u05d7\u05d5\u05ea \u05d0\u05e0\u05d5\u05e9\u05d9\u05ea (\u05d3\u05d5\u05e8 \u05e7\u05d5\u05e0\u05e4\u05d5\u05e8\u05d8\u05d9, \u05d9\u05e0\u05d5\u05d0\u05e8 2015)",
                "title_link": "https:\/\/www.youtube.com\/watch?v=fjKiJ0G1lgM",
                "author_name": "Bitcoin Israel",
                "author_link": "https:\/\/www.youtube.com\/channel\/UC58YJLWM7hsKUZOQtmAHcvQ",
                "thumb_url": "https:\/\/i.ytimg.com\/vi\/fjKiJ0G1lgM\/hqdefault.jpg",
                "thumb_width": 480,
                "thumb_height": 360,
                "fallback": "YouTube Video: \u05d8\u05db\u05e0\u05d5\u05dc\u05d5\u05d2\u05d9\u05d9\u05ea \u05d1\u05d9\u05d6\u05d5\u05e8 \u05d5\u05d4\u05ea\u05e4\u05ea\u05d7\u05d5\u05ea \u05d0\u05e0\u05d5\u05e9\u05d9\u05ea (\u05d3\u05d5\u05e8 \u05e7\u05d5\u05e0\u05e4\u05d5\u05e8\u05d8\u05d9, \u05d9\u05e0\u05d5\u05d0\u05e8 2015)",
                "video_html": "<iframe width=\"400\" height=\"225\" src=\"https:\/\/www.youtube.com\/embed\/fjKiJ0G1lgM?feature=oembed&autoplay=1\" frameborder=\"0\" allowfullscreen><\/iframe>",
                "video_html_width": 400,
                "video_html_height": 225,
                "from_url": "https:\/\/www.youtube.com\/watch?v=fjKiJ0G1lgM",
                "id": 1
            }
        ],
        "ts": "1450620052.000318"
    },
    {
        "type": "message",
        "user": "U0474E4KZ",
        "text": "PPT available here if anyone's interested: <https:\/\/www.dropbox.com\/s\/5xccu140nmwtl0w\/Bitcoin%20Meetup%20Presentation%20Synereo%20Final.pptx?dl=0>",
        "ts": "1450620177.000320"
    },
    {
        "type": "message",
        "subtype": "file_share",
        "text": "<@U0474E4KZ|dor> shared a file: <https:\/\/synereonet.slack.com\/files\/dor\/F0H2M6Q2E\/bitcoin_meetup_presentation_synereo_final.pptx|Bitcoin Meetup Presentation Synereo Final.pptx>",
        "file": {
            "id": "F0H2M6Q2E",
            "created": 1450620187,
            "timestamp": 1450620187,
            "name": "Bitcoin Meetup Presentation Synereo Final.pptx",
            "title": "Bitcoin Meetup Presentation Synereo Final.pptx",
            "mimetype": "application\/vnd.openxmlformats-officedocument.presentationml.presentation",
            "filetype": "pptx",
            "pretty_type": "PowerPoint Presentation",
            "user": "U0474E4KZ",
            "editable": false,
            "size": 6146202,
            "mode": "external",
            "is_external": true,
            "external_type": "dropbox",
            "is_public": true,
            "public_url_shared": false,
            "display_as_bot": false,
            "username": "",
            "url_private": "https:\/\/www.dropbox.com\/s\/5xccu140nmwtl0w\/Bitcoin%20Meetup%20Presentation%20Synereo%20Final.pptx?dl=0",
            "permalink": "https:\/\/synereonet.slack.com\/files\/dor\/F0H2M6Q2E\/bitcoin_meetup_presentation_synereo_final.pptx",
            "channels": [
                "C0474AT8X"
            ],
            "groups": [
    
            ],
            "ims": [
    
            ],
            "comments_count": 0
        },
        "user": "U0474E4KZ",
        "upload": false,
        "display_as_bot": false,
        "username": "<@U0474E4KZ|dor>",
        "bot_id": null,
        "ts": "1450620187.000322"
    },
    {
        "type": "message",
        "user": "U048XN527",
        "text": "Will I have Twitter access or should I not be concerned with that?",
        "ts": "1450626039.000323"
    },
    {
        "type": "message",
        "user": "U0474E4KZ",
        "text": "Yeah!",
        "ts": "1450630248.000324"
    },
    {
        "type": "message",
        "user": "U0474E4KZ",
        "text": "<@U0FESR742>",
        "edited": {
            "user": "U0474E4KZ",
            "ts": "1450630256.000000"
        },
        "ts": "1450630252.000325"
    },
    {
        "type": "message",
        "user": "U04A8095T",
        "text": "Watching what is happening around the Telegram app is quite interesting:  <http:\/\/techcrunch.com\/2015\/12\/16\/brazils-congress-has-shut-down-whatsapp-tonight-and-the-rest-of-the-social-web-could-be-next\/?ncid=tcweekly#.39vu3n:v3E0>",
        "attachments": [
            {
                "service_name": "TechCrunch",
                "service_url": "http:\/\/techcrunch.com",
                "title": "UPDATE: Brazilian Judge Shuts Down WhatsApp And Brazil\u2019s Congress Wants To Shut Down The Social Web\u00a0Next",
                "title_link": "http:\/\/techcrunch.com\/2015\/12\/16\/brazils-congress-has-shut-down-whatsapp-tonight-and-the-rest-of-the-social-web-could-be-next\/?ncid=tcweekly",
                "author_name": "Julie Ruvolo",
                "thumb_url": "https:\/\/i1.wp.com\/tctechcrunch2011.files.wordpress.com\/2015\/12\/brazil-whatsapp.png?fit=200%2C150",
                "thumb_width": 200,
                "thumb_height": 112,
                "text": "A temporary WhatsApp shutdown is not even close to the craziest thing happening with the Brazilian internet right now. If Brazil\u2019s conservative Congress gets its way, they\u2019re going to take down the entire social web as we know it, with bills circulating through the legislature to criminalize posting social media content and allow the government to spy on its citizens.",
                "fallback": "TechCrunch Link: UPDATE: Brazilian Judge Shuts Down WhatsApp And Brazil&#8217;s Congress Wants To Shut Down The Social Web&nbsp;Next",
                "from_url": "http:\/\/techcrunch.com\/2015\/12\/16\/brazils-congress-has-shut-down-whatsapp-tonight-and-the-rest-of-the-social-web-could-be-next\/?ncid=tcweekly#.39vu3n:v3E0",
                "id": 1
            }
        ],
        "ts": "1450633659.000327"
    },
    {
        "type": "message",
        "user": "U0474E4KZ",
        "text": "\"Overnight, messaging app Telegram gained 5 million new Brazilian users,\"",
        "ts": "1450648711.000329"
    }
]