[
    {
        "type": "message",
        "user": "U0474AT8P",
        "text": "The Synereo Community Hangout is TODAY at 19 GMT. Join the team for the latest news and updates. <https:\/\/plus.google.com\/u\/0\/b\/109002904706315055045\/events\/cl0g1h34gjbaurucffklk14h0p0?n=1>",
        "attachments": [
            {
                "service_name": "Google+",
                "title": "Synereo Community Hangout - Google+",
                "title_link": "https:\/\/plus.google.com\/u\/0\/b\/109002904706315055045\/events\/cl0g1h34gjbaurucffklk14h0p0?n=1",
                "text": "Join the Synereo Team each Wednesday for the latest news and updates, discussion related to the project and its progress, development, social contracts, bounties, app ideas, and a lot more.",
                "fallback": "Google+: Synereo Community Hangout - Google+",
                "image_url": "https:\/\/lh3.googleusercontent.com\/-HhFSGyYqghk\/VcAOVyYO4gI\/AAAAAAAAAAA\/L78bM6q8Kks\/w940-h280-n\/event_theme.jpg",
                "from_url": "https:\/\/plus.google.com\/u\/0\/b\/109002904706315055045\/events\/cl0g1h34gjbaurucffklk14h0p0?n=1",
                "image_width": 839,
                "image_height": 250,
                "image_bytes": 32551,
                "id": 1
            }
        ],
        "ts": "1438791697.000014"
    },
    {
        "type": "message",
        "user": "U0474AYFT",
        "text": "Here's today's participants' link: <https:\/\/plus.google.com\/hangouts\/_\/hoaevent\/AP36tYe0tTV9zlujaljRZeSPcRJ4b8rGgqDKdukuL0x7Dv7X8yNhhw?eid=109002904706315055045&amp;hl=en&amp;authuser=0>",
        "ts": "1438797830.000016"
    },
    {
        "type": "message",
        "user": "U048QD6CG",
        "text": "thats a really rought time for any US participant",
        "ts": "1438815282.000017"
    },
    {
        "type": "message",
        "user": "U0559PP4Z",
        "text": "Hey is there a way I can get into here via IRC?",
        "ts": "1438833268.000018"
    }
]