[
    {
        "user": "U04DR38BE",
        "type": "message",
        "subtype": "channel_join",
        "text": "<@U04DR38BE|bit4freedom> has joined the channel",
        "ts": "1429192120.000611"
    },
    {
        "user": "U04EFKRFR",
        "type": "message",
        "subtype": "channel_join",
        "text": "<@U04EFKRFR|connie> has joined the channel",
        "ts": "1429201429.000612"
    },
    {
        "type": "message",
        "user": "U049CMCCZ",
        "text": "Something No One Owns - great eye-opener and intro to Synereo to the masses!\n\nI enjoyed the article of Victoria Wagner Ross - especially the display of the social network comparison! \n\nFrom the cointelegraph article I came over this comment by <@U0474E4KZ>, and I think that is a very important piece of information to get more out to the public! (might already have happened @ another site?):\n\n&gt;It should be mentioned that for all intents and purposes, this is a completely distributed server running on a user's local machine, capable of creating an Internet network without relying on any central server. All communication, logic, storage, and consensus needs are met!\n\nLastly it is clear to me that you guys have been working so many years with this project, that it is highly overdue you get some funds to support the project!\nObviously you and family life still demands fiat to exist :simple_smile:\nHopefully plenty more people will throw funds your way!",
        "edited": {
            "user": "U049CMCCZ",
            "ts": "1429212951.000000"
        },
        "ts": "1429212896.000613"
    },
    {
        "type": "message",
        "user": "U0474E4KZ",
        "text": "Thank you for the kind words, Henri.",
        "ts": "1429214556.000615"
    },
    {
        "type": "message",
        "user": "U0474AYFT",
        "text": ":heart:",
        "ts": "1429214586.000616"
    }
]