[
    {
        "type": "message",
        "user": "U04BQ4FMC",
        "text": "when the genie gets out of the bottle...",
        "ts": "1450721327.000330"
    },
    {
        "type": "message",
        "user": "U0474E4KZ",
        "text": "I'm about to post the recent scribe update.",
        "ts": "1450742123.000331"
    },
    {
        "type": "message",
        "user": "U0474E4KZ",
        "text": "Who contributed to it this time?",
        "ts": "1450742130.000332"
    },
    {
        "type": "message",
        "user": "U0474E4KZ",
        "text": "<@U048T3M8W>",
        "edited": {
            "user": "U0474E4KZ",
            "ts": "1450742134.000000"
        },
        "ts": "1450742131.000333"
    },
    {
        "type": "message",
        "user": "U0474E4KZ",
        "text": "<http:\/\/blog.synereo.com\/2015\/12\/21\/Synereo-Update-16.12-Scribed\/>",
        "attachments": [
            {
                "text": "Update SummaryAs we continue the tradition of summarizing the updates of our weekly hangout, we bring to you a summary of the events of the past week, courte...",
                "fallback": "Update SummaryAs we continue the tradition of summarizing the updates of our weekly hangout, we bring to you a summary of the events of the past week, courte...",
                "from_url": "http:\/\/blog.synereo.com\/2015\/12\/21\/Synereo-Update-16.12-Scribed\/",
                "id": 1
            }
        ],
        "ts": "1450742906.000335"
    }
]