[
    {
        "user": "U07PB4LE6",
        "type": "message",
        "subtype": "channel_join",
        "text": "<@U07PB4LE6|darryl> has joined the channel",
        "ts": "1437075544.000234"
    },
    {
        "type": "message",
        "user": "U0474AYFT",
        "text": "i need to move tomorow's Scala tutorial to 1:00pm PDT.",
        "ts": "1437076973.000235"
    },
    {
        "type": "message",
        "user": "U0474AYFT",
        "text": "<https:\/\/plus.google.com\/u\/0\/b\/109002904706315055045\/events\/cr11dksnhdqael92b1kq1pc7hdo>",
        "attachments": [
            {
                "service_name": "Google+",
                "title": "Synereo Community Scala tutorial - Pt II - Google+",
                "title_link": "https:\/\/plus.google.com\/u\/0\/b\/109002904706315055045\/events\/cr11dksnhdqael92b1kq1pc7hdo",
                "text": "Synereo Community Scala tutorial - Pt II",
                "fallback": "Google+: Synereo Community Scala tutorial - Pt II - Google+",
                "image_url": "https:\/\/lh3.googleusercontent.com\/_tcY7QLx6X_8\/UY1_0TJEqGI\/AAAAAAAACLo\/Ls1BaI-xmIQ\/w940-h280-n\/06_hangouts_yellow.jpg.png",
                "from_url": "https:\/\/plus.google.com\/u\/0\/b\/109002904706315055045\/events\/cr11dksnhdqael92b1kq1pc7hdo",
                "image_width": 839,
                "image_height": 250,
                "image_bytes": 201345,
                "id": 1
            }
        ],
        "ts": "1437077071.000236"
    },
    {
        "type": "message",
        "user": "U048X85UT",
        "text": "I wish I could be there, I am travelling tomorrow through monday.  I look forward to the video.",
        "ts": "1437080005.000238"
    },
    {
        "type": "message",
        "user": "U048X85UT",
        "text": "I missed the hangout this week because my job got in the way of our work.  At least I am missing this for a good reason, my youngest (30) daughter's wedding. :simple_smile:",
        "ts": "1437080128.000239"
    },
    {
        "type": "message",
        "user": "U0474AYFT",
        "text": "Congratulations!",
        "ts": "1437088770.000240"
    }
]