[
    {
        "type": "message",
        "user": "U049N8MT7",
        "text": "How can i Send my AMP from Omniwallet to Bittrex? ",
        "ts": "1446635229.000069"
    },
    {
        "type": "message",
        "user": "U049N8MT7",
        "text": "In Omni i have Amount And Value ... Not shure how this Works ",
        "ts": "1446635289.000070"
    },
    {
        "type": "message",
        "user": "U0474AT8P",
        "text": "Send the amount of AMPs you want to your Bittrex AMP address",
        "ts": "1446647153.000071"
    },
    {
        "type": "message",
        "user": "U0474AT8P",
        "text": "Today\u2019s Synereo Community Hangout at 7PM GMT\n\n<https:\/\/plus.google.com\/u\/0\/b\/109002904706315055045\/events\/cic3v9n0r19b7kpec05e8b3ut2g>",
        "attachments": [
            {
                "service_name": "Google+",
                "title": "Synereo Community Hangout - Google+",
                "title_link": "https:\/\/plus.google.com\/u\/0\/b\/109002904706315055045\/events\/cic3v9n0r19b7kpec05e8b3ut2g",
                "text": "Join the Synereo Team each Wednesday for the latest news and updates, discussion related to the project and its progress, development, social contracts, bounties, app ideas, and a lot more.",
                "fallback": "Google+: Synereo Community Hangout - Google+",
                "image_url": "https:\/\/lh3.googleusercontent.com\/-Gv2g43kFO4A\/VjFT6RmLJQI\/AAAAAAAAAAA\/nZKEkdEKVsU\/w940-h280-n\/event_theme.jpg",
                "from_url": "https:\/\/plus.google.com\/u\/0\/b\/109002904706315055045\/events\/cic3v9n0r19b7kpec05e8b3ut2g",
                "image_width": 839,
                "image_height": 250,
                "image_bytes": 32551,
                "id": 1
            }
        ],
        "ts": "1446648939.000072"
    },
    {
        "type": "message",
        "user": "U0474AYFT",
        "text": "Here's the participants' link for today's hangout: <https:\/\/plus.google.com\/hangouts\/_\/hoaevent\/AP36tYfxi_RpZULZA_OCzfumVF7DgBQ3NxkRZ5FEzqUgYSOVeDsaFQ?eid=109002904706315055045&amp;hl=en&amp;authuser=1>",
        "ts": "1446664135.000074"
    },
    {
        "type": "message",
        "user": "U048X85UT",
        "text": "we do not see you there <@U0474AYFT>",
        "ts": "1446664254.000075"
    },
    {
        "type": "message",
        "user": "U048X85UT",
        "text": "now we do",
        "ts": "1446664265.000076"
    },
    {
        "type": "message",
        "user": "U0474AYFT",
        "text": "Sorry: Here's the correct link for today's Synereo Community Hangout: <https:\/\/plus.google.com\/hangouts\/_\/hoaevent\/AP36tYewiZtstg37DHzd_2iNiXQ8kWeX8vwRixcp-RLT0HerQ1jc_g?eid=109002904706315055045&amp;hl=en&amp;authuser=1>",
        "ts": "1446664437.000077"
    },
    {
        "type": "message",
        "user": "U0474AT8P",
        "text": "My fault messed up the dates!",
        "ts": "1446670120.000078"
    },
    {
        "type": "message",
        "user": "U0474AYFT",
        "text": "No worries!",
        "ts": "1446680947.000079"
    }
]