[
    {
        "type": "message",
        "user": "U04BMCE7Q",
        "text": "Bitcoin roller coaster is back",
        "ts": "1436588371.000227"
    },
    {
        "type": "message",
        "user": "U04BMCE7Q",
        "text": "<http:\/\/i.imgur.com\/SbHh8Li.gif>",
        "attachments": [
            {
                "fallback": "500x500px image",
                "image_url": "http:\/\/i.imgur.com\/SbHh8Li.gif",
                "image_width": 500,
                "image_height": 500,
                "image_bytes": 385470,
                "from_url": "http:\/\/i.imgur.com\/SbHh8Li.gif",
                "id": 1
            }
        ],
        "ts": "1436588372.000228"
    }
]