[
    {
        "type": "message",
        "user": "U04BMCE7Q",
        "text": "I AM",
        "ts": "1430306382.000829"
    },
    {
        "type": "message",
        "user": "U04BMCE7Q",
        "text": "<http:\/\/i.imgur.com\/rObHl2D.jpg>",
        "attachments": [
            {
                "from_url": "http:\/\/i.imgur.com\/rObHl2D.jpg",
                "fallback": "500x598px image",
                "image_url": "http:\/\/i.imgur.com\/rObHl2D.jpg",
                "image_width": 500,
                "image_height": 598,
                "image_bytes": 141461,
                "id": 1
            }
        ],
        "ts": "1430306539.000830"
    },
    {
        "type": "message",
        "user": "U0474AT8P",
        "text": "good idea <@U0474AYFT>",
        "ts": "1430324520.000832"
    },
    {
        "type": "message",
        "user": "U0474AYFT",
        "text": "The Synereo Community Hangout happens in just under 2hours: <https:\/\/plus.google.com\/u\/0\/b\/109002904706315055045\/events\/cdt338gkb7t4ki4m5g1st26ojfg>",
        "attachments": [
            {
                "service_name": "Google+",
                "title": "Synereo Community Hangout - AMP distribution & hackathon - Google+",
                "title_link": "https:\/\/plus.google.com\/u\/0\/b\/109002904706315055045\/events\/cdt338gkb7t4ki4m5g1st26ojfg",
                "text": "This week will be discussing AMP distribution timelines and our upcoming hackathon.",
                "fallback": "Google+: Synereo Community Hangout - AMP distribution &amp; hackathon - Google+",
                "image_url": "https:\/\/lh3.googleusercontent.com\/_tcY7QLx6X_8\/UY1_0TJEqGI\/AAAAAAAACLo\/Ls1BaI-xmIQ\/w940-h280-n\/06_hangouts_yellow.jpg.png",
                "from_url": "https:\/\/plus.google.com\/u\/0\/b\/109002904706315055045\/events\/cdt338gkb7t4ki4m5g1st26ojfg",
                "image_width": 839,
                "image_height": 250,
                "image_bytes": 201345,
                "id": 1
            }
        ],
        "ts": "1430331500.000833"
    },
    {
        "type": "message",
        "user": "U0474AYFT",
        "text": "i'll be posting the participants link here at the top of the session.",
        "ts": "1430331524.000835"
    },
    {
        "type": "message",
        "user": "U0474AYFT",
        "text": "<https:\/\/plus.google.com\/hangouts\/_\/hoaevent\/AP36tYfEEdnNpfm_vjKqDYYTIpW5ajfemrg-Fp4CFNvdaGC-JR_ftQ?authuser=0&amp;eid=109002904706315055045&amp;hl=en>",
        "ts": "1430337555.000836"
    },
    {
        "user": "U04KFPNHQ",
        "type": "message",
        "subtype": "channel_join",
        "text": "<@U04KFPNHQ|step21> has joined the channel",
        "ts": "1430338179.000837"
    }
]