[
    {
        "type": "message",
        "user": "U048T3M8W",
        "text": "Hi, I see that <@U04L5FD9S> made it to this group. :simple_smile: And I think I missed the UI presentation. Thought the happening would be today.",
        "ts": "1430927829.001027"
    },
    {
        "type": "message",
        "user": "U04GDL62L",
        "text": "Please confirm the time for the 'on-boarding' hangout today.",
        "ts": "1430931515.001028"
    },
    {
        "type": "message",
        "user": "U0474AYFT",
        "text": "Today's on-boarding is 17:00PDT.",
        "ts": "1430932049.001029"
    },
    {
        "type": "message",
        "user": "U0474AYFT",
        "text": "i can do an earlier time slot on Monday, i others need that.",
        "ts": "1430932073.001030"
    },
    {
        "type": "message",
        "user": "U0474AYFT",
        "text": "<https:\/\/plus.google.com\/u\/0\/b\/109002904706315055045\/events\/cdt8gdnuk45m98195d7jeigp71g>",
        "attachments": [
            {
                "service_name": "Google+",
                "title": "Synereo Community Hangout - UI\/UX experience in the MVP - Google+",
                "title_link": "https:\/\/plus.google.com\/u\/0\/b\/109002904706315055045\/events\/cdt8gdnuk45m98195d7jeigp71g",
                "text": "Synereo Community Hangout - UI\/UX experience in the MVP",
                "fallback": "Google+: Synereo Community Hangout - UI\/UX experience in the MVP - Google+",
                "image_url": "https:\/\/lh3.googleusercontent.com\/_tcY7QLx6X_8\/UY1_0TJEqGI\/AAAAAAAACLo\/Ls1BaI-xmIQ\/w940-h280-n\/06_hangouts_yellow.jpg.png",
                "from_url": "https:\/\/plus.google.com\/u\/0\/b\/109002904706315055045\/events\/cdt8gdnuk45m98195d7jeigp71g",
                "image_width": 839,
                "image_height": 250,
                "image_bytes": 201345,
                "id": 1
            }
        ],
        "ts": "1430933139.001031"
    },
    {
        "type": "message",
        "user": "U048T3M8W",
        "text": "Hi <@U049CMBV9> yeah ride-sharing with AMP would be great. Have you also heard about <http:\/\/lazooz.org> ? Their idea is great as well. When you drive you earn km's from riders, that you can spent later when you're a rider with another driver. What I don't understand is that Travis Kalanick is setting up his business Uber in a centralised way. And he was in 90-ties at the forefront of P2P, just before Napster. It would be great if he could make Uber in a decentralised and distributed way. I don't want a think about the effects of a single organisation having the sole access to all the movements of all people on the planet....",
        "ts": "1430934076.001033"
    },
    {
        "type": "message",
        "user": "U0474AYFT",
        "text": "Here's the participant's link the community hangout for <https:\/\/plus.google.com\/hangouts\/_\/hoaevent\/AP36tYe-69hDMWWla4C9nVcZY2FT4wxm3r9d0kJRFxAL9Rm2wHyHeA?authuser=0&amp;eid=109002904706315055045&amp;hl=en>",
        "ts": "1430942542.001034"
    },
    {
        "user": "U04P29Y6F",
        "type": "message",
        "subtype": "channel_join",
        "text": "<@U04P29Y6F|stephenpk> has joined the channel",
        "ts": "1430947841.001035"
    },
    {
        "type": "message",
        "user": "U0474AYFT",
        "text": "Here's the link for the early access on-boarding.",
        "ts": "1430953940.001036"
    },
    {
        "type": "message",
        "user": "U0474AYFT",
        "text": "<https:\/\/plus.google.com\/u\/0\/b\/109002904706315055045\/events\/cf944nj49ado5hte96hn1pe1el4>",
        "attachments": [
            {
                "service_name": "Google+",
                "title": "Synereo Early Access On-boarding - Google+",
                "title_link": "https:\/\/plus.google.com\/u\/0\/b\/109002904706315055045\/events\/cf944nj49ado5hte96hn1pe1el4",
                "text": "Synereo Early Access On-boarding",
                "fallback": "Google+: Synereo Early Access On-boarding - Google+",
                "image_url": "https:\/\/lh3.googleusercontent.com\/_tcY7QLx6X_8\/UY1_0TJEqGI\/AAAAAAAACLo\/Ls1BaI-xmIQ\/w940-h280-n\/06_hangouts_yellow.jpg.png",
                "from_url": "https:\/\/plus.google.com\/u\/0\/b\/109002904706315055045\/events\/cf944nj49ado5hte96hn1pe1el4",
                "image_width": 839,
                "image_height": 250,
                "image_bytes": 201345,
                "id": 1
            }
        ],
        "ts": "1430954205.001037"
    },
    {
        "type": "message",
        "user": "U0474AYFT",
        "text": "<https:\/\/plus.google.com\/u\/0\/b\/109002904706315055045\/events\/cf944nj49ado5hte96hn1pe1el4>",
        "ts": "1430957009.001039"
    },
    {
        "type": "message",
        "user": "U0474AYFT",
        "text": "There's the participant's link.",
        "ts": "1430957022.001040"
    },
    {
        "type": "message",
        "user": "U0474AYFT",
        "text": "<https:\/\/plus.google.com\/hangouts\/_\/hoaevent\/AP36tYf-EC5n6HQjvgZqb0SlE8bXzigjI-xxnKrHBK6i2LEHUOjpyg?authuser=0&amp;eid=109002904706315055045&amp;hl=en>",
        "ts": "1430957286.001041"
    }
]