[
    {
        "type": "message",
        "user": "U0474E4KZ",
        "text": "Yes, we've received confirmation that this is happening.",
        "ts": "1446559269.000051"
    },
    {
        "type": "message",
        "user": "U0474E4KZ",
        "text": "No ETA yet.",
        "ts": "1446559270.000052"
    },
    {
        "type": "message",
        "user": "U0474E4KZ",
        "text": "<@U04BB1PCG>",
        "ts": "1446559291.000053"
    },
    {
        "type": "message",
        "user": "U0474E4KZ",
        "text": "We sold some AMPs recently and are extending the offer to the rest of our community.",
        "ts": "1446559313.000054"
    },
    {
        "type": "message",
        "user": "U0474E4KZ",
        "text": "<https:\/\/bitcointalk.org\/index.php?topic=995987.msg12868350#msg12868350>",
        "attachments": [
            {
                "text": "[ANN] AMP - The Currency That Powers Your Attention On Synereo",
                "fallback": "[ANN] AMP - The Currency That Powers Your Attention On Synereo",
                "from_url": "https:\/\/bitcointalk.org\/index.php?topic=995987.msg12868350#msg12868350",
                "id": 1
            }
        ],
        "ts": "1446559314.000055"
    },
    {
        "type": "message",
        "user": "U04BB1PCG",
        "text": "Great!",
        "ts": "1446559322.000057"
    },
    {
        "type": "message",
        "user": "U0474E4KZ",
        "text": "If anyone wants to purchase more AMPs directly from us and help fund Synereo, please see the post above.",
        "ts": "1446559338.000058"
    },
    {
        "type": "message",
        "user": "U0474E4KZ",
        "text": "Spread it to anyone you think may be interested.",
        "ts": "1446559343.000059"
    },
    {
        "type": "message",
        "user": "U049CMCCZ",
        "text": "<@U0474E4KZ> have a look here <https:\/\/bittrex.com>\nSearch for AMP\nYou will see that they already have them listed - but as Disabled\nMaybe contact them and make them correct the name from SynerosAMP to SynereoAMP",
        "ts": "1446572462.000060"
    },
    {
        "type": "message",
        "user": "U048X85UT",
        "text": "Their here <https:\/\/c-cex.com\/?p=amp-btc>",
        "ts": "1446572572.000061"
    },
    {
        "type": "message",
        "user": "U048X85UT",
        "text": "<https:\/\/twitter.com\/Synereo\/status\/661547861151100928>",
        "attachments": [
            {
                "fallback": "<https:\/\/twitter.com\/Synereo|@Synereo>: We are thrilled to announce that <https:\/\/twitter.com\/Synereo|@Synereo>\u2019s AMP token is now supported on <https:\/\/twitter.com\/CryptoCurrEncyX|@CryptoCurrEncyX> <https:\/\/c-cex.com\/?p=amp-btc> #bitcoin #social #startup",
                "ts": 1446560275,
                "author_name": "Synereo",
                "author_link": "https:\/\/twitter.com\/Synereo\/status\/661547861151100928",
                "author_icon": "https:\/\/pbs.twimg.com\/profile_images\/522790259789025280\/FKRuSK66_normal.png",
                "author_subname": "@Synereo",
                "text": "We are thrilled to announce that <https:\/\/twitter.com\/Synereo|@Synereo>\u2019s AMP token is now supported on <https:\/\/twitter.com\/CryptoCurrEncyX|@CryptoCurrEncyX> <https:\/\/c-cex.com\/?p=amp-btc> #bitcoin #social #startup",
                "service_name": "twitter",
                "service_url": "https:\/\/twitter.com\/",
                "from_url": "https:\/\/twitter.com\/Synereo\/status\/661547861151100928",
                "id": 1
            }
        ],
        "ts": "1446572983.000062"
    },
    {
        "type": "message",
        "user": "U0474E4KZ",
        "text": "Thanks Henri!",
        "edited": {
            "user": "U0474E4KZ",
            "ts": "1446573310.000000"
        },
        "ts": "1446573165.000064"
    },
    {
        "type": "message",
        "user": "U048X85UT",
        "text": "Buying them direct to support Synereo is a much better deal.",
        "ts": "1446573705.000066"
    },
    {
        "type": "message",
        "user": "U0474AT8P",
        "text": "Yes we are on Bittrex too!\n\n<https:\/\/www.bittrex.com\/Market\/Index?MarketName=BTC-AMP>",
        "ts": "1446597927.000067"
    },
    {
        "type": "message",
        "user": "U04BB1PCG",
        "text": "Two exchanges list AMP, exciting times! :grinning:",
        "ts": "1446622229.000068"
    }
]