[
    {
        "user": "U049N8MT7",
        "type": "message",
        "subtype": "channel_join",
        "text": "<@U049N8MT7|sieva> has joined the channel",
        "ts": "1428229507.000223"
    },
    {
        "type": "message",
        "user": "U049N8MT7",
        "text": "Hello Everyone, iam a graphic designer from Hamburg Germany and i hope i can bring my skills to this project.",
        "ts": "1428229719.000224"
    },
    {
        "type": "message",
        "user": "U0474AT8P",
        "text": "welcome <@U049N8MT7>",
        "ts": "1428237309.000225"
    },
    {
        "type": "message",
        "user": "U0474AT8P",
        "text": "good to see you again.",
        "ts": "1428237316.000226"
    },
    {
        "user": "U049NM6LD",
        "type": "message",
        "subtype": "channel_join",
        "text": "<@U049NM6LD|judith> has joined the channel",
        "ts": "1428238061.000227"
    },
    {
        "type": "message",
        "user": "U048X85UT",
        "text": "Thank you sieva!",
        "ts": "1428238607.000228"
    },
    {
        "user": "U049P3U4R",
        "type": "message",
        "subtype": "channel_join",
        "text": "<@U049P3U4R|hiroshi> has joined the channel",
        "ts": "1428244541.000229"
    },
    {
        "user": "U049PNVB3",
        "type": "message",
        "subtype": "channel_join",
        "text": "<@U049PNVB3|splicious> has joined the channel",
        "ts": "1428253136.000230"
    },
    {
        "type": "message",
        "user": "U0474E4KZ",
        "text": "How's this, <@U049CMCCZ>? \n<https:\/\/www.youtube.com\/watch?v=pswRWPDzq6I>",
        "attachments": [
            {
                "service_name": "YouTube",
                "service_url": "http:\/\/www.youtube.com\/",
                "title": "Synereo Tech Demo",
                "title_link": "https:\/\/www.youtube.com\/watch?v=pswRWPDzq6I",
                "author_name": "Synereo",
                "author_link": "http:\/\/www.youtube.com\/channel\/UCU5CBbxAeFYnodf32w3ahOQ",
                "thumb_url": "http:\/\/i.ytimg.com\/vi\/pswRWPDzq6I\/hqdefault.jpg",
                "thumb_width": 480,
                "thumb_height": 360,
                "fallback": "YouTube Video: Synereo Tech Demo",
                "video_html": "<iframe width=\"400\" height=\"225\" src=\"http:\/\/www.youtube.com\/embed\/pswRWPDzq6I?feature=oembed\" frameborder=\"0\" allowfullscreen><\/iframe>",
                "video_html_width": 400,
                "video_html_height": 225,
                "from_url": "https:\/\/www.youtube.com\/watch?v=pswRWPDzq6I",
                "id": 1
            }
        ],
        "ts": "1428262145.000231"
    },
    {
        "type": "message",
        "user": "U049CMCCZ",
        "text": "watching now :simple_smile:",
        "ts": "1428262178.000233"
    },
    {
        "type": "message",
        "user": "U0474E4KZ",
        "text": "I added subtitles. That may not be enough, though.",
        "ts": "1428263746.000234"
    },
    {
        "type": "message",
        "user": "U049CMCCZ",
        "text": "will watch it again",
        "ts": "1428263760.000235"
    },
    {
        "type": "message",
        "user": "U0474E4KZ",
        "text": "People I've asked tell me that it's legible, but you - and I'm sure others - have trouble with it.",
        "ts": "1428263765.000236"
    },
    {
        "type": "message",
        "user": "U0474E4KZ",
        "text": "If there's anyone here with a presentable voice that wants to record the voice over and let us implement it in the video, that will be much appreciated.",
        "ts": "1428263805.000237"
    },
    {
        "type": "message",
        "user": "U049CMCCZ",
        "text": "nah I'm actually OK with it - there are just some spoken passages which I feel was kinda not clear enough",
        "ts": "1428263831.000238"
    },
    {
        "type": "message",
        "user": "U049CMCCZ",
        "text": "let me watch it again and try to point them out if I can",
        "ts": "1428263872.000239"
    },
    {
        "type": "message",
        "user": "U049CMCCZ",
        "text": "Obviously the more I watch it the more I understand what is being said, but if I may point out a few sequences which I don't understand it would be the introduction, which I could of course just read myself and then these passages:\n:42-:49\n:52-:56\n1:24-1:26\n2:22-2:24\n2:28-2:30\n2:31-2:34\nThere are also a few places where you become a bit subdued maybe because you are moving away from the mic?",
        "edited": {
            "user": "U049CMCCZ",
            "ts": "1428264958.000000"
        },
        "ts": "1428264697.000240"
    },
    {
        "type": "message",
        "user": "U049CMCCZ",
        "text": "I feel bad that I'm such a boogeyman over this",
        "ts": "1428265046.000243"
    },
    {
        "type": "message",
        "user": "U049CMCCZ",
        "text": "would love to hear from others if it's just me who are being foolish",
        "ts": "1428265075.000244"
    },
    {
        "type": "message",
        "user": "U04954VEH",
        "text": "It really improved having the subtitles. It would be better turn them on by default <https:\/\/www.youtube.com\/watch?v=nsTrcipKBcg>",
        "attachments": [
            {
                "service_name": "YouTube",
                "service_url": "http:\/\/www.youtube.com\/",
                "title": "How To Force YouTube Captions to be Turned On [Creators Tip #126]",
                "title_link": "https:\/\/www.youtube.com\/watch?v=nsTrcipKBcg",
                "author_name": "ReelSEO",
                "author_link": "http:\/\/www.youtube.com\/user\/reelseo",
                "thumb_url": "http:\/\/i.ytimg.com\/vi\/nsTrcipKBcg\/hqdefault.jpg",
                "thumb_width": 480,
                "thumb_height": 360,
                "fallback": "YouTube Video: How To Force YouTube Captions to be Turned On [Creators Tip #126]",
                "video_html": "<iframe width=\"400\" height=\"225\" src=\"http:\/\/www.youtube.com\/embed\/nsTrcipKBcg?feature=oembed\" frameborder=\"0\" allowfullscreen><\/iframe>",
                "video_html_width": 400,
                "video_html_height": 225,
                "from_url": "https:\/\/www.youtube.com\/watch?v=nsTrcipKBcg",
                "id": 1
            }
        ],
        "ts": "1428265135.000245"
    },
    {
        "type": "message",
        "user": "U049CMCCZ",
        "text": "aha cool - well then turn them on permanently :simple_smile:",
        "ts": "1428265185.000247"
    },
    {
        "type": "message",
        "user": "U0474AT8P",
        "text": "hello <@U049P3U4R> good to see you here",
        "ts": "1428265186.000248"
    },
    {
        "type": "message",
        "user": "U049CMCCZ",
        "text": "yeah agree - just watched it with subtitles - was much better",
        "ts": "1428265487.000249"
    },
    {
        "type": "message",
        "user": "U049CMCCZ",
        "text": "good night all",
        "ts": "1428268649.000250"
    },
    {
        "user": "U04916X0W",
        "type": "message",
        "subtype": "channel_join",
        "text": "<@U04916X0W|stprior> has joined the channel",
        "ts": "1428270217.000251"
    },
    {
        "user": "U049R4YN1",
        "type": "message",
        "subtype": "channel_join",
        "text": "<@U049R4YN1|stephen> has joined the channel",
        "ts": "1428271436.000252"
    },
    {
        "type": "message",
        "user": "U0474AT8P",
        "text": "welcome stprior and stephen :wink:",
        "ts": "1428273340.000253"
    },
    {
        "type": "message",
        "user": "U04954VEH",
        "text": "Some thoughts from the video. Synereo seems to respond to the competitive nature of the human being by implementing reward mechanisms. But if somebody gets rewarded that means that somebody else will be paying. According to the demo United Friends only got the content because Stan shared it and Thomas created it, so they used their AMPs for rewarding both him and Thomas (middleman and content). Thomas gets his work validated and partially paid and Stan will feel tempted to curate more content that pleases United Friends. But what about United Friends? What kind of user is United Friends? I can imagine to be someone who wouldn't find it easy to get that sort of content by usual means such a Google or Facebook. So we can see that what we get is a sort of commercial model where consumers get to elect what producers are going to create and what curators are going to share. But you can only provide this sort of feedback if you pay for it with AMPs (will likes exist?) You don't always need to pay for what you consume, but when you do pay you don't only pay for the content that you just consumed, you pay for the expectation of getting more content like that in the Future.  When a reward is given you reinforce that pathway and also improve the chances of other people getting to know that content. And you become more sort of a sponsor.",
        "ts": "1428274216.000254"
    },
    {
        "user": "U0491JDTC",
        "type": "message",
        "subtype": "channel_join",
        "text": "<@U0491JDTC|hyperdrive> has joined the channel",
        "ts": "1428275439.000255"
    },
    {
        "type": "message",
        "user": "U0474AT8P",
        "text": "Consider that all of the advertisement on Synereo is opt-in, a user can choose not to see any Amplified content. So then you are back to the Reo which is your circle of friends and network. If I share something within my Reo and haven't opted in for ads then there are no rewards for liking or submitting content. \n\nThere are other use cases, let's say a musician releases a new single and wants to promote it on Synereo with some AMPs to reach further into the network, that's where I see APMs being of very good use. As a user can like the content or share it within their Reo and get a little reward for it. \n\nAMPs charge the content with \"electricity\" which slowly fades out in intensity while it reaches further down the network. It can also be recharged if needed. \n\nAlso likes and shares will charge the content with electricity so there isn't only AMPs which have the power of making something \"discoverable\". \n\nMany users will just be happy by being part of a network where they are in control of their data, who sees their feeds and shares, while being reassured that noone has access to their private data and making money out of it. I'm one of them! :wink:",
        "edited": {
            "user": "U0474AT8P",
            "ts": "1428276171.000000"
        },
        "ts": "1428276089.000256"
    },
    {
        "type": "message",
        "user": "U0474AT8P",
        "text": "There are also various other ways AMPs can be used on the network, one of them is to contribute to sustain the network itself, also to reward \"nodes\" that contribute storage and computing power to it.",
        "ts": "1428276346.000258"
    },
    {
        "type": "message",
        "user": "U049R4YN1",
        "text": "<@U0474AT8P> you got me",
        "ts": "1428277725.000259"
    },
    {
        "user": "U0492BA08",
        "type": "message",
        "subtype": "channel_join",
        "text": "<@U0492BA08|pdube> has joined the channel",
        "ts": "1428284557.000260"
    },
    {
        "type": "message",
        "user": "U0492BA08",
        "text": "Greetings all, I am looking forward to learning and meeting!",
        "ts": "1428284750.000261"
    },
    {
        "type": "message",
        "user": "U04910F4Z",
        "text": "fascinating. can't wait",
        "ts": "1428285465.000262"
    },
    {
        "type": "message",
        "user": "U049CMCCZ",
        "text": "&gt;Many users will just be happy by being part of a network where they are in control of their data, who sees their feeds and shares, while being reassured that noone has access to their private data and making money out of it. I'm one of them! :wink: \n\nThis is the main reason I'm enthusiastic about this project!\nThe rewarding system is making it even more appealing, and I guess we can only really get an 'answer' and evaluate if it will work once the network is up and running.",
        "ts": "1428300098.000263"
    },
    {
        "type": "message",
        "user": "U049CMCCZ",
        "text": "It may be written in some of the already distributed Synereo material:\nHow will people be able to change their AMPs into fiat or other currency if they wish to?",
        "ts": "1428300241.000264"
    },
    {
        "type": "message",
        "user": "U049CMCCZ",
        "text": "..and is it intended that businesses will use them as a payment option? Eg. if you go and have a cup of coffee and such?",
        "edited": {
            "user": "U049CMCCZ",
            "ts": "1428300328.000000"
        },
        "ts": "1428300295.000265"
    }
]