[
    {
        "type": "message",
        "subtype": "file_share",
        "text": "<@U04BMCE7Q|theo.godspeed> uploaded a file: <https:\/\/synereonet.slack.com\/files\/theo.godspeed\/F0AK5DRJ8\/h5wyjjj.jpg|money>",
        "file": {
            "id": "F0AK5DRJ8",
            "created": 1442220970,
            "timestamp": 1442220970,
            "name": "H5wyJJj.jpg",
            "title": "money",
            "mimetype": "image\/jpeg",
            "filetype": "jpg",
            "pretty_type": "JPEG",
            "user": "U04BMCE7Q",
            "editable": false,
            "size": 54876,
            "mode": "hosted",
            "is_external": false,
            "external_type": "",
            "is_public": true,
            "public_url_shared": false,
            "display_as_bot": false,
            "username": "",
            "url_private": "https:\/\/files.slack.com\/files-pri\/T0474AT8K-F0AK5DRJ8\/h5wyjjj.jpg?t=xoxe-4242367291-28095460608-28095460624-739c22ae7e",
            "url_private_download": "https:\/\/files.slack.com\/files-pri\/T0474AT8K-F0AK5DRJ8\/download\/h5wyjjj.jpg?t=xoxe-4242367291-28095460608-28095460624-739c22ae7e",
            "thumb_64": "https:\/\/files.slack.com\/files-tmb\/T0474AT8K-F0AK5DRJ8-094c3cf6b9\/h5wyjjj_64.jpg?t=xoxe-4242367291-28095460608-28095460624-739c22ae7e",
            "thumb_80": "https:\/\/files.slack.com\/files-tmb\/T0474AT8K-F0AK5DRJ8-094c3cf6b9\/h5wyjjj_80.jpg?t=xoxe-4242367291-28095460608-28095460624-739c22ae7e",
            "thumb_360": "https:\/\/files.slack.com\/files-tmb\/T0474AT8K-F0AK5DRJ8-094c3cf6b9\/h5wyjjj_360.jpg?t=xoxe-4242367291-28095460608-28095460624-739c22ae7e",
            "thumb_360_w": 360,
            "thumb_360_h": 360,
            "thumb_160": "https:\/\/files.slack.com\/files-tmb\/T0474AT8K-F0AK5DRJ8-094c3cf6b9\/h5wyjjj_160.jpg?t=xoxe-4242367291-28095460608-28095460624-739c22ae7e",
            "image_exif_rotation": 1,
            "original_w": 413,
            "original_h": 413,
            "permalink": "https:\/\/synereonet.slack.com\/files\/theo.godspeed\/F0AK5DRJ8\/h5wyjjj.jpg",
            "permalink_public": "https:\/\/slack-files.com\/T0474AT8K-F0AK5DRJ8-29f2d07779",
            "channels": [
                "C0474AT8X"
            ],
            "groups": [
    
            ],
            "ims": [
    
            ],
            "comments_count": 0
        },
        "user": "U04BMCE7Q",
        "upload": true,
        "display_as_bot": false,
        "username": "<@U04BMCE7Q|theo.godspeed>",
        "bot_id": null,
        "ts": "1442220971.000014"
    }
]