[
    {
        "type": "message",
        "user": "U048T3M8W",
        "text": "<@U0474AYFT>: About your doc \"Economic Agency\". I see a relation with what Damer says about Origins of Life, complexity and purpose. \n...\nInteresting vision. But what I learned from Bruce Damer is that even the orbit of Saturnus has a purpose, all though it's a simple one. \n\nHe sees it as part of a big biological and chemical soup. Where there's no \"survival of the fittest\u201d. This is a wrong idea, because it destroys the whole world. This idea is invaded in economics, politics, sociology and what have you. So we must think different!!\nIt\u2019s more a massive model of tool sharing and of cooperation to increase life in the whole space. It\u2019s a system of share and gift and sacrifice to stimulate evolution. Every lower level of complexity supports a higher level of complexity. The innovations of a lower complexity support a more complex innovation. Everything is connected. And lower levels are indispensable for higher levels.\nEvolution has to be seen as combining tools and offering your existence to create something better then before. Indeed a natural selection by a common or shared effort. \nI think complexity can be reduced to a few simple principles, that guide development. He talks about Stabilizing -, Replication - Growth - and Divide processes.\n\nHis theory has to be falsified this year with a series of tests. He did a 10 minute presentation at the Columbia University at a dedicated astro-biology seminar about Origin of Life. In the podcast you can here the thesis. \nHear podcast, where he explains it better then I can do :simple_smile: \n<http:\/\/www.levityzone.org\/lz-episode-039-dr-bruces-tedx-talks-origin-of-life\/>\n\nMy 2 cents for Cooperation :simple_smile:",
        "ts": "1443714695.000075"
    },
    {
        "type": "message",
        "user": "U0474AYFT",
        "text": "<@U048T3M8W>: Thanks for this! It serves as a wonderful reminder! My own investigations have led me to delightful possibilities about the life of space and time. (See <http:\/\/biosimilarity.blogspot.com\/2009\/12\/secret-life-of-space.html>)",
        "ts": "1443769152.000076"
    }
]