[
    {
        "user": "U048ERGCQ",
        "type": "message",
        "subtype": "channel_join",
        "text": "<@U048ERGCQ|fabio> has joined the channel",
        "ts": "1428049517.000077"
    },
    {
        "user": "U04954VEH",
        "type": "message",
        "subtype": "channel_join",
        "text": "<@U04954VEH|jnicolau> has joined the channel",
        "ts": "1428055036.000078"
    },
    {
        "user": "U04985U5R",
        "type": "message",
        "subtype": "channel_join",
        "text": "<@U04985U5R|matthewh3> has joined the channel",
        "ts": "1428071966.000079"
    },
    {
        "type": "message",
        "user": "U04985U5R",
        "text": "Hi I use Xubuntu as my desktop PC and now the basics to get myself around the terminal a little.  If you want some  to help beta test on *buntu 14.04 or Xfce I can offer to help.",
        "ts": "1428072222.000080"
    },
    {
        "type": "message",
        "user": "U0474AYFT",
        "text": "Hello, All!",
        "ts": "1428075190.000081"
    },
    {
        "type": "message",
        "user": "U0474AYFT",
        "text": "We're very excited to have people engaging at this next level.",
        "ts": "1428075231.000082"
    },
    {
        "type": "message",
        "user": "U0474AYFT",
        "text": "In a little while we'll be throwing out some questions to learn more about people's aptitude and interest and then suggesting ways for them to engage the bits.",
        "ts": "1428075376.000083"
    },
    {
        "type": "message",
        "user": "U0474AYFT",
        "text": "The bits need a lot of tlc.",
        "ts": "1428075422.000084"
    },
    {
        "type": "message",
        "user": "U0474AYFT",
        "text": ":wink:",
        "ts": "1428075425.000085"
    },
    {
        "type": "message",
        "user": "U0474AT8P",
        "text": "Hello jnicolau, matthewh3, and fabio",
        "ts": "1428086124.000086"
    },
    {
        "user": "U048NNG5W",
        "type": "message",
        "subtype": "channel_join",
        "text": "<@U048NNG5W|weeeeeew> has joined the channel",
        "ts": "1428093038.000087"
    },
    {
        "type": "message",
        "user": "U04985U5R",
        "text": "Hi nic.",
        "ts": "1428093245.000088"
    },
    {
        "user": "U048NQPTE",
        "type": "message",
        "subtype": "channel_join",
        "text": "<@U048NQPTE|joshn> has joined the channel",
        "ts": "1428093441.000089"
    },
    {
        "user": "U049CMBV9",
        "type": "message",
        "subtype": "channel_join",
        "text": "<@U049CMBV9|pythagoras> has joined the channel",
        "ts": "1428093758.000090"
    },
    {
        "user": "U049CMCCZ",
        "type": "message",
        "subtype": "channel_join",
        "text": "<@U049CMCCZ|henri> has joined the channel",
        "ts": "1428093761.000091"
    },
    {
        "user": "U048NSKK0",
        "type": "message",
        "subtype": "channel_join",
        "text": "<@U048NSKK0|blockchain> has joined the channel",
        "ts": "1428093793.000092"
    },
    {
        "type": "message",
        "user": "U049CMCCZ",
        "text": "howdy folks :simple_smile:",
        "ts": "1428093816.000093"
    },
    {
        "type": "message",
        "user": "U049CMBV9",
        "text": "Hi",
        "ts": "1428094090.000094"
    },
    {
        "type": "message",
        "user": "U0474AT8P",
        "text": "hello everyone! Welcome to Synereo's Slack!",
        "ts": "1428094094.000095"
    },
    {
        "type": "message",
        "user": "U0474AT8P",
        "text": "newbie message for you",
        "ts": "1428094126.000096"
    },
    {
        "type": "message",
        "user": "USLACKBOT",
        "text": "Looks like we have a new user. 1) Change your username to your first name, or your nickname. 2) Put up a custom profile picture. 3) Introduce yourself and tell us what you hope to do at Synereo. 4) If you are not active you will be removed. 5) Have fun!",
        "ts": "1428094126.000097"
    },
    {
        "type": "message",
        "user": "U049CMCCZ",
        "text": "Thx nic",
        "ts": "1428094168.000098"
    },
    {
        "type": "message",
        "user": "U049CMCCZ",
        "text": "have been a lil bit in your <http:\/\/discuss.synereo.com|discuss.synereo.com> and became very interested in this project",
        "ts": "1428094262.000099"
    },
    {
        "type": "message",
        "user": "U0474AT8P",
        "text": "I made it more friendly",
        "ts": "1428094279.000100"
    },
    {
        "type": "message",
        "user": "U0474AT8P",
        "text": "newbie",
        "ts": "1428094283.000101"
    },
    {
        "type": "message",
        "user": "USLACKBOT",
        "text": "Looks like we have a new user. 1) Change your username to your first name, or your nickname. 2) Put up a custom profile picture. 3) If you feel like, introduce yourself and tell us how you can help Synereo. 4) Feel free to ask any questions and browse around. 5) Have fun!",
        "ts": "1428094283.000102"
    },
    {
        "type": "message",
        "user": "U049CMCCZ",
        "text": "will be available for any testing  as a user - I do not hold any professional title within the industry but I do have extensive experience with windows and linux",
        "ts": "1428094348.000103"
    },
    {
        "type": "message",
        "user": "U0474AT8P",
        "text": "U r welcome <@U049CMCCZ> yes I saw you on the forum. I just think forums are being less used nowadays and Slack is a more direct and effective way first to collaborate, second to discuss",
        "edited": {
            "user": "U0474AT8P",
            "ts": "1428094381.000000"
        },
        "ts": "1428094356.000104"
    },
    {
        "type": "message",
        "user": "U049CMCCZ",
        "text": "true that - slack is very good",
        "ts": "1428094381.000105"
    },
    {
        "type": "message",
        "user": "U0474AT8P",
        "text": "if you guys have any friends who is interested or on any other forum or chat feel free to promote the link to this slack: <https:\/\/slack.synereo.com>",
        "ts": "1428094415.000107"
    },
    {
        "type": "message",
        "user": "U049CMBV9",
        "text": "Will be available as tester and idea-generator",
        "ts": "1428094434.000108"
    },
    {
        "type": "message",
        "user": "U049CMCCZ",
        "text": "will do <@U0474AT8P>",
        "ts": "1428094461.000109"
    },
    {
        "type": "message",
        "user": "U049CMBV9",
        "text": "Allready did !!!!",
        "ts": "1428094465.000110"
    },
    {
        "type": "message",
        "user": "U0474AT8P",
        "text": "Thank you guys!",
        "ts": "1428094733.000111"
    },
    {
        "user": "U049CTRD1",
        "type": "message",
        "subtype": "channel_join",
        "text": "<@U049CTRD1|offbeata> has joined the channel",
        "ts": "1428094951.000112"
    },
    {
        "type": "message",
        "user": "U0474AT8P",
        "text": "welcome!",
        "ts": "1428094961.000113"
    },
    {
        "user": "U049CUHPP",
        "type": "message",
        "subtype": "channel_join",
        "text": "<@U049CUHPP|ash> has joined the channel",
        "ts": "1428095074.000114"
    },
    {
        "type": "message",
        "subtype": "file_share",
        "text": "<@U049CMCCZ|henri> uploaded a file: <https:\/\/synereonet.slack.com\/files\/henri\/F049D6KJP\/t.png|t.png> and commented: a little snag - on your crowdsale site there is a 't' missing here, at the end  :simple_smile:",
        "file": {
            "id": "F049D6KJP",
            "created": 1428096549,
            "timestamp": 1428096549,
            "name": "t.png",
            "title": "t.png",
            "mimetype": "image\/png",
            "filetype": "png",
            "pretty_type": "PNG",
            "user": "U049CMCCZ",
            "editable": false,
            "size": 6831,
            "mode": "hosted",
            "is_external": false,
            "external_type": "",
            "is_public": true,
            "public_url_shared": false,
            "display_as_bot": false,
            "username": "",
            "url_private": "https:\/\/files.slack.com\/files-pri\/T0474AT8K-F049D6KJP\/t.png?t=xoxe-4242367291-28095460608-28095460624-739c22ae7e",
            "url_private_download": "https:\/\/files.slack.com\/files-pri\/T0474AT8K-F049D6KJP\/download\/t.png?t=xoxe-4242367291-28095460608-28095460624-739c22ae7e",
            "thumb_64": "https:\/\/files.slack.com\/files-tmb\/T0474AT8K-F049D6KJP-d2f8014c0c\/t_64.png?t=xoxe-4242367291-28095460608-28095460624-739c22ae7e",
            "thumb_80": "https:\/\/files.slack.com\/files-tmb\/T0474AT8K-F049D6KJP-d2f8014c0c\/t_80.png?t=xoxe-4242367291-28095460608-28095460624-739c22ae7e",
            "thumb_360": "https:\/\/files.slack.com\/files-tmb\/T0474AT8K-F049D6KJP-d2f8014c0c\/t_360.png?t=xoxe-4242367291-28095460608-28095460624-739c22ae7e",
            "thumb_360_w": 189,
            "thumb_360_h": 22,
            "thumb_160": "https:\/\/files.slack.com\/files-tmb\/T0474AT8K-F049D6KJP-d2f8014c0c\/t_160.png?t=xoxe-4242367291-28095460608-28095460624-739c22ae7e",
            "image_exif_rotation": 1,
            "original_w": 189,
            "original_h": 22,
            "permalink": "https:\/\/synereonet.slack.com\/files\/henri\/F049D6KJP\/t.png",
            "permalink_public": "https:\/\/slack-files.com\/T0474AT8K-F049D6KJP-5ba4f2618b",
            "channels": [
                "C0474AT8X"
            ],
            "groups": [
    
            ],
            "ims": [
    
            ],
            "comments_count": 1,
            "initial_comment": {
                "id": "Fc049D6KU1",
                "created": 1428096550,
                "timestamp": 1428096550,
                "user": "U049CMCCZ",
                "comment": "a little snag - on your crowdsale site there is a 't' missing here, at the end  :simple_smile:"
            }
        },
        "user": "U049CMCCZ",
        "upload": true,
        "display_as_bot": false,
        "username": "<@U049CMCCZ|henri>",
        "bot_id": null,
        "ts": "1428096550.000115"
    },
    {
        "type": "message",
        "user": "U048NQPTE",
        "text": "Hey everyone! I'm really excited about Synereo. Hope my magical graphic design skills can aid this project.",
        "ts": "1428096859.000116"
    },
    {
        "type": "message",
        "user": "U049CMCCZ",
        "text": "hi - and then good night all - sleepytime here :simple_smile:",
        "ts": "1428097118.000117"
    },
    {
        "user": "U049DANR7",
        "type": "message",
        "subtype": "channel_join",
        "text": "<@U049DANR7|miquael> has joined the channel",
        "ts": "1428097365.000118"
    },
    {
        "type": "message",
        "user": "U04954VEH",
        "text": "Hello nic and everybody",
        "ts": "1428097955.000119"
    },
    {
        "user": "U048PL3P4",
        "type": "message",
        "subtype": "channel_join",
        "text": "<@U048PL3P4|zercrypt> has joined the channel",
        "ts": "1428098295.000120"
    },
    {
        "type": "message",
        "user": "U0474AT8P",
        "text": "welcome everyone!",
        "edited": {
            "user": "U0474AT8P",
            "ts": "1428098397.000000"
        },
        "ts": "1428098393.000121"
    },
    {
        "user": "U048PU5GE",
        "type": "message",
        "subtype": "channel_join",
        "text": "<@U048PU5GE|elvirag> has joined the channel",
        "ts": "1428100176.000123"
    },
    {
        "user": "U049DPQ93",
        "type": "message",
        "subtype": "channel_join",
        "text": "<@U049DPQ93|leon> has joined the channel",
        "ts": "1428100298.000124"
    },
    {
        "user": "U048Q17M8",
        "type": "message",
        "subtype": "channel_join",
        "text": "<@U048Q17M8|mcluhansky> has joined the channel",
        "ts": "1428100766.000125"
    },
    {
        "type": "message",
        "user": "U0474E4KZ",
        "text": "<@U049CMCCZ>: thank's for noticing and bringing it to our attention! I just fixed it. It'll show up when we next update the site.",
        "ts": "1428101801.000126"
    },
    {
        "type": "message",
        "user": "U0474E4KZ",
        "text": "Great to see so many people joining us here. :simple_smile:",
        "ts": "1428101809.000127"
    },
    {
        "user": "U049E2KL5",
        "type": "message",
        "subtype": "channel_join",
        "text": "<@U049E2KL5|tebe.mne> has joined the channel",
        "ts": "1428102422.000128"
    },
    {
        "user": "U048QD6CG",
        "type": "message",
        "subtype": "channel_join",
        "text": "<@U048QD6CG|ryan> has joined the channel",
        "ts": "1428103818.000129"
    },
    {
        "user": "U048QEBCJ",
        "type": "message",
        "subtype": "channel_join",
        "text": "<@U048QEBCJ|ination> has joined the channel",
        "ts": "1428104093.000130"
    },
    {
        "user": "U048QFUPC",
        "type": "message",
        "subtype": "channel_join",
        "text": "<@U048QFUPC|kimmyf> has joined the channel",
        "ts": "1428104543.000131"
    },
    {
        "type": "message",
        "user": "U0474AT8P",
        "text": "hello everyone! Welcome! And hello <@U048QD6CG> nice to see you here.",
        "ts": "1428104591.000132"
    },
    {
        "type": "message",
        "user": "U048QD6CG",
        "text": "just checkin things out",
        "ts": "1428104601.000133"
    },
    {
        "type": "message",
        "user": "U048QD6CG",
        "text": "how does accessing the demo work?",
        "ts": "1428104608.000134"
    },
    {
        "type": "message",
        "user": "U0474AT8P",
        "text": "what u mean accessing the demo?",
        "ts": "1428104676.000135"
    },
    {
        "type": "message",
        "user": "U0474AT8P",
        "text": "test Synereo right now?",
        "ts": "1428104688.000136"
    },
    {
        "type": "message",
        "user": "U048QD6CG",
        "text": "yea",
        "ts": "1428104980.000137"
    },
    {
        "type": "message",
        "user": "U0474AT8P",
        "text": "It's a little early for that :wink: But crowdsale contributors are going to be the first people to get access to Synereo. What we are planning is a demo app bounty to have a small group of people develop with our code.",
        "ts": "1428105136.000138"
    },
    {
        "type": "message",
        "user": "U048QD6CG",
        "text": ":thumbsup:",
        "ts": "1428105215.000139"
    },
    {
        "type": "message",
        "user": "U0474AT8P",
        "text": "That said there is a current demo where some of the team members have access, founders and developers.",
        "ts": "1428105320.000140"
    },
    {
        "type": "message",
        "user": "U0474AT8P",
        "text": "This a short demo video:",
        "ts": "1428105407.000141"
    },
    {
        "type": "message",
        "user": "U0474AT8P",
        "text": "<https:\/\/youtu.be\/pswRWPDzq6I>",
        "attachments": [
            {
                "service_name": "YouTube",
                "service_url": "http:\/\/www.youtube.com\/",
                "title": "Synereo Tech Demo",
                "title_link": "https:\/\/youtu.be\/pswRWPDzq6I",
                "author_name": "Synereo",
                "author_link": "http:\/\/www.youtube.com\/channel\/UCU5CBbxAeFYnodf32w3ahOQ",
                "thumb_url": "http:\/\/i.ytimg.com\/vi\/pswRWPDzq6I\/hqdefault.jpg",
                "thumb_width": 480,
                "thumb_height": 360,
                "fallback": "YouTube Video: Synereo Tech Demo",
                "video_html": "<iframe width=\"400\" height=\"225\" src=\"http:\/\/www.youtube.com\/embed\/pswRWPDzq6I?feature=oembed\" frameborder=\"0\" allowfullscreen><\/iframe>",
                "video_html_width": 400,
                "video_html_height": 225,
                "from_url": "https:\/\/youtu.be\/pswRWPDzq6I",
                "id": 1
            }
        ],
        "ts": "1428105408.000142"
    },
    {
        "type": "message",
        "user": "U0474AYFT",
        "text": "Here's the long one: <https:\/\/www.youtube.com\/watch?v=LJcr0G6O6ME>",
        "attachments": [
            {
                "service_name": "YouTube",
                "service_url": "http:\/\/www.youtube.com\/",
                "title": "Synereo Tech Demo Video (Long form)",
                "title_link": "https:\/\/www.youtube.com\/watch?v=LJcr0G6O6ME",
                "author_name": "Lucius Meredith",
                "author_link": "http:\/\/www.youtube.com\/channel\/UCAW1FsDfw-kySQ9eE3Crb4g",
                "thumb_url": "http:\/\/i.ytimg.com\/vi\/LJcr0G6O6ME\/hqdefault.jpg",
                "thumb_width": 480,
                "thumb_height": 360,
                "fallback": "YouTube Video: Synereo Tech Demo Video (Long form)",
                "video_html": "<iframe width=\"400\" height=\"225\" src=\"http:\/\/www.youtube.com\/embed\/LJcr0G6O6ME?feature=oembed\" frameborder=\"0\" allowfullscreen><\/iframe>",
                "video_html_width": 400,
                "video_html_height": 225,
                "from_url": "https:\/\/www.youtube.com\/watch?v=LJcr0G6O6ME",
                "id": 1
            }
        ],
        "ts": "1428105516.000144"
    },
    {
        "type": "message",
        "user": "U0474AT8P",
        "text": "Hello Greg!",
        "ts": "1428105547.000146"
    },
    {
        "user": "U048QLHHY",
        "type": "message",
        "subtype": "channel_join",
        "text": "<@U048QLHHY|johnverdon> has joined the channel",
        "ts": "1428105865.000147"
    },
    {
        "user": "U049EKK7V",
        "type": "message",
        "subtype": "channel_join",
        "text": "<@U049EKK7V|idcmoldy> has joined the channel",
        "ts": "1428107114.000148"
    },
    {
        "user": "U049ENS8F",
        "type": "message",
        "subtype": "channel_join",
        "text": "<@U049ENS8F|damon> has joined the channel",
        "ts": "1428108177.000149"
    },
    {
        "user": "U048QV94Y",
        "type": "message",
        "subtype": "channel_join",
        "text": "<@U048QV94Y|stickygreen> has joined the channel",
        "ts": "1428108702.000150"
    },
    {
        "type": "message",
        "user": "U048QV94Y",
        "text": "Hey you guys, I just read the latest email from Synereo, I was wondering what kind of coders you're looking for.\nI'm not really your guy, bu i know a few people i'd like to pass the info on to.",
        "ts": "1428109058.000151"
    },
    {
        "type": "message",
        "user": "U048QEBCJ",
        "text": "hello",
        "ts": "1428110074.000152"
    },
    {
        "user": "U048R4J46",
        "type": "message",
        "subtype": "channel_join",
        "text": "<@U048R4J46|zomnbio> has joined the channel",
        "ts": "1428110409.000153"
    },
    {
        "user": "U048R4Y6L",
        "type": "message",
        "subtype": "channel_join",
        "text": "<@U048R4Y6L|mcneely> has joined the channel",
        "ts": "1428110563.000154"
    },
    {
        "user": "U048R588N",
        "type": "message",
        "subtype": "channel_join",
        "text": "<@U048R588N|oden> has joined the channel",
        "ts": "1428110698.000155"
    },
    {
        "type": "message",
        "user": "U0474AT8P",
        "text": "hello everyone! Welcome",
        "ts": "1428111043.000156"
    },
    {
        "type": "message",
        "user": "U048QV94Y",
        "text": "hey nic",
        "ts": "1428111255.000157"
    },
    {
        "type": "message",
        "user": "U048QV94Y",
        "text": "so do you what kind of coders synereo is looking for?",
        "ts": "1428111283.000158"
    },
    {
        "type": "message",
        "user": "U0474AT8P",
        "text": "better for the devs to reply, we will have a bounty coming up soon with all there is to know.",
        "ts": "1428111349.000159"
    },
    {
        "type": "message",
        "user": "U0474AT8P",
        "text": "Are you a dev? <@U048QV94Y>",
        "ts": "1428111369.000160"
    },
    {
        "type": "message",
        "user": "U048QV94Y",
        "text": "nope, just a social media artist, as i like to say...",
        "ts": "1428111415.000161"
    },
    {
        "type": "message",
        "user": "U0474AT8P",
        "text": "good to know :wink: I do that quite a bit too",
        "ts": "1428111436.000162"
    },
    {
        "type": "message",
        "user": "U0474AT8P",
        "text": "a bit late now for the core team to be around. Some are in Tel Aviv, one in Ireland, one in the US west Coast, I'm in the UK. But go ahead and ask your questions I'll see what I can answer and the rest will be picked up as soon as feasibly possible.",
        "ts": "1428111598.000163"
    },
    {
        "user": "U048RB6E6",
        "type": "message",
        "subtype": "channel_join",
        "text": "<@U048RB6E6|grumpy> has joined the channel",
        "ts": "1428113005.000164"
    },
    {
        "user": "U049F88PR",
        "type": "message",
        "subtype": "channel_join",
        "text": "<@U049F88PR|calem> has joined the channel",
        "ts": "1428113894.000165"
    },
    {
        "user": "U049F8L7M",
        "type": "message",
        "subtype": "channel_join",
        "text": "<@U049F8L7M|goodwaffles> has joined the channel",
        "ts": "1428114035.000166"
    },
    {
        "user": "U048RE516",
        "type": "message",
        "subtype": "channel_join",
        "text": "<@U048RE516|sur_price> has joined the channel",
        "ts": "1428114351.000167"
    },
    {
        "user": "U048RGH9N",
        "type": "message",
        "subtype": "channel_join",
        "text": "<@U048RGH9N|aki> has joined the channel",
        "ts": "1428115501.000168"
    },
    {
        "user": "U048RRK1S",
        "type": "message",
        "subtype": "channel_join",
        "text": "<@U048RRK1S|lynxlee> has joined the channel",
        "ts": "1428119901.000169"
    },
    {
        "user": "U049FTAT9",
        "type": "message",
        "subtype": "channel_join",
        "text": "<@U049FTAT9|noodoggy> has joined the channel",
        "ts": "1428123835.000170"
    },
    {
        "type": "message",
        "user": "U049FTAT9",
        "text": "New here.  Hope to contribute somehow.  No coding expertise...that's long lost from 30 years ago  lol  but have lots of design, business, customer service and social media know how.  Look forward to seeing how this plays out!",
        "ts": "1428124111.000171"
    },
    {
        "user": "U048S3X56",
        "type": "message",
        "subtype": "channel_join",
        "text": "<@U048S3X56|tomas> has joined the channel",
        "ts": "1428124486.000172"
    },
    {
        "user": "U049G1VND",
        "type": "message",
        "subtype": "channel_join",
        "text": "<@U049G1VND|dgdmarketing> has joined the channel",
        "ts": "1428126446.000173"
    }
]