[
    {
        "type": "message",
        "user": "U0474AYFT",
        "text": "i built a rough and ready mockup of the Synereo Stream DJ experience i was describing in the Reactive Media slide decks.\nThe photo is an example of a primitive consensus detector. Feel free to play with it here: <http:\/\/www.splicious.net:5714\/skein|www.splicious.net:5714\/skein>",
        "edited": {
            "user": "U0474AYFT",
            "ts": "1432026935.000000"
        },
        "ts": "1432025823.000211"
    },
    {
        "type": "message",
        "subtype": "file_share",
        "text": "<@U0474AYFT|leithaus> uploaded a file: <https:\/\/synereonet.slack.com\/files\/leithaus\/F04TVTJV6\/synereodjsnapshot.jpg|SynereoDJSnapshot.jpg>",
        "file": {
            "id": "F04TVTJV6",
            "created": 1432025847,
            "timestamp": 1432025847,
            "name": "SynereoDJSnapshot.jpg",
            "title": "SynereoDJSnapshot.jpg",
            "mimetype": "image\/jpeg",
            "filetype": "jpg",
            "pretty_type": "JPEG",
            "user": "U0474AYFT",
            "editable": false,
            "size": 434698,
            "mode": "hosted",
            "is_external": false,
            "external_type": "",
            "is_public": true,
            "public_url_shared": false,
            "display_as_bot": false,
            "username": "",
            "url_private": "https:\/\/files.slack.com\/files-pri\/T0474AT8K-F04TVTJV6\/synereodjsnapshot.jpg?t=xoxe-4242367291-28095460608-28095460624-739c22ae7e",
            "url_private_download": "https:\/\/files.slack.com\/files-pri\/T0474AT8K-F04TVTJV6\/download\/synereodjsnapshot.jpg?t=xoxe-4242367291-28095460608-28095460624-739c22ae7e",
            "thumb_64": "https:\/\/files.slack.com\/files-tmb\/T0474AT8K-F04TVTJV6-82a80d9151\/synereodjsnapshot_64.png?t=xoxe-4242367291-28095460608-28095460624-739c22ae7e",
            "thumb_80": "https:\/\/files.slack.com\/files-tmb\/T0474AT8K-F04TVTJV6-82a80d9151\/synereodjsnapshot_80.png?t=xoxe-4242367291-28095460608-28095460624-739c22ae7e",
            "thumb_360": "https:\/\/files.slack.com\/files-tmb\/T0474AT8K-F04TVTJV6-82a80d9151\/synereodjsnapshot_360.png?t=xoxe-4242367291-28095460608-28095460624-739c22ae7e",
            "thumb_360_w": 360,
            "thumb_360_h": 233,
            "thumb_160": "https:\/\/files.slack.com\/files-tmb\/T0474AT8K-F04TVTJV6-82a80d9151\/synereodjsnapshot_160.png?t=xoxe-4242367291-28095460608-28095460624-739c22ae7e",
            "thumb_720": "https:\/\/files.slack.com\/files-tmb\/T0474AT8K-F04TVTJV6-82a80d9151\/synereodjsnapshot_720.png?t=xoxe-4242367291-28095460608-28095460624-739c22ae7e",
            "thumb_720_w": 720,
            "thumb_720_h": 466,
            "thumb_1024": "https:\/\/files.slack.com\/files-tmb\/T0474AT8K-F04TVTJV6-82a80d9151\/synereodjsnapshot_1024.png?t=xoxe-4242367291-28095460608-28095460624-739c22ae7e",
            "thumb_1024_w": 1024,
            "thumb_1024_h": 663,
            "image_exif_rotation": 1,
            "original_w": 2092,
            "original_h": 1354,
            "permalink": "https:\/\/synereonet.slack.com\/files\/leithaus\/F04TVTJV6\/synereodjsnapshot.jpg",
            "permalink_public": "https:\/\/slack-files.com\/T0474AT8K-F04TVTJV6-8055f54d0c",
            "channels": [
                "C0474AT8X"
            ],
            "groups": [
    
            ],
            "ims": [
    
            ],
            "comments_count": 0,
            "num_stars": 1
        },
        "user": "U0474AYFT",
        "upload": true,
        "display_as_bot": false,
        "username": "<@U0474AYFT|leithaus>",
        "bot_id": null,
        "ts": "1432025851.000212"
    },
    {
        "type": "message",
        "user": "U0474AYFT",
        "text": "There's a screen shot of how to use the tool to make a primitive consensus detector.",
        "ts": "1432025888.000213"
    },
    {
        "type": "message",
        "user": "U0474AYFT",
        "text": "i'll be talking about this on Wed's hangout.",
        "ts": "1432025943.000214"
    },
    {
        "type": "message",
        "user": "U048X85UT",
        "text": ":simple_smile:",
        "ts": "1432051745.000216"
    },
    {
        "type": "message",
        "user": "U0474AYFT",
        "text": "The Synereo Community Hangout resumes: <https:\/\/plus.google.com\/u\/0\/b\/109002904706315055045\/events\/cddeoei01phddiflomf1ahe2iik>",
        "attachments": [
            {
                "service_name": "Google+",
                "title": "Synereo Community Hangout - The Synereo Stream DJ Experience - Google+",
                "title_link": "https:\/\/plus.google.com\/u\/0\/b\/109002904706315055045\/events\/cddeoei01phddiflomf1ahe2iik",
                "text": "The Synereo Stream DJ Experience - will discuss some possible features for the upcoming MVP release.",
                "fallback": "Google+: Synereo Community Hangout - The Synereo Stream DJ Experience - Google+",
                "image_url": "https:\/\/lh3.googleusercontent.com\/_tcY7QLx6X_8\/UY1_0TJEqGI\/AAAAAAAACLo\/Ls1BaI-xmIQ\/w940-h280-n\/06_hangouts_yellow.jpg.png",
                "from_url": "https:\/\/plus.google.com\/u\/0\/b\/109002904706315055045\/events\/cddeoei01phddiflomf1ahe2iik",
                "image_width": 839,
                "image_height": 250,
                "image_bytes": 201345,
                "id": 1
            }
        ],
        "ts": "1432078403.000217"
    }
]