[
    {
        "type": "message",
        "user": "U04AJ2WH0",
        "text": "Livelygigs hangout is tomorrow morning correct?",
        "ts": "1442779328.000021"
    },
    {
        "user": "U0B1454MS",
        "type": "message",
        "subtype": "channel_join",
        "text": "<@U0B1454MS|nick.cardwell> has joined the channel",
        "ts": "1442790052.000022"
    },
    {
        "type": "message",
        "user": "U04A8095T",
        "text": "<@U04AJ2WH0>:  Yes.  \n<!channel>:  I'm looking forward to another great LivelyGig Community Hangout.  9\/21 14:00 UTC.     The \"watcher\" links are:\nEvent page:  <https:\/\/plus.google.com\/events\/cnbstd3qo04vbfm5m68k3gb163k?authkey=CL3Jg_rYl72PZw>\nYouTube page:  <http:\/\/www.youtube.com\/watch?v=Kklj-L2C51I>",
        "attachments": [
            {
                "service_name": "Google+",
                "title": "LivelyGig Community Hangout 2015-09-21 - Google+",
                "title_link": "https:\/\/plus.google.com\/events\/cnbstd3qo04vbfm5m68k3gb163k?authkey=CL3Jg_rYl72PZw",
                "text": "Join the LivelyGig Team each Monday for the latest updates and discussion related to our offering for connecting freelancers and their clients worldwide. \u00a0We especially invite those wanting to shape the future of this open, internet-based services marketplace.",
                "fallback": "Google+: LivelyGig Community Hangout 2015-09-21 - Google+",
                "image_url": "https:\/\/lh3.googleusercontent.com\/_tcY7QLx6X_8\/UY1_0TJEqGI\/AAAAAAAACLo\/Ls1BaI-xmIQ\/w940-h280-n\/06_hangouts_yellow.jpg.png",
                "from_url": "https:\/\/plus.google.com\/events\/cnbstd3qo04vbfm5m68k3gb163k?authkey=CL3Jg_rYl72PZw",
                "image_width": 839,
                "image_height": 250,
                "image_bytes": 201345,
                "id": 1
            },
            {
                "service_name": "YouTube",
                "service_url": "https:\/\/www.youtube.com\/",
                "title": "LivelyGig Community Hangout 2015-09-21",
                "title_link": "http:\/\/www.youtube.com\/watch?v=Kklj-L2C51I",
                "author_name": "LivelyGig",
                "author_link": "https:\/\/www.youtube.com\/channel\/UCBM73EEC5disDCDnvUXMe4w",
                "fallback": "YouTube Video: LivelyGig Community Hangout 2015-09-21",
                "video_html": "<iframe width=\"400\" height=\"225\" src=\"https:\/\/www.youtube.com\/embed\/Kklj-L2C51I?feature=oembed\" frameborder=\"0\" allowfullscreen><\/iframe>",
                "video_html_width": 400,
                "video_html_height": 225,
                "from_url": "http:\/\/www.youtube.com\/watch?v=Kklj-L2C51I",
                "id": 2
            }
        ],
        "ts": "1442806264.000023"
    },
    {
        "type": "message",
        "user": "U04AJ2WH0",
        "text": "cool will you be posting the link here? It would make my life easier. :smile:",
        "ts": "1442809758.000025"
    }
]