[
    {
        "type": "message",
        "user": "U048T3M8W",
        "text": "I've installed Docker now on my Mac. And it seems an excellent mean to distribute the first version of the product :simple_smile:   I'm looking forward to this happening. Go on with the good work !!",
        "ts": "1435149545.000152"
    },
    {
        "type": "message",
        "user": "U048T3M8W",
        "text": "<@U04AJ2WH0>: Thanks for coming up with Dr. Bruce Damer ( <http:\/\/damer.com> ). I will listen to his podcasts ( <http:\/\/www.levityzone.org\/podcasts\/> ) during my 9 hour rides between France and Holland :simple_smile: Maybe he has some brilliant ideas about Synereo as well.",
        "ts": "1435150337.000153"
    },
    {
        "type": "message",
        "user": "U0474AT8P",
        "text": "Synereo Community Hangout TONIGHT, just a reminder of you\u2019d like to hear the latest news and updates from the team.",
        "ts": "1435153290.000154"
    },
    {
        "type": "message",
        "user": "U0474AT8P",
        "text": "<https:\/\/plus.google.com\/u\/0\/events\/cmmthfb0m1b4b25mdhvoclcrlq4>",
        "attachments": [
            {
                "service_name": "Google+",
                "title": "Synereo Community Hangout - Google+",
                "title_link": "https:\/\/plus.google.com\/u\/0\/events\/cmmthfb0m1b4b25mdhvoclcrlq4",
                "text": "Join the Synereo Team each Wednesday for the latest news and updates, discussion related to the project and its progress, development, social contracts, bounties, app ideas, and a lot more.",
                "fallback": "Google+: Synereo Community Hangout - Google+",
                "image_url": "https:\/\/lh3.googleusercontent.com\/-xJkz2oo0s-4\/VYNbv6wyjzI\/AAAAAAAAAAA\/_0GNrNRTdmM\/w940-h280-n\/event_theme.jpg",
                "from_url": "https:\/\/plus.google.com\/u\/0\/events\/cmmthfb0m1b4b25mdhvoclcrlq4",
                "image_width": 839,
                "image_height": 250,
                "image_bytes": 32551,
                "id": 1
            }
        ],
        "ts": "1435153292.000155"
    },
    {
        "user": "U06PVRGAE",
        "type": "message",
        "subtype": "channel_join",
        "text": "<@U06PVRGAE|dees> has joined the channel",
        "ts": "1435172393.000157"
    },
    {
        "type": "message",
        "user": "U0474AYFT",
        "text": "Here's the participants' link for today's hangout: <https:\/\/plus.google.com\/hangouts\/_\/hoaevent\/AP36tYe99fP4WAqVsGrJIGG2A-4dWNnJHY1-CDKkWvwhRBVduGUU8g?authuser=0&amp;eid=109002904706315055045&amp;hl=en>",
        "ts": "1435176206.000158"
    },
    {
        "user": "U06Q6K60M",
        "type": "message",
        "subtype": "channel_join",
        "text": "<@U06Q6K60M|ladyphoenix13> has joined the channel",
        "ts": "1435185808.000159"
    },
    {
        "type": "message",
        "user": "U06Q6K60M",
        "text": "Well... I'm trying out the slack. Hi everyone! ",
        "ts": "1435186293.000160"
    },
    {
        "type": "message",
        "user": "U048X85UT",
        "text": "Welcome <@U06Q6K60M>!",
        "ts": "1435186748.000161"
    },
    {
        "type": "message",
        "user": "U06Q6K60M",
        "text": "Thanks. This is some interesting stuff! ",
        "ts": "1435186830.000162"
    },
    {
        "type": "message",
        "user": "U048X85UT",
        "text": "game changing stuff :simple_smile:",
        "ts": "1435186941.000163"
    },
    {
        "type": "message",
        "user": "U06Q6K60M",
        "text": "I'm trying to read more about all of it. I feel like I don't understand very well. But i think trying to digest information on my mobile device is inhibiting. ",
        "ts": "1435187132.000164"
    },
    {
        "type": "message",
        "user": "U06Q6K60M",
        "text": "You made to follow me on Twitter! Am I that transparent? Ha! ",
        "ts": "1435187684.000165"
    },
    {
        "type": "message",
        "user": "U048X85UT",
        "text": "You are still a mystery, \"@ladyphoenix13's Tweets are protected.\" :stuck_out_tongue:",
        "ts": "1435187979.000166"
    },
    {
        "type": "message",
        "user": "U06Q6K60M",
        "text": "I just added you! ",
        "ts": "1435188055.000167"
    },
    {
        "type": "message",
        "user": "U06Q6K60M",
        "text": "Question! Usernames on synereo are not able to be modified? ",
        "ts": "1435188087.000168"
    },
    {
        "type": "message",
        "user": "U06Q6K60M",
        "text": "I am sure I could read that somewhere... But I'm not ever around a real computer anymore. Ever. It's hilarious how things change. ",
        "ts": "1435188220.000169"
    },
    {
        "type": "message",
        "user": "U048X85UT",
        "text": "I assume you mean this slack, not synereo.  Yes you can change your user name, under \"profile &amp; account\"",
        "ts": "1435188370.000170"
    },
    {
        "type": "message",
        "user": "U06Q6K60M",
        "text": "No. I do indeed mean synereo. :) ",
        "ts": "1435188456.000171"
    },
    {
        "type": "message",
        "user": "U06Q6K60M",
        "text": "I have suddenly had a crisis of... Why on earth did I use my real name? ",
        "ts": "1435188508.000172"
    },
    {
        "type": "message",
        "user": "U048X85UT",
        "text": "That's a question for <@U0474AYFT> I think but I expect you can.  Since synereo has not been released yet I don't think you could have used your real name there yet.",
        "ts": "1435188760.000173"
    },
    {
        "type": "message",
        "user": "U06Q6K60M",
        "text": "I haven't figured out how just yet. :) ",
        "ts": "1435188958.000174"
    },
    {
        "type": "message",
        "user": "U0474AYFT",
        "text": "In today's hangout i promised a link to samples of the DSL. i posted it over in <#C048QUHB5>.",
        "ts": "1435193730.000175"
    }
]