[
    {
        "type": "message",
        "user": "U048T3M8W",
        "text": "<@U0474E4KZ>, <@U0474AYFT> The main questions of the creative ladies are: \n1) How is my painting protected against illegal copying? \n2) Is my painting going outside of the Synereo network? By print or by screen capture or so.\n3) Can I create a shop to sell my content for AMP's\n4) Do I only earn AMP's when my audience AMP my work?\n5) How can I control the flow of my work?\n6) Is a clear demo or description available of an artist that publish a song, painting, book or video?\n7) ......",
        "ts": "1441783081.000008"
    },
    {
        "type": "message",
        "user": "U04AJ2WH0",
        "text": "Damnit I missed the meeting",
        "ts": "1441828753.000009"
    },
    {
        "type": "message",
        "user": "U09KY5U65",
        "text": "Does everything seem alright to you?",
        "ts": "1441836621.000010"
    },
    {
        "type": "message",
        "user": "U0474AYFT",
        "text": "<@U048T3M8W>: Thank you! These are awesome!",
        "ts": "1441854493.000011"
    }
]