[
    {
        "type": "message",
        "user": "U04BQ4FMC",
        "text": "That may be harder than it sounds, since the value in the Attn Econ is based on user's attention, which is measured by the interactions between users and posts - so we need both of those to be present before any external value can really be set.  OR..??",
        "ts": "1443124463.000047"
    },
    {
        "type": "message",
        "user": "U09KY5U65",
        "text": "External value has already been set. What did the crowdsale value this at? Like 6 million $? 1666 satoshi per AMP. You can get listed on Poloniex. Sell 10,000,000 AMP at 0.0002 BTC and get 200 BTC to fund this. Then when you go to investors there are no lawyers or contracts needed. You just tell the investors, go to poloniex and buy coins.",
        "ts": "1443126327.000048"
    },
    {
        "type": "message",
        "user": "U09KY5U65",
        "text": "Centralized private equity investors are scammers, they like to get in early to pump n dump the coin on the public.",
        "ts": "1443126367.000049"
    },
    {
        "type": "message",
        "user": "U09KY5U65",
        "text": "It would 1000x better to sell 0.1 BTC to  2000 users. Those people would probably be interested in then using Synereo and getting their friends to sign up and use it.",
        "ts": "1443126413.000050"
    },
    {
        "type": "message",
        "user": "U09KY5U65",
        "text": "I have read some stats that combined, all the top 5 altcoin exchanges have over 500,000 users. Lots of them are probably repeat signups though. Like I have accounts on all 5 of the top exchanges.",
        "ts": "1443126519.000051"
    },
    {
        "type": "message",
        "user": "U09KY5U65",
        "text": "Once those funds run out you can just repeat. Maybe move up the value based on how much success there has been.",
        "ts": "1443127867.000052"
    },
    {
        "type": "message",
        "user": "U09KY5U65",
        "text": "BTW.  I'm the agent for one of the top GUI creators in the world. I've told him about the project and he is interested.",
        "ts": "1443141637.000053"
    },
    {
        "type": "message",
        "user": "U0474AT8P",
        "text": "any samples of his work?",
        "ts": "1443141701.000054"
    },
    {
        "type": "message",
        "user": "U09KY5U65",
        "text": "I'll will try to put something together. I actually just started representing him today! haha",
        "ts": "1443141918.000055"
    },
    {
        "type": "message",
        "user": "U09KY5U65",
        "text": "I wonder if I'm the first computer programmer agent in the world? I've never heard of one before. Things are getting crazy though",
        "ts": "1443141988.000056"
    },
    {
        "type": "message",
        "user": "U0474AT8P",
        "text": "There are plenty\u2026",
        "ts": "1443142006.000057"
    },
    {
        "type": "message",
        "user": "U0474AT8P",
        "text": "Agencies",
        "ts": "1443142014.000058"
    },
    {
        "type": "message",
        "user": "U09KY5U65",
        "text": "I think you guys for the idea. In the last 2 videos, someone said, \"everyone\/everything needs an agent\"",
        "ts": "1443142020.000059"
    },
    {
        "type": "message",
        "user": "U09KY5U65",
        "text": "like world class style. sports style. not hire a random loser from an agency style.",
        "ts": "1443142096.000060"
    }
]