[
    {
        "type": "message",
        "user": "U04BMCE7Q",
        "text": "<https:\/\/i.imgur.com\/VqXyJ6Z.png>",
        "attachments": [
            {
                "from_url": "https:\/\/i.imgur.com\/VqXyJ6Z.png",
                "fallback": "320x240px image",
                "image_url": "https:\/\/i.imgur.com\/VqXyJ6Z.png",
                "image_width": 320,
                "image_height": 240,
                "image_bytes": 123048,
                "id": 1
            }
        ],
        "ts": "1430212739.000823"
    },
    {
        "user": "U04JPG2F2",
        "type": "message",
        "subtype": "channel_join",
        "text": "<@U04JPG2F2|sprat> has joined the channel",
        "ts": "1430221052.000825"
    },
    {
        "user": "U04K31THC",
        "type": "message",
        "subtype": "channel_join",
        "text": "<@U04K31THC|xcptime> has joined the channel",
        "ts": "1430279995.000826"
    },
    {
        "type": "message",
        "user": "U0474AYFT",
        "text": "Hello!",
        "ts": "1430290484.000827"
    },
    {
        "type": "message",
        "user": "U0474AYFT",
        "text": "Who here would be interested in spreading the word about a Synereo hackathon?",
        "ts": "1430290501.000828"
    }
]