[
    {
        "type": "message",
        "user": "U0474AT8P",
        "text": "Good article on Brave New Coin: <http:\/\/bravenewcoin.com\/news\/synereo-beating-technical-issues\/>",
        "attachments": [
            {
                "text": "Despite a hiccup in distribution of AMPs from crowdsale, things are clearly ramping up over at Synereo. With more attention headed their way interested parties seem to be coming out of the woodwork.",
                "fallback": "Despite a hiccup in distribution of AMPs from crowdsale, things are clearly ramping up over at Synereo. With more attention headed their way interested parties seem to be coming out of the woodwork.",
                "image_url": "http:\/\/bravenewcoin.com\/assets\/Uploads\/_resampled\/CroppedImage400400-Selection-173.png",
                "from_url": "http:\/\/bravenewcoin.com\/news\/synereo-beating-technical-issues\/",
                "image_width": 250,
                "image_height": 250,
                "image_bytes": 212920,
                "id": 1
            }
        ],
        "edited": {
            "user": "U0474AT8P",
            "ts": "1431468387.000000"
        },
        "ts": "1431468375.000026"
    },
    {
        "type": "message",
        "user": "U04Q93P4Z",
        "text": "Human, so large yet so small... <http:\/\/scaleofuniverse.com\/>",
        "attachments": [
            {
                "text": "Scale of Universe - Interactive Scale of the Universe Tool -",
                "fallback": "Scale of Universe - Interactive Scale of the Universe Tool -",
                "from_url": "http:\/\/scaleofuniverse.com\/",
                "id": 1
            }
        ],
        "ts": "1431471085.000029"
    },
    {
        "type": "message",
        "user": "U0474AT8P",
        "text": "Nice one, thanks for sharing",
        "ts": "1431471560.000031"
    }
]