[
    {
        "type": "message",
        "user": "U050QES9A",
        "text": "Actually, and an actual attentive reading would reveal this <@U0474AT8P>, they patently DID NOT state that - in fact they stated the opposite, and then nervously included a caveat for you guys. See, originally we were told that bounty payouts would occur after the crowdsale ended and after the crowdsale participants got theirs. It didnt say bounty payouts will occur x amount of months AFTER the end of crowdsale payouts. Then, after a significant delay, you originally offered this \"\"Unfortunately we are waiting on Omni to complete some tasks before we can go ahead and pay out of the User Rewards Wallet. \"... and what they said is this: \"Omniwallet\/omni doesn't really have any specific control other than it happens to be one of the guys on our team who was asked to be in this position. **So the last update i saw from him was that he had not actually received any requests from Synereo to send out the amps for the bounty yet**\" which, contradicts your original statement. In fact, Adam had to change your statement to say this \"12:46 PMWell. \"waiting on omni = waiting on the multisig amp tx to be created and sent to them to sign\"is true, which is absurd. This is notwithstanding your new and updated \"main issue\" which you have now changed, arbitrarily I guess, to \"The main issue is to get people around at the same time. \" - what does that even mean on the internet and with digital transactions? Like you need to meet at Denny's or something? Actually THE MAIN ISSUE with multisig, again, is exactly the opposite of what you say - to ensure that the signatories are not all \"around\" in one place! This is also notwithstanding what he said after that, the caveat, \"Its entirely possible that someone thought they asked him or they thought he was already receiving the bounty request emails\/confirmations and he didn't\" BECAUSE this is not really any of mine or your other bounty winners, i.e customers, concern, especially since it should have been clear that if there was no response from the omni guy commissioned to be a multi-sig holder, after several weeks, or even the actual TEN weeks it has been after the end of the crowdsale, that professional consideration of customers, i.e. good PR, should have compelled you to address the issue in a straight-ahead and proactive, that would be professional, fashion... i.e letting us know, providing regular updates, following through when you don't hear back from the guy who might or might not have received the requests that might or might not have been sent... a simple way to clear the issue of whether or not the request was actually sent to the omni guy, btw, would be to just provide a copy of the sent email request with the date on it... since the guy at omni stated that he received nothing of the sort. Again though, this isn't really the issue, this is simply me addressing logical inconsistencies... and providing solutions for the confusion and mistrust. The REAL issue is simply this : where are the AMPS? And another question might also be, perhaps, is this really MY job? Synereo should really have one of the Synereo team members on this don't ya think? I digress though - Where are the AMPS?",
        "ts": "1434313446.000122"
    },
    {
        "type": "message",
        "user": "U0474AT8P",
        "text": "All I said was to get people in sync for the multisig you need them online at the same time as Yuval explained. He did send a request to Craig at Omni who is the holder of one of the multisig, Craig is a very busy man, hard to get hold of. \n\nPayouts are getting processed in the next few days, if not already.",
        "ts": "1434318839.000124"
    },
    {
        "type": "message",
        "user": "U0474AT8P",
        "text": "Worry not payouts are on the way.",
        "ts": "1434318869.000125"
    },
    {
        "type": "message",
        "user": "U0474AT8P",
        "text": "My suggestion for the future is to have some of the User Rewards funds in a separate wallet without multisig so they can be processed quickly.",
        "ts": "1434318899.000126"
    },
    {
        "type": "message",
        "user": "U0474AT8P",
        "text": "And the people that are actually waiting for the payouts, not sure if you are one of them, do PM me and they do get updates about them.",
        "edited": {
            "user": "U0474AT8P",
            "ts": "1434319309.000000"
        },
        "ts": "1434318986.000127"
    },
    {
        "type": "message",
        "user": "U0474AT8P",
        "text": "Thing is I\u2019m between the actual team and the community, I don\u2019t do the payouts themselves so I can only update as far as I know.",
        "ts": "1434319068.000128"
    },
    {
        "type": "message",
        "user": "U0474AT8P",
        "text": "And in my opinion, no it is not your job to do this, nobody asked you to do that.",
        "ts": "1434319382.000130"
    },
    {
        "type": "message",
        "user": "U0474AT8P",
        "text": "Payouts were going to happen even if you didn\u2019t get involved.",
        "ts": "1434319430.000131"
    },
    {
        "type": "message",
        "user": "U0474AT8P",
        "text": "Seem like you are here to argue, I\u2019m not going to get involved more than I have already. Appreciate the feedback but I don\u2019t see it as such a big issue as you are depicting it.",
        "ts": "1434319524.000132"
    },
    {
        "type": "message",
        "user": "U0474AT8P",
        "text": "One last note, every Wednesday we have a Community Hangout where people are invited to join the discussion. Greg usually posts the participant link here, so if in the future you feel like you need to say something feel free to join there and ask your questions. Many people on here participate.",
        "ts": "1434320609.000134"
    }
]