[
    {
        "user": "U06MNSRTK",
        "type": "message",
        "subtype": "channel_join",
        "text": "<@U06MNSRTK|kris> has joined the channel",
        "ts": "1435050831.000145"
    },
    {
        "type": "message",
        "user": "U06MNSRTK",
        "text": "Hi <@U0474AT8P> ",
        "ts": "1435051042.000146"
    },
    {
        "type": "message",
        "user": "U0474AT8P",
        "text": "Hey buddy how are you?",
        "ts": "1435055311.000147"
    },
    {
        "type": "message",
        "user": "U0474AT8P",
        "text": "Good to see you :simple_smile:",
        "ts": "1435055317.000148"
    },
    {
        "type": "message",
        "user": "U06MNSRTK",
        "text": "Good thanks you. Nice post in blog ! . I'm writing for SYNEREOCARD :))",
        "ts": "1435061134.000149"
    },
    {
        "user": "U06MW1PKJ",
        "type": "message",
        "subtype": "channel_join",
        "text": "<@U06MW1PKJ|techbytes> has joined the channel",
        "ts": "1435070384.000150"
    },
    {
        "user": "U06NC7EGM",
        "type": "message",
        "subtype": "channel_join",
        "text": "<@U06NC7EGM|mika> has joined the channel",
        "ts": "1435090214.000151"
    }
]