[
    {
        "type": "message",
        "user": "U0474E4KZ",
        "text": "<@U09KY5U65>: No one is signed. It doesn't make sense to enter such an agreement for a startup.",
        "edited": {
            "user": "U0474E4KZ",
            "ts": "1449665174.000000"
        },
        "ts": "1449664928.000091"
    },
    {
        "type": "message",
        "user": "U0474E4KZ",
        "text": "We do have a standard vesting plan where people get their stake in the company\/AMPs over time.",
        "ts": "1449664968.000092"
    },
    {
        "type": "message",
        "user": "U0474E4KZ",
        "text": "Dor takes in a net amount of 8442 NIS a month (while living in one of the most expensive cities in the world), taking the minimal legally mandated employee benefits.",
        "edited": {
            "user": "U0474E4KZ",
            "ts": "1449665087.000000"
        },
        "ts": "1449665032.000093"
    },
    {
        "type": "message",
        "user": "U0474E4KZ",
        "text": "We're not going to have a full public ledger, but I can tell you that ~80% of all funds raised to date have gone into development.",
        "ts": "1449665113.000096"
    },
    {
        "type": "message",
        "user": "U0474E4KZ",
        "text": "The rest are for legal, accounting, design, and some marketing material.",
        "ts": "1449665133.000097"
    },
    {
        "type": "message",
        "user": "U0474AYFT",
        "text": "Today's Synereo Community Hangout participants' link: <https:\/\/plus.google.com\/hangouts\/_\/hoaevent\/AP36tYf4-PafYOpGX8c2HGDUG-pBtg8YMuPUsQGYiRBR7njX0rS9Ug?eid=109002904706315055045&amp;hl=en&amp;authuser=1>",
        "ts": "1449687884.000099"
    },
    {
        "user": "U0G8ZB4R4",
        "type": "message",
        "subtype": "channel_join",
        "text": "<@U0G8ZB4R4|n> has joined the channel",
        "ts": "1449689436.000100"
    },
    {
        "user": "U0G8YFF5J",
        "type": "message",
        "subtype": "channel_join",
        "text": "<@U0G8YFF5J|tetsuo_caneda_akira> has joined the channel",
        "ts": "1449692691.000101"
    },
    {
        "type": "message",
        "user": "U0G8YFF5J",
        "text": "WOO HOO, I finally made it here. LOL :simple_smile:",
        "ts": "1449692943.000102",
        "reactions": [
            {
                "name": "+1",
                "users": [
                    "U0474E4KZ"
                ],
                "count": 1
            }
        ]
    },
    {
        "type": "message",
        "user": "U048T3M8W",
        "text": "The summary of the Hangout is now open for editing :simple_smile: <https:\/\/docs.google.com\/document\/d\/13iVF6iQrwP87r24Sd_AqlpA99KAMbDXCZPvA48UXbPM\/edit#>",
        "ts": "1449693228.000103"
    },
    {
        "type": "message",
        "subtype": "file_share",
        "text": "<@U048T3M8W|lapin7> shared a file: <https:\/\/synereonet.slack.com\/files\/lapin7\/F0G95143Y\/hangout20151209|Hangout 20151209>",
        "file": {
            "id": "F0G95143Y",
            "created": 1449693230,
            "timestamp": 1449693230,
            "name": "Hangout20151209",
            "title": "Hangout 20151209",
            "mimetype": "application\/vnd.google-apps.document",
            "filetype": "gdoc",
            "pretty_type": "GDocs Document",
            "user": "U048T3M8W",
            "editable": false,
            "size": 10455,
            "mode": "external",
            "is_external": true,
            "external_type": "gdrive",
            "is_public": true,
            "public_url_shared": false,
            "display_as_bot": false,
            "username": "",
            "url_private": "https:\/\/docs.google.com\/document\/d\/13iVF6iQrwP87r24Sd_AqlpA99KAMbDXCZPvA48UXbPM\/edit?usp=drivesdk",
            "thumb_64": "https:\/\/a.slack-edge.com\/66f9\/img\/files\/gdraw_64.png",
            "thumb_360": "https:\/\/a.slack-edge.com\/272a\/img\/files\/gdoc_360.png",
            "thumb_360_w": 360,
            "thumb_360_h": 167,
            "permalink": "https:\/\/synereonet.slack.com\/files\/lapin7\/F0G95143Y\/hangout20151209",
            "channels": [
                "C0474AT8X",
                "C0474C7V9"
            ],
            "groups": [
    
            ],
            "ims": [
    
            ],
            "comments_count": 0
        },
        "user": "U048T3M8W",
        "upload": false,
        "display_as_bot": false,
        "username": "<@U048T3M8W|lapin7>",
        "bot_id": null,
        "ts": "1449693230.000104"
    },
    {
        "type": "message",
        "user": "U09KY5U65",
        "text": "If this project acts like  a start up it will for sure lose to a different project. The next generation is not going to be companies\/start ups, it will be \"DAOs\".  Meredith likes to say \"The wisdom of the crowd is better than single peoples wisdom\". If this is true then DAOs win and companies lose.",
        "ts": "1449694507.000105"
    },
    {
        "type": "message",
        "user": "U048T3M8W",
        "text": "<@U09KY5U65>:  I think his Synereo is starting to look like a DAO",
        "ts": "1449695584.000106"
    },
    {
        "type": "message",
        "user": "U0474AYFT",
        "text": "Yes! We agree!",
        "ts": "1449695737.000107"
    },
    {
        "type": "message",
        "user": "U0474AYFT",
        "text": "Personally, i've been thinking about Synereo governance.",
        "ts": "1449695789.000108"
    },
    {
        "type": "message",
        "user": "U0474AYFT",
        "text": "We have a unique opportunity to get this on course.",
        "ts": "1449695842.000109"
    },
    {
        "type": "message",
        "user": "U0474AYFT",
        "text": "i'll be in Tel Aviv in Jan speaking with Backfeed.",
        "ts": "1449695983.000110"
    },
    {
        "type": "message",
        "user": "U0474AYFT",
        "text": "i'd like to consider different means to address governance and get this set up as a model for others to follow.",
        "ts": "1449696058.000111"
    },
    {
        "type": "message",
        "user": "U048T3M8W",
        "text": "Looks great",
        "ts": "1449696104.000112"
    },
    {
        "type": "message",
        "user": "U0474AYFT",
        "text": "Ethereum is foundering on governance issues. (Note the two governance channels and dilution of the dialogue.)",
        "ts": "1449696124.000113"
    },
    {
        "type": "message",
        "user": "U048T3M8W",
        "text": "Yes it can become quite a mess",
        "ts": "1449696156.000114"
    },
    {
        "type": "message",
        "user": "U0474AYFT",
        "text": "Investors are moving away from Ethereum because of their dissatisfaction with governance.",
        "ts": "1449696187.000115"
    },
    {
        "type": "message",
        "user": "U048T3M8W",
        "text": "So how do you keep the noses in one direction?",
        "ts": "1449696248.000116"
    },
    {
        "type": "message",
        "user": "U0474AYFT",
        "text": "We can support Ethereum and others who want workable models by providing a workable model ourselves.",
        "ts": "1449696266.000117"
    },
    {
        "type": "message",
        "user": "U048T3M8W",
        "text": "Something how birds fly with a few basic principles or so",
        "ts": "1449696315.000118"
    },
    {
        "type": "message",
        "user": "U0474AYFT",
        "text": "Do we want the noses in one direction?",
        "ts": "1449696317.000119"
    },
    {
        "type": "message",
        "user": "U0474AYFT",
        "text": "In the guitar circle we often get where we're going by going in circles.",
        "ts": "1449696363.000120"
    },
    {
        "type": "message",
        "user": "U048T3M8W",
        "text": "Yes I saw that. Even when somebody from the audience was coughing it was immediately absorbed by the guitar players",
        "ts": "1449696428.000121"
    },
    {
        "type": "message",
        "user": "U0474AYFT",
        "text": "We begin where we are and if we work with good will are given a chance to begin again.",
        "ts": "1449696450.000122"
    },
    {
        "type": "message",
        "user": "U0474AYFT",
        "text": "*cough*",
        "ts": "1449696469.000123"
    },
    {
        "type": "message",
        "user": "U048T3M8W",
        "text": ":simple_smile:",
        "ts": "1449696477.000124"
    },
    {
        "type": "message",
        "user": "U048T3M8W",
        "text": "So for the Finance boys it will be some eye opener. I suggested them that creating a finance group in Synereo would be good to do their things in upmost secrecy.",
        "ts": "1449696562.000125"
    },
    {
        "type": "message",
        "user": "U048T3M8W",
        "text": "There are 3 finance boys joining the meeting",
        "ts": "1449696615.000126"
    },
    {
        "type": "message",
        "user": "U0474AYFT",
        "text": ";-)",
        "ts": "1449696617.000127"
    },
    {
        "type": "message",
        "user": "U0474AYFT",
        "text": "Cool!",
        "ts": "1449696641.000128"
    },
    {
        "type": "message",
        "user": "U048T3M8W",
        "text": "I had to write a white paper about blockchain and so. I will send it to you. Maybe it's a good read.",
        "ts": "1449696688.000129"
    },
    {
        "type": "message",
        "user": "U048T3M8W",
        "text": "It's difficult to put ideas in a logical order on paper",
        "ts": "1449696836.000130"
    },
    {
        "type": "message",
        "user": "U0G8YFF5J",
        "text": "Since I missed the hangout, Id like to view it once its uploaded. Have any idea when that might happen?",
        "ts": "1449697326.000131"
    },
    {
        "type": "message",
        "user": "U09KY5U65",
        "text": "go to youtube. search \"synereo\" view their channel",
        "ts": "1449697388.000132",
        "reactions": [
            {
                "name": "+1",
                "users": [
                    "U0G8YFF5J"
                ],
                "count": 1
            }
        ]
    },
    {
        "type": "message",
        "user": "U048T3M8W",
        "text": "<@U09KY5U65>: do you now how I can get a transcript of voice to text from this google hangout?",
        "ts": "1449697785.000133"
    },
    {
        "type": "message",
        "user": "U09KY5U65",
        "text": "Whom ever has control of the youtube account would have to turn on automatic captions for the video in the video manager section.",
        "ts": "1449698260.000134"
    },
    {
        "type": "message",
        "user": "U048T3M8W",
        "text": "alright. Let's make sure that is done every time from now on",
        "ts": "1449698362.000135"
    },
    {
        "type": "message",
        "user": "U0474E4KZ",
        "text": "So, does anyone have any ideas for communities that will appreciate what we're doing?",
        "ts": "1449704618.000136"
    },
    {
        "type": "message",
        "user": "U0474E4KZ",
        "text": "And that he may perhaps want to act as an ambassador in?",
        "ts": "1449704632.000137"
    },
    {
        "type": "message",
        "user": "U0474E4KZ",
        "text": "A subreddit you frequent? An FB group?",
        "edited": {
            "user": "U0474E4KZ",
            "ts": "1449704643.000000"
        },
        "ts": "1449704640.000138"
    },
    {
        "type": "message",
        "user": "U0G8YFF5J",
        "text": "Bitnation :simple_smile:",
        "ts": "1449711034.000140"
    },
    {
        "type": "message",
        "user": "U0G8YFF5J",
        "text": "Center for Stateless Society, Society of Invisible Outer-Nationals, and a host of micro-nations.",
        "ts": "1449711098.000141"
    },
    {
        "type": "message",
        "user": "U048X85UT",
        "text": "<http:\/\/bitnaation.co|bitnaation.co>",
        "ts": "1449711334.000142"
    },
    {
        "type": "message",
        "user": "U0G8YFF5J",
        "text": "<http:\/\/bitnation.co|bitnation.co>",
        "ts": "1449714564.000143"
    }
]