[
    {
        "type": "message",
        "user": "U0474AT8P",
        "text": "hello!",
        "ts": "1428761081.000539"
    },
    {
        "user": "U04BQ4FMC",
        "type": "message",
        "subtype": "channel_join",
        "text": "<@U04BQ4FMC|malthusjohn> has joined the channel",
        "ts": "1428765301.000540"
    },
    {
        "type": "message",
        "user": "U0474AT8P",
        "text": "<https:\/\/twitter.com\/Synereo\/status\/586902655370428416>",
        "attachments": [
            {
                "fallback": "<https:\/\/twitter.com\/Synereo|@Synereo>: We are over 10 Million AMPs sold. Get yours before the next rate change: <https:\/\/crowdsale.synereo.com> #social #bitcoin <https:\/\/pbs.twimg.com\/media\/CCUYqcJWIAApUz0.png>",
                "ts": 1428763471,
                "author_name": "Synereo",
                "author_link": "https:\/\/twitter.com\/Synereo\/status\/586902655370428416",
                "author_icon": "https:\/\/pbs.twimg.com\/profile_images\/522790259789025280\/FKRuSK66_normal.png",
                "author_subname": "@Synereo",
                "text": "We are over 10 Million AMPs sold. Get yours before the next rate change: <https:\/\/crowdsale.synereo.com> #social #bitcoin <https:\/\/pbs.twimg.com\/media\/CCUYqcJWIAApUz0.png>",
                "service_name": "twitter",
                "service_url": "https:\/\/twitter.com\/",
                "image_url": "https:\/\/pbs.twimg.com\/media\/CCUYqcJWIAApUz0.png",
                "image_width": 598,
                "image_height": 296,
                "image_bytes": 146640,
                "from_url": "https:\/\/twitter.com\/Synereo\/status\/586902655370428416",
                "id": 1
            }
        ],
        "ts": "1428765474.000541"
    },
    {
        "type": "message",
        "user": "U0474AT8P",
        "text": "Here is the Synereo video, feedback appreciated!",
        "ts": "1428765942.000543"
    },
    {
        "type": "message",
        "user": "U0474AT8P",
        "text": "<https:\/\/youtu.be\/IxrfwsoTpis>",
        "attachments": [
            {
                "service_name": "YouTube",
                "service_url": "http:\/\/www.youtube.com\/",
                "title": "Something No One Owns",
                "title_link": "https:\/\/youtu.be\/IxrfwsoTpis",
                "author_name": "Synereo",
                "author_link": "http:\/\/www.youtube.com\/channel\/UCU5CBbxAeFYnodf32w3ahOQ",
                "thumb_url": "http:\/\/i.ytimg.com\/vi\/IxrfwsoTpis\/hqdefault.jpg",
                "thumb_width": 480,
                "thumb_height": 360,
                "fallback": "YouTube Video: Something No One Owns",
                "video_html": "<iframe width=\"400\" height=\"225\" src=\"http:\/\/www.youtube.com\/embed\/IxrfwsoTpis?feature=oembed\" frameborder=\"0\" allowfullscreen><\/iframe>",
                "video_html_width": 400,
                "video_html_height": 225,
                "from_url": "https:\/\/youtu.be\/IxrfwsoTpis",
                "id": 1
            }
        ],
        "ts": "1428765945.000544"
    },
    {
        "type": "message",
        "user": "U048XN527",
        "text": "Great stuff! As you can see by the related videos underneath, you may consider adding a hypen after the title and add \" an internet tale\" or something which better pairs the video up with more relatable videos... so that the likelihood of discovery increases.",
        "ts": "1428767366.000546"
    },
    {
        "user": "U04CE1UTF",
        "type": "message",
        "subtype": "channel_join",
        "text": "<@U04CE1UTF|edhesse79> has joined the channel",
        "ts": "1428782326.000547"
    },
    {
        "user": "U04BSUV0L",
        "type": "message",
        "subtype": "channel_join",
        "text": "<@U04BSUV0L|ferdinand> has joined the channel",
        "ts": "1428797345.000548"
    },
    {
        "type": "message",
        "user": "U049N8MT7",
        "text": "Really nice Animation Video. I Like ",
        "ts": "1428813159.000549"
    }
]