[
    {
        "user": "U09U9065R",
        "type": "message",
        "subtype": "channel_join",
        "text": "<@U09U9065R|akbar> has joined the channel",
        "ts": "1441058353.000025"
    },
    {
        "type": "message",
        "user": "U09KY5U65",
        "text": "I hear there is a \"generous\" bounty for the docker file. Could someone say a number as to how much it is? $500 for this docker file that no one has created yet seems generous. That would be equal to 310559 AMP at todays marketcap.",
        "ts": "1441076819.000026"
    },
    {
        "type": "message",
        "user": "U09KY5U65",
        "text": "If you posted that bounty online, I'm sure there would be a docker files created in a few days.",
        "ts": "1441078440.000027"
    }
]