[
    {
        "user": "U0F4S0K5K",
        "type": "message",
        "subtype": "channel_join",
        "text": "<@U0F4S0K5K|christopher_lafayette> has joined the channel",
        "ts": "1448300351.000026"
    },
    {
        "type": "message",
        "user": "U09KY5U65",
        "text": "nice tutorials. Could you make 1 video without guest showing how to build casper from scratch. from the very beginning. Then show adding in the code and testing it works. Is synereo going to use the casper code?",
        "ts": "1448337116.000027"
    },
    {
        "type": "message",
        "user": "U09KY5U65",
        "text": "Or just work on that live coding website you talked about a month ago. THen all your work is recorded for everyone to watch.",
        "ts": "1448337146.000028"
    }
]