[
    {
        "user": "U049MGC58",
        "type": "message",
        "subtype": "channel_join",
        "text": "<@U049MGC58|tomcio2001> has joined the channel",
        "ts": "1428401564.000323"
    },
    {
        "type": "message",
        "user": "U049MGC58",
        "text": "Hi all",
        "ts": "1428401616.000324"
    },
    {
        "user": "U049P4TJ2",
        "type": "message",
        "subtype": "channel_join",
        "text": "<@U049P4TJ2|troisel77> has joined the channel",
        "ts": "1428410392.000325"
    },
    {
        "type": "message",
        "user": "U049P4TJ2",
        "text": "Hi all, nice to be here :simple_smile:",
        "ts": "1428410480.000326"
    },
    {
        "type": "message",
        "user": "U049CMCCZ",
        "text": "<@U0474AYFT>:  good info thx :thumbsup: \nYour example with David TORN makes Synereo even more relevant! Poor guy - that's scandalous what Pandora paid him!",
        "ts": "1428411221.000327"
    },
    {
        "type": "message",
        "user": "U0474AYFT",
        "text": "<@U049CMCCZ>: We agree! Check out our discussion with the California Guitar Trio and Tony Levin (Peter Gabriel, King Crimson, Liquid Tension Experiment, ... ) : <https:\/\/www.youtube.com\/watch?v=qP3IRS0VaIY>",
        "attachments": [
            {
                "service_name": "YouTube",
                "service_url": "http:\/\/www.youtube.com\/",
                "title": "Synereo Community Hangout Music Sharing on Synereo with California Guitar Trio and Tony Levin",
                "title_link": "https:\/\/www.youtube.com\/watch?v=qP3IRS0VaIY",
                "author_name": "Synereo",
                "author_link": "http:\/\/www.youtube.com\/channel\/UCU5CBbxAeFYnodf32w3ahOQ",
                "thumb_url": "http:\/\/i.ytimg.com\/vi\/qP3IRS0VaIY\/hqdefault.jpg",
                "thumb_width": 480,
                "thumb_height": 360,
                "fallback": "YouTube Video: Synereo Community Hangout Music Sharing on Synereo with California Guitar Trio and Tony Levin",
                "video_html": "<iframe width=\"400\" height=\"225\" src=\"http:\/\/www.youtube.com\/embed\/qP3IRS0VaIY?feature=oembed\" frameborder=\"0\" allowfullscreen><\/iframe>",
                "video_html_width": 400,
                "video_html_height": 225,
                "from_url": "https:\/\/www.youtube.com\/watch?v=qP3IRS0VaIY",
                "id": 1
            }
        ],
        "ts": "1428412664.000328"
    },
    {
        "type": "message",
        "user": "U0474AYFT",
        "text": "And here's another with Matt Black of ColdCut and Ninja Tunes: <https:\/\/www.youtube.com\/watch?v=uwXqQ0QHKNk>",
        "attachments": [
            {
                "service_name": "YouTube",
                "service_url": "http:\/\/www.youtube.com\/",
                "title": "Synereo Community Hangout - Music Publishing",
                "title_link": "https:\/\/www.youtube.com\/watch?v=uwXqQ0QHKNk",
                "author_name": "Synereo",
                "author_link": "http:\/\/www.youtube.com\/channel\/UCU5CBbxAeFYnodf32w3ahOQ",
                "thumb_url": "http:\/\/i.ytimg.com\/vi\/uwXqQ0QHKNk\/hqdefault.jpg",
                "thumb_width": 480,
                "thumb_height": 360,
                "fallback": "YouTube Video: Synereo Community Hangout - Music Publishing",
                "video_html": "<iframe width=\"400\" height=\"225\" src=\"http:\/\/www.youtube.com\/embed\/uwXqQ0QHKNk?feature=oembed\" frameborder=\"0\" allowfullscreen><\/iframe>",
                "video_html_width": 400,
                "video_html_height": 225,
                "from_url": "https:\/\/www.youtube.com\/watch?v=uwXqQ0QHKNk",
                "id": 1
            }
        ],
        "ts": "1428412842.000330"
    },
    {
        "user": "U04AHTUPM",
        "type": "message",
        "subtype": "channel_join",
        "text": "<@U04AHTUPM|sneubert> has joined the channel",
        "ts": "1428426790.000332"
    },
    {
        "user": "U049WSTG0",
        "type": "message",
        "subtype": "channel_join",
        "text": "<@U049WSTG0|21xhipster> has joined the channel",
        "ts": "1428435541.000333"
    },
    {
        "type": "message",
        "user": "U04A61RG3",
        "text": "There's also a hangout on Thursday. We're having a big get together at the community space in Vancouver, and the topic is crypto crowdsales. Factom will also be a guest: <https:\/\/plus.google.com\/u\/0\/events\/c5oq1nta6rcmaub036l35mdck3s>",
        "attachments": [
            {
                "service_name": "Google+",
                "title": "Crowdsales 2.0: Factom and Synereo Unleashed - Google+",
                "title_link": "https:\/\/plus.google.com\/u\/0\/events\/c5oq1nta6rcmaub036l35mdck3s",
                "text": "The blockchain has many applications besides sending and receiving money. One of the first additional functions to be explored was fundraising; it is relatively easy to request bitcoins, as a donation or with the promise of some future return. New cryptocurrencies, however, have allowed us to automate the process. Backing a coin with equity (like a stock) is complicated due to securities laws, but many have already designed coins backed by goods or services for which they can be redeemed. All decentralized applications (like Storj or MAIDSafe) are essentially service providers, with their service being provided in exchange for their associated crypto coin. By releasing the tokens before the application, they effectively pre-sell those services as a way to raise development funds. This has become a revolutionary new crowdselling and fundraising method, on which all decentralized applications will probably rely. We're beaming in some experts on the topic to discuss their experience with crypto crowdsales, including: \u2022 Synereo, the first truly decentralized social media platform. Better than Facebook in every way, they're currently crowselling the AMP tokens needed to promote content (as opposed to paying Facebook).\u00a0 \u2022 Factom, a decentralized proof of existence application. They're crowdselling Factoid tokens which can be used to permanently record any data on virtually any blockchain.",
                "fallback": "Google+: Crowdsales 2.0: Factom and Synereo Unleashed - Google+",
                "image_url": "https:\/\/lh3.googleusercontent.com\/_tcY7QLx6X_8\/UY1_0TJEqGI\/AAAAAAAACLo\/Ls1BaI-xmIQ\/w940-h280-n\/06_hangouts_yellow.jpg.png",
                "from_url": "https:\/\/plus.google.com\/u\/0\/events\/c5oq1nta6rcmaub036l35mdck3s",
                "image_width": 839,
                "image_height": 250,
                "image_bytes": 201345,
                "id": 1
            }
        ],
        "ts": "1428437714.000334"
    },
    {
        "type": "message",
        "user": "U04A61RG3",
        "text": "We want to set up a Synereo node in Vancouver and demo it live during the hangout",
        "ts": "1428437755.000336"
    },
    {
        "type": "message",
        "user": "U04A61RG3",
        "text": "Ideally Greg joins us via hangout and also connects with us",
        "ts": "1428437773.000337"
    },
    {
        "type": "message",
        "user": "U0474AYFT",
        "text": "The only branch that's stable enough is the one without any cryptocurrency integration.",
        "ts": "1428437835.000338"
    },
    {
        "type": "message",
        "user": "U0474AYFT",
        "text": "If that's ok, we can stand up a node.",
        "ts": "1428437848.000339"
    },
    {
        "type": "message",
        "user": "U0474AYFT",
        "text": "We can make it even easier.",
        "ts": "1428437860.000340"
    },
    {
        "type": "message",
        "user": "U04A61RG3",
        "text": "I thought it would be cool to post a message and watch it flow",
        "ts": "1428437888.000341"
    },
    {
        "type": "message",
        "user": "U0474AYFT",
        "text": "i can make an AMI available, and you can spin up an AMZN instance.",
        "ts": "1428437890.000342"
    },
    {
        "type": "message",
        "user": "U0474AYFT",
        "text": "As long as you're not expecting to see AMPs flow with it.",
        "ts": "1428437915.000343"
    },
    {
        "type": "message",
        "user": "U04A61RG3",
        "text": "that's fine. save more demos for later",
        "ts": "1428437927.000344"
    },
    {
        "type": "message",
        "user": "U0474AYFT",
        "text": "Ok.",
        "ts": "1428437932.000345"
    },
    {
        "type": "message",
        "user": "U04A61RG3",
        "text": "I need to invite the guys into this slack I think",
        "ts": "1428437948.000346"
    },
    {
        "type": "message",
        "user": "U0474AYFT",
        "text": "Also, configuring two nodes to talk to each other is time consuming.",
        "ts": "1428437957.000347"
    },
    {
        "type": "message",
        "user": "U04A61RG3",
        "text": "I'm not their tech guy",
        "ts": "1428437959.000348"
    },
    {
        "type": "message",
        "user": "U0474AYFT",
        "text": "How about we do just one node?",
        "ts": "1428437966.000349"
    },
    {
        "type": "message",
        "user": "U0474AYFT",
        "text": "You'll still see flow, just not cross node flow.",
        "ts": "1428437979.000350"
    },
    {
        "type": "message",
        "user": "U04A61RG3",
        "text": "Alright, we might have to do that. Whatever we can pull off.",
        "ts": "1428438003.000351"
    },
    {
        "type": "message",
        "user": "U0474AYFT",
        "text": "Cool",
        "ts": "1428438010.000352"
    },
    {
        "type": "message",
        "user": "U04A61RG3",
        "text": "How can I get Cam in here?",
        "ts": "1428438012.000353"
    },
    {
        "type": "message",
        "user": "U0474AYFT",
        "text": "i just don't want to spend a bunch of the hangout time fiddling with configuration files.",
        "ts": "1428438035.000354"
    },
    {
        "type": "message",
        "user": "U04A61RG3",
        "text": "They would still love to get a node, regardless, at some point. Would be cool",
        "ts": "1428438177.000355"
    },
    {
        "type": "message",
        "user": "U0474AYFT",
        "text": "i just sent an invite to Cam.",
        "ts": "1428438196.000356"
    },
    {
        "type": "message",
        "user": "U04A61RG3",
        "text": "alright cool. thanks for joining us",
        "ts": "1428438210.000359"
    },
    {
        "type": "message",
        "user": "U0474AYFT",
        "text": "Ok, here's what we'll do.",
        "ts": "1428438225.000360"
    },
    {
        "type": "message",
        "user": "U0474AYFT",
        "text": "i'll make an AMI. You can spin up your own instance and play with it.",
        "ts": "1428438242.000361"
    },
    {
        "type": "message",
        "user": "U0474AYFT",
        "text": "That will require some hand holding.",
        "ts": "1428438253.000362"
    },
    {
        "type": "message",
        "user": "U04A61RG3",
        "text": "Some other guy at the space has server access and such. I'm not fluent in such things",
        "ts": "1428438297.000363"
    },
    {
        "type": "message",
        "user": "U04A61RG3",
        "text": "I think we can figure it out, though",
        "ts": "1428438317.000364"
    },
    {
        "user": "U049XP38G",
        "type": "message",
        "subtype": "channel_join",
        "text": "<@U049XP38G|cameron> has joined the channel",
        "ts": "1428438437.000365"
    },
    {
        "type": "message",
        "user": "U0474AYFT",
        "text": "i mean the UI is not yet fully discoverable.",
        "ts": "1428438508.000366"
    },
    {
        "type": "message",
        "user": "U0474AYFT",
        "text": "You are likely to hit brick walls without some handholding.",
        "ts": "1428438519.000367"
    },
    {
        "type": "message",
        "user": "U049XP38G",
        "text": "Hey Greg thanks for the add!",
        "ts": "1428438539.000368"
    },
    {
        "type": "message",
        "user": "U0474AYFT",
        "text": "i'm sure you can spin up an instance given an AMI",
        "ts": "1428438544.000369"
    },
    {
        "type": "message",
        "user": "U0474AYFT",
        "text": "Hey <@U049XP38G>! Thanks for joining!",
        "ts": "1428438555.000370"
    },
    {
        "type": "message",
        "user": "U04A61RG3",
        "text": "WOw this Tweet just exploded in less than one minute <https:\/\/twitter.com\/TheBitcoinCoop\/status\/585540930981203968>",
        "attachments": [
            {
                "fallback": "<https:\/\/twitter.com\/TheBitcoinCoop|@TheBitcoinCoop>: Having a live #demo of <https:\/\/twitter.com\/Synereo|@Synereo> during our #hangout on Thursday. Watch and learn about the #bitcoin of #socialmedia <https:\/\/plus.google.com\/u\/0\/events\/c5oq1nta6rcmaub036l35mdck3s>",
                "ts": 1428438811,
                "author_name": "The Bitcoin Co-op",
                "author_link": "https:\/\/twitter.com\/TheBitcoinCoop\/status\/585540930981203968",
                "author_icon": "https:\/\/pbs.twimg.com\/profile_images\/446203180846575617\/OBtyfd4e_normal.jpeg",
                "author_subname": "@TheBitcoinCoop",
                "text": "Having a live #demo of <https:\/\/twitter.com\/Synereo|@Synereo> during our #hangout on Thursday. Watch and learn about the #bitcoin of #socialmedia <https:\/\/plus.google.com\/u\/0\/events\/c5oq1nta6rcmaub036l35mdck3s>",
                "service_name": "twitter",
                "service_url": "https:\/\/twitter.com\/",
                "from_url": "https:\/\/twitter.com\/TheBitcoinCoop\/status\/585540930981203968",
                "id": 1
            }
        ],
        "ts": "1428438971.000371"
    },
    {
        "type": "message",
        "user": "U049CMCCZ",
        "text": "hopefully that Vancouver session can produce more crowdfunding :thumbsup:\nI'm on the other side of the pond - so good night from here",
        "ts": "1428440949.000373"
    },
    {
        "user": "U049ZG924",
        "type": "message",
        "subtype": "channel_join",
        "text": "<@U049ZG924|vax> has joined the channel",
        "ts": "1428444918.000374"
    },
    {
        "type": "message",
        "user": "U0474AT8P",
        "text": "Hello Cameron!",
        "ts": "1428458716.000375"
    },
    {
        "type": "message",
        "user": "U0474AT8P",
        "text": "Andrew and Cameron would be good if you Tweet the Hangout from Decentral's Twitter too",
        "ts": "1428458753.000376"
    },
    {
        "type": "message",
        "user": "U0474AT8P",
        "text": "Good night henri",
        "ts": "1428458782.000377"
    },
    {
        "type": "message",
        "user": "U0474AT8P",
        "text": "We have a new BOUNTY going: win a share of 50K AMPs for telling us what the Minimum Viable Product features of Synereo should be when we launch. Find out more:",
        "ts": "1428459954.000378"
    },
    {
        "type": "message",
        "user": "U0474AT8P",
        "text": "<https:\/\/twitter.com\/Synereo\/status\/585629069175365632>",
        "attachments": [
            {
                "fallback": "<https:\/\/twitter.com\/Synereo|@Synereo>: Tell us what <https:\/\/twitter.com\/Synereo|@Synereo> MVP (Minimum Viable Product) features should be for a piece of the 50,000 AMPs BOUNTY.\n<http:\/\/blog.synereo.com\/2015\/04\/07\/mvp\/> #bitcoin",
                "ts": 1428459825,
                "author_name": "Synereo",
                "author_link": "https:\/\/twitter.com\/Synereo\/status\/585629069175365632",
                "author_icon": "https:\/\/pbs.twimg.com\/profile_images\/522790259789025280\/FKRuSK66_normal.png",
                "author_subname": "@Synereo",
                "text": "Tell us what <https:\/\/twitter.com\/Synereo|@Synereo> MVP (Minimum Viable Product) features should be for a piece of the 50,000 AMPs BOUNTY.\n<http:\/\/blog.synereo.com\/2015\/04\/07\/mvp\/> #bitcoin",
                "service_name": "twitter",
                "service_url": "https:\/\/twitter.com\/",
                "from_url": "https:\/\/twitter.com\/Synereo\/status\/585629069175365632",
                "id": 1
            }
        ],
        "ts": "1428459955.000379"
    },
    {
        "type": "message",
        "user": "U0474AT8P",
        "text": "Also community Hangout this Wednesday (tomorrow\/today for some): don't miss it, we will be talking about developing for Synereo and the new MVP bounty.",
        "edited": {
            "user": "U0474AT8P",
            "ts": "1428461603.000000"
        },
        "ts": "1428461359.000381"
    },
    {
        "type": "message",
        "user": "U0474AT8P",
        "text": "<https:\/\/plus.google.com\/u\/0\/events\/colr93mn6al4ubcvdkn6e8l4m8s>",
        "attachments": [
            {
                "service_name": "Google+",
                "title": "Community Hangout - Developers, Developers, Developers - Google+",
                "title_link": "https:\/\/plus.google.com\/u\/0\/events\/colr93mn6al4ubcvdkn6e8l4m8s",
                "text": "We will discuss the first features to be implemented on the Synereo social network MVP (minimum viable product) and introduce our new 50,000 AMP bounty.",
                "fallback": "Google+: Community Hangout - Developers, Developers, Developers - Google+",
                "image_url": "https:\/\/lh3.googleusercontent.com\/_tcY7QLx6X_8\/UY1_0TJEqGI\/AAAAAAAACLo\/Ls1BaI-xmIQ\/w940-h280-n\/06_hangouts_yellow.jpg.png",
                "from_url": "https:\/\/plus.google.com\/u\/0\/events\/colr93mn6al4ubcvdkn6e8l4m8s",
                "image_width": 839,
                "image_height": 250,
                "image_bytes": 201345,
                "id": 1
            }
        ],
        "ts": "1428461360.000382"
    },
    {
        "user": "U04A2PRG2",
        "type": "message",
        "subtype": "channel_join",
        "text": "<@U04A2PRG2|womupatti> has joined the channel",
        "ts": "1428463032.000385"
    },
    {
        "type": "message",
        "user": "U0474AT8P",
        "text": "welcome <@U04A2PRG2>",
        "ts": "1428463771.000386"
    },
    {
        "user": "U04A347DE",
        "type": "message",
        "subtype": "channel_join",
        "text": "<@U04A347DE|jmlubin> has joined the channel",
        "ts": "1428465359.000387"
    },
    {
        "type": "message",
        "user": "U0474AT8P",
        "text": "welcome <@U04A347DE>",
        "ts": "1428467523.000388"
    },
    {
        "type": "message",
        "user": "U0474AT8P",
        "text": "newbie message for the latest comers :wink:",
        "ts": "1428467535.000389"
    },
    {
        "type": "message",
        "user": "USLACKBOT",
        "text": "Looks like we have a new user. 1) Change your username to your first name, or your nickname. 2) Put up a custom profile picture. 3) If you feel like, introduce yourself and tell us how you can help Synereo. 4) Feel free to ask any questions and browse around. 5) Have fun!",
        "ts": "1428467536.000390"
    },
    {
        "user": "U04A3SLB4",
        "type": "message",
        "subtype": "channel_join",
        "text": "<@U04A3SLB4|fineregex> has joined the channel",
        "ts": "1428470924.000391"
    },
    {
        "user": "U04ATHHAH",
        "type": "message",
        "subtype": "channel_join",
        "text": "<@U04ATHHAH|aurel> has joined the channel",
        "ts": "1428472026.000392"
    },
    {
        "type": "message",
        "user": "U04ATHHAH",
        "text": "hey guys",
        "ts": "1428472141.000393"
    },
    {
        "type": "message",
        "user": "U049CMCCZ",
        "text": "howdy :simple_smile:",
        "ts": "1428472193.000394"
    },
    {
        "type": "message",
        "user": "U049CMCCZ",
        "text": "<@U0474AT8P> for the hangout today - is it possible to participate as audience - and if having a question one can write it to the presenters?\nI might be able to join but might need to leave suddenly.",
        "edited": {
            "user": "U049CMCCZ",
            "ts": "1428472491.000000"
        },
        "ts": "1428472452.000395"
    },
    {
        "type": "message",
        "user": "U0474AT8P",
        "text": "I'm sure we can do a bit of both. We'll see what Dor says when he wakes up :wink:",
        "ts": "1428472491.000396"
    },
    {
        "type": "message",
        "user": "U049CMCCZ",
        "text": ":thumbsup:",
        "ts": "1428472541.000398"
    },
    {
        "type": "message",
        "user": "U04ATHHAH",
        "text": "can i ask if there is any connection to ethereum project ?",
        "ts": "1428473597.000399"
    },
    {
        "type": "message",
        "user": "U04ATHHAH",
        "text": "any of any kind ?!",
        "ts": "1428473611.000400"
    }
]