[
    {
        "type": "message",
        "user": "U048X85UT",
        "text": "It does seem Synereo development is slow.  Perhaps it is too careful and deliberate.  End to end encryption is done as is the pi-calc social contract mechanism.  The reactive model  for decentralized spam control etc. is sort of there but amps and reo are not yet.  There is core development and community developers.  I am coming on board as one.  I believe the Synereo platform will empower the individual in an unprecedented manner.",
        "ts": "1440676503.000015"
    },
    {
        "type": "message",
        "user": "U0474AT8P",
        "text": "<https:\/\/twitter.com\/Synereo\/status\/636888762727989248>",
        "attachments": [
            {
                "fallback": "<https:\/\/twitter.com\/Synereo|@Synereo>: You can now setup your own <https:\/\/twitter.com\/Synereo|@Synereo> Node using an Amazon Machine Image (AMI). <http:\/\/blog.synereo.com\/2015\/08\/12\/top-5-things-you-can-do-with-synereo-now\/> #bitcoin #fintech #startup #social",
                "ts": 1440681088,
                "author_name": "Synereo",
                "author_link": "https:\/\/twitter.com\/Synereo\/status\/636888762727989248",
                "author_icon": "https:\/\/pbs.twimg.com\/profile_images\/522790259789025280\/FKRuSK66_normal.png",
                "author_subname": "@Synereo",
                "text": "You can now setup your own <https:\/\/twitter.com\/Synereo|@Synereo> Node using an Amazon Machine Image (AMI). <http:\/\/blog.synereo.com\/2015\/08\/12\/top-5-things-you-can-do-with-synereo-now\/> #bitcoin #fintech #startup #social",
                "service_name": "twitter",
                "service_url": "https:\/\/twitter.com\/",
                "from_url": "https:\/\/twitter.com\/Synereo\/status\/636888762727989248",
                "id": 1
            }
        ],
        "ts": "1440681318.000016"
    },
    {
        "type": "message",
        "user": "U09KY5U65",
        "text": "You've probably never built a popular\/viral app if you still use AWS. They have this way of increasing your bill to crazy high prices once your stuff gets even a little bit popular.",
        "ts": "1440696181.000018"
    },
    {
        "type": "message",
        "user": "U09KY5U65",
        "text": "Have you done calculations to see how the price of AWS will increase as you get 5 users, 500 users, 5000 users and 50000 users?",
        "ts": "1440696227.000019"
    },
    {
        "type": "message",
        "user": "U09KY5U65",
        "text": "I will give this another look and try to build synereo from scratch. What is the bounty for creating a docker file?",
        "ts": "1440723254.000020"
    }
]