[
    {
        "type": "message",
        "user": "U0474E4KZ",
        "text": "I spoke a bit about the connection between meditation and its fruits and the rationale behind creating a decentralized network here:\n<http:\/\/evolvernetwork.us\/2015\/04\/18\/synereo-a-decentralized-social-network\/>",
        "attachments": [
            {
                "text": "\u00a0 Listen or download using this link. \u00a0 In this episode of the Evolver Network podcast, we hear from Dor Konforty, founder and CEO of",
                "fallback": "\u00a0 Listen or download using this link. \u00a0 In this episode of the Evolver Network podcast, we hear from Dor Konforty, founder and CEO of",
                "from_url": "http:\/\/evolvernetwork.us\/2015\/04\/18\/synereo-a-decentralized-social-network\/",
                "id": 1
            }
        ],
        "edited": {
            "user": "U0474E4KZ",
            "ts": "1439650460.000000"
        },
        "ts": "1439650433.000046"
    },
    {
        "type": "message",
        "user": "U0474E4KZ",
        "text": "It's one of my favorite topics. :3 (minute ~38:00)",
        "ts": "1439650447.000048"
    }
]