[
    {
        "type": "message",
        "subtype": "file_share",
        "text": "<@U048T3M8W|lapin7> uploaded a file: <https:\/\/synereonet.slack.com\/files\/lapin7\/F0DUKEXU3\/gregdevcon.tiff|GregDevCon.tiff> and commented: Greg, speaker @DevCon-Ethereum",
        "file": {
            "id": "F0DUKEXU3",
            "created": 1446748897,
            "timestamp": 1446748897,
            "name": "GregDevCon.tiff",
            "title": "GregDevCon.tiff",
            "mimetype": "image\/tiff",
            "filetype": "tiff",
            "pretty_type": "TIFF",
            "user": "U048T3M8W",
            "editable": false,
            "size": 170944,
            "mode": "hosted",
            "is_external": false,
            "external_type": "",
            "is_public": true,
            "public_url_shared": false,
            "display_as_bot": false,
            "username": "",
            "url_private": "https:\/\/files.slack.com\/files-pri\/T0474AT8K-F0DUKEXU3\/gregdevcon.tiff?t=xoxe-4242367291-28095460608-28095460624-739c22ae7e",
            "url_private_download": "https:\/\/files.slack.com\/files-pri\/T0474AT8K-F0DUKEXU3\/download\/gregdevcon.tiff?t=xoxe-4242367291-28095460608-28095460624-739c22ae7e",
            "thumb_64": "https:\/\/files.slack.com\/files-tmb\/T0474AT8K-F0DUKEXU3-37811cee93\/gregdevcon_64.png?t=xoxe-4242367291-28095460608-28095460624-739c22ae7e",
            "thumb_80": "https:\/\/files.slack.com\/files-tmb\/T0474AT8K-F0DUKEXU3-37811cee93\/gregdevcon_80.png?t=xoxe-4242367291-28095460608-28095460624-739c22ae7e",
            "thumb_360": "https:\/\/files.slack.com\/files-tmb\/T0474AT8K-F0DUKEXU3-37811cee93\/gregdevcon_360.png?t=xoxe-4242367291-28095460608-28095460624-739c22ae7e",
            "thumb_360_w": 360,
            "thumb_360_h": 145,
            "thumb_480": "https:\/\/files.slack.com\/files-tmb\/T0474AT8K-F0DUKEXU3-37811cee93\/gregdevcon_480.png?t=xoxe-4242367291-28095460608-28095460624-739c22ae7e",
            "thumb_480_w": 480,
            "thumb_480_h": 193,
            "thumb_160": "https:\/\/files.slack.com\/files-tmb\/T0474AT8K-F0DUKEXU3-37811cee93\/gregdevcon_160.png?t=xoxe-4242367291-28095460608-28095460624-739c22ae7e",
            "thumb_720": "https:\/\/files.slack.com\/files-tmb\/T0474AT8K-F0DUKEXU3-37811cee93\/gregdevcon_720.png?t=xoxe-4242367291-28095460608-28095460624-739c22ae7e",
            "thumb_720_w": 720,
            "thumb_720_h": 290,
            "image_exif_rotation": 1,
            "original_w": 839,
            "original_h": 338,
            "permalink": "https:\/\/synereonet.slack.com\/files\/lapin7\/F0DUKEXU3\/gregdevcon.tiff",
            "permalink_public": "https:\/\/slack-files.com\/T0474AT8K-F0DUKEXU3-5bd851657e",
            "channels": [
                "C0474AT8X"
            ],
            "groups": [
    
            ],
            "ims": [
    
            ],
            "comments_count": 1,
            "initial_comment": {
                "id": "Fc0DUGFJAY",
                "created": 1446748897,
                "timestamp": 1446748897,
                "user": "U048T3M8W",
                "comment": "Greg, speaker @DevCon-Ethereum"
            }
        },
        "user": "U048T3M8W",
        "upload": true,
        "display_as_bot": false,
        "username": "<@U048T3M8W|lapin7>",
        "bot_id": null,
        "ts": "1446748899.000002"
    }
]