[
    {
        "type": "message",
        "user": "U0474E4KZ",
        "text": "<@U09KY5U65>: the plan is to allow people to host nodes for others, providing you this service without the headache of actually running and managing the cloud instance.",
        "ts": "1451231921.000360"
    },
    {
        "type": "message",
        "user": "U0474E4KZ",
        "text": "You could of course still do it in the way you suggest.",
        "ts": "1451231940.000361"
    },
    {
        "type": "message",
        "user": "U0474E4KZ",
        "text": "We're going to place a lot of focus on the pre\/crowdsale after the holidays.",
        "ts": "1451232038.000362"
    }
]