[
    {
        "type": "message",
        "user": "U0474E4KZ",
        "text": "<@U0FESR742> and <@U048T3M8W> are organizing the task.",
        "ts": "1450011629.000216"
    },
    {
        "type": "message",
        "user": "U0474E4KZ",
        "text": "Talk to them, preferably in advance of a hangout you know you can Scribe for.",
        "ts": "1450011653.000217"
    },
    {
        "type": "message",
        "user": "U0474E4KZ",
        "text": "Finally: <http:\/\/coinmarketcap.com\/assets\/synereo\/>",
        "attachments": [
            {
                "text": "Crypto-currency market cap rankings, charts, and more",
                "fallback": "Crypto-currency market cap rankings, charts, and more",
                "from_url": "http:\/\/coinmarketcap.com\/assets\/synereo\/",
                "thumb_url": "http:\/\/coinmarketcap.com\/static\/img\/CoinMarketCap.png",
                "thumb_width": 187,
                "thumb_height": 187,
                "id": 1
            }
        ],
        "ts": "1450024713.000218"
    },
    {
        "type": "message",
        "user": "U0474E4KZ",
        "text": "Does anyone know him? \n<http:\/\/motherboard.vice.com\/read\/pirate-bay-founder-peter-sunde-i-have-given-up>",
        "attachments": [
            {
                "service_name": "Motherboard",
                "title": "Pirate Bay Founder: \u2018I Have Given Up\u2019",
                "title_link": "http:\/\/motherboard.vice.com\/read\/pirate-bay-founder-peter-sunde-i-have-given-up",
                "text": "The socialist and filesharing pioneer Peter Sunde is not optimistic about the open internet.",
                "fallback": "Motherboard: Pirate Bay Founder: \u2018I Have Given Up\u2019",
                "image_url": "http:\/\/motherboard-images.vice.com\/content-images\/article\/no-id\/1449860892197702.jpg",
                "from_url": "http:\/\/motherboard.vice.com\/read\/pirate-bay-founder-peter-sunde-i-have-given-up",
                "image_width": 442,
                "image_height": 250,
                "image_bytes": 204549,
                "id": 1
            }
        ],
        "ts": "1450030526.000220"
    },
    {
        "type": "message",
        "user": "U0474E4KZ",
        "text": "Might be a good advocate for our cause.",
        "ts": "1450030532.000222"
    },
    {
        "type": "message",
        "user": "U048T3M8W",
        "text": "<@U04BMCE7Q>: I've added you to the scribes in spreadsheet \"AMP rewards\" <https:\/\/docs.google.com\/spreadsheets\/d\/1wLZphSfp2ql_J8AUA4QvypUhdeusSAjQsn_PAkiWuPk\/edit#gid=0>\nCurrent scribes are:  <@U04GDL62L> <@U04BQ4FMC> <@U048T3M8W> \nPublishers are: <@U0FESR742> <@U0474E4KZ> (and they do some final editing)\nAMP-reward distributor: <@U0474E4KZ>\nFor the hangout 2015-12-16 be sure to have the summary doc open for editing during the call\n<https:\/\/docs.google.com\/document\/d\/1ECSzUPU4m1vBNCpyau4gKmdeTmlEa-jXQpxgoY2oBH0\/edit#heading=h.xp27eoolx7e9>",
        "ts": "1450030692.000223"
    },
    {
        "type": "message",
        "subtype": "file_share",
        "text": "<@U048T3M8W|lapin7> shared a file: <https:\/\/synereonet.slack.com\/files\/lapin7\/F0G3E01C2\/amprewards|AMP rewards>",
        "file": {
            "id": "F0G3E01C2",
            "created": 1449514188,
            "timestamp": 1449514188,
            "name": "AMPrewards",
            "title": "AMP rewards",
            "mimetype": "application\/vnd.google-apps.spreadsheet",
            "filetype": "gsheet",
            "pretty_type": "GDocs Spreadsheet",
            "user": "U048T3M8W",
            "editable": false,
            "size": 35212,
            "mode": "external",
            "is_external": true,
            "external_type": "gdrive",
            "is_public": true,
            "public_url_shared": false,
            "display_as_bot": false,
            "username": "",
            "url_private": "https:\/\/docs.google.com\/spreadsheets\/d\/1wLZphSfp2ql_J8AUA4QvypUhdeusSAjQsn_PAkiWuPk\/edit?usp=drivesdk",
            "thumb_64": "https:\/\/a.slack-edge.com\/66f9\/img\/files\/gsheet_64.png",
            "thumb_360": "https:\/\/a.slack-edge.com\/66f9\/img\/files\/gsheet_360.png",
            "thumb_360_w": 360,
            "thumb_360_h": 167,
            "permalink": "https:\/\/synereonet.slack.com\/files\/lapin7\/F0G3E01C2\/amprewards",
            "channels": [
                "C0474C7V9",
                "C0474AT8X",
                "C0TCN61SN"
            ],
            "groups": [
    
            ],
            "ims": [
    
            ],
            "comments_count": 0
        },
        "user": "U048T3M8W",
        "upload": false,
        "display_as_bot": false,
        "username": "<@U048T3M8W|lapin7>",
        "bot_id": null,
        "ts": "1450030693.000224"
    },
    {
        "type": "message",
        "user": "U0474E4KZ",
        "text": "Cheers, <@U048T3M8W>!",
        "edited": {
            "user": "U0474E4KZ",
            "ts": "1450030771.000000"
        },
        "ts": "1450030766.000225"
    },
    {
        "type": "message",
        "user": "U0474E4KZ",
        "text": "Jed's away for a week and I want us to start doing the community mapping.",
        "ts": "1450042856.000227"
    },
    {
        "type": "message",
        "user": "U0474E4KZ",
        "text": "Does anyone want to lead the charge?",
        "ts": "1450042859.000228"
    },
    {
        "type": "message",
        "user": "U0474E4KZ",
        "text": "We need to create a document with details about relevant communities. Who they are, where they hang out, what they're interested in, and who our ambassador to them is.",
        "ts": "1450042880.000229"
    },
    {
        "type": "message",
        "user": "U0474E4KZ",
        "text": "We'll have bounties for every new entry and bounties for ambassadors.",
        "ts": "1450042891.000230"
    },
    {
        "type": "message",
        "user": "U0474E4KZ",
        "text": "A larger bounty for the person organizing this effort, of course.",
        "ts": "1450042901.000231"
    },
    {
        "type": "message",
        "user": "U0474E4KZ",
        "text": "Any takers for this bounty, <!channel>?",
        "ts": "1450042916.000232"
    },
    {
        "type": "message",
        "user": "U048T3M8W",
        "text": "Maybe you could set up a spreadsheet or doc? Then you're sure that all the data will be in. ",
        "ts": "1450043071.000233"
    },
    {
        "type": "message",
        "user": "U0DKBHZN1",
        "text": "Good idea lapin7. Let people for now just brain storm communities. Give the option to comment over each added community.  Relevant communities would climb to the top of the list.",
        "ts": "1450043516.000234"
    },
    {
        "type": "message",
        "user": "U0474E4KZ",
        "text": "I want someone to take charge, if possible, and to create the spreadsheet as well as coordinate the efforts in it.",
        "ts": "1450045199.000235"
    },
    {
        "type": "message",
        "user": "U0474E4KZ",
        "text": "Do you think there's room for brainstorming? I think if someone identifies a community and wants to post updates and relevant things to it, there's no reason to stop him. :simple_smile:",
        "ts": "1450045232.000236"
    },
    {
        "type": "message",
        "user": "U0474E4KZ",
        "text": "New post's up on the blog: \n<http:\/\/blog.synereo.com\/2015\/12\/13\/Synereo-Update-09.12-Scribed\/>",
        "attachments": [
            {
                "text": "Development UpdateAs we continue the tradition of summarizing the updates of our weekly hangout, here are the highlights of this week - courtesy of our dedic...",
                "fallback": "Development UpdateAs we continue the tradition of summarizing the updates of our weekly hangout, here are the highlights of this week - courtesy of our dedic...",
                "from_url": "http:\/\/blog.synereo.com\/2015\/12\/13\/Synereo-Update-09.12-Scribed\/",
                "id": 1
            }
        ],
        "ts": "1450048824.000237"
    }
]