[
    {
        "type": "message",
        "user": "U0474AT8P",
        "text": "Tonight\u2019s Community Hangout usual time with Greg!",
        "ts": "1433940697.000109"
    },
    {
        "type": "message",
        "user": "U0474AT8P",
        "text": "<https:\/\/plus.google.com\/u\/0\/b\/109002904706315055045\/events\/ca7aqe3nndd814fd2nepg74f98s>",
        "attachments": [
            {
                "service_name": "Google+",
                "title": "Synereo Community Hangout - Google+",
                "title_link": "https:\/\/plus.google.com\/u\/0\/b\/109002904706315055045\/events\/ca7aqe3nndd814fd2nepg74f98s",
                "text": "Join the Synereo Team each Wednesday for the latest news and updates, discussion related to the project and its progress, development, social contracts, bounties, app ideas, and a lot more.",
                "fallback": "Google+: Synereo Community Hangout - Google+",
                "image_url": "https:\/\/lh3.googleusercontent.com\/-kOfIB2AZBlg\/VXAte8m-LgI\/AAAAAAAAAAA\/Z2zDXlWubEM\/w940-h280-n\/event_theme.jpg",
                "from_url": "https:\/\/plus.google.com\/u\/0\/b\/109002904706315055045\/events\/ca7aqe3nndd814fd2nepg74f98s",
                "image_width": 839,
                "image_height": 250,
                "image_bytes": 32551,
                "id": 1
            }
        ],
        "ts": "1433940698.000110"
    },
    {
        "type": "message",
        "user": "U0474AT8P",
        "text": "Discussing MVP",
        "ts": "1433940711.000112"
    },
    {
        "type": "message",
        "user": "U0474AYFT",
        "text": "Here's the participant's link: <https:\/\/plus.google.com\/hangouts\/_\/hoaevent\/AP36tYf6iul6HQc70OaeIppGQ6YFXgnOT0OCo3ynWWPXAW9X1BfWSQ?authuser=0&amp;eid=109002904706315055045&amp;hl=en>",
        "ts": "1433966422.000113"
    }
]