[
    {
        "user": "U07QY1CJ3",
        "type": "message",
        "subtype": "channel_join",
        "text": "<@U07QY1CJ3|tamatea> has joined the channel",
        "ts": "1437158908.000241"
    },
    {
        "type": "message",
        "user": "U0474AYFT",
        "text": "i'm going to have to push the Scala tutorial to next week.",
        "ts": "1437160207.000242"
    },
    {
        "type": "message",
        "user": "U0474AYFT",
        "text": "i forgot that my daughter has her performance with the Seattle Rock Orchestra today.",
        "ts": "1437160246.000243"
    },
    {
        "type": "message",
        "user": "U0474AYFT",
        "text": "<https:\/\/plus.google.com\/u\/0\/b\/109002904706315055045\/events\/cr11dksnhdqael92b1kq1pc7hdo>",
        "attachments": [
            {
                "service_name": "Google+",
                "title": "Synereo Community Scala tutorial - Pt II - Google+",
                "title_link": "https:\/\/plus.google.com\/u\/0\/b\/109002904706315055045\/events\/cr11dksnhdqael92b1kq1pc7hdo",
                "text": "Synereo Community Scala tutorial - Pt II",
                "fallback": "Google+: Synereo Community Scala tutorial - Pt II - Google+",
                "image_url": "https:\/\/lh3.googleusercontent.com\/_tcY7QLx6X_8\/UY1_0TJEqGI\/AAAAAAAACLo\/Ls1BaI-xmIQ\/w940-h280-n\/06_hangouts_yellow.jpg.png",
                "from_url": "https:\/\/plus.google.com\/u\/0\/b\/109002904706315055045\/events\/cr11dksnhdqael92b1kq1pc7hdo",
                "image_width": 839,
                "image_height": 250,
                "image_bytes": 201345,
                "id": 1
            }
        ],
        "ts": "1437160282.000244"
    }
]