[
    {
        "type": "message",
        "user": "U04BQ4FMC",
        "text": "If I've understood correctly, it may be good to add a disclaimer to that <@U0474E4KZ> quote, \"..this is a completely distributed server running on a user's local machine..\", because only users that choose to be act as a Node will fit this description.  Some people may not understand, and\/or be wary of giving that access on their machine, so would be turned off by that statement, as is.",
        "ts": "1429272085.000617"
    },
    {
        "type": "message",
        "user": "U048X85UT",
        "text": "And most people will use a trusted server rather than running is themselves.",
        "ts": "1429278200.000618"
    },
    {
        "user": "U04E937J2",
        "type": "message",
        "subtype": "channel_join",
        "text": "<@U04E937J2|hnintendo> has joined the channel",
        "ts": "1429279565.000619"
    },
    {
        "type": "message",
        "user": "U04A2PRG2",
        "text": "<https:\/\/bitcointalk.org\/index.php?topic=995987.msg11113376#msg11113376> can someone help with this",
        "attachments": [
            {
                "text": "[ANN] AMP - The Currency That Powers Your Attention On Synereo",
                "fallback": "[ANN] AMP - The Currency That Powers Your Attention On Synereo",
                "from_url": "https:\/\/bitcointalk.org\/index.php?topic=995987.msg11113376#msg11113376",
                "id": 1
            }
        ],
        "ts": "1429286587.000620"
    },
    {
        "type": "message",
        "user": "U0474AT8P",
        "text": "AMPs will be distributed at the end of the crowdsale that's why you don't see a balance in Omniwallet <@U04A2PRG2>",
        "ts": "1429286762.000622"
    },
    {
        "type": "message",
        "user": "U04A2PRG2",
        "text": "ok thank you",
        "ts": "1429287273.000623"
    },
    {
        "type": "message",
        "user": "U048X85UT",
        "text": "The issue raised is that subsequent crowd sales will depress the value of the APM which an increase in the currency supply is bound to do.  The answer is that given synereo success without increasing the amp supply the current  of amps will increase exponentially while the share available per server drops exponentially,  causing exponential increase in the price of each amp.   At the same time operational costs drop roughly according to Moore's law.  The potential gain is phenomenal.   But unless synereo stays ahead of the curve with rapid continuous improvement it will not grow exponentially and be passed by other players and have only a modest return.  The future crowd sales are to insure synereo stays ahead of the curve while maintaining as least a linear growth in value.",
        "ts": "1429289220.000624"
    },
    {
        "type": "message",
        "user": "U0474AT8P",
        "text": "<https:\/\/twitter.com\/Synereo\/status\/589109980919398402>",
        "attachments": [
            {
                "fallback": "<https:\/\/twitter.com\/Synereo|@Synereo>: TWITTER BOUNTY: 5 categories worth a 50K AMPs prize each. Ends April 22nd. <http:\/\/blog.synereo.com\/2015\/04\/17\/twitter-bounties\/> <https:\/\/twitter.com\/Synereo|@Synereo> #bitcoin #socialmedia #bounty",
                "ts": 1429289739,
                "author_name": "Synereo",
                "author_link": "https:\/\/twitter.com\/Synereo\/status\/589109980919398402",
                "author_icon": "https:\/\/pbs.twimg.com\/profile_images\/522790259789025280\/FKRuSK66_normal.png",
                "author_subname": "@Synereo",
                "text": "TWITTER BOUNTY: 5 categories worth a 50K AMPs prize each. Ends April 22nd. <http:\/\/blog.synereo.com\/2015\/04\/17\/twitter-bounties\/> <https:\/\/twitter.com\/Synereo|@Synereo> #bitcoin #socialmedia #bounty",
                "service_name": "twitter",
                "service_url": "https:\/\/twitter.com\/",
                "from_url": "https:\/\/twitter.com\/Synereo\/status\/589109980919398402",
                "id": 1
            }
        ],
        "ts": "1429289785.000625"
    },
    {
        "type": "message",
        "user": "U0474AT8P",
        "text": "<!channel>:",
        "ts": "1429289796.000627"
    },
    {
        "type": "message",
        "user": "U0474AT8P",
        "text": "New Twitter bounty is out!",
        "ts": "1429289810.000628"
    },
    {
        "type": "message",
        "user": "U04BMCE7Q",
        "text": "Awesome",
        "ts": "1429291151.000629"
    },
    {
        "type": "message",
        "user": "U048X85UT",
        "text": "<@U04A2PRG2>: I added my reply on  bitcointalk as there were no other answers posted.",
        "ts": "1429293009.000630"
    }
]