[
    {
        "user": "U0GD31QBA",
        "type": "message",
        "subtype": "channel_join",
        "text": "<@U0GD31QBA|jed> has joined the channel",
        "ts": "1449820913.000165"
    },
    {
        "type": "message",
        "user": "U0FESR742",
        "text": "Hey all! Made some additions to the \"meta\" document. Not sweeping or final at this point, just trying to get some ideas down and contribute to its usefulness. I'm going to try to input a schedule next.",
        "ts": "1449828362.000166"
    },
    {
        "type": "message",
        "user": "U0474E4KZ",
        "text": "Guys, can we post the Scribe update on the blog? Is it ready as far as you're concerned?",
        "ts": "1449845083.000167"
    },
    {
        "type": "message",
        "user": "U0474E4KZ",
        "text": "Also, let me know if you've worked on it.",
        "ts": "1449845094.000168"
    },
    {
        "type": "message",
        "user": "U0474E4KZ",
        "text": "I'll send everyone their bounty on Sunday (including last week's).",
        "ts": "1449845106.000169"
    },
    {
        "type": "message",
        "user": "U04GDL62L",
        "text": "It could still use some editing.  <@U048T3M8W>  and I both summarized the first 20 minutes and the results could be better merged. <@U04BQ4FMC>  edited and added an image. I summarized the rest of the Hangout, but it could use some polish and perhaps some 'message drivers'.",
        "edited": {
            "user": "U04GDL62L",
            "ts": "1449851318.000000"
        },
        "ts": "1449851266.000170"
    },
    {
        "type": "message",
        "user": "U04BQ4FMC",
        "text": "As far as 'drawing the line somewhere', I think it's ok where it is now.  Could be better, as Ian said above, but we have to go with speedy versions if we want a 24 hr turnaround.",
        "ts": "1449853013.000172"
    },
    {
        "type": "message",
        "user": "U04GDL62L",
        "text": "Yes. Faster turnaround and less duplication if we could initially  split up a time line of the hangout and let each scribe summarize one or more sections.",
        "edited": {
            "user": "U04GDL62L",
            "ts": "1449854102.000000"
        },
        "ts": "1449854031.000173",
        "reactions": [
            {
                "name": "+1",
                "users": [
                    "U04BQ4FMC"
                ],
                "count": 1
            }
        ]
    },
    {
        "type": "message",
        "user": "U048T3M8W",
        "text": "I heard from <@U09KY5U65> that you want a fast timeline then:\n\nWhom ever has control of the youtube account would have to turn on automatic captions for the video in the video manager section. \n\nThe summary can then be more or less written during the call.\n\n<@U04GDL62L> knows how to get a \"voice-to-text\" transcript of the video.\n\nThese tricks could be put in the meta doc.",
        "ts": "1449854470.000175",
        "reactions": [
            {
                "name": "+1",
                "users": [
                    "U04BQ4FMC"
                ],
                "count": 1
            }
        ]
    },
    {
        "type": "message",
        "user": "U048T3M8W",
        "text": "<@U04GDL62L>: <@U04BQ4FMC> <@U0FESR742> <@U0474E4KZ> Please fill out the \"AMP rewards\". You have 10 points to vote. Spread them out over the editors the way you see the amount of work done. (including yourself :simple_smile: <@U0474E4KZ> wants to distribute the AMPS, so don't forget to add your AMP-public-key",
        "ts": "1449855016.000176"
    },
    {
        "type": "message",
        "user": "U0474E4KZ",
        "text": "It's already Friday evening here for me and I'm with my family, so I won't post it today anyhow. If you want to improve it, you have until tomorrow. :simple_smile:",
        "ts": "1449855148.000177"
    },
    {
        "type": "message",
        "user": "U04BQ4FMC",
        "text": "Is there a time-stamp somewhere?  I don't know how I'd identify what others did.",
        "ts": "1449855162.000178"
    },
    {
        "type": "message",
        "user": "U0474E4KZ",
        "text": "Thanks guys.",
        "ts": "1449855163.000179"
    },
    {
        "type": "message",
        "user": "U048T3M8W",
        "text": "<@U04BQ4FMC>: Plz go to <https:\/\/docs.google.com\/spreadsheets\/d\/1wLZphSfp2ql_J8AUA4QvypUhdeusSAjQsn_PAkiWuPk\/edit#gid=0>",
        "ts": "1449855203.000180"
    },
    {
        "type": "message",
        "subtype": "file_share",
        "text": "<@U048T3M8W|lapin7> shared a file: <https:\/\/synereonet.slack.com\/files\/lapin7\/F0G3E01C2\/amprewards|AMP rewards>",
        "file": {
            "id": "F0G3E01C2",
            "created": 1449514188,
            "timestamp": 1449514188,
            "name": "AMPrewards",
            "title": "AMP rewards",
            "mimetype": "application\/vnd.google-apps.spreadsheet",
            "filetype": "gsheet",
            "pretty_type": "GDocs Spreadsheet",
            "user": "U048T3M8W",
            "editable": false,
            "size": 35212,
            "mode": "external",
            "is_external": true,
            "external_type": "gdrive",
            "is_public": true,
            "public_url_shared": false,
            "display_as_bot": false,
            "username": "",
            "url_private": "https:\/\/docs.google.com\/spreadsheets\/d\/1wLZphSfp2ql_J8AUA4QvypUhdeusSAjQsn_PAkiWuPk\/edit?usp=drivesdk",
            "thumb_64": "https:\/\/a.slack-edge.com\/66f9\/img\/files\/gsheet_64.png",
            "thumb_360": "https:\/\/a.slack-edge.com\/66f9\/img\/files\/gsheet_360.png",
            "thumb_360_w": 360,
            "thumb_360_h": 167,
            "permalink": "https:\/\/synereonet.slack.com\/files\/lapin7\/F0G3E01C2\/amprewards",
            "channels": [
                "C0474C7V9",
                "C0474AT8X",
                "C0TCN61SN"
            ],
            "groups": [
    
            ],
            "ims": [
    
            ],
            "comments_count": 0
        },
        "user": "U048T3M8W",
        "upload": false,
        "display_as_bot": false,
        "username": "<@U048T3M8W|lapin7>",
        "bot_id": null,
        "ts": "1449855203.000181"
    },
    {
        "type": "message",
        "user": "U048T3M8W",
        "text": "There you can give your view on how the AMPs should be distributed. If all the scribes do so, then we get an average finally",
        "ts": "1449855265.000182"
    },
    {
        "type": "message",
        "user": "U04BQ4FMC",
        "text": "I'm also not experienced with crypto-wallets, so I hope there's a checkpoint somewhere to catch me if I screw up!",
        "ts": "1449855646.000183"
    },
    {
        "type": "message",
        "user": "U048T3M8W",
        "text": "<@U04BQ4FMC>: you can go into a google doc, click on see changes, scroll over the text and you see the editor's name. Or you do it just on your feeling",
        "ts": "1449855683.000184"
    },
    {
        "type": "message",
        "user": "U048T3M8W",
        "text": "<@U04BQ4FMC> Just create an Omni wallet on <https:\/\/www.omniwallet.org\/wallet>",
        "attachments": [
            {
                "text": "Omniwallet\u2122 is a cryptocurrency web wallet that combines security, usability and meta-currency support.",
                "fallback": "Omniwallet\u2122 is a cryptocurrency web wallet that combines security, usability and meta-currency support.",
                "from_url": "https:\/\/www.omniwallet.org\/wallet",
                "id": 1
            }
        ],
        "ts": "1449855823.000185"
    },
    {
        "type": "message",
        "user": "U04BQ4FMC",
        "text": "Yeah, I already have it, <@U048T3M8W>  - it's just that I've never used one before, and I understand that if you make a mistake, there's no second chance",
        "ts": "1449855889.000187"
    },
    {
        "type": "message",
        "user": "U048T3M8W",
        "text": "Start with small amounts! <@U04BQ4FMC> \nFor example I've still a lot of ETH stucked in Ether-Wallet, which is just a test version. I've been warned not to do it and now I hope I can get them out some day.",
        "ts": "1449856045.000188"
    },
    {
        "type": "message",
        "user": "U048T3M8W",
        "text": "Ethereum-Wallet (typo)",
        "ts": "1449856080.000189"
    },
    {
        "type": "message",
        "user": "U048T3M8W",
        "text": "<@U04BQ4FMC> We could send some AMP up and down to each other with OmniWallet. See if it works",
        "ts": "1449856187.000190"
    },
    {
        "type": "message",
        "user": "U048T3M8W",
        "text": "What's your public key for AMP?",
        "ts": "1449856208.000191"
    },
    {
        "type": "message",
        "user": "U04BQ4FMC",
        "text": "it's there in the doc",
        "ts": "1449856252.000192"
    },
    {
        "type": "message",
        "user": "U048T3M8W",
        "text": "ok",
        "ts": "1449856260.000193"
    },
    {
        "type": "message",
        "user": "U048T3M8W",
        "text": "I've send you 10 AMP. That can take a long time to arrive, because it's a small amount.",
        "ts": "1449856614.000194"
    },
    {
        "type": "message",
        "user": "U04BQ4FMC",
        "text": "ok, will do the same",
        "ts": "1449856687.000195"
    },
    {
        "type": "message",
        "user": "U048T3M8W",
        "text": "Great that your PK is in the \"AMP reward\". Pls also distribute also  your 10 points over the scribes",
        "ts": "1449856755.000196"
    },
    {
        "type": "message",
        "user": "U04BQ4FMC",
        "text": "while I have you here - I don't see more than 3 names on the edit roster, how were you motivated to include Dor and Jed?  Did I miss something?",
        "ts": "1449856769.000197"
    },
    {
        "type": "message",
        "user": "U04BQ4FMC",
        "text": "it also seem like we should use 1\/2 points, since 10 is pretty small value",
        "ts": "1449856842.000198"
    },
    {
        "type": "message",
        "user": "U048T3M8W",
        "text": "Well, maybe Dor and Jed deserve also some AMPs. They've been working on it as well. You can divide it up as you want",
        "ts": "1449856874.000199"
    },
    {
        "type": "message",
        "user": "U048T3M8W",
        "text": "Not more then 10",
        "ts": "1449856881.000200"
    },
    {
        "type": "message",
        "user": "U04BQ4FMC",
        "text": "damit - I apparently just clicked something and it made an edit wgile looking at the history - I can't find how to undo it!",
        "ts": "1449857060.000201"
    },
    {
        "type": "message",
        "user": "U048T3M8W",
        "text": "I've added you to the editors of AMP rewards",
        "ts": "1449857108.000202"
    },
    {
        "type": "message",
        "user": "U048T3M8W",
        "text": "just now",
        "ts": "1449857112.000203"
    },
    {
        "type": "message",
        "user": "U04BQ4FMC",
        "text": "ok, I revised it back to the previous one, which was by Ian.  browser was lagging I think..",
        "ts": "1449857383.000204"
    },
    {
        "type": "message",
        "user": "U04BQ4FMC",
        "text": "but if other people were working on it, it should show up in the edits.  there's only one anonymous edit, and it's very minor, AFAICS",
        "ts": "1449857499.000205"
    },
    {
        "type": "message",
        "user": "U04BQ4FMC",
        "text": "^regarding Dor and Jed",
        "ts": "1449857525.000206"
    }
]