[
    {
        "type": "message",
        "user": "U0474AT8P",
        "text": "<https:\/\/plus.google.com\/u\/0\/b\/109002904706315055045\/events\/crb5dujlcqf3kgi6so12bkce1vg>",
        "attachments": [
            {
                "service_name": "Google+",
                "title": "Synereo Community Hangout - Google+",
                "title_link": "https:\/\/plus.google.com\/u\/0\/b\/109002904706315055045\/events\/crb5dujlcqf3kgi6so12bkce1vg",
                "text": "Join the Synereo Team each Wednesday for the latest news and updates, discussion related to the project and its progress, development, social contracts, bounties, app ideas, and a lot more.",
                "fallback": "Google+: Synereo Community Hangout - Google+",
                "image_url": "https:\/\/lh3.googleusercontent.com\/-kp6DuEwueaE\/VWwev26UNKI\/AAAAAAAAAAA\/vEX95n12oDE\/w940-h280-n\/event_theme.jpg",
                "from_url": "https:\/\/plus.google.com\/u\/0\/b\/109002904706315055045\/events\/crb5dujlcqf3kgi6so12bkce1vg",
                "image_width": 839,
                "image_height": 250,
                "image_bytes": 32551,
                "id": 1
            }
        ],
        "ts": "1433162393.000076"
    },
    {
        "type": "message",
        "user": "U0474AT8P",
        "text": "This week\u2019s Community Hangout will be at 21:00 PM UTC+1 as usual.",
        "ts": "1433162426.000078"
    },
    {
        "user": "U0559PP4Z",
        "type": "message",
        "subtype": "channel_join",
        "text": "<@U0559PP4Z|kefkius> has joined the channel",
        "ts": "1433208476.000079"
    }
]