[
    {
        "user": "U0DC24EE7",
        "type": "message",
        "subtype": "channel_join",
        "text": "<@U0DC24EE7|morpheus42> has joined the channel",
        "ts": "1446049341.000040"
    },
    {
        "type": "message",
        "user": "U0474AT8P",
        "text": "The latest Synereo News are out: \n\n<https:\/\/twitter.com\/Synereo\/status\/659423964536700928>\n\nAnd today\u2019s community hangout link is here:\n\n<https:\/\/plus.google.com\/u\/0\/b\/109002904706315055045\/events\/c7qopskh9ohpdf7j4gfsgpc4750>",
        "attachments": [
            {
                "fallback": "<https:\/\/twitter.com\/Synereo|@Synereo>: Our latest <https:\/\/twitter.com\/Synereo|@Synereo> News are out with the team in Seattle, development progress and more. <http:\/\/blog.synereo.com\/2015\/10\/28\/synereo-news\/> #bitcoin #social #startup",
                "ts": 1446053899,
                "author_name": "Synereo",
                "author_link": "https:\/\/twitter.com\/Synereo\/status\/659423964536700928",
                "author_icon": "https:\/\/pbs.twimg.com\/profile_images\/522790259789025280\/FKRuSK66_normal.png",
                "author_subname": "@Synereo",
                "text": "Our latest <https:\/\/twitter.com\/Synereo|@Synereo> News are out with the team in Seattle, development progress and more. <http:\/\/blog.synereo.com\/2015\/10\/28\/synereo-news\/> #bitcoin #social #startup",
                "service_name": "twitter",
                "service_url": "https:\/\/twitter.com\/",
                "from_url": "https:\/\/twitter.com\/Synereo\/status\/659423964536700928",
                "id": 1
            },
            {
                "service_name": "Google+",
                "title": "Synereo Community Hangout - Google+",
                "title_link": "https:\/\/plus.google.com\/u\/0\/b\/109002904706315055045\/events\/c7qopskh9ohpdf7j4gfsgpc4750",
                "text": "Join the Synereo Team each Wednesday for the latest news and updates, discussion related to the project and its progress, development, social contracts, bounties, app ideas, and a lot more.",
                "fallback": "Google+: Synereo Community Hangout - Google+",
                "image_url": "https:\/\/lh3.googleusercontent.com\/-3X7FPGk0SzY\/Vi356S-XppI\/AAAAAAAAAAA\/_42f9XBej_8\/w940-h280-n\/event_theme.jpg",
                "from_url": "https:\/\/plus.google.com\/u\/0\/b\/109002904706315055045\/events\/c7qopskh9ohpdf7j4gfsgpc4750",
                "image_width": 839,
                "image_height": 250,
                "image_bytes": 32551,
                "id": 2
            }
        ],
        "ts": "1446054076.000041"
    },
    {
        "type": "message",
        "user": "U0474AT8P",
        "text": "Also an easy guide on how to transfer your AMPs from MaterXchange to omniwallet while we try to get listed on other exchanges and on the Omni DEX.\n\n<http:\/\/blog.synereo.com\/2015\/10\/27\/MasterXchange-closing-and-helping-AMPs\/>",
        "attachments": [
            {
                "text": "MasterXchange, the exchange used to trade AMPs, is closing down. Our friends at Omni assure us that their decentralized exchange, featuring the AMP token and...",
                "fallback": "MasterXchange, the exchange used to trade AMPs, is closing down. Our friends at Omni assure us that their decentralized exchange, featuring the AMP token and...",
                "from_url": "http:\/\/blog.synereo.com\/2015\/10\/27\/MasterXchange-closing-and-helping-AMPs\/",
                "id": 1
            }
        ],
        "ts": "1446054172.000043"
    },
    {
        "type": "message",
        "user": "U0474AYFT",
        "text": "Today's Synereo Community Hangout participants' link: <https:\/\/plus.google.com\/hangouts\/_\/hoaevent\/AP36tYfpaWiD5l82Tcw9a0cGPF_KOjydf3I2p05dO6gDK4G-nz960Q?eid=109002904706315055045&amp;hl=en&amp;authuser=1>",
        "ts": "1446055379.000045"
    },
    {
        "type": "message",
        "user": "U049N8MT7",
        "text": "Any Ui Design for Synereo? I would help in Design ",
        "ts": "1446072580.000046"
    }
]