[
    {
        "type": "message",
        "user": "U04BMCE7Q",
        "text": "<!channel>: Hey <!channel> AMP Price is only Price\n$  0.003 160   or  \u0243 0.000 013 97 ????? <https:\/\/cyber.fund\/system\/Synereo>",
        "edited": {
            "user": "U04BMCE7Q",
            "ts": "1444739735.000000"
        },
        "ts": "1444739712.000004"
    },
    {
        "type": "message",
        "user": "U06NC7EGM",
        "text": "is this true? 1 600 000 000 supply? how did it get there, wasn't supposed to be 45M? please provide the details of the supply (based on IPO etc...) something is not right",
        "ts": "1444741220.000006"
    },
    {
        "type": "message",
        "user": "U06NC7EGM",
        "text": "is it a dead chat here? seems so",
        "ts": "1444761195.000007"
    },
    {
        "type": "message",
        "user": "U06NC7EGM",
        "text": "well I will leave, if anyone cares to give answers please invite the channel or my name directly with the @ mention so that I don't have to bother checking in for nothing. thanks!",
        "ts": "1444761267.000008"
    },
    {
        "type": "message",
        "user": "U0474AT8P",
        "text": "details are on <http:\/\/blog.synereo.com|blog.synereo.com>, check it out",
        "ts": "1444769803.000009"
    },
    {
        "type": "message",
        "user": "U0474AT8P",
        "text": "<http:\/\/blog.synereo.com\/2015\/05\/10\/amp-distribution-complete\/>",
        "attachments": [
            {
                "text": "Dear Synereo supporters,The team has been working hard to deliver all AMPs purchased during the crowdsale. And as most of your have noticed by now - AMPs are...",
                "fallback": "Dear Synereo supporters,The team has been working hard to deliver all AMPs purchased during the crowdsale. And as most of your have noticed by now - AMPs are...",
                "from_url": "http:\/\/blog.synereo.com\/2015\/05\/10\/amp-distribution-complete\/",
                "id": 1
            }
        ],
        "ts": "1444769895.000010"
    },
    {
        "type": "message",
        "user": "U0474AT8P",
        "text": "and this should have all the info you need",
        "ts": "1444769919.000012"
    },
    {
        "type": "message",
        "user": "U0474AT8P",
        "text": "<http:\/\/blog.synereo.com\/2015\/06\/23\/synereo-june-update\/>",
        "attachments": [
            {
                "text": "Dear Synereo supporters,The time has come for another update on what the team has been working on. Synereo AMP Tokens DoubledAs mentioned in our previous upd...",
                "fallback": "Dear Synereo supporters,The time has come for another update on what the team has been working on. Synereo AMP Tokens DoubledAs mentioned in our previous upd...",
                "from_url": "http:\/\/blog.synereo.com\/2015\/06\/23\/synereo-june-update\/",
                "id": 1
            }
        ],
        "ts": "1444769921.000013"
    },
    {
        "type": "message",
        "user": "U0474AT8P",
        "text": "<@U06NC7EGM>:",
        "ts": "1444769925.000015"
    },
    {
        "type": "message",
        "user": "U0474AT8P",
        "text": "There wont be a Community Hangout this Wednesday, Greg and Dor are traveling so we will have to wait for next week.",
        "ts": "1444769995.000016"
    }
]