[
    {
        "type": "message",
        "user": "U049N8MT7",
        "text": "Hey Team, Wanna ask When its Possible to Trade AMP? ",
        "ts": "1435653970.000181"
    },
    {
        "type": "message",
        "user": "U0474E4KZ",
        "text": "it's tradeable here: <https:\/\/masterxchange.com\/market.php?currency=mscamp>",
        "edited": {
            "user": "U0474E4KZ",
            "ts": "1435682062.000000"
        },
        "ts": "1435682058.000182"
    },
    {
        "type": "message",
        "user": "U048X85UT",
        "text": "I just bought 20275 AMPs for $100 in bitcoin there. That seemed to up the price about 5%.  Does buying AMPs there help synereo?",
        "edited": {
            "user": "U048X85UT",
            "ts": "1435724752.000000"
        },
        "ts": "1435723990.000184"
    }
]