[
    {
        "type": "message",
        "user": "U0474AYFT",
        "text": "Today's Synereo Community Hangout participants' link: <https:\/\/plus.google.com\/hangouts\/_\/hoaevent\/AP36tYciUqTpxMYzRYxyyb-oelmHIq1QmfqgmzfkA5uT2C7UaMcgJg?eid=109002904706315055045&amp;hl=en&amp;authuser=1>",
        "ts": "1447268458.000002"
    },
    {
        "user": "U0EARHKU4",
        "type": "message",
        "subtype": "channel_join",
        "text": "<@U0EARHKU4|taotech4096> has joined the channel",
        "ts": "1447271221.000003"
    },
    {
        "user": "U0EBRBUFM",
        "type": "message",
        "subtype": "channel_join",
        "text": "<@U0EBRBUFM|bcboilermaker> has joined the channel",
        "ts": "1447304389.000004"
    }
]