[
    {
        "type": "message",
        "user": "U049N8MT7",
        "text": "Where to hold my AMP when Mastercoin close? ",
        "ts": "1445199014.000017"
    },
    {
        "type": "message",
        "user": "U0474AT8P",
        "text": "on omniwallet",
        "ts": "1445206271.000018"
    },
    {
        "type": "message",
        "user": "U0474AT8P",
        "text": "they have a dex and hopefully soon they will allow for different trading pairs, but no ETA on that at the moment",
        "ts": "1445206301.000019"
    },
    {
        "type": "message",
        "user": "U049N8MT7",
        "text": "Ok Thx <@U0474AT8P>  ...i thought omniwallet close, too. ",
        "edited": {
            "user": "U049N8MT7",
            "ts": "1445233249.000000"
        },
        "ts": "1445233215.000020"
    }
]