[
    {
        "type": "message",
        "user": "U050QES9A",
        "text": "<@U0474AT8P>: <@U0474AYFT>  Funny enough, I think it is important for the community to take a look see at this... I sent an email out to Omni that said this: Hi,I understand you have a deal with the Synereo people, providing a platform for them to distribute their AMPS. Well, I won one of their bounties, and was promised a significant number of AMPS. They informed us bounty winners that we would be receiving our coins as soon as the official crowdsale participants received theirs. This occurred around six weeks ago, and after various fandanglings, we have been informed that it isn't Synereo's fault, but is in fact, OMNIWALLETS fault. I quote Nic from the Synereo team, responding to an inquiry about where the AMPS are: \"Unfortunately we are waiting on Omni to complete some tasks before we can go ahead and pay out of the User Rewards Wallet. \"\nCould you confirm the validity of this statement? And, if it is in fact valid, could you possibly provide a time frame wherein said \"tasks\" are going to be completed?\" - end email.\nWell this email led to this discussion with Adam, a representative of omni - sorry about the formatting -",
        "ts": "1434139703.000114"
    },
    {
        "type": "message",
        "user": "U050QES9A",
        "text": "Welcome!\n    You're a guest in the Omni support room. A list of people in the room is on the right.instrument6\n    12:37 PMhello, anyone here?Adam (Omni)\n    12:37 PMHi,instrument6\n    12:37 PMhi oh goodAdam (Omni)\n    12:38 PMHow can i help youinstrument6\n    12:38 PMoh good maybe you can help me with this...instrument6\n    12:39 PMI composed this email yesterday and sent to omnichest, which I guess was not the right channel... Zathras pointed me in this direction...instrument6\n    12:39 PMI will just repost my email to him...Adam (Omni)\n    12:39 PMAbout bounties from synereoinstrument6\n    12:39 PMyesinstrument6\n    12:39 PMhave you seen it already?Adam (Omni)\n    12:39 PMYup, I saw it come in this morninginstrument6\n    12:39 PMoh okinstrument6\n    12:40 PMcan you confirm that what they are telling us bounty winners is in fact true?Adam (Omni)\n    12:40 PMyes and noinstrument6\n    12:40 PMit is a problem on omniwallets end?Adam (Omni)\n    12:40 PMNo its not a problemits more communicationand its not omniwallet itself as much as its one of our memberswho is acting as trust\/secure dispensary for the AMp's that where created on behalf of Synereohe is basically one of the multisig holdersWhen they tell him 'we need to send amps to person y' he creates the tx and sends it to them to sign, when its been signed by all parties they send it back to him and it get broadcastOmniwallet\/omni doesn't really have any specific control other than it happens to be one of the guys on our team who was asked to be in this positionSo the last update i saw from him was that he had not actually received any requests from Synereo to send out the amps for the bounty yetIts entirely possible that someone thought they asked him or they thought he was already receiving the bounty request emails\/confirmations and he didn'tI would say that by monday they should have it figured out and back in processinstrument6\n    12:44 PMhmmm, interesting... so this statement from them: \"\"Unfortunately we are waiting on Omni to complete some tasks before we can go ahead and pay out of the User Rewards Wallet. \"\n.... this isnt exactly the truth then?Adam (Omni)\n    12:44 PMIf that makes more sense?instrument6\n    12:46 PMwell, yeah that certainly is more information than I have been able to get from them... that offset blame statement is all they have offered us... but it seems that the statemment itself is misleading...Adam (Omni)\n    12:46 PMWell. \"waiting on omni = waiting on the multisig amp tx to be created and sent to them to sign\"\u2002\u2002is true.\u2002\u2002\nhowever, the member who receives those requests hasn't received the request to his knowledgeHe was planning on reaching out to them today\/this weekend to figure out what is going on.\u2002\u2002But communicating between different timezones can be a little delayed sometimesinstrument6\n    12:47 PMyeah, well said member receiving the request would obviously be the prerequisite for said member being able to perform his function as signature holder haha...Adam (Omni)\n    12:47 PMhehe yeaBut If you haven't gotten any response by monday please come back and ping me\/let me know and i'll try to poke the guys on this side to make sure it gets movingAdam (Omni)\n    12:49 PMActually i'm talking to our member nowinstrument6\n    12:50 PMok great Adam! thanks for the professionalism and honesty! I have been uncomfortable about the whole thing and Synereo has done next to nothing to clarify... and this information reveals that there is in fact more to the story... so thanks!Adam (Omni)\n    12:50 PMHe's reached out to the Synereo guys to spell out exactly what he needs from themSo as soon as they respond he'll be able to continue the process of the distribution.\u2002\u2002Not a problem,\u2002\u2002i can understand how lack of information can be unsettlingAnything else I can help\u2002\u2002you with ?instrument6\n    12:52 PM\nno Adam... thanks you have been a great help!\nThat is the end of the conversation...  LUCY!?  Splainin time!",
        "ts": "1434139711.000115"
    },
    {
        "type": "message",
        "user": "U0474AT8P",
        "text": "That is it, a question of getting people in sync for the multisig.",
        "ts": "1434152506.000116"
    },
    {
        "type": "message",
        "user": "U0474AT8P",
        "text": "The main issue is to get people around at the same time.",
        "ts": "1434152530.000117"
    },
    {
        "type": "message",
        "user": "U0474AT8P",
        "text": "As they stated and we did, we were waiting on an action from them. \n\nThe crowdsale payouts don\u2019t come from the same wallet as the user rewards hence why the crowdsale funds were done first. \n\nAnd we haven\u2019t forgot about it, just that it took a little longer than necessary. \n\nThere are other people waiting for a bounty payout and are aware there is a delay, understand your eagerness for the bounties to be paid, we will get there.",
        "edited": {
            "user": "U0474AT8P",
            "ts": "1434152905.000000"
        },
        "ts": "1434152819.000118"
    },
    {
        "type": "message",
        "user": "U0474AT8P",
        "text": "There are only a few payouts to do so once both parties are in sync it\u2019ll be actioned swiftly.",
        "ts": "1434152975.000120"
    }
]