[
    {
        "type": "message",
        "user": "U0474E4KZ",
        "text": "<@U04BMCE7Q>: the final price was ~360 AMPs per USD, as we doubled the allocation to everyone.",
        "ts": "1447611013.000007"
    },
    {
        "type": "message",
        "user": "U0474E4KZ",
        "text": "Indeed there are transactions at a lower price than the crowdsale, but for pennies of volume.",
        "ts": "1447611030.000008"
    },
    {
        "type": "message",
        "user": "U0474E4KZ",
        "text": "We've recently sold AMPs to a private investor (who's aware of the market, not a naive one!) for 20% over the price of the crowdsale.",
        "ts": "1447611050.000009"
    },
    {
        "user": "U0EJ1ABPA",
        "type": "message",
        "subtype": "channel_join",
        "text": "<@U0EJ1ABPA|makcimm> has joined the channel",
        "ts": "1447618665.000010"
    }
]