[
    {
        "type": "message",
        "user": "U04M6AUV5",
        "text": "Thanks for the information. I am not up to date with all the recent posts due to busy schedule.",
        "ts": "1430817540.000986"
    },
    {
        "type": "message",
        "user": "U04K31THC",
        "text": "So when to start exchange? How many exchanges till now? I hope bittrex and bter, poloniex.",
        "ts": "1430833776.000987"
    },
    {
        "type": "message",
        "user": "U04K31THC",
        "text": "MasterXchange has very little volume. Please contact more. Bittrex and bter, poloniex are preferred.",
        "ts": "1430833799.000988"
    },
    {
        "type": "message",
        "user": "U049CMBV9",
        "text": "Ride-share using AMP\u2019s is a good idead Lapin7!",
        "ts": "1430843443.000989"
    },
    {
        "type": "message",
        "user": "U0474AYFT",
        "text": "Hello, All!",
        "ts": "1430854400.000990"
    },
    {
        "type": "message",
        "user": "U0474AYFT",
        "text": "i've just uploaded some documents to <#C0474CWNK>.",
        "ts": "1430854421.000991"
    },
    {
        "type": "message",
        "user": "U0474AYFT",
        "text": "These are 3 of a 5 part series on the MVP.",
        "ts": "1430854440.000992"
    },
    {
        "type": "message",
        "user": "U0474AYFT",
        "text": "We'd like to get some community discussion going around this.",
        "ts": "1430854493.000993"
    },
    {
        "type": "message",
        "user": "U04L5FD9S",
        "text": "There we go. Hi all!",
        "ts": "1430862201.000994"
    },
    {
        "type": "message",
        "user": "U0474AYFT",
        "text": "Welcome <@U04L5FD9S>",
        "ts": "1430862305.000995"
    },
    {
        "type": "message",
        "user": "U04L5FD9S",
        "text": "I understood that the last things you guys are working out now is the networking part: balancing, efficient broadcasting, etc. Is that correct?",
        "ts": "1430862329.000996"
    },
    {
        "type": "message",
        "user": "U04L5FD9S",
        "text": "Thanks leithaus!",
        "ts": "1430862333.000997"
    },
    {
        "type": "message",
        "user": "U04L5FD9S",
        "text": "* <@U0474AYFT>",
        "ts": "1430862339.000998"
    },
    {
        "type": "message",
        "user": "U04L5FD9S",
        "text": "I promised to send you a mail with a possible solution to the travelling salesman problem, but haven't got to it yet, so I thought that maybe anyone here is interested to discuss this with me.",
        "ts": "1430862379.000999"
    },
    {
        "type": "message",
        "user": "U04L5FD9S",
        "text": "It's kinda hard to explain in an e-mail, so I'd rather answer specific questions, instead of setting up a chain-letter.",
        "ts": "1430862407.001000"
    },
    {
        "type": "message",
        "user": "U0474AYFT",
        "text": "Right now we're mostly focused on what's in scope for MVP.",
        "ts": "1430862420.001001"
    },
    {
        "type": "message",
        "user": "U0474AYFT",
        "text": "i don't actually understand the relevance of this famous NP-Complete problem with what we're talking about.",
        "ts": "1430862456.001002"
    },
    {
        "type": "message",
        "user": "U0474AYFT",
        "text": "But, if you have a way to connect them, go for it!",
        "ts": "1430862473.001003"
    },
    {
        "type": "message",
        "user": "U04L5FD9S",
        "text": "I'd first need some more details on the exact issue, before I might be able to propose a possible solution. And to be honest, I don't fully grasp the inner-workings of Synereo yet, so maybe we could discuss the conceptual part of the problem + solution.",
        "ts": "1430862599.001004"
    },
    {
        "type": "message",
        "user": "U04L5FD9S",
        "text": "To me, it sounds like an identity &amp; reputation issue, where it comes to delivering data efficiently and automatically to anyone in the network, but I could be way off.",
        "ts": "1430862675.001005"
    },
    {
        "type": "message",
        "user": "U0474AT8P",
        "text": "glad you made it back",
        "ts": "1430862826.001006"
    },
    {
        "type": "message",
        "user": "U04L5FD9S",
        "text": "I'm helping <@U048X85UT> figuring out how to best implement Identifi in their FreeTrust project. Since he's also looking at Identifi, we got to this point, so I thought: lets return to see if there's anything I can help with.",
        "ts": "1430862871.001007"
    },
    {
        "type": "message",
        "user": "U04L5FD9S",
        "text": "Thanks <@U0474AT8P>! :simple_smile:",
        "ts": "1430862880.001008"
    },
    {
        "type": "message",
        "user": "U04L5FD9S",
        "text": "I'll be available again in 30 - 60 minutes.",
        "ts": "1430863201.001009"
    },
    {
        "type": "message",
        "user": "U048X85UT",
        "text": "don't you ever sleep <@U04L5FD9S>,  hey, you are <@U04G9BU2J> here too, one of you should go :stuck_out_tongue:",
        "ts": "1430863575.001010"
    },
    {
        "type": "message",
        "user": "U048X85UT",
        "text": "there may be a lot of redundancy and resulting unnecessary complexity between synereo and identifi DApps from the <#C04BLQ4CX> perspective where identities are maintained in synereo.  The question is how ready is synereo to be used or if the splicious platform as it is could be used for identify and work with synereo when it is ready.",
        "ts": "1430863996.001011"
    },
    {
        "type": "message",
        "user": "U048X85UT",
        "text": "<@U04L5FD9S>: on second though there is no reason you cannot wear two hats if you want to...",
        "ts": "1430864113.001012"
    },
    {
        "type": "message",
        "user": "U048X85UT",
        "text": "if we all got two identities the membership here would double :stuck_out_tongue:  that can happen without <#C04BLQ4CX>.",
        "edited": {
            "user": "U048X85UT",
            "ts": "1430864233.000000"
        },
        "ts": "1430864210.001013"
    },
    {
        "type": "message",
        "user": "U04L5FD9S",
        "text": "<@U0474AYFT>, <@U0474AT8P>, <@U048X85UT> : I'm back",
        "ts": "1430866564.001015"
    },
    {
        "type": "message",
        "user": "U04L5FD9S",
        "text": "And no, I practically haven't slept much over the last 8 months or so.",
        "ts": "1430866580.001016"
    },
    {
        "type": "message",
        "user": "U04L5FD9S",
        "text": "Can't remember the last weekend I took off.",
        "ts": "1430866588.001017"
    },
    {
        "type": "message",
        "user": "U04L5FD9S",
        "text": "So, <@U0474AYFT>, no issues concerning the networking-part for me to possibly help with?",
        "ts": "1430866664.001018"
    },
    {
        "type": "message",
        "user": "U04L5FD9S",
        "text": "To what extent are you guys looking into the FreeTrust project atm? If you are, maybe it's an idea to see if there's anything we could collaborate on, since we all seem to work towards the same goal.",
        "ts": "1430866768.001019"
    },
    {
        "type": "message",
        "user": "U048X85UT",
        "text": "perhaps we should meet in <#C048QUHB5>",
        "ts": "1430866815.001020"
    },
    {
        "type": "message",
        "user": "U04BQ4FMC",
        "text": "So, <@U048X85UT> - I would not be wasting my time to set up on Openname then?",
        "ts": "1430875498.001021"
    },
    {
        "type": "message",
        "user": "U04L5FD9S",
        "text": "<@U04BQ4FMC>: What are you implementing Openname for, if I may?",
        "ts": "1430875993.001022"
    },
    {
        "type": "message",
        "user": "U048X85UT",
        "text": "not at all, <@U04BQ4FMC>  freetrust will consolidate all your identity sources including onename, its  a good time to grab names still, but some folks look down on openname.  The only proof is your social networking ids and many people do not want those public.  There was also something funny with their business model I don't quite remember and was not concerned with.  I bought some namecoin and registered a bunch of .bit domains as well.  A dollar buys about  150 names.",
        "ts": "1430876230.001023"
    },
    {
        "type": "message",
        "user": "U04BQ4FMC",
        "text": "just to establish an opensource name - all I have now are controlled by conglomerates.    :simple_smile:",
        "ts": "1430876234.001024"
    },
    {
        "type": "message",
        "user": "U04BQ4FMC",
        "text": "<@U048X85UT>: the namecoin thing looked a bit hokie to me.  I may have missed something.",
        "ts": "1430876327.001025"
    },
    {
        "type": "message",
        "user": "U048X85UT",
        "text": "the .bit domains only work in firefox with the freespeechme plugin at present i think but they are cheep enough to take the risk that they may become mainstream.",
        "ts": "1430877407.001026"
    }
]