[
    {
        "type": "message",
        "user": "U048X85UT",
        "text": "only 20 minutes left in the factoid sale at <http:\/\/factom.org|factom.org>",
        "ts": "1431700791.000034"
    },
    {
        "type": "message",
        "user": "U048X85UT",
        "text": "I got mine :simple_smile:",
        "ts": "1431700813.000035"
    },
    {
        "type": "message",
        "user": "U0474AT8P",
        "text": "It's over!",
        "ts": "1431708187.000036"
    },
    {
        "type": "message",
        "user": "U048S3X56",
        "text": "I've missed this :confused:",
        "ts": "1431708329.000037"
    }
]