[
    {
        "type": "message",
        "user": "U0FESR742",
        "text": "Its very generous of you all to offer me AMPs but you don't have to. We came up with these in order to give a reward to YOU",
        "ts": "1449930640.000207",
        "reactions": [
            {
                "name": "+1",
                "users": [
                    "U0474E4KZ"
                ],
                "count": 1
            }
        ]
    },
    {
        "type": "message",
        "user": "U0FESR742",
        "text": "Thank you all for the work on the Scribe notes! I definitely want to make sure we can shore up our communication on it and come up with a way to lock down the editing times. If we can bring in another participant, perhaps they can serve purely in an editing capacity -- they can have any AMPs you'd give me!",
        "ts": "1449930736.000208"
    },
    {
        "type": "message",
        "user": "U0FESR742",
        "text": "Having said that -- I am assuming that the Scribe notes have been completed? Please confirm.",
        "ts": "1449930883.000209",
        "reactions": [
            {
                "name": "white_check_mark",
                "users": [
                    "U04BQ4FMC"
                ],
                "count": 1
            }
        ]
    },
    {
        "type": "message",
        "user": "U0FESR742",
        "text": "(I'll have to get my public key to contribute to the AMPs rewards, and I'm locked down for time right now. I'll get to that when I am able to but go ahead without me)",
        "ts": "1449930976.000210"
    },
    {
        "type": "message",
        "user": "U0FESR742",
        "text": "I ran through and did some edits, I think we are at a publishable place. We have another day until Dor can post it, so if anyone wants to make another sweep they are welcome to.",
        "ts": "1449952378.000211",
        "reactions": [
            {
                "name": "heart",
                "users": [
                    "U04GDL62L"
                ],
                "count": 1
            }
        ]
    },
    {
        "type": "message",
        "user": "U0FESR742",
        "text": "Otherwise let's move on what's there.",
        "ts": "1449952393.000212"
    },
    {
        "type": "message",
        "user": "U0FESR742",
        "text": "Having gone through the process now, I can see some great ways to fine-tune and put this down on paper for the roadmap.",
        "ts": "1449952422.000213"
    },
    {
        "type": "message",
        "user": "U04BMCE7Q",
        "text": "i want to become scribe, what's it procedure?",
        "ts": "1449988299.000214"
    },
    {
        "type": "message",
        "user": "U04BMCE7Q",
        "text": "i just have to make important notes during hangout ?",
        "ts": "1449988389.000215"
    }
]