[
    {
        "type": "message",
        "user": "U04910F4Z",
        "text": "How NOT to build an Orwellian Reputation System\n\n<http:\/\/cointelegraph.com\/news\/115523\/how-not-to-build-an-orwellian-reputation-system-pt-1>",
        "attachments": [
            {
                "service_name": "CoinTelegraph",
                "title": "How NOT to build an Orwellian Reputation System (Pt. 1)",
                "title_link": "http:\/\/cointelegraph.com\/news\/115523\/how-not-to-build-an-orwellian-reputation-system-pt-1",
                "text": "\u2018Rebooting the web of trust,\u2019 a workshop taking place in San Francisco this November 3rd and 4th, is bringing together some impressive pioneers and could lead to world changing developments in the realm of online reputation systems and in the use of the blockchain.",
                "fallback": "CoinTelegraph: How NOT to build an Orwellian Reputation System (Pt. 1)",
                "thumb_url": "http:\/\/cointelegraph.com\/images\/725_aHR0cDovL2NvaW50ZWxlZ3JhcGguY29tL3N0b3JhZ2UvdXBsb2Fkcy92aWV3L2MxYTQzNTBlM2RiMGI2MWM4OGRjMjZmNTAwMTU3MzlmLnBuZw==.jpg",
                "from_url": "http:\/\/cointelegraph.com\/news\/115523\/how-not-to-build-an-orwellian-reputation-system-pt-1",
                "thumb_width": 725,
                "thumb_height": 483,
                "id": 1
            }
        ],
        "ts": "1446411102.000047"
    },
    {
        "user": "U0DKBHZN1",
        "type": "message",
        "subtype": "channel_join",
        "text": "<@U0DKBHZN1|nodes> has joined the channel",
        "ts": "1446418842.000049"
    }
]