[
    {
        "type": "message",
        "user": "U04JPG2F2",
        "text": "Hi,\nWhere can we trade AMP now that Masterexchange close ?",
        "ts": "1445260559.000022"
    },
    {
        "type": "message",
        "user": "U0474AT8P",
        "text": "nowhere unfortunately, the team will try and request exchanges to support AMPs but in the meantime any help requesting for support on your favourite exchanges will be of help",
        "ts": "1445260724.000023"
    },
    {
        "type": "message",
        "user": "U09KY5U65",
        "text": "Was there a problem with the fund distribution? I thought there was supposed to be 1,000,000,000 coins, now there is 1,600,000,000 coins? This whole project seems pretty dead. Not much going on.",
        "ts": "1445284215.000024"
    },
    {
        "type": "message",
        "user": "U09KY5U65",
        "text": "Exchanges have XCP tokens programmed into their exchanges already. Maybe this coin should fix their coins distribution mistake and reissue the token on counterparty.",
        "ts": "1445284403.000025"
    },
    {
        "type": "message",
        "user": "U09KY5U65",
        "text": "Its probably not possible but if it is they should switch over",
        "ts": "1445284466.000026"
    },
    {
        "type": "message",
        "user": "U04910F4Z",
        "text": "Hey folk. Web of Trust workshop coming up soon.\n\nI think Synereo has a lot to contribute to this problem. \n\n<https:\/\/github.com\/WebOfTrustInfo\/rebooting-the-web-of-trust\/tree\/master\/topics-and-advance-readings>",
        "attachments": [
            {
                "service_name": "GitHub",
                "title": "WebOfTrustInfo\/rebooting-the-web-of-trust",
                "title_link": "https:\/\/github.com\/WebOfTrustInfo\/rebooting-the-web-of-trust\/tree\/master\/topics-and-advance-readings",
                "text": "rebooting-the-web-of-trust - Designshop &amp; Hackathons on the topic of \"Rebooting the Web of Trust\"",
                "fallback": "GitHub: WebOfTrustInfo\/rebooting-the-web-of-trust",
                "thumb_url": "https:\/\/avatars0.githubusercontent.com\/u\/14255940?v=3&s=400",
                "from_url": "https:\/\/github.com\/WebOfTrustInfo\/rebooting-the-web-of-trust\/tree\/master\/topics-and-advance-readings",
                "thumb_width": 400,
                "thumb_height": 400,
                "id": 1
            }
        ],
        "ts": "1445302417.000027"
    },
    {
        "type": "message",
        "user": "U0474AT8P",
        "text": "Thanks for sharing Juan!",
        "ts": "1445306878.000029"
    }
]