[
    {
        "type": "message",
        "user": "U0474AT8P",
        "text": "Today\u2019s community Hangout at 7PM GMT\n\n<https:\/\/plus.google.com\/u\/0\/b\/109002904706315055045\/events\/ci6dcdhb30guch42vvngj04coqc>",
        "attachments": [
            {
                "service_name": "Google+",
                "title": "Synereo Community Hangout - Google+",
                "title_link": "https:\/\/plus.google.com\/u\/0\/b\/109002904706315055045\/events\/ci6dcdhb30guch42vvngj04coqc",
                "text": "Join the Synereo Team each Wednesday for the latest news and updates, discussion related to the project and its progress, development, social contracts, bounties, app ideas, and a lot more.",
                "fallback": "Google+: Synereo Community Hangout - Google+",
                "image_url": "https:\/\/lh3.googleusercontent.com\/-ccnjKRDBbYY\/VkohzIrO0xI\/AAAAAAAAAAA\/mDbXSjYRBus\/w940-h280-n\/event_theme.jpg",
                "from_url": "https:\/\/plus.google.com\/u\/0\/b\/109002904706315055045\/events\/ci6dcdhb30guch42vvngj04coqc",
                "image_width": 839,
                "image_height": 250,
                "image_bytes": 32551,
                "id": 1
            }
        ],
        "ts": "1447868224.000015"
    },
    {
        "type": "message",
        "user": "U04GDL62L",
        "text": "<https:\/\/www.youtube.com\/watch?v=nXYGPYnCokE>",
        "attachments": [
            {
                "service_name": "YouTube",
                "service_url": "https:\/\/www.youtube.com\/",
                "title": "\u03c0-calculus for fun and profit",
                "title_link": "https:\/\/www.youtube.com\/watch?v=nXYGPYnCokE",
                "author_name": "Synereo",
                "author_link": "https:\/\/www.youtube.com\/channel\/UCU5CBbxAeFYnodf32w3ahOQ",
                "thumb_url": "https:\/\/i.ytimg.com\/vi\/nXYGPYnCokE\/hqdefault.jpg",
                "thumb_width": 480,
                "thumb_height": 360,
                "fallback": "YouTube Video: \u03c0-calculus for fun and profit",
                "video_html": "<iframe width=\"400\" height=\"225\" src=\"https:\/\/www.youtube.com\/embed\/nXYGPYnCokE?feature=oembed&autoplay=1\" frameborder=\"0\" allowfullscreen><\/iframe>",
                "video_html_width": 400,
                "video_html_height": 225,
                "from_url": "https:\/\/www.youtube.com\/watch?v=nXYGPYnCokE",
                "id": 1
            }
        ],
        "ts": "1447871980.000017"
    },
    {
        "type": "message",
        "user": "U04GDL62L",
        "text": "Leithaus hanging out with Ethereum's Vitalik Buterin.",
        "ts": "1447872235.000019"
    },
    {
        "type": "message",
        "user": "U048T3M8W",
        "text": "Do I understand it well that the creation of contracts within Synereo is more sound then in Ethereum? It would be great if <@U0474AYFT> could say something in tonights hangout. I'm unfortunately not able to attend.",
        "ts": "1447872388.000020"
    },
    {
        "type": "message",
        "subtype": "file_share",
        "text": "<@U04GDL62L|drbloom> shared a file: <https:\/\/synereonet.slack.com\/files\/drbloom\/F0ER1LUSG\/Why_Pi_calculus_|Why Pi calculus?>",
        "file": {
            "id": "F0ER1LUSG",
            "created": 1447872474,
            "timestamp": 1447872590,
            "name": "Why_Pi_calculus_",
            "title": "Why Pi calculus?",
            "mimetype": "text\/plain",
            "filetype": "space",
            "pretty_type": "Post",
            "user": "U04GDL62L",
            "editable": true,
            "size": 737,
            "mode": "space",
            "is_external": false,
            "external_type": "",
            "is_public": true,
            "public_url_shared": false,
            "display_as_bot": false,
            "username": "",
            "url_private": "https:\/\/files.slack.com\/files-pri\/T0474AT8K-F0ER1LUSG\/Why_Pi_calculus_?t=xoxe-4242367291-28095460608-28095460624-739c22ae7e",
            "url_private_download": "https:\/\/files.slack.com\/files-pri\/T0474AT8K-F0ER1LUSG\/download\/Why_Pi_calculus_?t=xoxe-4242367291-28095460608-28095460624-739c22ae7e",
            "permalink": "https:\/\/synereonet.slack.com\/files\/drbloom\/F0ER1LUSG\/Why_Pi_calculus_",
            "permalink_public": "https:\/\/slack-files.com\/T0474AT8K-F0ER1LUSG-049f480bba",
            "preview": "<document><p>from November 4 Synereo Google Hangout<\/p><p>A uniform programing model. It allows you to have an end to end view of a system that is made from decentralized and autonomous parts. It allows you to have automated proofs of the correctness of the end to end behavior.<\/p><p>Trust in Mathmatics.<\/p><p>Replace trusted brokers with trusted procedures.<\/p><p><a href=\"https:\/\/www.youtube.com\/watch?v=HwWmaSOcRyA\">https:\/\/www.youtube.com\/watch?v=HwWmaSOcRyA<\/a><\/p><\/document>",
            "updated": 1447872645,
            "editor": "U04GDL62L",
            "last_editor": "U04GDL62L",
            "state": "locked",
            "channels": [
                "C0474AT8X"
            ],
            "groups": [
    
            ],
            "ims": [
    
            ],
            "comments_count": 0,
            "reactions": [
                {
                    "name": "heart",
                    "users": [
                        "U0474AYFT"
                    ],
                    "count": 1
                }
            ]
        },
        "user": "U04GDL62L",
        "upload": false,
        "display_as_bot": false,
        "username": "<@U04GDL62L|drbloom>",
        "bot_id": null,
        "ts": "1447872612.000021"
    },
    {
        "type": "message",
        "user": "U0474AYFT",
        "text": "The participants' link for today's Synereo Community Hangout is <https:\/\/plus.google.com\/hangouts\/_\/hoaevent\/AP36tYdG3YH6MkddFiI-AbBc_NhEGjRqzQ5N8i4uWSuWPcbzY-9nWw?eid=109002904706315055045&amp;hl=en&amp;authuser=1>",
        "ts": "1447873306.000022"
    }
]