[
    {
        "type": "message",
        "user": "U0474E4KZ",
        "text": "<http:\/\/www.volkskrant.nl\/buitenland\/china-rates-its-own-citizens-including-online-behaviour~a3979668\/>\n\n\"The Chinese government is currently implementing a nationwide electronic system, called the Social Credit System, attributing to each of its 1,3 billion citizens a score for his or her behavior. The system will be based on various criteria, ranging from financial credibility and criminal record to social media behavior. From 2020 onwards each adult citizen should, besides his identity card, have such a credit code.\"",
        "attachments": [
            {
                "service_name": "De Volkskrant",
                "title": "China rates its own citizens - including online behaviour",
                "title_link": "http:\/\/www.volkskrant.nl\/buitenland\/china-rates-its-own-citizens-including-online-behaviour~a3979668\/",
                "text": "The Chinese government is currently implementing a nationwide electronic system, called the Social Credit System, attributing to each of its 1,3 billion citizens a score for his or her behavior. The system will be based on various criteria, ranging from financial credibility and criminal record to social media behavior. From 2020 onwards each adult citizen should, besides his identity card, have such a credit code.",
                "fallback": "De Volkskrant: China rates its own citizens - including online behaviour",
                "image_url": "http:\/\/www.photo.volkskrant.nl\/photoprovider\/artikel\/11\/3\/13\/b397d4de9bad8ba1ed06612dd73adf45\/2942788\/700x700\/2942788.jpeg",
                "ts": 1429945200,
                "from_url": "http:\/\/www.volkskrant.nl\/buitenland\/china-rates-its-own-citizens-including-online-behaviour~a3979668\/",
                "image_width": 373,
                "image_height": 250,
                "image_bytes": 49033,
                "id": 1
            }
        ],
        "ts": "1431010427.000002"
    },
    {
        "user": "U04NTSB7Y",
        "type": "message",
        "subtype": "channel_join",
        "text": "<@U04NTSB7Y|dohko> has joined the channel",
        "ts": "1431013657.000004"
    },
    {
        "user": "U04PFNASF",
        "type": "message",
        "subtype": "channel_join",
        "text": "<@U04PFNASF|kai> has joined the channel",
        "ts": "1431014005.000005"
    },
    {
        "type": "message",
        "user": "U04PFNASF",
        "text": "hello to you all",
        "ts": "1431014142.000006"
    },
    {
        "type": "message",
        "user": "U049CMCCZ",
        "text": "<@U0474E4KZ> thx for the link to that article - wow - scary stuff!",
        "ts": "1431014598.000007"
    },
    {
        "type": "message",
        "user": "U04BQ4FMC",
        "text": "Expanding on that news...  The Chinese Gov is *announcing* this program exists, in an effort to affect desired change in the population.  Meanwhile, \"Democratic\" countries continue using their systems in secret or in private, seeking only to incarcerate offending members of their public.  :wink:",
        "ts": "1431017857.000008"
    },
    {
        "user": "U04P3KSC6",
        "type": "message",
        "subtype": "channel_join",
        "text": "<@U04P3KSC6|optictopic> has joined the channel",
        "ts": "1431056251.000009"
    }
]