[
    {
        "type": "message",
        "user": "U048X85UT",
        "text": "<@U04BMCE7Q>:  the AMP is ultimately worth nothing unless synereo is delivered.  It is just vapor.  Those who believe in synereo consider delivery to be inevitable  and AMPs to hold future value.   I does seem that we have failed to communicate the potential value to a wide enough audience to generate a desire for AMPs sufficiently to fund rapid development.",
        "ts": "1447160041.000013"
    },
    {
        "type": "message",
        "user": "U048X85UT",
        "text": "To remove barriers to owning AMPs perhaps we should use <https:\/\/uphold.com\/>",
        "ts": "1447160413.000014"
    },
    {
        "type": "message",
        "user": "U0474AYFT",
        "text": "<@U04BMCE7Q>: we agree. It is imperative that we deliver. We have delivered the first iteration of the backend. We have also delivered a first iteration of the frontend. We are now working aggressively on the next iteration of the frontend, having updated the backend dependencies.",
        "ts": "1447161648.000015"
    },
    {
        "type": "message",
        "user": "U0474AYFT",
        "text": "Please join our community hangouts to get the updates on our progress.",
        "ts": "1447161691.000016"
    },
    {
        "type": "message",
        "user": "U09KY5U65",
        "text": "WHomever controls that show on wednesday needs to learn how to do it. It",
        "ts": "1447184606.000017"
    },
    {
        "type": "message",
        "user": "U09KY5U65",
        "text": "its so annoying watching that stupid logo on the screen while other people at talking",
        "ts": "1447184628.000018"
    },
    {
        "type": "message",
        "user": "U09KY5U65",
        "text": "it has to do with clicking on people, dont click on people and then it auto switches screens to who is making noise",
        "ts": "1447184656.000019"
    },
    {
        "type": "message",
        "user": "U09KY5U65",
        "text": "AMP on bittrex is real.  It's a good buy. I just picked up another 10,000 AMP for less than 300 satoshi. But look at the volume below that price. Not many coins for sale. It's not like I can buy 10,000,000 AMP at 300 satoshi.",
        "ts": "1447195254.000020"
    },
    {
        "type": "message",
        "user": "U04BMCE7Q",
        "text": "damn i paid around 150$ for 39000 AMPS :disappointed:",
        "ts": "1447216299.000021"
    },
    {
        "type": "message",
        "user": "U04BMCE7Q",
        "text": "i think that time  exchange rate was 1USD per 178 AMPS",
        "ts": "1447218632.000022"
    },
    {
        "type": "message",
        "subtype": "file_share",
        "text": "<@U04BMCE7Q|theo.godspeed> uploaded a file: <https:\/\/synereonet.slack.com\/files\/theo.godspeed\/F0E9FGN2J\/tired-meme.jpg|Tired>",
        "file": {
            "id": "F0E9FGN2J",
            "created": 1447222343,
            "timestamp": 1447222343,
            "name": "tired-meme.jpg",
            "title": "Tired",
            "mimetype": "image\/jpeg",
            "filetype": "jpg",
            "pretty_type": "JPEG",
            "user": "U04BMCE7Q",
            "editable": false,
            "size": 52268,
            "mode": "hosted",
            "is_external": false,
            "external_type": "",
            "is_public": true,
            "public_url_shared": false,
            "display_as_bot": false,
            "username": "",
            "url_private": "https:\/\/files.slack.com\/files-pri\/T0474AT8K-F0E9FGN2J\/tired-meme.jpg?t=xoxe-4242367291-28095460608-28095460624-739c22ae7e",
            "url_private_download": "https:\/\/files.slack.com\/files-pri\/T0474AT8K-F0E9FGN2J\/download\/tired-meme.jpg?t=xoxe-4242367291-28095460608-28095460624-739c22ae7e",
            "thumb_64": "https:\/\/files.slack.com\/files-tmb\/T0474AT8K-F0E9FGN2J-70bde1ad4e\/tired-meme_64.jpg?t=xoxe-4242367291-28095460608-28095460624-739c22ae7e",
            "thumb_80": "https:\/\/files.slack.com\/files-tmb\/T0474AT8K-F0E9FGN2J-70bde1ad4e\/tired-meme_80.jpg?t=xoxe-4242367291-28095460608-28095460624-739c22ae7e",
            "thumb_360": "https:\/\/files.slack.com\/files-tmb\/T0474AT8K-F0E9FGN2J-70bde1ad4e\/tired-meme_360.jpg?t=xoxe-4242367291-28095460608-28095460624-739c22ae7e",
            "thumb_360_w": 360,
            "thumb_360_h": 252,
            "thumb_160": "https:\/\/files.slack.com\/files-tmb\/T0474AT8K-F0E9FGN2J-70bde1ad4e\/tired-meme_160.jpg?t=xoxe-4242367291-28095460608-28095460624-739c22ae7e",
            "image_exif_rotation": 1,
            "original_w": 411,
            "original_h": 288,
            "permalink": "https:\/\/synereonet.slack.com\/files\/theo.godspeed\/F0E9FGN2J\/tired-meme.jpg",
            "permalink_public": "https:\/\/slack-files.com\/T0474AT8K-F0E9FGN2J-9d9120705e",
            "channels": [
                "C0474AT8X"
            ],
            "groups": [
    
            ],
            "ims": [
    
            ],
            "comments_count": 0
        },
        "user": "U04BMCE7Q",
        "upload": true,
        "display_as_bot": false,
        "username": "<@U04BMCE7Q|theo.godspeed>",
        "bot_id": null,
        "ts": "1447222345.000023"
    },
    {
        "type": "message",
        "subtype": "file_share",
        "text": "<@U04BMCE7Q|theo.godspeed> uploaded a file: <https:\/\/synereonet.slack.com\/files\/theo.godspeed\/F0E9G6ZEV\/istock_000009413779xsmall.jpg|I Thought AMPs Price Will Be 1 Dollar per coin But........>",
        "file": {
            "id": "F0E9G6ZEV",
            "created": 1447224004,
            "timestamp": 1447224004,
            "name": "iStock_000009413779XSmall.jpg",
            "title": "I Thought AMPs Price Will Be 1 Dollar per coin But........",
            "mimetype": "image\/jpeg",
            "filetype": "jpg",
            "pretty_type": "JPEG",
            "user": "U04BMCE7Q",
            "editable": false,
            "size": 70723,
            "mode": "hosted",
            "is_external": false,
            "external_type": "",
            "is_public": true,
            "public_url_shared": false,
            "display_as_bot": false,
            "username": "",
            "url_private": "https:\/\/files.slack.com\/files-pri\/T0474AT8K-F0E9G6ZEV\/istock_000009413779xsmall.jpg?t=xoxe-4242367291-28095460608-28095460624-739c22ae7e",
            "url_private_download": "https:\/\/files.slack.com\/files-pri\/T0474AT8K-F0E9G6ZEV\/download\/istock_000009413779xsmall.jpg?t=xoxe-4242367291-28095460608-28095460624-739c22ae7e",
            "thumb_64": "https:\/\/files.slack.com\/files-tmb\/T0474AT8K-F0E9G6ZEV-81f9a1d780\/istock_000009413779xsmall_64.jpg?t=xoxe-4242367291-28095460608-28095460624-739c22ae7e",
            "thumb_80": "https:\/\/files.slack.com\/files-tmb\/T0474AT8K-F0E9G6ZEV-81f9a1d780\/istock_000009413779xsmall_80.jpg?t=xoxe-4242367291-28095460608-28095460624-739c22ae7e",
            "thumb_360": "https:\/\/files.slack.com\/files-tmb\/T0474AT8K-F0E9G6ZEV-81f9a1d780\/istock_000009413779xsmall_360.jpg?t=xoxe-4242367291-28095460608-28095460624-739c22ae7e",
            "thumb_360_w": 360,
            "thumb_360_h": 242,
            "thumb_160": "https:\/\/files.slack.com\/files-tmb\/T0474AT8K-F0E9G6ZEV-81f9a1d780\/istock_000009413779xsmall_160.jpg?t=xoxe-4242367291-28095460608-28095460624-739c22ae7e",
            "image_exif_rotation": 1,
            "original_w": 423,
            "original_h": 284,
            "permalink": "https:\/\/synereonet.slack.com\/files\/theo.godspeed\/F0E9G6ZEV\/istock_000009413779xsmall.jpg",
            "permalink_public": "https:\/\/slack-files.com\/T0474AT8K-F0E9G6ZEV-691ebeb888",
            "channels": [
                "C0474AT8X"
            ],
            "groups": [
    
            ],
            "ims": [
    
            ],
            "comments_count": 0
        },
        "user": "U04BMCE7Q",
        "upload": true,
        "display_as_bot": false,
        "username": "<@U04BMCE7Q|theo.godspeed>",
        "bot_id": null,
        "ts": "1447224005.000024"
    }
]