[
    {
        "user": "U04LV89SG",
        "type": "message",
        "subtype": "channel_join",
        "text": "<@U04LV89SG|billscarver> has joined the channel",
        "ts": "1430667202.000896"
    },
    {
        "user": "U04MGR1RP",
        "type": "message",
        "subtype": "channel_join",
        "text": "<@U04MGR1RP|rb> has joined the channel",
        "ts": "1430669869.000897"
    },
    {
        "type": "message",
        "user": "U048X85UT",
        "text": "help create the identity layer of blockchain 2.0 <http:\/\/freetrust.net|freetrust.net>",
        "ts": "1430686793.000898"
    },
    {
        "type": "message",
        "user": "U04BMCE7Q",
        "text": "<@U048X85UT>: hi",
        "ts": "1430718979.000899"
    },
    {
        "type": "message",
        "user": "U04BMCE7Q",
        "text": "u got AMPs?",
        "ts": "1430719005.000900"
    }
]