[
    {
        "type": "message",
        "user": "U04BMCE7Q",
        "text": "Wooooooooo Hooooooooo I Am BACK :simple_smile:",
        "ts": "1433741973.000086"
    },
    {
        "type": "message",
        "user": "U04BMCE7Q",
        "text": "<https:\/\/media1.giphy.com\/media\/CkkVulYzFjd72\/giphy.gif>",
        "attachments": [
            {
                "fallback": "499x282px image",
                "image_url": "https:\/\/media1.giphy.com\/media\/CkkVulYzFjd72\/giphy.gif",
                "image_width": 499,
                "image_height": 282,
                "image_bytes": 509653,
                "from_url": "https:\/\/media1.giphy.com\/media\/CkkVulYzFjd72\/giphy.gif",
                "id": 1
            }
        ],
        "ts": "1433742022.000087"
    }
]