[
    {
        "type": "message",
        "user": "U0474AT8P",
        "text": "todays\u2019s hangout 7PM GMT\n\n<https:\/\/plus.google.com\/u\/0\/b\/109002904706315055045\/events\/c8kibm683jmmadlvunh83bf34tk>",
        "attachments": [
            {
                "service_name": "Google+",
                "title": "Synereo Community Hangout - Google+",
                "title_link": "https:\/\/plus.google.com\/u\/0\/b\/109002904706315055045\/events\/c8kibm683jmmadlvunh83bf34tk",
                "text": "\u00a0 Join the Synereo Team each Wednesday for the latest news and updates, discussion related to the project and its progress, development, social contracts, bounties, app ideas, and a lot more.",
                "fallback": "Google+: Synereo Community Hangout - Google+",
                "image_url": "https:\/\/lh3.googleusercontent.com\/-DDJmsXHJBtA\/Vc8uwY_cKLI\/AAAAAAAAAAA\/bfPDxcxVhy8\/w940-h280-n\/event_theme.jpg",
                "from_url": "https:\/\/plus.google.com\/u\/0\/b\/109002904706315055045\/events\/c8kibm683jmmadlvunh83bf34tk",
                "image_width": 839,
                "image_height": 250,
                "image_bytes": 32551,
                "id": 1
            }
        ],
        "ts": "1439974767.000054"
    },
    {
        "type": "message",
        "user": "U048T3M8W",
        "text": "<@U0474AT8P>: Hi. Do we have a G+ today? At the moment there seems to be nobody.",
        "ts": "1440007414.000056"
    },
    {
        "type": "message",
        "user": "U048X85UT",
        "text": "i guess greg is late, still on vacation?",
        "ts": "1440007669.000057"
    },
    {
        "type": "message",
        "user": "U0474AYFT",
        "text": "Here's the participants' link <https:\/\/plus.google.com\/hangouts\/_\/hoaevent\/AP36tYekZMScuhQ1Ofr--6H5TnRRH7XTa8uVF6bwMTuP9rqcSheJyw?eid=109002904706315055045&amp;hl=en&amp;authuser=0>",
        "attachments": [
            {
                "id": 1
            }
        ],
        "ts": "1440008659.000058"
    },
    {
        "type": "message",
        "user": "U0474E4KZ",
        "text": "(I'm on a call and watching you guys live)",
        "ts": "1440010214.000060"
    }
]