[
    {
        "type": "message",
        "user": "U04AYFU8H",
        "text": "<@U0474AYFT>: thanks for feedback. when we start thinking about scaling up this is certainly an area i would like to get involved with. my specific interest is future use of containers to create low cost elastic test environments.",
        "ts": "1429086329.000595"
    },
    {
        "type": "message",
        "user": "U0474AT8P",
        "text": "welcome <@U04DJ5PUP> :wink:",
        "ts": "1429102351.000596"
    },
    {
        "type": "message",
        "user": "U04DJ5PUP",
        "text": "thank you :simple_smile: hope i can be part of the solution too :wink:",
        "ts": "1429103319.000597"
    },
    {
        "type": "message",
        "user": "U0474AT8P",
        "text": "Of course you can. Everyone is welcome!",
        "ts": "1429103511.000598"
    },
    {
        "type": "message",
        "user": "U0474AT8P",
        "text": "BTW just a reminder that this Slack is open to everyone if you are part of another Slack, forum, have Twitter or FB we would appreciate if you could share this link for everyone who may be interested to join and 'Be Part of The Solution\"  :simple_smile: <https:\/\/slack.synereo.com>",
        "edited": {
            "user": "U0474AT8P",
            "ts": "1429103628.000000"
        },
        "ts": "1429103605.000599"
    },
    {
        "type": "message",
        "user": "U0474AT8P",
        "text": "A good sized community to interact with, be part of the discussion and decision making process on how Synereo should evolve, which direction to take, what features to concentrate on, are all very important for the success of this project. Thank you.",
        "ts": "1429103800.000601"
    },
    {
        "type": "message",
        "user": "U0474AT8P",
        "text": "Also consider that when we will need help with tasks the community is where we will be looking at first.",
        "ts": "1429103876.000602"
    },
    {
        "type": "message",
        "user": "U04BQ4FMC",
        "text": "I kind of thought it was here: <https:\/\/discuss.synereo.com\/>",
        "attachments": [
            {
                "text": "Discuss Synereo - the decentralized &amp; distributed social network",
                "fallback": "Discuss Synereo - the decentralized &amp; distributed social network",
                "from_url": "https:\/\/discuss.synereo.com\/",
                "id": 1
            }
        ],
        "ts": "1429118080.000603"
    },
    {
        "type": "message",
        "user": "U04BQ4FMC",
        "text": "I have to admit, dividing the conversation into different places doesn't seem like a good idea.",
        "ts": "1429118107.000605"
    },
    {
        "type": "message",
        "user": "U0474AT8P",
        "text": "Community Hangout in 1 HOUR: LivelyGig Partnership + How to build apps on top of Synereo. <https:\/\/twitter.com\/Synereo\/status\/588416183235260417>\n\nHangout: <https:\/\/plus.google.com\/u\/1\/b\/109002904706315055045\/events\/c9oi6biisaghei9dt950p0imfsg>",
        "attachments": [
            {
                "fallback": "<https:\/\/twitter.com\/Synereo|@Synereo>: 1 HOUR to our Community Hangout: <https:\/\/twitter.com\/LivelyGig|@LivelyGig> partnership announcement + how to build apps on top of <https:\/\/twitter.com\/Synereo|@Synereo> <https:\/\/plus.google.com\/u\/1\/b\/109002904706315055045\/events\/c9oi6biisaghei9dt950p0imfsg> #bitcoin",
                "ts": 1429124324,
                "author_name": "Synereo",
                "author_link": "https:\/\/twitter.com\/Synereo\/status\/588416183235260417",
                "author_icon": "https:\/\/pbs.twimg.com\/profile_images\/522790259789025280\/FKRuSK66_normal.png",
                "author_subname": "@Synereo",
                "text": "1 HOUR to our Community Hangout: <https:\/\/twitter.com\/LivelyGig|@LivelyGig> partnership announcement + how to build apps on top of <https:\/\/twitter.com\/Synereo|@Synereo> <https:\/\/plus.google.com\/u\/1\/b\/109002904706315055045\/events\/c9oi6biisaghei9dt950p0imfsg> #bitcoin",
                "service_name": "twitter",
                "service_url": "https:\/\/twitter.com\/",
                "from_url": "https:\/\/twitter.com\/Synereo\/status\/588416183235260417",
                "id": 1
            },
            {
                "service_name": "Google+",
                "title": "Synereo Community Hangout - LivelyGig partnership announcement! - Google+",
                "title_link": "https:\/\/plus.google.com\/u\/1\/b\/109002904706315055045\/events\/c9oi6biisaghei9dt950p0imfsg",
                "text": "Come join LivelyGig founder, Ed Eykholt, and the Synereo team to talk about this new collaboration.",
                "fallback": "Google+: Synereo Community Hangout - LivelyGig partnership announcement! - Google+",
                "image_url": "https:\/\/lh3.googleusercontent.com\/-aTY2MzJd1G4\/VS6zzSSdvmI\/AAAAAAAAAAA\/ktOW8IeXarM\/w940-h280-n\/event_theme.jpg",
                "from_url": "https:\/\/plus.google.com\/u\/1\/b\/109002904706315055045\/events\/c9oi6biisaghei9dt950p0imfsg",
                "image_width": 839,
                "image_height": 250,
                "image_bytes": 32822,
                "id": 2
            }
        ],
        "ts": "1429124453.000606"
    },
    {
        "type": "message",
        "user": "U0474E4KZ",
        "text": "We're live. \n<https:\/\/plus.google.com\/hangouts\/_\/hoaevent\/AP36tYf8oIQiuTxVbQ2ZuvLEqil8dXIV_Y4m3j5Nt-Wpgblv7f1w8A?authuser=0&amp;eid=109002904706315055045&amp;hl=en>",
        "ts": "1429128161.000608"
    },
    {
        "type": "message",
        "user": "U0474AT8P",
        "text": "<https:\/\/twitter.com\/Synereo\/status\/588448962417266688>",
        "attachments": [
            {
                "fallback": "<https:\/\/twitter.com\/Synereo|@Synereo>: We are thrilled to announce a partnership between <https:\/\/twitter.com\/LivelyGig|@LivelyGig> + <https:\/\/twitter.com\/Synereo|@Synereo> <http:\/\/blog.synereo.com\/2015\/04\/15\/livelygig-synereo> <http:\/\/www.livelygig.com> <https:\/\/pbs.twimg.com\/media\/CCqWje6UsAAVosh.png>",
                "ts": 1429132140,
                "author_name": "Synereo",
                "author_link": "https:\/\/twitter.com\/Synereo\/status\/588448962417266688",
                "author_icon": "https:\/\/pbs.twimg.com\/profile_images\/522790259789025280\/FKRuSK66_normal.png",
                "author_subname": "@Synereo",
                "text": "We are thrilled to announce a partnership between <https:\/\/twitter.com\/LivelyGig|@LivelyGig> + <https:\/\/twitter.com\/Synereo|@Synereo> <http:\/\/blog.synereo.com\/2015\/04\/15\/livelygig-synereo> <http:\/\/www.livelygig.com> <https:\/\/pbs.twimg.com\/media\/CCqWje6UsAAVosh.png>",
                "service_name": "twitter",
                "service_url": "https:\/\/twitter.com\/",
                "image_url": "https:\/\/pbs.twimg.com\/media\/CCqWje6UsAAVosh.png",
                "image_width": 600,
                "image_height": 371,
                "image_bytes": 111752,
                "from_url": "https:\/\/twitter.com\/Synereo\/status\/588448962417266688",
                "id": 1
            }
        ],
        "ts": "1429132200.000609"
    }
]