[
    {
        "type": "message",
        "user": "U0474AYFT",
        "text": ":heart:",
        "ts": "1432628561.000008"
    },
    {
        "type": "message",
        "user": "U0474AYFT",
        "text": "i love your iching mandala!",
        "ts": "1432628597.000009"
    },
    {
        "type": "message",
        "user": "U0474AYFT",
        "text": "This week's Synereo Community Hangout will interrupt our discussion of the MVP for a technical deep dive into the workings of the blockchain.",
        "ts": "1432628640.000010"
    },
    {
        "type": "message",
        "user": "U0474AYFT",
        "text": "In particular, we will discuss how linear logic can help organize the blockchain.",
        "ts": "1432628672.000011"
    },
    {
        "type": "message",
        "user": "U0474AYFT",
        "text": "The discussion will follow the results of this paper: <https:\/\/github.com\/leithaus\/pi4u\/blob\/master\/ltcctbc\/ltcctbc.pdf>",
        "attachments": [
            {
                "service_name": "GitHub",
                "title": "leithaus\/pi4u",
                "title_link": "https:\/\/github.com\/leithaus\/pi4u\/blob\/master\/ltcctbc\/ltcctbc.pdf",
                "text": "pi4u - A collection of papers about new models and applications of mobile process calculi",
                "fallback": "GitHub: leithaus\/pi4u",
                "thumb_url": "https:\/\/avatars0.githubusercontent.com\/u\/76650?v=3&s=400",
                "from_url": "https:\/\/github.com\/leithaus\/pi4u\/blob\/master\/ltcctbc\/ltcctbc.pdf",
                "thumb_width": 400,
                "thumb_height": 400,
                "id": 1
            }
        ],
        "ts": "1432628685.000012"
    },
    {
        "type": "message",
        "user": "U0474AYFT",
        "text": "It presents a new view of the blockchain, including a scripting language, VM, and a fully worked example of executing a spend transaction.",
        "ts": "1432628735.000014"
    },
    {
        "type": "message",
        "user": "U0474AYFT",
        "text": "It can be seen as an intermediate step to a much deeper integration between Synereo's CDN and the blockchain.",
        "ts": "1432628799.000015"
    },
    {
        "type": "message",
        "user": "U0474AYFT",
        "text": "i've launched a reddit thread. <http:\/\/www.reddit.com\/r\/Bitcoin\/comments\/37b0t6\/linear_types_can_change_the_blockchain\/>",
        "attachments": [
            {
                "service_name": "reddit",
                "title": "Linear types can change the blockchain! \u2022 \/r\/Bitcoin",
                "title_link": "http:\/\/www.reddit.com\/r\/Bitcoin\/comments\/37b0t6\/linear_types_can_change_the_blockchain\/",
                "text": "score1 points and 0 comments on reddit so far",
                "fallback": "reddit: Linear types can change the blockchain! \u2022 \/r\/Bitcoin",
                "from_url": "http:\/\/www.reddit.com\/r\/Bitcoin\/comments\/37b0t6\/linear_types_can_change_the_blockchain\/",
                "id": 1
            }
        ],
        "ts": "1432628966.000016"
    },
    {
        "type": "message",
        "user": "U0474AYFT",
        "text": "If you could give it some :heart: before the hangout, we'd be very grateful.",
        "ts": "1432628986.000018"
    },
    {
        "type": "message",
        "subtype": "file_share",
        "text": "<@U048X85UT|jimscarver> uploaded a file: <https:\/\/synereonet.slack.com\/files\/jimscarver\/F052BD7S3\/houtian2ink.png|Here is one \"inked\" with trust factors>",
        "file": {
            "id": "F052BD7S3",
            "created": 1432657060,
            "timestamp": 1432657060,
            "name": "houtian2ink.png",
            "title": "Here is one \"inked\" with trust factors",
            "mimetype": "image\/png",
            "filetype": "png",
            "pretty_type": "PNG",
            "user": "U048X85UT",
            "editable": false,
            "size": 23318,
            "mode": "hosted",
            "is_external": false,
            "external_type": "",
            "is_public": true,
            "public_url_shared": false,
            "display_as_bot": false,
            "username": "",
            "url_private": "https:\/\/files.slack.com\/files-pri\/T0474AT8K-F052BD7S3\/houtian2ink.png?t=xoxe-4242367291-28095460608-28095460624-739c22ae7e",
            "url_private_download": "https:\/\/files.slack.com\/files-pri\/T0474AT8K-F052BD7S3\/download\/houtian2ink.png?t=xoxe-4242367291-28095460608-28095460624-739c22ae7e",
            "thumb_64": "https:\/\/files.slack.com\/files-tmb\/T0474AT8K-F052BD7S3-686e59e610\/houtian2ink_64.png?t=xoxe-4242367291-28095460608-28095460624-739c22ae7e",
            "thumb_80": "https:\/\/files.slack.com\/files-tmb\/T0474AT8K-F052BD7S3-686e59e610\/houtian2ink_80.png?t=xoxe-4242367291-28095460608-28095460624-739c22ae7e",
            "thumb_360": "https:\/\/files.slack.com\/files-tmb\/T0474AT8K-F052BD7S3-686e59e610\/houtian2ink_360.png?t=xoxe-4242367291-28095460608-28095460624-739c22ae7e",
            "thumb_360_w": 360,
            "thumb_360_h": 355,
            "thumb_480": "https:\/\/files.slack.com\/files-tmb\/T0474AT8K-F052BD7S3-686e59e610\/houtian2ink_480.png?t=xoxe-4242367291-28095460608-28095460624-739c22ae7e",
            "thumb_480_w": 480,
            "thumb_480_h": 473,
            "thumb_160": "https:\/\/files.slack.com\/files-tmb\/T0474AT8K-F052BD7S3-686e59e610\/houtian2ink_160.png?t=xoxe-4242367291-28095460608-28095460624-739c22ae7e",
            "image_exif_rotation": 1,
            "original_w": 500,
            "original_h": 493,
            "permalink": "https:\/\/synereonet.slack.com\/files\/jimscarver\/F052BD7S3\/houtian2ink.png",
            "permalink_public": "https:\/\/slack-files.com\/T0474AT8K-F052BD7S3-efd0148012",
            "channels": [
                "C0474AT8X"
            ],
            "groups": [
    
            ],
            "ims": [
    
            ],
            "comments_count": 0
        },
        "user": "U048X85UT",
        "upload": true,
        "display_as_bot": false,
        "username": "<@U048X85UT|jimscarver>",
        "bot_id": null,
        "ts": "1432657063.000019"
    },
    {
        "type": "message",
        "user": "U048X85UT",
        "text": "Deeper integration between Synereo's CDN and the blockchain is really cool but I do not see why is that first things first in getting the beta out.  The nature of a blockchain is that it is executed and replicated on every node.  It appears you are a good ways away from getting consensus on the next block of a global chain or proof of equivalence of independent chains.  In any case it all seems to involve future work and does not seem immediately critical to  the Synereo community.",
        "ts": "1432661381.000020"
    },
    {
        "type": "message",
        "user": "U048X85UT",
        "text": "But I guess <@U0474AYFT>, you need to have some fun :stuck_out_tongue:",
        "ts": "1432661422.000021"
    },
    {
        "type": "message",
        "user": "U04BQ4FMC",
        "text": "It may be more timely that it appears according to those criteria, <@U048X85UT> .  There have been several articles recently (as well as previously) about the \"limits of the blockchain\" approaching soon.  Given the growth, people need to be hearing that this problem is not going to be difficult to solve, and will happen soon.  Synereo itself might not be hitting that wall soon, but would be effected by this story, if it doesn't change to something positive.",
        "ts": "1432671663.000022"
    },
    {
        "type": "message",
        "user": "U04BQ4FMC",
        "text": "<@U0474AYFT>: does this mean you'll open this HO up a bit more?  If you're going into the maths &amp; tech side of it, there are communities in G+ that I can hit.  I've never hosted one, but I know there is a way of only allowing certain people to \"appear\" in the live version, with the rest only able to follow the chat and ask questions live.",
        "ts": "1432671822.000023"
    },
    {
        "type": "message",
        "user": "U048X85UT",
        "text": "<@U0474AYFT> is on to something awesome here, but the block chain limit is largely addressed by eris which treetrust plans to use and synereo could also.  Since a smart contract implements the eris blockchain rules it might even be able to support some of what <@U0474AYFT> is suggesting, depending on the further work being done.",
        "ts": "1432672196.000024"
    },
    {
        "type": "message",
        "user": "U0474AYFT",
        "text": "<@U04BQ4FMC>: Yes, the HO's are wide open to all who wish to participate in good will!",
        "ts": "1432706330.000025"
    },
    {
        "type": "message",
        "user": "U0474AYFT",
        "text": "<@U048X85UT>: The LT4BC work is not just about the limiting factors of the current blockchain architecture.",
        "ts": "1432706406.000026"
    },
    {
        "type": "message",
        "user": "U0474AYFT",
        "text": "It's also about understanding what the blockchain is and how the programming model derives specifically from that.",
        "ts": "1432706445.000027"
    },
    {
        "type": "message",
        "user": "U0474AYFT",
        "text": "The scripting language i presented is in tight correspondence with the operation of the blockchain, itself. It also happens to be in tight correpondence with linear proofs.",
        "ts": "1432706502.000028"
    },
    {
        "type": "message",
        "user": "U0474AYFT",
        "text": "Having *two* independently arrived at formalisms point to the same thing usually suggests there's a there there. :wink:",
        "ts": "1432706556.000029"
    }
]