[
    {
        "type": "message",
        "user": "U0474AT8P",
        "text": "The AMP Distribution for our Crowdsale is now complete: <https:\/\/twitter.com\/Synereo\/status\/597398250866487296>",
        "attachments": [
            {
                "fallback": "<https:\/\/twitter.com\/Synereo|@Synereo>: The <https:\/\/twitter.com\/Synereo|@Synereo> AMP distribution is now complete. Read the details on our blog: <http:\/\/blog.synereo.com\/2015\/05\/10\/amp-distribution-complete\/> #bitcoin #fintech <https:\/\/pbs.twimg.com\/media\/CEpiR69W8AAfqyA.png>",
                "ts": 1431265816,
                "author_name": "Synereo",
                "author_link": "https:\/\/twitter.com\/Synereo\/status\/597398250866487296",
                "author_icon": "https:\/\/pbs.twimg.com\/profile_images\/522790259789025280\/FKRuSK66_normal.png",
                "author_subname": "@Synereo",
                "text": "The <https:\/\/twitter.com\/Synereo|@Synereo> AMP distribution is now complete. Read the details on our blog: <http:\/\/blog.synereo.com\/2015\/05\/10\/amp-distribution-complete\/> #bitcoin #fintech <https:\/\/pbs.twimg.com\/media\/CEpiR69W8AAfqyA.png>",
                "service_name": "twitter",
                "service_url": "https:\/\/twitter.com\/",
                "image_url": "https:\/\/pbs.twimg.com\/media\/CEpiR69W8AAfqyA.png",
                "image_width": 300,
                "image_height": 300,
                "image_bytes": 27269,
                "from_url": "https:\/\/twitter.com\/Synereo\/status\/597398250866487296",
                "id": 1
            }
        ],
        "ts": "1431266008.000012"
    },
    {
        "type": "message",
        "user": "U04BC1JF0",
        "text": "I'd like to ask something for clarification. Have the bounties been distributed as well ? I have gotten all the AMPs from the crowdsale but i think im missing the bounty reward from the MVP post.",
        "ts": "1431267249.000014"
    },
    {
        "type": "message",
        "user": "U0474AT8P",
        "text": "They will be distributed next shouldn't be much longer.",
        "ts": "1431267819.000015"
    },
    {
        "type": "message",
        "user": "U04BC1JF0",
        "text": "that sounds great!",
        "ts": "1431272097.000016"
    },
    {
        "type": "message",
        "user": "U049CMBV9",
        "text": "Hi, where can I find the AMP's w\/o an omniwallet? ",
        "ts": "1431276558.000017"
    },
    {
        "type": "message",
        "user": "U0474AT8P",
        "text": "search for your address on <http:\/\/omnichest.info\/>",
        "ts": "1431281690.000018"
    },
    {
        "type": "message",
        "user": "U0474AT8P",
        "text": "it's Omni's block explorer. It should show you your balance.",
        "ts": "1431281711.000019"
    },
    {
        "type": "message",
        "user": "U049CMBV9",
        "text": "great tnx!",
        "ts": "1431283116.000020"
    },
    {
        "type": "message",
        "user": "U0474AT8P",
        "text": "Did it show your balance?",
        "ts": "1431287716.000021"
    },
    {
        "type": "message",
        "user": "U04BC1JF0",
        "text": "i can confirm that omnichest shows the balance and transaction history correctly",
        "ts": "1431303713.000022"
    },
    {
        "type": "message",
        "user": "U0474AT8P",
        "text": "yay",
        "ts": "1431306842.000023"
    },
    {
        "type": "message",
        "user": "U049CMBV9",
        "text": "<@U0474AT8P> yes",
        "ts": "1431324311.000024"
    }
]