[
    {
        "type": "message",
        "user": "U04BQ4FMC",
        "text": "Yes, the web page looks great.  I think we missed announcing that..",
        "ts": "1450442947.000306"
    },
    {
        "type": "message",
        "user": "U0474E4KZ",
        "text": "Hmm? Nothing's changed.",
        "ts": "1450447372.000307"
    },
    {
        "type": "message",
        "user": "U0474E4KZ",
        "text": "And yeah, the site is not designed well for mobile unfortunately.",
        "ts": "1450447385.000308"
    },
    {
        "type": "message",
        "user": "U0474E4KZ",
        "text": "If anyone has some web skilz and wants to hack at it, it'd be highly appreciated. It should not take a lot of effort to make something mobile-friendly out of the already responsive design of the page.",
        "ts": "1450447437.000309"
    },
    {
        "type": "message",
        "user": "U04BQ4FMC",
        "text": "lol - I guess my memory must be really bad.  It has been a while since I was on the actual home page.  It looks like more stuff is there, but links back to the more familiar docs and slides.",
        "ts": "1450448181.000310"
    },
    {
        "type": "message",
        "user": "U04GDL62L",
        "text": "<https:\/\/www.youtube.com\/watch?v=nB4oTjZYQB0>",
        "attachments": [
            {
                "service_name": "YouTube",
                "service_url": "https:\/\/www.youtube.com\/",
                "title": "2015 12 15 Smart Contracts and LivelyGig pt1",
                "title_link": "https:\/\/www.youtube.com\/watch?v=nB4oTjZYQB0",
                "author_name": "Ed Eykholt",
                "author_link": "https:\/\/www.youtube.com\/user\/qwerpoiu67",
                "thumb_url": "https:\/\/i.ytimg.com\/vi\/nB4oTjZYQB0\/hqdefault.jpg",
                "thumb_width": 480,
                "thumb_height": 360,
                "fallback": "YouTube Video: 2015 12 15 Smart Contracts and LivelyGig pt1",
                "video_html": "<iframe width=\"400\" height=\"225\" src=\"https:\/\/www.youtube.com\/embed\/nB4oTjZYQB0?feature=oembed&autoplay=1\" frameborder=\"0\" allowfullscreen><\/iframe>",
                "video_html_width": 400,
                "video_html_height": 225,
                "from_url": "https:\/\/www.youtube.com\/watch?v=nB4oTjZYQB0",
                "id": 1
            }
        ],
        "ts": "1450503016.000311",
        "reactions": [
            {
                "name": "+1",
                "users": [
                    "U0474E4KZ",
                    "U04BQ4FMC"
                ],
                "count": 2
            }
        ]
    }
]