[
    {
        "type": "message",
        "user": "U0474AT8P",
        "text": "<https:\/\/twitter.com\/Synereo\/status\/589431869894172672>",
        "attachments": [
            {
                "fallback": "<https:\/\/twitter.com\/Synereo|@Synereo>: .<https:\/\/twitter.com\/factomproject|@factomproject> &amp; <https:\/\/twitter.com\/Synereo|@Synereo> are excited to announce a partnership! <http:\/\/bitcoinist.net\/factom-synereo-partnership\/>. We look forward to working together. #bitcoin",
                "ts": 1429366483,
                "author_name": "Synereo",
                "author_link": "https:\/\/twitter.com\/Synereo\/status\/589431869894172672",
                "author_icon": "https:\/\/pbs.twimg.com\/profile_images\/522790259789025280\/FKRuSK66_normal.png",
                "author_subname": "@Synereo",
                "text": ".<https:\/\/twitter.com\/factomproject|@factomproject> &amp; <https:\/\/twitter.com\/Synereo|@Synereo> are excited to announce a partnership! <http:\/\/bitcoinist.net\/factom-synereo-partnership\/>. We look forward to working together. #bitcoin",
                "service_name": "twitter",
                "service_url": "https:\/\/twitter.com\/",
                "from_url": "https:\/\/twitter.com\/Synereo\/status\/589431869894172672",
                "id": 1
            }
        ],
        "ts": "1429366677.000631"
    },
    {
        "type": "message",
        "user": "U0474AT8P",
        "text": "<https:\/\/twitter.com\/factomproject\/status\/589430184924839936>",
        "attachments": [
            {
                "fallback": "<https:\/\/twitter.com\/factomproject|@factomproject>: We are thrilled to announce a partnership with <https:\/\/twitter.com\/Synereo|@Synereo> + <https:\/\/twitter.com\/factomproject|@factomproject> <http:\/\/bitcoinist.net\/factom-synereo-partnership\/> <https:\/\/twitter.com\/bitcoinist|@bitcoinist> #bitcoin <https:\/\/pbs.twimg.com\/media\/CC4S9ToWMAE8_wz.png>",
                "ts": 1429366081,
                "author_name": "Factom",
                "author_link": "https:\/\/twitter.com\/factomproject\/status\/589430184924839936",
                "author_icon": "https:\/\/pbs.twimg.com\/profile_images\/587656495535411200\/3Rn2DQw0_normal.png",
                "author_subname": "@factomproject",
                "text": "We are thrilled to announce a partnership with <https:\/\/twitter.com\/Synereo|@Synereo> + <https:\/\/twitter.com\/factomproject|@factomproject> <http:\/\/bitcoinist.net\/factom-synereo-partnership\/> <https:\/\/twitter.com\/bitcoinist|@bitcoinist> #bitcoin <https:\/\/pbs.twimg.com\/media\/CC4S9ToWMAE8_wz.png>",
                "service_name": "twitter",
                "service_url": "https:\/\/twitter.com\/",
                "image_url": "https:\/\/pbs.twimg.com\/media\/CC4S9ToWMAE8_wz.png",
                "image_width": 300,
                "image_height": 300,
                "image_bytes": 20149,
                "from_url": "https:\/\/twitter.com\/factomproject\/status\/589430184924839936",
                "id": 1
            }
        ],
        "ts": "1429367324.000633"
    },
    {
        "type": "message",
        "user": "U0474AT8P",
        "text": "<http:\/\/bitcoinist.net\/factom-synereo-partnership\/>",
        "attachments": [
            {
                "service_name": "Bitcoinist.net",
                "title": "Factom Announces Partnership With Synereo",
                "title_link": "http:\/\/bitcoinist.net\/factom-synereo-partnership\/",
                "text": "On April 17, 2015, Synereo and Factom announced their new\u00a0partnership. Synereo, the new decentralized social network platform, will integrate Factom\u2019s time stamped immutable ledger for publishing and verifying digital data. Also Read: Factom Partners With Coinapult Peter Kirby, President of Factom, stated: \u201cThis is a great opportunity to use Factom\u2019s blockchain technology to build identity [\u2026]",
                "fallback": "Bitcoinist.net: Factom Announces Partnership With Synereo",
                "image_url": "http:\/\/bitcoinist.net\/wp-content\/uploads\/2015\/04\/synereobitcoinist1-300x225.png",
                "ts": 1429369229,
                "from_url": "http:\/\/bitcoinist.net\/factom-synereo-partnership\/",
                "image_width": 300,
                "image_height": 225,
                "image_bytes": 86834,
                "id": 1
            }
        ],
        "ts": "1429367336.000635"
    },
    {
        "type": "message",
        "user": "U0474AT8P",
        "text": "it's all over Reddit too:\n\n<http:\/\/www.reddit.com\/r\/all\/search?q=synereo+%2B+factom+%2B+partnership>",
        "attachments": [
            {
                "text": "reddit: the front page of the internet",
                "fallback": "reddit: the front page of the internet",
                "from_url": "http:\/\/www.reddit.com\/r\/all\/search?q=synereo+%2B+factom+%2B+partnership",
                "id": 1
            }
        ],
        "ts": "1429371049.000637"
    },
    {
        "type": "message",
        "user": "U0474AT8P",
        "text": "Feel free to comment if you have some time.",
        "ts": "1429371065.000639"
    },
    {
        "type": "message",
        "user": "U04BMCE7Q",
        "text": "<https:\/\/i.imgur.com\/P3MhjID.jpg>",
        "attachments": [
            {
                "from_url": "https:\/\/i.imgur.com\/P3MhjID.jpg",
                "fallback": "400x400px image",
                "image_url": "https:\/\/i.imgur.com\/P3MhjID.jpg",
                "image_width": 400,
                "image_height": 400,
                "image_bytes": 84355,
                "id": 1
            }
        ],
        "ts": "1429377912.000640"
    },
    {
        "type": "message",
        "user": "U0474AT8P",
        "text": ":thumbsup:",
        "ts": "1429383512.000642"
    },
    {
        "type": "message",
        "user": "U0474AT8P",
        "text": "<https:\/\/twitter.com\/Synereo\/status\/589512656706482176>",
        "attachments": [
            {
                "fallback": "<https:\/\/twitter.com\/Synereo|@Synereo>: Read about our partnership announcement with <https:\/\/twitter.com\/factomproject|@factomproject> on <https:\/\/twitter.com\/InsideBitcoins|@InsideBitcoins>: <http:\/\/insidebitcoins.com\/news\/factom-announces-partnership-with-synereo\/31794> #SocialNetwork #bitcoin #startup",
                "ts": 1429385744,
                "author_name": "Synereo",
                "author_link": "https:\/\/twitter.com\/Synereo\/status\/589512656706482176",
                "author_icon": "https:\/\/pbs.twimg.com\/profile_images\/522790259789025280\/FKRuSK66_normal.png",
                "author_subname": "@Synereo",
                "text": "Read about our partnership announcement with <https:\/\/twitter.com\/factomproject|@factomproject> on <https:\/\/twitter.com\/InsideBitcoins|@InsideBitcoins>: <http:\/\/insidebitcoins.com\/news\/factom-announces-partnership-with-synereo\/31794> #SocialNetwork #bitcoin #startup",
                "service_name": "twitter",
                "service_url": "https:\/\/twitter.com\/",
                "from_url": "https:\/\/twitter.com\/Synereo\/status\/589512656706482176",
                "id": 1
            }
        ],
        "ts": "1429385817.000643"
    },
    {
        "type": "message",
        "user": "U0474AT8P",
        "text": "<http:\/\/www.evolvernetwork.org\/2015\/04\/18\/synereo-a-decentralized-social-network\/>",
        "attachments": [
            {
                "text": "\u00a0 Listen or download using this link. \u00a0 In this episode of the Evolver Network podcast, we hear from Dor Konforty, founder and CEO of",
                "fallback": "\u00a0 Listen or download using this link. \u00a0 In this episode of the Evolver Network podcast, we hear from Dor Konforty, founder and CEO of",
                "from_url": "http:\/\/www.evolvernetwork.org\/2015\/04\/18\/synereo-a-decentralized-social-network\/",
                "id": 1
            }
        ],
        "ts": "1429405456.000645"
    },
    {
        "type": "message",
        "user": "U0474AT8P",
        "text": "Interesting talk from our CEO Dor on The Evolver Network.",
        "ts": "1429405489.000647"
    },
    {
        "type": "message",
        "user": "U0474AT8P",
        "text": "<https:\/\/twitter.com\/Synereo\/status\/589598708712484864>",
        "attachments": [
            {
                "fallback": "<https:\/\/twitter.com\/Synereo|@Synereo>: Our CEO <https:\/\/twitter.com\/Elokane|@Elokane> on <https:\/\/twitter.com\/EvolverNetwork|@EvolverNetwork> discussing <https:\/\/twitter.com\/Synereo|@Synereo> and its tech, modeled on how our brains communicate\n<http:\/\/www.evolvernetwork.org\/2015\/04\/18\/synereo-a-decentralized-social-network\/> #bitcoin",
                "ts": 1429406261,
                "author_name": "Synereo",
                "author_link": "https:\/\/twitter.com\/Synereo\/status\/589598708712484864",
                "author_icon": "https:\/\/pbs.twimg.com\/profile_images\/522790259789025280\/FKRuSK66_normal.png",
                "author_subname": "@Synereo",
                "text": "Our CEO <https:\/\/twitter.com\/Elokane|@Elokane> on <https:\/\/twitter.com\/EvolverNetwork|@EvolverNetwork> discussing <https:\/\/twitter.com\/Synereo|@Synereo> and its tech, modeled on how our brains communicate\n<http:\/\/www.evolvernetwork.org\/2015\/04\/18\/synereo-a-decentralized-social-network\/> #bitcoin",
                "service_name": "twitter",
                "service_url": "https:\/\/twitter.com\/",
                "from_url": "https:\/\/twitter.com\/Synereo\/status\/589598708712484864",
                "id": 1
            }
        ],
        "ts": "1429406301.000648"
    },
    {
        "type": "message",
        "user": "U0474AT8P",
        "text": "<https:\/\/twitter.com\/Synereo\/status\/589620553239162880>",
        "attachments": [
            {
                "fallback": "<https:\/\/twitter.com\/Synereo|@Synereo>: 5 BOUNTIES 5 x 50K AMPs PRIZES. Come up with creative, inspiring tweets about <https:\/\/twitter.com\/Synereo|@Synereo> to WIN! <http:\/\/blog.synereo.com\/2015\/04\/17\/twitter-bounties\/> <https:\/\/pbs.twimg.com\/media\/CC6_vjcUsAA0ChF.png>",
                "ts": 1429411469,
                "author_name": "Synereo",
                "author_link": "https:\/\/twitter.com\/Synereo\/status\/589620553239162880",
                "author_icon": "https:\/\/pbs.twimg.com\/profile_images\/522790259789025280\/FKRuSK66_normal.png",
                "author_subname": "@Synereo",
                "text": "5 BOUNTIES 5 x 50K AMPs PRIZES. Come up with creative, inspiring tweets about <https:\/\/twitter.com\/Synereo|@Synereo> to WIN! <http:\/\/blog.synereo.com\/2015\/04\/17\/twitter-bounties\/> <https:\/\/pbs.twimg.com\/media\/CC6_vjcUsAA0ChF.png>",
                "service_name": "twitter",
                "service_url": "https:\/\/twitter.com\/",
                "image_url": "https:\/\/pbs.twimg.com\/media\/CC6_vjcUsAA0ChF.png",
                "image_width": 600,
                "image_height": 600,
                "image_bytes": 622114,
                "from_url": "https:\/\/twitter.com\/Synereo\/status\/589620553239162880",
                "id": 1
            }
        ],
        "ts": "1429414411.000653"
    },
    {
        "user": "U04ERJZEN",
        "type": "message",
        "subtype": "channel_join",
        "text": "<@U04ERJZEN|sabry> has joined the channel",
        "ts": "1429422098.000655"
    },
    {
        "user": "U04FDMM9P",
        "type": "message",
        "subtype": "channel_join",
        "text": "<@U04FDMM9P|alderzan> has joined the channel",
        "ts": "1429425323.000656"
    },
    {
        "user": "U04FDNC1M",
        "type": "message",
        "subtype": "channel_join",
        "text": "<@U04FDNC1M|namjar> has joined the channel",
        "ts": "1429425859.000657"
    }
]