[
    {
        "type": "message",
        "user": "U0474E4KZ",
        "text": "<!channel>: We have a new role, and it comes with a bounty - starting today. See this post for details. <http:\/\/blog.synereo.com\/2015\/12\/02\/new-bounty\/>",
        "attachments": [
            {
                "text": "Today, Synereo is announcing a new opportunity to earn AMPs for community members who want to see this project grow. We have created a new role called the Sc...",
                "fallback": "Today, Synereo is announcing a new opportunity to earn AMPs for community members who want to see this project grow. We have created a new role called the Sc...",
                "from_url": "http:\/\/blog.synereo.com\/2015\/12\/02\/new-bounty\/",
                "id": 1
            }
        ],
        "ts": "1449059919.000058"
    },
    {
        "type": "message",
        "user": "U048T3M8W",
        "text": "I'll try to make a summary of tonight's hangout. :wink:",
        "ts": "1449079444.000060"
    },
    {
        "type": "message",
        "user": "U0474AYFT",
        "text": "Yay!",
        "ts": "1449079485.000061"
    },
    {
        "type": "message",
        "user": "U0474AYFT",
        "text": "When did you want to do the other hangout?",
        "ts": "1449079495.000062"
    },
    {
        "type": "message",
        "user": "U048T3M8W",
        "text": "I've asked my colleagues. And there was a lousy interest for a hangout at this moment. Maybe later. These men are too busy with their current financial business. \n\nBut  I wrote a \"white paper\" about the current situation of cryptocurrency and it's effect on all industries. I did some citations of what you've said in hangouts and I made some remarks about that a bank needs a thorough mathematically sound theory and practice in order to create smart (social) contracts and workflow to be used in finance. For example you don't wanna run out of gas :wink: \n\nThe paper is in the works, comments have still to be processed. So I wonder what will be stripped out or changed.",
        "ts": "1449080032.000063"
    },
    {
        "type": "message",
        "user": "U048T3M8W",
        "text": "My colleagues don't have a bitcoin wallet yet. They've read some articles about blockchain. They think that blockchain + smart contracts is THE solution to a lot of problems. But at the same time they prefer to do it behind a big firewall. For them it's a complete new way of thinking and lot's of new jargon. So I've to help them a bit to get a clear picture about what's going on.",
        "ts": "1449080337.000064"
    },
    {
        "type": "message",
        "user": "U048T3M8W",
        "text": "<@U0474AYFT> Do you think that a system like <https:\/\/bitshares.org> could be build on Synereo?",
        "ts": "1449080500.000065"
    },
    {
        "type": "message",
        "user": "U048T3M8W",
        "text": "<@U048X85UT>: when you scroll to right in the speaker box of  <http:\/\/blockchainworkshops.org\/> then you finally see  <@U0474AYFT>",
        "ts": "1449081801.000066"
    },
    {
        "type": "message",
        "user": "U048X85UT",
        "text": "Yes, and on the speaker page also but the talk was not listed.",
        "ts": "1449081976.000067"
    },
    {
        "type": "message",
        "user": "U048X85UT",
        "text": "I must miss the hangout tomorrow due to me job :disappointed:  That's unfortunate and things around here are getting exciting.  Last week we almost hit the google hangout limit of 10 people.  We might want to consider using <http:\/\/zoom.us>",
        "attachments": [
            {
                "service_name": "Zoom Video",
                "title": "Video Conferencing, Web Conferencing, Online Meetings, Screen Sharing",
                "title_link": "http:\/\/zoom.us",
                "text": "Zoom unifies cloud video conferencing, simple online meetings, and cross platform group chat into one easy-to-use platform. Our solution offers the best video, audio, and screen-sharing experience across Zoom Rooms, Windows, Mac, iOS, Android, and H.323\/SIP room systems.",
                "fallback": "Zoom Video: Video Conferencing, Web Conferencing, Online Meetings, Screen Sharing",
                "from_url": "http:\/\/zoom.us",
                "thumb_url": "http:\/\/d24cgw3uvb9a9h.cloudfront.net\/static\/33899\/image\/thumb_01.jpg",
                "thumb_width": 90,
                "thumb_height": 90,
                "id": 1
            }
        ],
        "ts": "1449082025.000068"
    },
    {
        "type": "message",
        "user": "U048X85UT",
        "text": "Peolple will like that there is no signup required, anonymous participation, if you have a link, is fine.",
        "ts": "1449082097.000070"
    },
    {
        "type": "message",
        "user": "U048T3M8W",
        "text": "<@U048X85UT>: I thought the hangout was tonight? Dec 2, 20:00 CET",
        "ts": "1449082151.000071"
    },
    {
        "type": "message",
        "user": "U0474AYFT",
        "text": "Here is today's Synereo Community Hangout participants' link: <https:\/\/plus.google.com\/hangouts\/_\/hoaevent\/AP36tYfgZiwLr0PA7_sm7dleBM2LTVG02jxQtA7wPOeE_Vsm3kjQ1g?eid=109002904706315055045&amp;hl=en&amp;authuser=1>",
        "ts": "1449082790.000072"
    },
    {
        "type": "message",
        "user": "U048X85UT",
        "text": "yes, amost forgot what day it is, starts now, i  can attend the first half anyway :simple_smile: hopefully can get the other meeting delayed more.",
        "ts": "1449082821.000073"
    }
]