[
    {
        "type": "message",
        "user": "U04BMCE7Q",
        "text": "<http:\/\/www.newrepublic.com\/article\/121551\/bot-bubble-click-farms-have-inflated-social-media-currency>",
        "attachments": [
            {
                "service_name": "The New Republic",
                "title": "How to Make it On Social Media Without Really Trying",
                "title_link": "http:\/\/www.newrepublic.com\/article\/121551\/bot-bubble-click-farms-have-inflated-social-media-currency",
                "text": "Click farms are changing what it means to have social media influence.",
                "fallback": "The New Republic: How to Make it On Social Media Without Really Trying",
                "image_url": "http:\/\/www.newrepublic.com\/sites\/default\/files\/styles\/large\/public\/lede_art_clik1_1.jpg?itok=dwMilxP7",
                "image_width": 480,
                "image_height": 199,
                "ts": 1429572600,
                "from_url": "http:\/\/www.newrepublic.com\/article\/121551\/bot-bubble-click-farms-have-inflated-social-media-currency",
                "image_bytes": 7977,
                "id": 1
            }
        ],
        "ts": "1430132378.000789"
    },
    {
        "type": "message",
        "user": "U04BMCE7Q",
        "text": "Synereo is BEST !!!!!!!!!!!11",
        "ts": "1430132410.000791"
    },
    {
        "type": "message",
        "user": "U049CMCCZ",
        "text": "<@U04BMCE7Q>: very interesting article! finished reading it all the way through :simple_smile:",
        "ts": "1430134686.000792"
    },
    {
        "type": "message",
        "user": "U04BMCE7Q",
        "text": "This is Why Synereo is best",
        "ts": "1430134730.000793"
    },
    {
        "type": "message",
        "user": "U049CMCCZ",
        "text": "this is the essense of it I think:\nIf researchers are correct that advertising on social media leads to a high percentage of fake likes and fans and followers, the entire business model could be called into question by advertisers. What incentive do companies have to buy ads that target digital ghosts?",
        "ts": "1430134732.000794"
    },
    {
        "type": "message",
        "user": "U04BMCE7Q",
        "text": "no one can use two account in one Software",
        "ts": "1430134765.000795"
    },
    {
        "type": "message",
        "user": "U04BMCE7Q",
        "text": "Person per Device",
        "ts": "1430134779.000796"
    },
    {
        "type": "message",
        "user": "U04BMCE7Q",
        "text": "so no fake users",
        "ts": "1430134786.000797"
    },
    {
        "type": "message",
        "user": "U049CMCCZ",
        "text": "so FB, Twitter and the rest have a huge problem",
        "ts": "1430134826.000798"
    },
    {
        "type": "message",
        "user": "U04BMCE7Q",
        "text": "yes",
        "ts": "1430134855.000799"
    },
    {
        "type": "message",
        "user": "U049CMCCZ",
        "text": "can Synereo eradicate this problem?\nI'm struggling to grab the perspectives",
        "edited": {
            "user": "U049CMCCZ",
            "ts": "1430134892.000000"
        },
        "ts": "1430134869.000800"
    },
    {
        "type": "message",
        "user": "U04BMCE7Q",
        "text": "yes",
        "ts": "1430134881.000801"
    },
    {
        "type": "message",
        "user": "U04BMCE7Q",
        "text": "synereo is Software based",
        "ts": "1430134895.000804"
    },
    {
        "type": "message",
        "user": "U049CMCCZ",
        "text": "awesome - a fantastic story btw, and gives a real good insight into how things work in the shades",
        "ts": "1430134969.000805"
    },
    {
        "type": "message",
        "user": "U049CMCCZ",
        "text": "if Synereo can come onto the market and 'kill' this - wow - then it's gonna be big!",
        "edited": {
            "user": "U049CMCCZ",
            "ts": "1430135015.000000"
        },
        "ts": "1430135006.000806"
    },
    {
        "type": "message",
        "user": "U049CMCCZ",
        "text": "all the businesses will be flocking - because right now they are losing their advertizing on ghost accounts",
        "ts": "1430135054.000808"
    },
    {
        "type": "message",
        "user": "U04BMCE7Q",
        "text": "synereo will be 1000 billion market",
        "ts": "1430135063.000809"
    },
    {
        "type": "message",
        "user": "U049CMCCZ",
        "text": "hehe - cool",
        "ts": "1430135079.000810"
    },
    {
        "type": "message",
        "user": "U04BMCE7Q",
        "text": "bad news i don't have money to buy more AMPs :disappointed:",
        "ts": "1430135107.000811"
    },
    {
        "type": "message",
        "user": "U049CMCCZ",
        "text": "oh well - maybe in the future",
        "ts": "1430135129.000812"
    },
    {
        "type": "message",
        "user": "U04BMCE7Q",
        "text": "<http:\/\/i.imgur.com\/sRysXGZ.jpg>",
        "attachments": [
            {
                "from_url": "http:\/\/i.imgur.com\/sRysXGZ.jpg",
                "fallback": "400x400px image",
                "image_url": "http:\/\/i.imgur.com\/sRysXGZ.jpg",
                "image_width": 400,
                "image_height": 400,
                "image_bytes": 91910,
                "id": 1
            }
        ],
        "ts": "1430135187.000813"
    },
    {
        "type": "message",
        "user": "U04BMCE7Q",
        "text": "Have to Go",
        "ts": "1430135196.000815"
    },
    {
        "type": "message",
        "user": "U048X85UT",
        "text": "Yes! Synereo is the answer and <#C04BLQ4CX>  will be identity on Synereo :stuck_out_tongue:",
        "ts": "1430135873.000816"
    },
    {
        "type": "message",
        "user": "U049CMCCZ",
        "text": "excellent :thumbsup: - browsing the <http:\/\/freetrust.org|freetrust.org> now",
        "ts": "1430136985.000817"
    },
    {
        "type": "message",
        "user": "U04BMCE7Q",
        "text": "<https:\/\/twitter.com\/Theo_Bliss\/status\/592730380156968961>",
        "attachments": [
            {
                "fallback": "<https:\/\/twitter.com\/Theo_Bliss|@Theo_Bliss>: <https:\/\/twitter.com\/ChangeTip|@ChangeTip> send $2 to <https:\/\/twitter.com\/RedCross|@RedCross> for #NepalEarthquake disaster recovery",
                "ts": 1430152909,
                "author_name": "Theo \u0e3fliss",
                "author_link": "https:\/\/twitter.com\/Theo_Bliss\/status\/592730380156968961",
                "author_icon": "https:\/\/pbs.twimg.com\/profile_images\/568636654286434304\/zjQP0Xn0_normal.jpeg",
                "author_subname": "@Theo_Bliss",
                "text": "<https:\/\/twitter.com\/ChangeTip|@ChangeTip> send $2 to <https:\/\/twitter.com\/RedCross|@RedCross> for #NepalEarthquake disaster recovery",
                "service_name": "twitter",
                "service_url": "https:\/\/twitter.com\/",
                "from_url": "https:\/\/twitter.com\/Theo_Bliss\/status\/592730380156968961",
                "id": 1
            }
        ],
        "ts": "1430152938.000818"
    },
    {
        "type": "message",
        "user": "U04BMCE7Q",
        "text": "Guys U can help too",
        "ts": "1430152950.000820"
    },
    {
        "user": "U04JJR2C6",
        "type": "message",
        "subtype": "channel_join",
        "text": "<@U04JJR2C6|e_b> has joined the channel",
        "ts": "1430194548.000821"
    },
    {
        "user": "U04JKCDMU",
        "type": "message",
        "subtype": "channel_join",
        "text": "<@U04JKCDMU|transisto> has joined the channel",
        "ts": "1430198437.000822"
    }
]