[
    {
        "type": "message",
        "user": "U048T3M8W",
        "text": "<@U0FESR742> <@U04BQ4FMC> <@U04GDL62L> <@U0474E4KZ> \nI think the Hangout summaries should not only be used as a kind of draft for completing the blog of Synereo. It would be great to have a link to the summary in the description of the Youtube video. The doc is growing then towards completion in a few days. And it can be seen as a team effort to write the summary.\nThe \"approval\" for correct editing is very time consuming. Like on 28th of Dec the summary of \"Hangout 20151223\"  is ready but not published. It's waiting for integration with the blog. I think it conflicts with the informal style of the Hangout. I think the Hangouts are meant for giving a quick update and to create some discussion on how Synereo is going forward. Therefor the editing of the summary could do without approval. <@U0FESR742> can concentrate on what to add to the blog from this summary. Of course these additions should be written in \"quality English\".\nI also think the members can tweet about interesting things from the hangout. The summaries can give indications about what to tweet.",
        "ts": "1451294889.000363"
    },
    {
        "user": "U0HDFGKTJ",
        "type": "message",
        "subtype": "channel_join",
        "text": "<@U0HDFGKTJ|consensus> has joined the channel",
        "ts": "1451296451.000364"
    },
    {
        "type": "message",
        "user": "U0HDFGKTJ",
        "text": "oh gosh I \/like\/ this",
        "ts": "1451296528.000365"
    },
    {
        "type": "message",
        "user": "U0474E4KZ",
        "text": "Hello David.",
        "ts": "1451312607.000366"
    },
    {
        "type": "message",
        "user": "U0474E4KZ",
        "text": "<@U048T3M8W>: the reason it's not published is that I had a huge headache and didn't spend much time next to a computer over the last couple of days. :simple_smile: It takes some time to edit it and then convert it to the markdown needed to post on the blog.",
        "ts": "1451312772.000367"
    },
    {
        "type": "message",
        "user": "U0474E4KZ",
        "text": "Agreed about tweets and I am really hoping we start doing that. <@U0GD31QBA>",
        "ts": "1451312807.000368"
    },
    {
        "type": "message",
        "user": "U0474E4KZ",
        "text": "We should tweet something interesting from the latest hangout every day.",
        "ts": "1451312821.000369"
    },
    {
        "type": "message",
        "user": "U0474E4KZ",
        "text": "The main issue here is that these updates are the only way for us to inform the public about what we're up to... and that I'm a bit of a perfectionist. I want them to be very clear and informative. As much as we can afford.",
        "ts": "1451312916.000370"
    },
    {
        "type": "message",
        "user": "U0474E4KZ",
        "text": "If you feel that it's a very taxing effort, I would prefer for the summaries to be shorter and precise than long and comprehensive but possibly less clear.",
        "ts": "1451312966.000371"
    },
    {
        "type": "message",
        "user": "U04BQ4FMC",
        "text": "I thought along similar lines - that the scribing ended up more formal than the HOA.  That's not necessarily a bad thing though.  I think we just need to be clear as to whether this is a 'summary', or a transcript.  A summary has more liberty to re-write, clarify, condense, etc.",
        "ts": "1451317209.000372"
    },
    {
        "type": "message",
        "user": "U04BQ4FMC",
        "text": "Also, <@U0474E4KZ> - I've been taking advantage of the older material, just to make several posts during the week on G+.  That is working well, the views, followers, etc are all growing there now.  On twtr, that doesn't fly so well, but picking headlines (140 ch) for daily tweets is a good idea.",
        "ts": "1451317388.000373"
    },
    {
        "type": "message",
        "user": "U0474E4KZ",
        "text": "I saw!!! Awesome work!!!!!",
        "ts": "1451317438.000374"
    },
    {
        "type": "message",
        "user": "U0474E4KZ",
        "text": "Do you want to perhaps also take over the (semi)-daily tweet arena?",
        "ts": "1451317463.000375"
    },
    {
        "type": "message",
        "user": "U0474E4KZ",
        "text": "Regarding scribing -- it's really up to you, guys. You are the Scribes. :simple_smile: Do what you think is best.",
        "ts": "1451317509.000376"
    },
    {
        "type": "message",
        "user": "U0474E4KZ",
        "text": "What you think will help people understand and appreciate what we're up to.",
        "ts": "1451317523.000377"
    },
    {
        "user": "U0HDZ7SLV",
        "type": "message",
        "subtype": "channel_join",
        "text": "<@U0HDZ7SLV|laurielye> has joined the channel",
        "ts": "1451329448.000378"
    },
    {
        "type": "message",
        "user": "U04GDL62L",
        "text": "Ethereum's latest blog post mentions <@U0474AYFT> and his work on the new Proof-of-Stake protocol, \"Casper\", as well as progress on scalability and parallelization.\n\n<https:\/\/blog.ethereum.org\/2015\/12\/24\/understanding-serenity-part-i-abstraction\/>",
        "attachments": [
            {
                "service_name": "Ethereum Blog",
                "title": "Understanding Serenity, Part I: Abstraction - Ethereum Blog",
                "title_link": "https:\/\/blog.ethereum.org\/2015\/12\/24\/understanding-serenity-part-i-abstraction\/",
                "text": "Special thanks to Gavin Wood for prompting my interest into abstraction improvements, and Martin Becze, Vlad Zamfir and Dominic Williams for ongoing discussions. For a long time we have been public about our plans to continue improving the Ethereum protocol over time and our long development roadmap, learning from our mistakes that we either did \u2026",
                "fallback": "Ethereum Blog: Understanding Serenity, Part I: Abstraction - Ethereum Blog",
                "ts": 1450923828,
                "from_url": "https:\/\/blog.ethereum.org\/2015\/12\/24\/understanding-serenity-part-i-abstraction\/",
                "id": 1
            }
        ],
        "edited": {
            "user": "U04GDL62L",
            "ts": "1451354695.000000"
        },
        "ts": "1451353416.000379"
    }
]