[
    {
        "type": "message",
        "user": "U049N8MT7",
        "text": "Anyone has a Link for AmP Exchange? ",
        "ts": "1440605670.000003"
    },
    {
        "type": "message",
        "user": "U049N8MT7",
        "text": "Whats the easiest way To Switch my AMP to BTC? ",
        "ts": "1440610349.000004"
    },
    {
        "type": "message",
        "user": "U0474AYFT",
        "text": "Here's the participants' link for today's hangout: <https:\/\/plus.google.com\/hangouts\/_\/hoaevent\/AP36tYcG_fV1aghZS-w7LHEsl3-Oob1wJxDGmS3rfH1rg7r_ERviJA?eid=109002904706315055045&amp;hl=en&amp;authuser=0>",
        "ts": "1440612157.000005"
    },
    {
        "type": "message",
        "user": "U09KY5U65",
        "text": "<https:\/\/masterxchange.com\/market.php?currency=mscamp>  but please notice where the buy orders are placed. large buy orders at 700 satoshi got filled. My buys will be in the 300 satoshi range.  300 satoshi puts the marketcap of this coin at 1 million $",
        "ts": "1440612323.000006"
    },
    {
        "type": "message",
        "user": "U09KY5U65",
        "text": "Also be aware that Synereos AMPs do not look to be part of LivelyGig. Am I wrong? Will AMPs be part of LivelyGig or will LivelyGig have its own coin?",
        "ts": "1440612442.000007"
    },
    {
        "type": "message",
        "subtype": "file_share",
        "text": "<@U0474AYFT|leithaus> uploaded a file: <https:\/\/synereonet.slack.com\/files\/leithaus\/F09MA0BD3\/pasted_image_at_2015_08_26_12_19_pm.png|1M$>",
        "file": {
            "id": "F09MA0BD3",
            "created": 1440616787,
            "timestamp": 1440616787,
            "name": "Pasted image at 2015_08_26 12_19 PM.png",
            "title": "1M$",
            "mimetype": "image\/png",
            "filetype": "png",
            "pretty_type": "PNG",
            "user": "U0474AYFT",
            "editable": false,
            "size": 79260,
            "mode": "hosted",
            "is_external": false,
            "external_type": "",
            "is_public": true,
            "public_url_shared": false,
            "display_as_bot": false,
            "username": "",
            "url_private": "https:\/\/files.slack.com\/files-pri\/T0474AT8K-F09MA0BD3\/pasted_image_at_2015_08_26_12_19_pm.png?t=xoxe-4242367291-28095460608-28095460624-739c22ae7e",
            "url_private_download": "https:\/\/files.slack.com\/files-pri\/T0474AT8K-F09MA0BD3\/download\/pasted_image_at_2015_08_26_12_19_pm.png?t=xoxe-4242367291-28095460608-28095460624-739c22ae7e",
            "thumb_64": "https:\/\/files.slack.com\/files-tmb\/T0474AT8K-F09MA0BD3-dcdbed2ec8\/pasted_image_at_2015_08_26_12_19_pm_64.png?t=xoxe-4242367291-28095460608-28095460624-739c22ae7e",
            "thumb_80": "https:\/\/files.slack.com\/files-tmb\/T0474AT8K-F09MA0BD3-dcdbed2ec8\/pasted_image_at_2015_08_26_12_19_pm_80.png?t=xoxe-4242367291-28095460608-28095460624-739c22ae7e",
            "thumb_360": "https:\/\/files.slack.com\/files-tmb\/T0474AT8K-F09MA0BD3-dcdbed2ec8\/pasted_image_at_2015_08_26_12_19_pm_360.png?t=xoxe-4242367291-28095460608-28095460624-739c22ae7e",
            "thumb_360_w": 311,
            "thumb_360_h": 162,
            "thumb_160": "https:\/\/files.slack.com\/files-tmb\/T0474AT8K-F09MA0BD3-dcdbed2ec8\/pasted_image_at_2015_08_26_12_19_pm_160.png?t=xoxe-4242367291-28095460608-28095460624-739c22ae7e",
            "image_exif_rotation": 1,
            "original_w": 311,
            "original_h": 162,
            "permalink": "https:\/\/synereonet.slack.com\/files\/leithaus\/F09MA0BD3\/pasted_image_at_2015_08_26_12_19_pm.png",
            "permalink_public": "https:\/\/slack-files.com\/T0474AT8K-F09MA0BD3-42116b3547",
            "channels": [
                "C0474AT8X"
            ],
            "groups": [
    
            ],
            "ims": [
    
            ],
            "comments_count": 0
        },
        "user": "U0474AYFT",
        "upload": true,
        "display_as_bot": false,
        "username": "<@U0474AYFT|leithaus>",
        "bot_id": null,
        "ts": "1440616788.000008"
    },
    {
        "type": "message",
        "user": "U049N8MT7",
        "text": "Thank you ",
        "ts": "1440618135.000009"
    },
    {
        "type": "message",
        "user": "U09KY5U65",
        "text": "I don't understand how this app does email login.",
        "ts": "1440640542.000010"
    },
    {
        "type": "message",
        "user": "U09KY5U65",
        "text": "Since there is no central authority a spammer could just buy 1 domain name, generate unlimited emails and create 10000000 accounts. Having this sign up step degrades user experience.  I would auto create a private key.",
        "ts": "1440640627.000011"
    },
    {
        "type": "message",
        "user": "U09KY5U65",
        "text": "DOes synereo use public and private keys like bitcoin does?",
        "ts": "1440640669.000012"
    },
    {
        "type": "message",
        "user": "U09KY5U65",
        "text": "spam prevention is huge benefit of centralized services.",
        "ts": "1440640696.000013"
    },
    {
        "type": "message",
        "user": "U09KY5U65",
        "text": "No one is even working on synereo. This thing is a joke. I better use ethereum and storj combo",
        "ts": "1440649750.000014"
    }
]