[
    {
        "type": "message",
        "user": "U0474AYFT",
        "text": "Today's Synereo Community Hangout Participants' link: <https:\/\/plus.google.com\/hangouts\/_\/hoaevent\/AP36tYce_VgVZ-72Qd-2YATE0yHlCYGZo8GtXzzijpZEbh1dHSP7vA?eid=109002904706315055045&amp;hl=en&amp;authuser=1>",
        "ts": "1448477883.000032"
    },
    {
        "type": "message",
        "user": "U0474AYFT",
        "text": "<https:\/\/plus.google.com\/u\/1\/b\/109002904706315055045\/events\/cog4mc24esgang6jfbve8frgkbk>",
        "attachments": [
            {
                "service_name": "Google+",
                "title": "\u03c0-calculus for fun and profit - Google+",
                "title_link": "https:\/\/plus.google.com\/u\/1\/b\/109002904706315055045\/events\/cog4mc24esgang6jfbve8frgkbk",
                "text": "This is a \u03c0-calculus tutorial with emphasis on examples drawn from a specification for a betting process used in a public economic consensus protocol.",
                "fallback": "Google+: \u03c0-calculus for fun and profit - Google+",
                "image_url": "https:\/\/lh3.googleusercontent.com\/_tcY7QLx6X_8\/UY1_0TJEqGI\/AAAAAAAACLo\/Ls1BaI-xmIQ\/w940-h280-n\/06_hangouts_yellow.jpg.png",
                "from_url": "https:\/\/plus.google.com\/u\/1\/b\/109002904706315055045\/events\/cog4mc24esgang6jfbve8frgkbk",
                "image_width": 839,
                "image_height": 250,
                "image_bytes": 201345,
                "id": 1
            }
        ],
        "ts": "1448482171.000033"
    },
    {
        "type": "message",
        "user": "U0474AYFT",
        "text": "<https:\/\/plus.google.com\/u\/1\/b\/109002904706315055045\/events\/cjl71gthpo6bjk67e0bqis0s8k4>",
        "attachments": [
            {
                "service_name": "Google+",
                "title": "\u03c0-calculus for fun and profit pt II - Google+",
                "title_link": "https:\/\/plus.google.com\/u\/1\/b\/109002904706315055045\/events\/cjl71gthpo6bjk67e0bqis0s8k4",
                "text": "More on using \u03c0-calculus to specify and reason about public economic consensus protocols.",
                "fallback": "Google+: \u03c0-calculus for fun and profit pt II - Google+",
                "image_url": "https:\/\/lh3.googleusercontent.com\/_tcY7QLx6X_8\/UY1_0TJEqGI\/AAAAAAAACLo\/Ls1BaI-xmIQ\/w940-h280-n\/06_hangouts_yellow.jpg.png",
                "from_url": "https:\/\/plus.google.com\/u\/1\/b\/109002904706315055045\/events\/cjl71gthpo6bjk67e0bqis0s8k4",
                "image_width": 839,
                "image_height": 250,
                "image_bytes": 201345,
                "id": 1
            }
        ],
        "ts": "1448482186.000035"
    },
    {
        "type": "message",
        "user": "U0474AYFT",
        "text": "<https:\/\/plus.google.com\/u\/1\/b\/109002904706315055045\/events\/c4g1f4e3985gd1r22nc09sv6o5s>",
        "attachments": [
            {
                "service_name": "Google+",
                "title": "\u03c0-calculus for fun and profit pt III - Google+",
                "title_link": "https:\/\/plus.google.com\/u\/1\/b\/109002904706315055045\/events\/c4g1f4e3985gd1r22nc09sv6o5s",
                "text": "We look specifically at some specs in the \u03c0-calculus related to the betting subprotocols of Casper.",
                "fallback": "Google+: \u03c0-calculus for fun and profit pt III - Google+",
                "image_url": "https:\/\/lh3.googleusercontent.com\/_tcY7QLx6X_8\/UY1_0TJEqGI\/AAAAAAAACLo\/Ls1BaI-xmIQ\/w940-h280-n\/06_hangouts_yellow.jpg.png",
                "from_url": "https:\/\/plus.google.com\/u\/1\/b\/109002904706315055045\/events\/c4g1f4e3985gd1r22nc09sv6o5s",
                "image_width": 839,
                "image_height": 250,
                "image_bytes": 201345,
                "id": 1
            }
        ],
        "ts": "1448482197.000037"
    }
]