[
    {
        "type": "message",
        "user": "U049CMCCZ",
        "text": "sry nic - I should have PM'ed that or put it in random\nare you able to move my comments about it to random?",
        "ts": "1428566585.000505"
    },
    {
        "user": "U04ARC6DC",
        "type": "message",
        "subtype": "channel_join",
        "text": "<@U04ARC6DC|v1t0r> has joined the channel",
        "ts": "1428570874.000506"
    },
    {
        "type": "message",
        "user": "U0474AT8P",
        "text": "Not a big issue, <@U049CMCCZ>",
        "ts": "1428572422.000507"
    },
    {
        "type": "message",
        "user": "U0474AT8P",
        "text": "just depending on the subject move the chat to the relevant channel that's all.",
        "ts": "1428572446.000508"
    },
    {
        "type": "message",
        "user": "U0474AT8P",
        "text": "We'd like it to be public wherever possible so we can get the discussion going.",
        "ts": "1428572467.000509"
    },
    {
        "type": "message",
        "user": "U048X85UT",
        "text": "I added my two cents <https:\/\/discuss.synereo.com\/t\/synereo-mvp-suggestions\/53697\/5?u=jimscarver>  I ask for the world, but very little to start.",
        "attachments": [
            {
                "service_name": "Discuss Synereo",
                "title": "Synereo MVP Suggestions",
                "title_link": "https:\/\/discuss.synereo.com\/t\/synereo-mvp-suggestions\/53697\/5?u=jimscarver",
                "text": "To be the facebook killer you will ultimately need everything facebook does, and to kill linked in you need all that also so you need to focus on the actual numbers of bootstrap users that will be compelled to use Synereo \"if it did that\". Eventually we will do everything, for now it is just about building any community that will jump on board if it does X. My wish list tops with friends import and \"friend of friend\" scope, which facebook removed from my choices. This implies lists of lis...",
                "fallback": "Discuss Synereo: Synereo MVP Suggestions",
                "from_url": "https:\/\/discuss.synereo.com\/t\/synereo-mvp-suggestions\/53697\/5?u=jimscarver",
                "id": 1
            }
        ],
        "ts": "1428597885.000510"
    },
    {
        "type": "message",
        "user": "U0474AT8P",
        "text": "thank you Jim!",
        "ts": "1428598254.000512"
    },
    {
        "type": "message",
        "user": "U0474AYFT",
        "text": "Who's going to be at the Vancouver Decentralized?",
        "ts": "1428602076.000513"
    },
    {
        "type": "message",
        "user": "U0474AYFT",
        "text": "<@U049XP38G>? <@U04A61RG3>?",
        "ts": "1428602095.000514"
    },
    {
        "type": "message",
        "user": "U0474AYFT",
        "text": "If you two are, pm me. i want to get you set up as users on a Synereo node.",
        "ts": "1428602129.000515"
    },
    {
        "type": "message",
        "user": "U0474AT8P",
        "text": "both of them",
        "ts": "1428602359.000516"
    },
    {
        "type": "message",
        "user": "U0474AT8P",
        "text": "Told <@U04A61RG3>",
        "ts": "1428602448.000517"
    },
    {
        "type": "message",
        "user": "U0474AYFT",
        "text": "Thanks <@U0474AT8P>!",
        "ts": "1428604649.000518"
    },
    {
        "type": "message",
        "user": "U0474AYFT",
        "text": "If we want a live demo we'll need to hear from them on or before 17:30PDT.",
        "ts": "1428604672.000519"
    },
    {
        "type": "message",
        "user": "U0474AT8P",
        "text": "ok",
        "ts": "1428604905.000520"
    },
    {
        "type": "message",
        "user": "U048X85UT",
        "text": "Thank's for creating the <#C04BLQ4CX> topic!  The first Synereo use case topic here on slack.  Join <#C04BLQ4CX> and collaborate building trustworthy identity of people, things  and systems without any authority but yourself.",
        "ts": "1428607409.000521"
    }
]