[
    {
        "type": "message",
        "user": "U048X85UT",
        "text": "Legal markdown can be used to generate synereo picalc and both of them to generate smart contracts, which is my aim.  The recent partnership between etherium and synereo suggest a step in that direction.  Generating eris smart contracts would be an extension of that.",
        "ts": "1429965749.000781"
    },
    {
        "type": "message",
        "user": "U04BQ4FMC",
        "text": "Is there a link to read more about \"The recent partnership between etherium and synereo\" <@U048X85UT>  ?",
        "ts": "1429969768.000782"
    },
    {
        "type": "message",
        "user": "U048X85UT",
        "text": "My bad.  I got confused,  the partnership is with factom which we planned to use to immortalize synereo social contracts.",
        "ts": "1429973288.000783"
    },
    {
        "type": "message",
        "user": "U04BQ4FMC",
        "text": "ok",
        "ts": "1429973555.000784"
    },
    {
        "user": "U04JBB3N3",
        "type": "message",
        "subtype": "channel_join",
        "text": "<@U04JBB3N3|sethrussell> has joined the channel",
        "ts": "1429982890.000785"
    },
    {
        "user": "U04HQMSAY",
        "type": "message",
        "subtype": "channel_join",
        "text": "<@U04HQMSAY|vladare> has joined the channel",
        "ts": "1429991407.000786"
    }
]