[
    {
        "type": "message",
        "user": "U0474AT8P",
        "text": "That\u2019s from my article :simple_smile:",
        "ts": "1446828062.000003"
    },
    {
        "user": "U0E1TTLKB",
        "type": "message",
        "subtype": "channel_join",
        "text": "<@U0E1TTLKB|killerjoegreece> has joined the channel",
        "ts": "1446837771.000004"
    },
    {
        "type": "message",
        "user": "U0E1TTLKB",
        "text": "hi",
        "ts": "1446837784.000005"
    }
]