[
    {
        "type": "message",
        "user": "U0474AT8P",
        "text": "It helps create a market, demand for AMPs",
        "ts": "1435736689.000187"
    },
    {
        "type": "message",
        "user": "U0474AT8P",
        "text": "And if things ramp up other exchanges will be interested in supporting AMPs",
        "ts": "1435736787.000188"
    },
    {
        "type": "message",
        "user": "U049N8MT7",
        "text": "would be great to trade direct AMP - BTC :simple_smile:",
        "ts": "1435743675.000189"
    },
    {
        "type": "message",
        "user": "U0474AT8P",
        "text": "Synereo Community Hangout today at 7PM UTC which is:\n\n9PM Israel (IDT)\n\n7PM London (BST)\n\n11AM Pacific (PDT)\n\n2PM Eastern (EDT)\n\n<https:\/\/plus.google.com\/u\/0\/b\/109002904706315055045\/events\/ctd4vqvk2uq442o5i7npnfge3o8>",
        "attachments": [
            {
                "service_name": "Google+",
                "title": "Synereo Community Hangout - Google+",
                "title_link": "https:\/\/plus.google.com\/u\/0\/b\/109002904706315055045\/events\/ctd4vqvk2uq442o5i7npnfge3o8",
                "text": "Join the Synereo Team each Wednesday for the latest news and updates, discussion related to the project and its progress, development, social contracts, bounties, app ideas, and a lot more.",
                "fallback": "Google+: Synereo Community Hangout - Google+",
                "image_url": "https:\/\/lh3.googleusercontent.com\/-9tlaZIYC4jk\/VZChLynT1bI\/AAAAAAAAAAA\/gEDrcBAf5KM\/w940-h280-n\/event_theme.jpg",
                "from_url": "https:\/\/plus.google.com\/u\/0\/b\/109002904706315055045\/events\/ctd4vqvk2uq442o5i7npnfge3o8",
                "image_width": 839,
                "image_height": 250,
                "image_bytes": 32551,
                "id": 1
            }
        ],
        "ts": "1435748328.000190"
    },
    {
        "type": "message",
        "user": "U049CMBV9",
        "text": "8 PM Amsterdam :wink:",
        "ts": "1435749553.000192"
    },
    {
        "type": "message",
        "user": "U049CMBV9",
        "text": "CET",
        "ts": "1435749662.000193"
    },
    {
        "type": "message",
        "user": "U048X85UT",
        "text": "Buying AMPs seems proper for this to be a system we own.  And I do see how trading activity will generate interest etc.  Thanks.",
        "ts": "1435757581.000194"
    },
    {
        "type": "message",
        "user": "U048X85UT",
        "text": "Sending BCT to mastercoin and then buying AMPs  is pretty easy but we should probably all ask exchanges we use to support AMPs",
        "ts": "1435757847.000195"
    },
    {
        "type": "message",
        "user": "U04AJ2WH0",
        "text": "1 hour until the hangout. If I'm asleep tell Mal to ring my cellphone",
        "ts": "1435768899.000196"
    },
    {
        "type": "message",
        "user": "U049N8MT7",
        "text": "how does the hangout work?",
        "ts": "1435770767.000197"
    },
    {
        "type": "message",
        "user": "U048X85UT",
        "text": "The participant link will be posted here just before it starts.",
        "ts": "1435770833.000198"
    },
    {
        "type": "message",
        "user": "U049N8MT7",
        "text": "allright...thx <@U048X85UT>",
        "ts": "1435770882.000199"
    },
    {
        "type": "message",
        "user": "U048X85UT",
        "text": "try this <https:\/\/plus.google.com\/hangouts\/_\/gvzagpqy77kbahbovishxnq2gya?hl=en>",
        "ts": "1435770925.000200"
    },
    {
        "type": "message",
        "user": "U048X85UT",
        "text": "<@U049N8MT7> and I had a nice hangout, he will be joining us.",
        "ts": "1435773364.000201"
    },
    {
        "type": "message",
        "user": "U049N8MT7",
        "text": "yes...was interesting ....thx for your invitation",
        "ts": "1435773605.000202"
    },
    {
        "type": "message",
        "user": "U048X85UT",
        "text": "participant link?",
        "ts": "1435773648.000203"
    },
    {
        "type": "message",
        "user": "U0474AYFT",
        "text": "Here's the participants' link: <https:\/\/plus.google.com\/hangouts\/_\/hoaevent\/AP36tYeo9f7o88ym0Lzhv-LTXpGS4Mz2dyDzBiJdhP7LZ6C2P7XPMg?authuser=0&amp;eid=109002904706315055045&amp;hl=en>",
        "ts": "1435773768.000204"
    },
    {
        "type": "message",
        "user": "U048T3M8W",
        "text": "I missed the life hangout. So next time it's again at 7 PM UTC? The tiles are confusing and don't give a lot of insight in the information behind. It looks also very windoze alike. BTW I'm also interested in this scala crash course.",
        "ts": "1435786728.000205"
    }
]