[
    {
        "type": "message",
        "user": "U0474E4KZ",
        "text": "<https:\/\/www.facebook.com\/synereo\/posts\/937303702971986>",
        "attachments": [
            {
                "text": "The End Game of centralized social networking: a totalitarian gamification of obedient behavior.",
                "fallback": "The End Game of centralized social networking: a totalitarian gamification of obedient behavior.",
                "from_url": "https:\/\/www.facebook.com\/synereo\/posts\/937303702971986",
                "id": 1
            }
        ],
        "ts": "1450351276.000296",
        "reactions": [
            {
                "name": "scream_cat",
                "users": [
                    "U04GDL62L"
                ],
                "count": 1
            }
        ]
    },
    {
        "type": "message",
        "user": "U0474E4KZ",
        "text": "Check out the video, expertly made by Extra Credits.",
        "ts": "1450351289.000298"
    },
    {
        "type": "message",
        "user": "U049CMCCZ",
        "text": "very scary stuff!",
        "ts": "1450352656.000299"
    },
    {
        "type": "message",
        "user": "U04GDL62L",
        "text": "<https:\/\/t.co\/Zz2DFL5L7F>\nDeja v\u00fa all over again: Thinking through law &amp; code, again\nLawrence Lessig's keynote given at the #BlockchainSYD workshop, December 11, 2015, Sydney, AU.\n<@U0474AYFT> gave a good summary during yesterday's Community Hangout.",
        "attachments": [
            {
                "service_name": "Vimeo",
                "service_url": "https:\/\/vimeo.com\/",
                "title": "Deja v\u00fa all over again: Thinking through law &amp; code, again",
                "title_link": "https:\/\/vimeo.com\/148665401",
                "author_name": "lessig",
                "author_link": "http:\/\/vimeo.com\/user187904",
                "thumb_url": "http:\/\/i.vimeocdn.com\/video\/547669037_295x166.jpg",
                "thumb_width": 295,
                "thumb_height": 166,
                "text": "Keynote given at the #BlockchainSYD workshop, December 11, 2015, Sydney, AU.",
                "fallback": "Vimeo Video: Deja v\u00fa all over again: Thinking through law & code, again",
                "video_html": "<iframe src=\"https:\/\/player.vimeo.com\/video\/148665401?autoplay=1\" width=\"400\" height=\"225\" frameborder=\"0\" title=\"Deja v&uacute; all over again: Thinking through law &amp; code, again\" webkitallowfullscreen mozallowfullscreen allowfullscreen><\/iframe>",
                "video_html_width": 400,
                "video_html_height": 225,
                "from_url": "https:\/\/vimeo.com\/148665401",
                "id": 1
            }
        ],
        "ts": "1450365694.000300",
        "reactions": [
            {
                "name": "heart",
                "users": [
                    "U04BQ4FMC",
                    "U048T3M8W"
                ],
                "count": 2
            }
        ]
    },
    {
        "type": "message",
        "user": "U048T3M8W",
        "text": "Gratulations with the new look of <http:\/\/www.synereo.com\/>. It looks really good.",
        "attachments": [
            {
                "text": "The Decentralized and Distributed Social Network",
                "fallback": "The Decentralized and Distributed Social Network",
                "from_url": "http:\/\/www.synereo.com\/",
                "id": 1
            }
        ],
        "ts": "1450392331.000302"
    },
    {
        "type": "message",
        "subtype": "file_share",
        "text": "<@U06MNSRTK|kris> uploaded a file: <https:\/\/synereonet.slack.com\/files\/kris\/F0GUS2YC9\/screenshot_20151218-073730.png|Slack for Android Upload>",
        "file": {
            "id": "F0GUS2YC9",
            "created": 1450420678,
            "timestamp": 1450420678,
            "name": "Screenshot_20151218-073730.png",
            "title": "Slack for Android Upload",
            "mimetype": "image\/png",
            "filetype": "png",
            "pretty_type": "PNG",
            "user": "U06MNSRTK",
            "editable": false,
            "size": 279124,
            "mode": "hosted",
            "is_external": false,
            "external_type": "",
            "is_public": true,
            "public_url_shared": false,
            "display_as_bot": false,
            "username": "",
            "url_private": "https:\/\/files.slack.com\/files-pri\/T0474AT8K-F0GUS2YC9\/screenshot_20151218-073730.png?t=xoxe-4242367291-28095460608-28095460624-739c22ae7e",
            "url_private_download": "https:\/\/files.slack.com\/files-pri\/T0474AT8K-F0GUS2YC9\/download\/screenshot_20151218-073730.png?t=xoxe-4242367291-28095460608-28095460624-739c22ae7e",
            "thumb_64": "https:\/\/files.slack.com\/files-tmb\/T0474AT8K-F0GUS2YC9-7981d0e4cc\/screenshot_20151218-073730_64.png?t=xoxe-4242367291-28095460608-28095460624-739c22ae7e",
            "thumb_80": "https:\/\/files.slack.com\/files-tmb\/T0474AT8K-F0GUS2YC9-7981d0e4cc\/screenshot_20151218-073730_80.png?t=xoxe-4242367291-28095460608-28095460624-739c22ae7e",
            "thumb_360": "https:\/\/files.slack.com\/files-tmb\/T0474AT8K-F0GUS2YC9-7981d0e4cc\/screenshot_20151218-073730_360.png?t=xoxe-4242367291-28095460608-28095460624-739c22ae7e",
            "thumb_360_w": 203,
            "thumb_360_h": 360,
            "thumb_480": "https:\/\/files.slack.com\/files-tmb\/T0474AT8K-F0GUS2YC9-7981d0e4cc\/screenshot_20151218-073730_480.png?t=xoxe-4242367291-28095460608-28095460624-739c22ae7e",
            "thumb_480_w": 270,
            "thumb_480_h": 480,
            "thumb_160": "https:\/\/files.slack.com\/files-tmb\/T0474AT8K-F0GUS2YC9-7981d0e4cc\/screenshot_20151218-073730_160.png?t=xoxe-4242367291-28095460608-28095460624-739c22ae7e",
            "thumb_720": "https:\/\/files.slack.com\/files-tmb\/T0474AT8K-F0GUS2YC9-7981d0e4cc\/screenshot_20151218-073730_720.png?t=xoxe-4242367291-28095460608-28095460624-739c22ae7e",
            "thumb_720_w": 405,
            "thumb_720_h": 720,
            "thumb_960": "https:\/\/files.slack.com\/files-tmb\/T0474AT8K-F0GUS2YC9-7981d0e4cc\/screenshot_20151218-073730_960.png?t=xoxe-4242367291-28095460608-28095460624-739c22ae7e",
            "thumb_960_w": 540,
            "thumb_960_h": 960,
            "thumb_1024": "https:\/\/files.slack.com\/files-tmb\/T0474AT8K-F0GUS2YC9-7981d0e4cc\/screenshot_20151218-073730_1024.png?t=xoxe-4242367291-28095460608-28095460624-739c22ae7e",
            "thumb_1024_w": 576,
            "thumb_1024_h": 1024,
            "image_exif_rotation": 1,
            "original_w": 1080,
            "original_h": 1920,
            "permalink": "https:\/\/synereonet.slack.com\/files\/kris\/F0GUS2YC9\/screenshot_20151218-073730.png",
            "permalink_public": "https:\/\/slack-files.com\/T0474AT8K-F0GUS2YC9-cf473ee533",
            "channels": [
                "C0474AT8X"
            ],
            "groups": [
    
            ],
            "ims": [
    
            ],
            "comments_count": 0
        },
        "user": "U06MNSRTK",
        "upload": true,
        "display_as_bot": false,
        "username": "<@U06MNSRTK|kris>",
        "bot_id": null,
        "ts": "1450420682.000304"
    },
    {
        "type": "message",
        "user": "U06MNSRTK",
        "text": "Nexus 5",
        "ts": "1450420689.000305"
    }
]