[
    {
        "type": "message",
        "user": "U049CMCCZ",
        "text": "Regarding the current price-level of AMP (on bittrex):\nyes it is much below the crowdsale price, but as <@U0474AYFT> and others have stated, that's because there is no substance to match the AMP yet. It's natural imo, and what can be done to sort of artificially try to move the price further up, is to put sell orders in at a much higher price.\nPersonally I have placed sell orders @ bittrex in the high end ( noone knows it that will be a future low end though :simple_smile: ), and I am not going to give in and lower those sell orders.\nWill keep them there as they are, and betting that people will eventually buy them when they see more signs of the synereo client entering the stage. Even in a minimalistic form, yet something which can show people the potential!",
        "ts": "1447398757.000005",
        "reactions": [
            {
                "name": "+1",
                "users": [
                    "U04BB1PCG"
                ],
                "count": 1
            }
        ]
    }
]