[
    {
        "type": "message",
        "user": "U0474AT8P",
        "text": "<https:\/\/plus.google.com\/u\/0\/b\/109002904706315055045\/events\/chcngoioc0ejq4ai7r3o4tge27k>",
        "attachments": [
            {
                "service_name": "Google+",
                "title": "Synereo Community Hangout - Google+",
                "title_link": "https:\/\/plus.google.com\/u\/0\/b\/109002904706315055045\/events\/chcngoioc0ejq4ai7r3o4tge27k",
                "text": "Join the Synereo Team each Wednesday for the latest news and updates, discussion related to the project and its progress, development, social contracts, bounties, app ideas, and a lot more.",
                "fallback": "Google+: Synereo Community Hangout - Google+",
                "image_url": "https:\/\/lh3.googleusercontent.com\/-phIiiBg-8EQ\/VfJad6dJXBI\/AAAAAAAAAAA\/zEcevqbLa0Q\/w940-h280-n\/event_theme.jpg",
                "from_url": "https:\/\/plus.google.com\/u\/0\/b\/109002904706315055045\/events\/chcngoioc0ejq4ai7r3o4tge27k",
                "image_width": 839,
                "image_height": 250,
                "image_bytes": 32551,
                "id": 1
            }
        ],
        "ts": "1442391522.000016"
    },
    {
        "type": "message",
        "user": "U0474AT8P",
        "text": "Today at 19:00 GMT",
        "ts": "1442391534.000018"
    },
    {
        "type": "message",
        "user": "U0474AYFT",
        "text": "Here's the participants' link for today's hangout: <https:\/\/plus.google.com\/hangouts\/_\/hoaevent\/AP36tYft-6Cm6N82QOAroXqROu9mrLrEYXsWkqGrbkIthWJJ58oSBQ?eid=109002904706315055045&amp;hl=en&amp;authuser=0>",
        "ts": "1442426883.000019"
    }
]