[
    {
        "type": "message",
        "user": "U048ERGCQ",
        "text": "What is Loomio?!",
        "ts": "1458036975.000150"
    },
    {
        "type": "message",
        "user": "U048ERGCQ",
        "text": "this? <https:\/\/en.wikipedia.org\/wiki\/Loomio>",
        "ts": "1458037032.000151"
    },
    {
        "type": "message",
        "user": "U048ERGCQ",
        "text": "What does it have to do with Synereo?",
        "ts": "1458037056.000152"
    },
    {
        "type": "message",
        "user": "U04BQ4FMC",
        "text": "it's a page that facilitates proposals &amp; voting - we are experimenting with it <@U048ERGCQ>",
        "ts": "1458043182.000153"
    },
    {
        "type": "message",
        "user": "U04BQ4FMC",
        "text": "<@U09KY5U65>: - unofficially calling the founders \"the core\", and the first stage of decentralization would be the \"inner circle\"\n- remember, none of this has been formalized or written in stone - it's coming together slowly..",
        "ts": "1458043323.000154"
    },
    {
        "type": "message",
        "user": "U048X85UT",
        "text": "Yes, the loomio group is embrionic and experimental, hopefully a step in the the development of a separation of power between between the user community and the LTD growing out the the trusted \"inner circle\" with encouragement from \"the core\".  Synereo does not really have any users yet but we are laying the groundwork forSynereo being owned by the users.  <https:\/\/www.loomio.org\/g\/o3VZUnTE\/synereo-community-steering-committee>",
        "attachments": [
            {
                "service_name": "Loomio",
                "title": "Synereo community steering committee",
                "title_link": "https:\/\/www.loomio.org\/g\/o3VZUnTE\/synereo-community-steering-committee",
                "text": "Synereo is to be a decentralized replacement for insecure email and social networks controlled by the user as well as a platform for formal integration of decentralized applications according to personal rules. Providing an alternative to Facebook is an early target. This trust community has been created independently from Synereo LTD for Synereo community leader decision making employing deliberative discursive democracy. As part of its mission it will seek to design a decentralized autonomous organization (DAO) in cooperation wit the LTD for governance of the synereo community. This group is closed but anyone promoting synereo technology who is active in the community may request membership. Joing the slack at <http:\/\/slack.synereo.com> is the first step toward admittance. Membership is inclusive but requires disclosure of any financial stake or affiliation with the Synereo platform, network, or associated applications. This includes AMP holders, Synereo LTD shareholders, vendors, node operators, and advertisers. Synereo is based on the formal communicating process calculus social contracts algorithmically constraining computation and communications beyond the blockchain. Originally the blockchain was only intended to provide provenance for Synereo but many of us see it evolving in the direction of synereo becoming the user's agent and providing consensus among blockchains. We see the realization of the promise of Synereo and blockchains as fundamental to securing a future free from any obligatory.",
                "fallback": "Loomio: Synereo community steering committee",
                "from_url": "https:\/\/www.loomio.org\/g\/o3VZUnTE\/synereo-community-steering-committee",
                "id": 1
            }
        ],
        "ts": "1458044466.000155"
    },
    {
        "user": "U0SRC8G6S",
        "type": "message",
        "subtype": "channel_join",
        "text": "<@U0SRC8G6S|vega113> has joined the channel",
        "ts": "1458051425.000157"
    },
    {
        "type": "message",
        "user": "U0SRC8G6S",
        "text": "Hi. I have heard that you are looking for devs that know  Scala. Is it so?",
        "ts": "1458052427.000158"
    },
    {
        "type": "message",
        "user": "U0474E4KZ",
        "text": "It is!",
        "ts": "1458053910.000159"
    },
    {
        "type": "message",
        "user": "U0474E4KZ",
        "text": "Send me a CV, if you are. <mailto:dor@synereo.com|dor@synereo.com>",
        "ts": "1458053924.000160"
    },
    {
        "type": "message",
        "user": "U0SF9AX33",
        "text": "<@U04BQ4FMC>: Thank you for the informative response.",
        "ts": "1458054061.000161"
    },
    {
        "type": "message",
        "user": "U0474E4KZ",
        "text": "<https:\/\/bitcointalk.org\/index.php?topic=1181557.msg14200295#msg14200295>",
        "ts": "1458054358.000162"
    },
    {
        "type": "message",
        "user": "U0SRC8G6S",
        "text": "How about linked in profile? <https:\/\/www.linkedin.com\/in\/yuri-zelikov-8aa9167>",
        "ts": "1458056131.000163"
    },
    {
        "type": "message",
        "user": "U0PCK9TKL",
        "text": "<@U09KY5U65>: the founders can't not do everything themselves, there are certain agents that have stepped up including myself to conduct marketing efforts, governance, video production, design work etc. a good place to to start would be to come on a private video conference or the public hangout and start building a relationship with the group. My work has been volunteer based since the beginning. ",
        "edited": {
            "user": "U0PCK9TKL",
            "ts": "1458059644.000000"
        },
        "ts": "1458059333.000164"
    },
    {
        "type": "message",
        "user": "U0474E4KZ",
        "text": "<@U0SRC8G6S>: thank you.",
        "ts": "1458061471.000168"
    },
    {
        "type": "message",
        "user": "U0474E4KZ",
        "text": "<http:\/\/blog.synereo.com\/2016\/03\/15\/Synereo's-Minimum-Lovable-Product\/>",
        "attachments": [
            {
                "title": "Synereo's Minimum Lovable Product",
                "title_link": "http:\/\/blog.synereo.com\/2016\/03\/15\/Synereo's-Minimum-Lovable-Product\/",
                "text": "It\u2019s been close to a year since our original crowdsale, and more than a year and a half since we first envisioned Synereo and started laying down the foundat...",
                "fallback": "Synereo's Minimum Lovable Product",
                "from_url": "http:\/\/blog.synereo.com\/2016\/03\/15\/Synereo's-Minimum-Lovable-Product\/",
                "id": 1
            }
        ],
        "ts": "1458078203.000172",
        "reactions": [
            {
                "name": "clap",
                "users": [
                    "U06MNSRTK",
                    "U048ERGCQ",
                    "U04BQ4FMC"
                ],
                "count": 3
            }
        ]
    },
    {
        "user": "U0T0SEKAM",
        "type": "message",
        "subtype": "channel_join",
        "text": "<@U0T0SEKAM|eye4bd> has joined the channel",
        "ts": "1458087953.000174"
    }
]