[
    {
        "type": "message",
        "user": "U0474E4KZ",
        "text": "Anyone care to support our friend here? <https:\/\/bitcointalk.org\/index.php?topic=1340952.msg13679570#msg13679570>",
        "attachments": [
            {
                "text": "After getting your profits from ETH, what next?",
                "fallback": "After getting your profits from ETH, what next?",
                "from_url": "https:\/\/bitcointalk.org\/index.php?topic=1340952.msg13679570#msg13679570",
                "id": 1
            }
        ],
        "ts": "1453809231.000025"
    },
    {
        "type": "message",
        "user": "U0474E4KZ",
        "text": "<@U09KY5U65>: Christopher Franko got back to me. Chatting with him.",
        "ts": "1453823297.000027"
    },
    {
        "type": "message",
        "user": "U0474E4KZ",
        "text": "Had our highest trading volume yesterday: <https:\/\/bittrex.com\/Market\/Index?MarketName=BTC-AMP>",
        "ts": "1453827625.000028"
    },
    {
        "user": "U0KE91W0K",
        "type": "message",
        "subtype": "channel_join",
        "text": "<@U0KE91W0K|tptb_need_war> has joined the channel",
        "ts": "1453831838.000029"
    },
    {
        "type": "message",
        "user": "U0KE91W0K",
        "text": "dor please continue our discussion over at Reddit: <https:\/\/www.reddit.com\/r\/ethtrader\/comments\/42rvm3\/truth_about_ethereum_is_being_banned_at\/>",
        "attachments": [
            {
                "service_name": "reddit",
                "title": "Truth about Ethereum is being banned at Bitcointalk \u2022 \/r\/ethtrader",
                "title_link": "https:\/\/www.reddit.com\/r\/ethtrader\/comments\/42rvm3\/truth_about_ethereum_is_being_banned_at\/",
                "text": "I have been making factual posts about Ethereum (and Synereo) and all the following posts have been deleted by the moderators and they have banned...",
                "fallback": "reddit: Truth about Ethereum is being banned at Bitcointalk \u2022 \/r\/ethtrader",
                "thumb_url": "https:\/\/i.redditmedia.com\/uQLp6hTQU-EWipOto51VJLPBeFV8jyscLgbGjanF2GI.jpg?w=216&s=0e1a84bd0726f97a65c81f680c9617ca",
                "from_url": "https:\/\/www.reddit.com\/r\/ethtrader\/comments\/42rvm3\/truth_about_ethereum_is_being_banned_at\/",
                "thumb_width": 216,
                "thumb_height": 216,
                "id": 1
            }
        ],
        "ts": "1453831930.000030",
        "reactions": [
            {
                "name": "+1",
                "users": [
                    "U0474E4KZ"
                ],
                "count": 1
            }
        ]
    },
    {
        "type": "message",
        "user": "U09KY5U65",
        "text": "The price of synereo is increasing too rapidly. I have a felling Synereo will start getting called a scam since only a small % of coins are available to the public and coinmarketcap is lying about the marketcap. The marketcap for synereo is $21,078,937. I'm not sure of what to do about this but it's not a good thing. The only choice might be to announce what the price of $AMP on <http:\/\/BNKToTheFuture.com|BNKToTheFuture.com> will be.",
        "ts": "1453841697.000032"
    },
    {
        "type": "message",
        "user": "U09KY5U65",
        "text": "You could also just not care about the current cryptocoin community and being called a scam by them. Hype this up on BITTREX to a $200,000,000 coin and be higher than Ethereum. It would only take 16 BTC to pump the marketcap to $200,000,000. The sell the coin at the valuation to whichever fool wants it.",
        "ts": "1453843404.000033"
    },
    {
        "type": "message",
        "user": "U048T3M8W",
        "text": "That's a good remark of <@U09KY5U65> . To avoid being called a scam. Synereo has to announce that what is listed below is TRUE and can be audited.\n\n18.5% are sold in the initial crowdsale.\n10% will be used to compensate users as they join the network, invite others, and contribute to it.\n7.5% will be awarded to content creators who begin operating on the network. We already have a few major musicians waiting\nto join and distribute their art on Synereo!\n10% are awarded to the founders of Synereo, vested over a period of 30 months.\n11.5% are kept for bounties, awarded to contributors and developers.\n42.5% will be kept for future funding rounds. We aim to have two more, spaced 1-1.5 years apart, each providing the necessary funds for the next leg of the project.\n\nTo protect the market, AMPs awarded to people who join the network and to content creators will be distributed over a long period of time. This will allow those who are interested in using them on Synereo to easily enjoy their benefits while preventing quick dumps. \n(This does not apply to AMPs bought during the crowdsale, which will be disbursed when it is concluded.)\n\nWe've created all AMPs and disbursed them to wallets. They'll remain completely transparent so that everyone can follow them and ascertain that we are operating within the established rules.\n\nCrowdsale Wallet (184,800,000 AMPs)\nUser Reward Wallet (100,000,000 AMPs)\nContent Creator Wallet (75,000,000 AMPs)\nFounder Reward Wallet (100,000,000 AMPs)\nBounty Wallet (115,000,000 AMPs)\nFuture Funding Wallet (425,200,000 AMPs) \n\nsrc: <https:\/\/bitcointalk.org\/index.php?topic=995987>",
        "attachments": [
            {
                "text": "[ANN] AMP - The Currency That Powers Your Attention On Synereo",
                "fallback": "[ANN] AMP - The Currency That Powers Your Attention On Synereo",
                "from_url": "https:\/\/bitcointalk.org\/index.php?topic=995987",
                "id": 1
            }
        ],
        "edited": {
            "user": "U048T3M8W",
            "ts": "1453844596.000000"
        },
        "ts": "1453844554.000034"
    },
    {
        "type": "message",
        "user": "U048T3M8W",
        "text": "100.000.000 * 0.012115 = 1,211,500 USD !!!",
        "ts": "1453845020.000037"
    },
    {
        "type": "message",
        "user": "U048T3M8W",
        "text": "At current market price",
        "ts": "1453845032.000038"
    },
    {
        "type": "message",
        "user": "U048T3M8W",
        "text": "Guess what it means when the price goes up to 1.00 USD?",
        "ts": "1453845085.000039"
    },
    {
        "type": "message",
        "user": "U048T3M8W",
        "text": "That's for User Reward Wallet. It could mean that the people can create more or less their own social network. And the creators\/developers could be paid for their involvement.",
        "ts": "1453845250.000040"
    },
    {
        "type": "message",
        "user": "U09KY5U65",
        "text": "<http:\/\/coinmarketcap.com\/assets\/synereo\/>",
        "attachments": [
            {
                "text": "Crypto-currency market cap rankings, charts, and more",
                "fallback": "Crypto-currency market cap rankings, charts, and more",
                "from_url": "http:\/\/coinmarketcap.com\/assets\/synereo\/",
                "thumb_url": "http:\/\/coinmarketcap.com\/static\/img\/CoinMarketCap.png",
                "thumb_width": 187,
                "thumb_height": 187,
                "id": 1
            }
        ],
        "ts": "1453847883.000041"
    },
    {
        "type": "message",
        "user": "U09KY5U65",
        "text": "Available Supply = 184,800,000 AMP\tTotal Supply = 1,680,400,000 AMP",
        "ts": "1453847978.000043"
    },
    {
        "type": "message",
        "user": "U09KY5U65",
        "text": "On this note,\n10% are awarded to the founders of Synereo, vested over a period of 30 months.\n\nI mentioned this before:\n30 months isn't long enough. I think we should sign <@U0474AYFT> to a 10 year contract paid in the pre-mined $AMP.",
        "ts": "1453849246.000044"
    },
    {
        "type": "message",
        "user": "U09KY5U65",
        "text": "When we switch from The bitcoin omni tokens to the Ethereum 2.0 tokens we can add in a new premined coins and\/or fix that doubling error that happened. We could add in an extra 100,000,000 coins for the founders who stay for 10 years.",
        "ts": "1453850663.000045"
    },
    {
        "type": "message",
        "user": "U0474E4KZ",
        "text": "Good luck signing anyone to a 10-year contract.",
        "ts": "1453854799.000046"
    },
    {
        "type": "message",
        "user": "U0474E4KZ",
        "text": "Guys, I had a powerout and my SSD crapped out. I won't be as available till I get my desktop sorted out again.",
        "ts": "1453854915.000047"
    },
    {
        "type": "message",
        "user": "U0474E4KZ",
        "text": "<@U048T3M8W>: the links to the wallets are there and available for viewing. Do you have any other proposal?",
        "ts": "1453856461.000048"
    },
    {
        "type": "message",
        "user": "U0474E4KZ",
        "text": "Also, who's calling us a scam and where?",
        "ts": "1453856465.000049"
    },
    {
        "type": "message",
        "user": "U0474E4KZ",
        "text": "Either way -- it's great that the price is increasing in anticipation of the release and the crowdsale. The higher the price, the fewer amount of new AMPs we'll have to give out to buyers in the sale.",
        "ts": "1453856527.000050"
    },
    {
        "type": "message",
        "user": "U0474E4KZ",
        "text": "And on that subject: if you want to send us money right now in anticipation of the sale, we will use the current price for AMPs rather than the market price during the sale, which may be higher.",
        "edited": {
            "user": "U0474E4KZ",
            "ts": "1453856593.000000"
        },
        "ts": "1453856565.000051"
    },
    {
        "type": "message",
        "user": "U0474E4KZ",
        "text": "We've already had a  few members do that. This, of course, also help us start with a bang. :simple_smile:",
        "ts": "1453856636.000054"
    },
    {
        "type": "message",
        "user": "U09KY5U65",
        "text": "Ok. so what price will you use. I can sell off 150,000 of AMP and drive price down to 1 satoshi. Then I can have my friend buy 10 BTC would of AMP for 1 satoshi and get 1,000,000,000 AMP?",
        "ts": "1453856735.000055"
    },
    {
        "type": "message",
        "user": "U09KY5U65",
        "text": "LOL anyways. My friend and I are just mad that we didn't buy more at a cheaper valuation.",
        "ts": "1453857307.000056"
    },
    {
        "type": "message",
        "user": "U0474E4KZ",
        "text": "If you're willing to part with 150k AMPs at that price to drive it down this way, do that. :simple_smile:",
        "ts": "1453860230.000057"
    },
    {
        "type": "message",
        "user": "U0474E4KZ",
        "text": "We're soon going to start releasing new screens and will eventually release the applications. It'll likely drive up the price further, unless people kamikaze it. :simple_smile: When we set the terms of the sale, we'll do it based on an average price in a period of time leading up to that.",
        "ts": "1453860381.000058"
    },
    {
        "type": "message",
        "user": "U09KY5U65",
        "text": "So have any founder coins been paid out yet? Are we already down to 20 months left before <@U0474AYFT> is gonna sell off all his founder coins and leave us?",
        "ts": "1453860769.000059"
    },
    {
        "type": "message",
        "user": "U0474E4KZ",
        "text": "Greg has been doing this for years before AMPs existed and I don't see him stopping on his path to make the world a better place through mathematics and technology after he receives his share of them.",
        "edited": {
            "user": "U0474E4KZ",
            "ts": "1453860849.000000"
        },
        "ts": "1453860832.000060",
        "reactions": [
            {
                "name": "+1",
                "users": [
                    "U04BQ4FMC"
                ],
                "count": 1
            }
        ]
    },
    {
        "type": "message",
        "user": "U09KY5U65",
        "text": "BUt what about the founder coins? Who are the founders and what dates do they get paid? I need to monitor this so I know whats going on.",
        "ts": "1453863563.000062"
    },
    {
        "type": "message",
        "user": "U0474E4KZ",
        "text": "The founders are the team members you see on <http:\/\/synereo.com|synereo.com>. You can follow all original AMP wallets - they're listed in the OP here. <https:\/\/bitcointalk.org\/index.php?topic=995987>",
        "attachments": [
            {
                "text": "[ANN] AMP - The Currency That Powers Your Attention On Synereo",
                "fallback": "[ANN] AMP - The Currency That Powers Your Attention On Synereo",
                "from_url": "https:\/\/bitcointalk.org\/index.php?topic=995987",
                "id": 1
            }
        ],
        "edited": {
            "user": "U0474E4KZ",
            "ts": "1453863707.000000"
        },
        "ts": "1453863695.000063"
    },
    {
        "type": "message",
        "user": "U09KY5U65",
        "text": "So 20% of coins are gone already to founders.  So that means 25 months before synereo loses all their founders.",
        "ts": "1453864193.000066"
    },
    {
        "type": "message",
        "user": "U0J9CQF9S",
        "text": "what's your point dude? why is it a problem? ",
        "ts": "1453868001.000067"
    },
    {
        "type": "message",
        "user": "U09KY5U65",
        "text": "My point is that we need to figure out a way to keep the founding team together for at least 6 years. Preferably longer. 25 more months isn't long enough. Ethereum did a poor job on this aspect of their crowdfunding and ended up losing 90% of founders already. We don't want to make that same mistake.",
        "ts": "1453869833.000068"
    },
    {
        "type": "message",
        "user": "U0J9CQF9S",
        "text": "the team has been together for 5 years.",
        "ts": "1453871653.000069"
    },
    {
        "type": "message",
        "user": "U0J9CQF9S",
        "text": "statistically. if you take any small business  at least in the united states the hardest part is the first 5 years. if anything things should go smoother. I don't think there is anything you can do if people really wanted to disband",
        "ts": "1453871897.000070"
    },
    {
        "type": "message",
        "user": "U0J9CQF9S",
        "text": "you cant stop them :smile:",
        "ts": "1453871901.000071"
    },
    {
        "type": "message",
        "user": "U0J9CQF9S",
        "text": "your very hyper aware though i like your attitude :smile:",
        "ts": "1453871924.000072"
    },
    {
        "type": "message",
        "user": "U09KY5U65",
        "text": "I don't know much. Can you tell me what you know about synereo? <@U0J9CQF9S>",
        "ts": "1453875382.000073"
    },
    {
        "type": "message",
        "user": "U09KY5U65",
        "text": "dude",
        "ts": "1453875646.000074"
    },
    {
        "type": "message",
        "user": "U0J9CQF9S",
        "text": "everything is contained in their youtube channel. but as far as know the creators are trustworthy. they started working on the project 5 years ago. Outside of that I dont know them personally.",
        "ts": "1453876401.000075"
    },
    {
        "type": "message",
        "user": "U09KY5U65",
        "text": "I've watched every youtube video. Other people should make solo videos. It's always <@U0474AYFT>  making the solo videos.",
        "ts": "1453878140.000076"
    },
    {
        "type": "message",
        "user": "U048T3M8W",
        "text": "<@U0474E4KZ> It's best to create a slack channel #Finance in which the community is updated about work done and it's rewards. This can be done through Taiga project management. The budget for each task can be set in a voting way by active people. The   partitioning of the rewards can be done by self estimation and what your co-workers think of your work. The actual transfers can be checked on the blockchain. \nCompletely transparent and can be audited.",
        "edited": {
            "user": "U048T3M8W",
            "ts": "1453879238.000000"
        },
        "ts": "1453879180.000077"
    },
    {
        "type": "message",
        "user": "U048T3M8W",
        "text": "Let's take as an example the acquisition of an experienced Scala developer for a year that implements what <@U0474AYFT> is inventing. To me it looks like super important to have the back-end on the server side working without any problems. I would say $40,00 per hour. And this person is paid out daily in AMP's",
        "ts": "1453879513.000079"
    }
]