[
    {
        "type": "message",
        "user": "U0474E4KZ",
        "text": "<@U0NGAG7V5>: you amaze me. Thanks so much for everything you've done so far.",
        "ts": "1456305192.000282"
    },
    {
        "type": "message",
        "user": "U0474E4KZ",
        "text": "What instructions are you waiting for? Are you looking to take on new bounties or assist in other ways?",
        "ts": "1456305245.000283"
    },
    {
        "type": "message",
        "user": "U048T3M8W",
        "text": "Question raised by <@U0NGAG7V5> \nWhat link put in the twitter account, to the synereo english general page or of the Spanish anouncement in bitcointalk?\nI suggest: English and <http:\/\/synereo.com|synereo.com> \nFrom there users can go everywhere. Or it should be like that. See also issues on Github about the blog and the site improvement.",
        "ts": "1456307185.000284"
    },
    {
        "type": "message",
        "user": "U0NGAG7V5",
        "text": "Ok, i will put then <http:\/\/synereo.com|synereo.com> link, sorry about the inconvenience",
        "ts": "1456309953.000285"
    },
    {
        "type": "message",
        "user": "U0474E4KZ",
        "text": "Since we don't have a path from <http:\/\/synereo.com|synereo.com> to the Spanish information in the ANN, I think the link should be to the ANN.",
        "ts": "1456312432.000286"
    },
    {
        "type": "message",
        "user": "U0474E4KZ",
        "text": "There are links to <http:\/\/synereo.com|synereo.com> and elsewhere from there.",
        "ts": "1456312439.000287"
    },
    {
        "type": "message",
        "user": "U0NGAG7V5",
        "text": "Ok then i will put the spanish ANN link",
        "ts": "1456313501.000288"
    },
    {
        "type": "message",
        "user": "U0NGAG7V5",
        "text": "thanks dor",
        "ts": "1456313505.000289"
    },
    {
        "type": "message",
        "user": "U04BQ4FMC",
        "text": "Can someone recap this recent Spanish addition?  Links, definitions, (ANN, etc) - it's not clear from the conversation above, because it took place in several other places, apparently.",
        "ts": "1456323766.000290"
    },
    {
        "type": "message",
        "user": "U048T3M8W",
        "text": "When <@U0NGAG7V5> came on board, we got to opportunity to translate from English to Spanish. Now on <http:\/\/bitcointalk.org|bitcointalk.org> the topic \"Topic: [ANN] AMP - The Currency That Powers Your Attention On Synereo  (Read 38658 times)\" is translated into Spanish and posted to Spanish bitcoin related groups.\n\nAlso a twitter account and fb account have been created in order to disseminate Spanish posts. The link in these accounts go back to the ANN topic. And from there readers can go to the Synereo site.\n\nThe blog and the Synereo site can also be translated into Spanish, but the architecture is not ready for that yet.\n\nHope this helps.",
        "ts": "1456324277.000291"
    },
    {
        "type": "message",
        "user": "U04BQ4FMC",
        "text": "Sounds great.  I think we need to add one to G+ as well then, since in addition to the fact that it hosts our hangouts, it is the social network with the MOST likely candidates for early adoption of alternatives to FB, etc.  I think this could be automated.",
        "ts": "1456324800.000292"
    },
    {
        "type": "message",
        "user": "U04BQ4FMC",
        "text": "<@U0NGAG7V5>: - where are you located?",
        "ts": "1456324813.000293"
    },
    {
        "type": "message",
        "user": "U048T3M8W",
        "text": "<@U04BQ4FMC> please create an issue of that in Taiga. Otherwise this idea fades away in the message mess",
        "ts": "1456324881.000294"
    },
    {
        "type": "message",
        "user": "U04BQ4FMC",
        "text": "True - that is a very large problem with using the current fad of places like slack.  Old school forums (with the new tech additions) are WAY better at organizing information.  Wish we would use that instead.  I have to learn Taiga before I do anything there - I have an appointment with <@U0J9CQF9S> tomorrow to do a crash-course on it.",
        "ts": "1456325054.000295",
        "reactions": [
            {
                "name": "+1",
                "users": [
                    "U0474E4KZ"
                ],
                "count": 1
            }
        ]
    },
    {
        "type": "message",
        "user": "U048T3M8W",
        "text": "In todays HOA I would like to spend 4 minutes on it.",
        "ts": "1456325119.000296"
    },
    {
        "type": "message",
        "user": "U04BQ4FMC",
        "text": "I found this one: [ANN] The Epic 420 Alliance Joint Force - United we stand! - but not the other.  DO you have a link?",
        "ts": "1456327824.000297"
    },
    {
        "type": "message",
        "user": "U04BQ4FMC",
        "text": "NM - I found it",
        "ts": "1456330574.000298"
    },
    {
        "type": "message",
        "user": "U0J9CQF9S",
        "text": "<https:\/\/plus.google.com\/hangouts\/_\/hoaevent\/AP36tYfyqJR1dHxNM7BGnuUDu6n40oFFG1WaCgFbm66zq9qUgrjDjQ?eid=109002904706315055045&amp;hl=en&amp;authuser=0>",
        "ts": "1456337732.000299"
    },
    {
        "type": "message",
        "user": "U0J9CQF9S",
        "text": "come in now to catch this presentation",
        "ts": "1456337740.000300"
    },
    {
        "type": "message",
        "user": "U04GDL62L",
        "text": "Too soon for me... See you @ 2pm",
        "ts": "1456337884.000301"
    },
    {
        "type": "message",
        "user": "U04BQ4FMC",
        "text": "<https:\/\/plus.google.com\/hangouts\/_\/hoaevent\/AP36tYfyqJR1dHxNM7BGnuUDu6n40oFFG1WaCgFbm66zq9qUgrjDjQ?eid=109002904706315055045&amp;hl=en&amp;authuser=0>",
        "ts": "1456340660.000302"
    },
    {
        "type": "message",
        "user": "U048X85UT",
        "text": "<@U0FESR742>: in my experience every project tracking tool is deemed \"too unwieldy\" by the team and the team performance often suffered as a result.  In successful projects management enforced the tool on the team.   The important thing is that we use something and I guess github is it.  taiga might extend the utility of github  and might not be rejected if onboarding is done effectively.  ZenHub more directly augments guthub but is no longer free. <https:\/\/www.zenhub.io\/>",
        "ts": "1456342144.000303"
    },
    {
        "type": "message",
        "user": "U048X85UT",
        "text": "trac is an oldie but goody I am familiar with far superior to bugzilla of the day.  I'd be happy is management chose that :stuck_out_tongue: <https:\/\/trac.edgewall.org\/>",
        "ts": "1456342333.000304"
    },
    {
        "type": "message",
        "user": "U048X85UT",
        "text": "slack can potentially be used for project coordination if there are norms we are aware of and follow. <http:\/\/www.makeuseof.com\/tag\/use-slack-project-management-simple-tips\/>",
        "attachments": [
            {
                "service_name": "MakeUseOf",
                "title": "How To Use Slack For Project Management With These Simple Tips",
                "title_link": "http:\/\/www.makeuseof.com\/tag\/use-slack-project-management-simple-tips\/",
                "text": "1 team collaboration service + 1 brainwave = 1 excellent project management tool Have you used (or heard of)\u00a0Slack? This freemium online service ensures that group communication is quick and smooth, and all but takes long group emails out of the equation.\u00a0For quite some time now, we at MakeUseOf have been using Slack for team\u2026",
                "fallback": "MakeUseOf: How To Use Slack For Project Management With These Simple Tips",
                "thumb_url": "http:\/\/cdn.makeuseof.com\/wp-content\/uploads\/2014\/07\/slack-project-management-709x381.jpg?4baaab",
                "from_url": "http:\/\/www.makeuseof.com\/tag\/use-slack-project-management-simple-tips\/",
                "thumb_width": 709,
                "thumb_height": 381,
                "id": 1
            }
        ],
        "ts": "1456342575.000305"
    },
    {
        "type": "message",
        "user": "U0474E4KZ",
        "text": "Marketing Leader position:",
        "ts": "1456344602.000307"
    },
    {
        "type": "message",
        "subtype": "file_share",
        "text": "<@U0474E4KZ|dor> shared a file: <https:\/\/synereonet.slack.com\/files\/dor\/F0MJK599U\/marketingleaderposition|Marketing Leader Position>",
        "file": {
            "id": "F0MJK599U",
            "created": 1455644897,
            "timestamp": 1455644897,
            "name": "Marketingleaderposition",
            "title": "Marketing Leader Position",
            "mimetype": "application\/vnd.google-apps.document",
            "filetype": "gdoc",
            "pretty_type": "GDocs Document",
            "user": "U0474E4KZ",
            "editable": false,
            "size": 1840,
            "mode": "external",
            "is_external": true,
            "external_type": "gdrive",
            "is_public": true,
            "public_url_shared": false,
            "display_as_bot": false,
            "username": "",
            "url_private": "https:\/\/docs.google.com\/document\/d\/1irXhX-gRJth3rEUHz3jDetWlIm6iAHJkUC68AkE_HC8\/edit?usp=drivesdk",
            "thumb_64": "https:\/\/a.slack-edge.com\/66f9\/img\/files\/gdraw_64.png",
            "thumb_360": "https:\/\/a.slack-edge.com\/272a\/img\/files\/gdoc_360.png",
            "thumb_360_w": 360,
            "thumb_360_h": 167,
            "permalink": "https:\/\/synereonet.slack.com\/files\/dor\/F0MJK599U\/marketingleaderposition",
            "channels": [
                "C0KGN7UES",
                "C0474AT8X"
            ],
            "groups": [
    
            ],
            "ims": [
    
            ],
            "comments_count": 0
        },
        "user": "U0474E4KZ",
        "upload": false,
        "display_as_bot": false,
        "username": "<@U0474E4KZ|dor>",
        "bot_id": null,
        "ts": "1456344607.000309"
    },
    {
        "type": "message",
        "user": "U0474E4KZ",
        "text": "<!channel>: help us find a CMO, receive an $800 AMP bounty!",
        "ts": "1456344671.000311"
    },
    {
        "type": "message",
        "user": "U0474E4KZ",
        "text": "Please spread this to your networks.",
        "ts": "1456344676.000312"
    },
    {
        "type": "message",
        "user": "U04BQ4FMC",
        "text": "what does \"@channel\" do?",
        "ts": "1456345172.000313"
    },
    {
        "type": "message",
        "user": "U04BQ4FMC",
        "text": "I was wondering earlier if there was a way to \"@everyone\" on the synereonet slack?",
        "ts": "1456345224.000314"
    },
    {
        "type": "message",
        "user": "U0NGAG7V5",
        "text": "could please someone explain me what is a CMO",
        "ts": "1456345796.000315"
    },
    {
        "type": "message",
        "user": "U04BQ4FMC",
        "text": "chief marketing officer, I think",
        "ts": "1456345892.000316"
    },
    {
        "type": "message",
        "user": "U0HS7GDRC",
        "text": "is there a detailed job description for this CMO position?",
        "ts": "1456346057.000317"
    },
    {
        "type": "message",
        "user": "U0HS7GDRC",
        "text": "oh srry is this it? <https:\/\/docs.google.com\/document\/d\/1irXhX-gRJth3rEUHz3jDetWlIm6iAHJkUC68AkE_HC8\/edit>",
        "ts": "1456346093.000318"
    },
    {
        "type": "message",
        "user": "U04BQ4FMC",
        "text": "that \"marketing leader\" document above, posted by <@U0474E4KZ>",
        "ts": "1456346099.000319"
    },
    {
        "type": "message",
        "user": "U0HS7GDRC",
        "text": "thanks much",
        "ts": "1456346107.000320"
    },
    {
        "type": "message",
        "user": "U0HS7GDRC",
        "text": "is this full time and what sort of compensation range?",
        "ts": "1456346177.000321"
    },
    {
        "type": "message",
        "user": "U04BQ4FMC",
        "text": "I'm guessing \"salary is commensurate with experience\" + \"negotiable\".  :simple_smile:",
        "ts": "1456349564.000322"
    },
    {
        "type": "message",
        "user": "U0J9CQF9S",
        "text": "<https:\/\/youtu.be\/1Pzl6GVMi0Q> slides are in the design channel.",
        "attachments": [
            {
                "service_name": "YouTube",
                "service_url": "https:\/\/www.youtube.com\/",
                "title": "Synereo Design Proposal version 0.1",
                "title_link": "https:\/\/youtu.be\/1Pzl6GVMi0Q",
                "author_name": "Shadow Diamond",
                "author_link": "https:\/\/www.youtube.com\/channel\/UCnh9NMFhn6_EALv-_avgImw",
                "thumb_url": "https:\/\/i.ytimg.com\/vi\/1Pzl6GVMi0Q\/hqdefault.jpg",
                "thumb_width": 480,
                "thumb_height": 360,
                "fallback": "YouTube Video: Synereo Design Proposal version 0.1",
                "video_html": "<iframe width=\"400\" height=\"225\" src=\"https:\/\/www.youtube.com\/embed\/1Pzl6GVMi0Q?feature=oembed&autoplay=1&iv_load_policy=3\" frameborder=\"0\" allowfullscreen><\/iframe>",
                "video_html_width": 400,
                "video_html_height": 225,
                "from_url": "https:\/\/youtu.be\/1Pzl6GVMi0Q",
                "id": 1
            }
        ],
        "ts": "1456352026.000323",
        "reactions": [
            {
                "name": "+1",
                "users": [
                    "U04BQ4FMC"
                ],
                "count": 1
            }
        ]
    },
    {
        "type": "message",
        "user": "U0LGKCX0Q",
        "text": "Your video shdwdm, was very informational and you had pretty good flow. However you did touch on how making a choice of being one with nature and with other human beings. Though you should put more emphasis on how people have a choice like you showed me yesterday. Overall good start ",
        "ts": "1456358816.000325"
    },
    {
        "user": "U0NV50DHQ",
        "type": "message",
        "subtype": "channel_join",
        "text": "<@U0NV50DHQ|tidunn> has joined the channel",
        "ts": "1456369005.000326"
    },
    {
        "type": "message",
        "user": "U0HS7GDRC",
        "text": "<@U04BQ4FMC>:  thanks, i might have some candidates but need a better understanding of the scope.",
        "ts": "1456375671.000327"
    },
    {
        "type": "message",
        "user": "U0HS7GDRC",
        "text": "FYI: new documentary aired on PBS in USA today about big data that includes a segment on FB collecting\/selling data that should be used to move the conversation to synereo... <https:\/\/www.youtube.com\/watch?v=kAZ8lK224Kw>",
        "attachments": [
            {
                "service_name": "YouTube",
                "service_url": "https:\/\/www.youtube.com\/",
                "title": "THE HUMAN FACE OF BIG DATA | Trailer | PBS",
                "title_link": "https:\/\/www.youtube.com\/watch?v=kAZ8lK224Kw",
                "author_name": "PBS",
                "author_link": "https:\/\/www.youtube.com\/user\/PBS",
                "thumb_url": "https:\/\/i.ytimg.com\/vi\/kAZ8lK224Kw\/hqdefault.jpg",
                "thumb_width": 480,
                "thumb_height": 360,
                "fallback": "YouTube Video: THE HUMAN FACE OF BIG DATA | Trailer | PBS",
                "video_html": "<iframe width=\"400\" height=\"225\" src=\"https:\/\/www.youtube.com\/embed\/kAZ8lK224Kw?feature=oembed&autoplay=1&iv_load_policy=3\" frameborder=\"0\" allowfullscreen><\/iframe>",
                "video_html_width": 400,
                "video_html_height": 225,
                "from_url": "https:\/\/www.youtube.com\/watch?v=kAZ8lK224Kw",
                "id": 1
            }
        ],
        "ts": "1456376267.000328"
    }
]