[
    {
        "user": "U0TK16V7V",
        "type": "message",
        "subtype": "channel_join",
        "text": "<@U0TK16V7V|hitman001> has joined the channel",
        "ts": "1458291206.000221"
    },
    {
        "type": "message",
        "user": "U04BQ4FMC",
        "text": "Hey <!everyone> !  Please answer the following questions:\n\n*What are the Top 3 project management sites\/apps that you know?*  (including slack apps, or alternatives)\n\n*Are you willing to do tasks for Synereo and be paid in AMPs?*",
        "ts": "1458327591.000222"
    },
    {
        "type": "message",
        "user": "U0RLW7CCC",
        "text": "Hi- Slack integrates well with Taiga: <https:\/\/taiga.io\/support\/slack-integration\/> Github is great project management tool with the right framework and documentation methods, using the wiki\u2019s and other integrations. I am willing to do tasks for Synereo and to be paid in AMPs! High-level business development\/strategy, UI\/UX, Marketing, Design, Content Development for channels, anything really. Happy to help.",
        "attachments": [
            {
                "title": "Taiga.Io Support ",
                "title_link": "https:\/\/taiga.io\/support\/slack-integration\/",
                "text": "^Taiga support page for users looking for help",
                "fallback": "Taiga.Io Support ",
                "from_url": "https:\/\/taiga.io\/support\/slack-integration\/",
                "id": 1
            }
        ],
        "ts": "1458328221.000223",
        "reactions": [
            {
                "name": "clap",
                "users": [
                    "U04BQ4FMC",
                    "U0474E4KZ"
                ],
                "count": 2
            },
            {
                "name": "muscle",
                "users": [
                    "U04BQ4FMC"
                ],
                "count": 1
            },
            {
                "name": "heart_eyes",
                "users": [
                    "U04BQ4FMC"
                ],
                "count": 1
            }
        ]
    },
    {
        "type": "message",
        "user": "U0474E4KZ",
        "text": "Can you use this document? <https:\/\/docs.google.com\/document\/d\/1lEVSwUmaMtfuAw_QqWU14B3omewUSRA2OAWZYkm-i84\/edit>",
        "ts": "1458328436.000225"
    },
    {
        "type": "message",
        "subtype": "file_share",
        "text": "<@U0474E4KZ|dor> shared a file: <https:\/\/synereonet.slack.com\/files\/dor\/F0TRCQRKQ\/listofskillsetsavailabletosynereo|List of skillsets available to Synereo>",
        "file": {
            "id": "F0TRCQRKQ",
            "created": 1458328437,
            "timestamp": 1458328437,
            "name": "ListofskillsetsavailabletoSynereo",
            "title": "List of skillsets available to Synereo",
            "mimetype": "application\/vnd.google-apps.document",
            "filetype": "gdoc",
            "pretty_type": "GDocs Document",
            "user": "U0474E4KZ",
            "editable": false,
            "size": 1783,
            "mode": "external",
            "is_external": true,
            "external_type": "gdrive",
            "is_public": true,
            "public_url_shared": false,
            "display_as_bot": false,
            "username": "",
            "url_private": "https:\/\/docs.google.com\/document\/d\/1lEVSwUmaMtfuAw_QqWU14B3omewUSRA2OAWZYkm-i84\/edit?usp=drivesdk",
            "thumb_64": "https:\/\/a.slack-edge.com\/66f9\/img\/files\/gdraw_64.png",
            "thumb_360": "https:\/\/a.slack-edge.com\/272a\/img\/files\/gdoc_360.png",
            "thumb_360_w": 360,
            "thumb_360_h": 167,
            "permalink": "https:\/\/synereonet.slack.com\/files\/dor\/F0TRCQRKQ\/listofskillsetsavailabletosynereo",
            "channels": [
                "C0474AT8X"
            ],
            "groups": [
    
            ],
            "ims": [
    
            ],
            "comments_count": 0,
            "reactions": [
                {
                    "name": "sunglasses",
                    "users": [
                        "U04BQ4FMC"
                    ],
                    "count": 1
                }
            ]
        },
        "user": "U0474E4KZ",
        "upload": false,
        "display_as_bot": false,
        "username": "<@U0474E4KZ|dor>",
        "bot_id": null,
        "ts": "1458328437.000226"
    },
    {
        "type": "message",
        "user": "U04BQ4FMC",
        "text": "<@U0RLW7CCC>:  - have you set up Taiga for a group before?  Tweak things, personalize, make it easy to on-board new people, etc..",
        "ts": "1458328659.000228"
    },
    {
        "type": "message",
        "user": "U06NC7EGM",
        "text": "The most reputable one that I know and experienced in enterprise world is JIRA",
        "ts": "1458328769.000229"
    },
    {
        "type": "message",
        "user": "U0RLW7CCC",
        "text": "I have done this before, and I have some great ideas for the onboarding process specific to these applications, and in general. I am having an intro chat with <@U0PCK9TKL> in a few, and will get his insight into this as well. I would love to help deliver a streamlined project management system in this way.",
        "ts": "1458328836.000230",
        "reactions": [
            {
                "name": "+1",
                "users": [
                    "U0474E4KZ"
                ],
                "count": 1
            }
        ]
    },
    {
        "type": "message",
        "user": "U04BQ4FMC",
        "text": "If you give a rough estimate of the time you think it will take you, we will set up a bounty for this ASAP - it is one of our top priorities in the community  <@U0RLW7CCC>",
        "ts": "1458328982.000231"
    },
    {
        "type": "message",
        "user": "U0HS7GDRC",
        "text": "As far as project management goes i've used microsoft project, and more recently basecamp and asana",
        "ts": "1458329968.000232"
    },
    {
        "type": "message",
        "user": "U0RLW7CCC",
        "text": "Sounds good. I will do that immediately, and will be able to dedicate significant time to this project over the weekend. I understand the urgency to get this set-up, approved, and distributed to all the communication channels to improve the entire onboarding experience. I will include a list of initial questions so we can develop a somewhat formal requirements brief that itemizes the deliverables for a successfully completed project. Back to you soon.",
        "ts": "1458329988.000233"
    },
    {
        "type": "message",
        "user": "U0PCK9TKL",
        "text": "We use atlassian and taiga ",
        "ts": "1458329995.000234"
    },
    {
        "type": "message",
        "user": "U0PCK9TKL",
        "text": "Atlassian is reserved for the design\/dev team",
        "ts": "1458330018.000235"
    },
    {
        "type": "message",
        "user": "U04BQ4FMC",
        "text": "forgot this, <@U0RLW7CCC>  <https:\/\/tree.taiga.io\/project\/synereo-synpm\/kanban>",
        "attachments": [
            {
                "service_name": "Taiga - Love your projects",
                "title": "Kanban - Synereo PM",
                "title_link": "https:\/\/tree.taiga.io\/project\/synereo-synpm\/kanban",
                "text": "The kanban panel, with user stories of the project Synereo PM: A community facing project and issue tracking tool to surface work in flight and community needs as we create the distributed decentralized social network we're all so excited about. Aiming for a user driven reset of the Internet as we...",
                "fallback": "Taiga - Love your projects: Kanban - Synereo PM",
                "thumb_url": "https:\/\/tree.taiga.io\/v-1457941248671\/images\/logo-color.png",
                "from_url": "https:\/\/tree.taiga.io\/project\/synereo-synpm\/kanban",
                "thumb_width": 300,
                "thumb_height": 300,
                "id": 1
            }
        ],
        "ts": "1458330371.000236"
    },
    {
        "type": "message",
        "user": "U0RLW7CCC",
        "text": "Sweet. Kanban works so well as a layer within P.M. I\u2019ll get a sense of the Dev\u2019s preference for core dashboard features to highlight as we customize the various dash interface options. Would be awesome to be able to leveredge the @\/# and Pi Calculus Syntax into the core workflow. First things first.",
        "ts": "1458330554.000238"
    },
    {
        "type": "message",
        "user": "U04BQ4FMC",
        "text": "Yes.  And keep in mind what DJ said: the actual Dev team is using a better program, and will be separate from this one.  So we can eliminate a lot of the things &amp; terminology of the dev perspective - this is for \"everything else\".",
        "ts": "1458330660.000239"
    },
    {
        "type": "message",
        "user": "U04BQ4FMC",
        "text": "<@U06NC7EGM>: , <@U0HS7GDRC> - do you have links for those?  Also, what do you think of them compared head-to-head with Taiga?  We have some momentum with that one already, and especially now that we have someone who can get it running better, the choice becomes harder to make to change that.  Additionally, cost is a factor.\n\nAre either of you available for task-for-AMP bounties?",
        "ts": "1458330855.000240"
    },
    {
        "type": "message",
        "user": "U0HS7GDRC",
        "text": "sure thing, checkout <http:\/\/asana.com|asana.com> and <http:\/\/basecamp.com|basecamp.com> ...I don't have any experience with Taiga, but am available to work for AMPs",
        "ts": "1458330942.000241",
        "reactions": [
            {
                "name": "white_check_mark",
                "users": [
                    "U04BQ4FMC"
                ],
                "count": 1
            },
            {
                "name": "heart",
                "users": [
                    "U04BQ4FMC"
                ],
                "count": 1
            }
        ]
    },
    {
        "type": "message",
        "user": "U048X85UT",
        "text": "I suggest we should use an opensource tool that the community can run <https:\/\/tree.taiga.io\/project\/synereo-synpm\/> is fine,  <http:\/\/www.redmine.org\/> handels dependencies better, or I have had my best experience with <https:\/\/en.wikipedia.org\/wiki\/Trac.>  It's largely the \"baby duck\" syndrome, everyone wants to use what they are familiar with.  We just need to choose one, and develop norms for how we use it.  The norms are important, not which tool we use.  There will be a tool for the community at large and other tools used for special puposes.  No one tool does everything well.  We have started with tiaga, which has its plusses.  I see no compelling reason to change.\n\nSure, I'd love to get AMPs for what I want to do for synereo :simple_smile:",
        "attachments": [
            {
                "service_name": "Taiga - Love your projects",
                "title": "Synereo PM",
                "title_link": "https:\/\/tree.taiga.io\/project\/synereo-synpm\/",
                "text": "A community facing project and issue tracking tool to surface work in flight and community needs as we create the distributed decentralized social network we're all so excited about. Aiming for a user driven reset of the Internet as we know it with respect for privacy and the attention economy....",
                "fallback": "Taiga - Love your projects: Synereo PM",
                "thumb_url": "https:\/\/tree.taiga.io\/v-1457941248671\/images\/logo-color.png",
                "from_url": "https:\/\/tree.taiga.io\/project\/synereo-synpm\/",
                "thumb_width": 300,
                "thumb_height": 300,
                "id": 1
            },
            {
                "title": "Overview - Redmine",
                "title_link": "http:\/\/www.redmine.org\/",
                "text": "Redmine",
                "fallback": "Overview - Redmine",
                "from_url": "http:\/\/www.redmine.org\/",
                "id": 2
            }
        ],
        "ts": "1458331335.000242",
        "reactions": [
            {
                "name": "+1",
                "users": [
                    "U04BQ4FMC",
                    "U04GDL62L"
                ],
                "count": 2
            }
        ]
    },
    {
        "type": "message",
        "user": "U048X85UT",
        "text": "we might create separate taiga teams for different purposes.  I am on several taiga teams and it is nice to have them consolidated.  The content can easily be exported to our community run taiga later.",
        "ts": "1458331616.000244"
    },
    {
        "type": "message",
        "user": "U06NC7EGM",
        "text": "<@U04BQ4FMC>: jira is an Atlassian tool, every company dev project I have been on used jira. But I'm working on big scale company projects so usually requirements are complex. <https:\/\/www.atlassian.com\/software\/jira\/>  I'm not sure what you mean by task, setting up the tool with specific lifecycle workflow?",
        "attachments": [
            {
                "service_name": "Atlassian",
                "title": "JIRA Software - Issue &amp; Project Tracking for Software Teams | Atlassian",
                "title_link": "https:\/\/www.atlassian.com\/software\/jira\/",
                "text": "JIRA Software offers flexible issue and project tracking with best-in-class agile tooling for software teams. Enable your team with the #1 software development tool used by agile teams.",
                "fallback": "Atlassian: JIRA Software - Issue &amp; Project Tracking for Software Teams | Atlassian",
                "thumb_url": "https:\/\/www.atlassian.com\/dam\/jcr:b544631f-b225-441b-9e05-57b7fd0d495b\/JIRA_navy.png",
                "from_url": "https:\/\/www.atlassian.com\/software\/jira\/",
                "thumb_width": 400,
                "thumb_height": 400,
                "id": 1
            }
        ],
        "ts": "1458331973.000245"
    },
    {
        "type": "message",
        "user": "U04BQ4FMC",
        "text": "- if you are a dev, we should send you to <@U0474E4KZ>",
        "ts": "1458332049.000247"
    },
    {
        "type": "message",
        "user": "U0PCK9TKL",
        "text": "or <@U06AAH8F3> he runs jira",
        "ts": "1458332067.000248"
    },
    {
        "type": "message",
        "user": "U04BQ4FMC",
        "text": "we have work to do at all levels!",
        "ts": "1458332090.000249"
    },
    {
        "type": "message",
        "user": "U06NC7EGM",
        "text": "I'm actually a software architect but have very limited time, however I am open to suggestions for partial strategy help at first",
        "ts": "1458332092.000250"
    },
    {
        "type": "message",
        "user": "U0PCK9TKL",
        "text": "what languages do you work with?",
        "ts": "1458332118.000251"
    },
    {
        "type": "message",
        "user": "U06NC7EGM",
        "text": "technologies I work with are based on java and springframework, but when it comes to the overall ecosystem I've seen most of the front-end languages as well. I am a specialist of SAP hybris, so e-commerce related integrations and such",
        "ts": "1458332182.000252"
    },
    {
        "type": "message",
        "user": "U04BQ4FMC",
        "text": "as far as organizational tasks, I think the Dev team is doing fine - not sure.  I think they could break down tasks though..",
        "ts": "1458332203.000253"
    },
    {
        "type": "message",
        "user": "U0PCK9TKL",
        "text": "mika youll want to shoot a message to <@U0474E4KZ> or <@U06AAH8F3> explaining who you are what time constraints you have and what they need help with from a development end.",
        "ts": "1458332264.000254"
    },
    {
        "type": "message",
        "user": "U06NC7EGM",
        "text": "yup I got this thanks, I'll see when I can find some free time. meanwhile I am just an investor like everyone else but happy to help if I can,  I'll check this slack from times to times :wink:",
        "ts": "1458332361.000255",
        "reactions": [
            {
                "name": "simple_smile",
                "users": [
                    "U04BQ4FMC",
                    "U0474E4KZ",
                    "U04GDL62L"
                ],
                "count": 3
            }
        ]
    },
    {
        "type": "message",
        "user": "U0474AT8P",
        "text": "I agree with Jira is pretty good",
        "ts": "1458332998.000256"
    },
    {
        "type": "message",
        "user": "U0474AT8P",
        "text": "However could be a little complicated to setup",
        "ts": "1458333013.000257"
    },
    {
        "type": "message",
        "user": "U04BQ4FMC",
        "text": "<@U0HS7GDRC>: - what about you?  what skills do you bring to the table?  connections..?  etc",
        "ts": "1458333029.000258"
    },
    {
        "type": "message",
        "user": "U0HS7GDRC",
        "text": "I\u2019ve done a lot of software architecture and project\/product management and built customer acquisition strategies using SEO, paid advertising and other online\/offline methods and tricks. Also, corporate marketing training classes, more here: <http:\/\/semtraining.com> and helped raise money for startups, here: <http:\/\/crowdsale.co> and <https:\/\/twitter.com\/COdomainnames>",
        "attachments": [
            {
                "title": "Crowdsale.co \u00bb Helping companies raise money through crowdsales.",
                "title_link": "http:\/\/crowdsale.co",
                "text": "Helping companies raise money through crowdsales.",
                "fallback": "Crowdsale.co \u00bb Helping companies raise money through crowdsales.",
                "from_url": "http:\/\/crowdsale.co",
                "id": 1
            },
            {
                "title": "Phil Maher (@COdomainnames) | Twitter",
                "title_link": "https:\/\/twitter.com\/COdomainnames",
                "text": "The latest Tweets from Phil Maher (@COdomainnames). Specializing in 1930s - 70s Vintage 4k Video &amp; Stock Footage for Digital Filmmakers, TV Film &amp; Post-Production, Advertising Agencies &amp; Political Campaigns. Denver, CO",
                "fallback": "Phil Maher (@COdomainnames) | Twitter",
                "from_url": "https:\/\/twitter.com\/COdomainnames",
                "id": 2
            }
        ],
        "ts": "1458333123.000259",
        "reactions": [
            {
                "name": "+1",
                "users": [
                    "U04BQ4FMC"
                ],
                "count": 1
            }
        ]
    },
    {
        "type": "message",
        "user": "U04BQ4FMC",
        "text": "Awesome!  Just the things we need right now.  We'll be in touch..  :simple_smile:",
        "ts": "1458333458.000261"
    },
    {
        "type": "message",
        "user": "U048X85UT",
        "text": "I used jira just once,  the problems were similar to other choices w.r.t. adoption. Its not open source. I suggest we use open source.  The taiga UX is much better in my view.",
        "ts": "1458336614.000262"
    },
    {
        "type": "message",
        "user": "U0QANLBM3",
        "text": "<@U04BQ4FMC>:  answering to the questions AMPs are ok for me also :smiley: My point is to  make synereo works :smiley:",
        "ts": "1458338604.000263"
    }
]