[
    {
        "type": "message",
        "user": "U0474E4KZ",
        "text": "MaidSafe are doing a nice job with their Twitter. <https:\/\/twitter.com\/maidsafe?ref_src=twsrc%5Etfw> <@U0FESR742>",
        "attachments": [
            {
                "text": "The latest Tweets from MaidSafe (@maidsafe). Privacy. Security. Freedom",
                "fallback": "The latest Tweets from MaidSafe (@maidsafe). Privacy. Security. Freedom",
                "from_url": "https:\/\/twitter.com\/maidsafe?ref_src=twsrc%5Etfw",
                "id": 1
            }
        ],
        "ts": "1453207210.000616"
    },
    {
        "type": "message",
        "user": "U048T3M8W",
        "text": "Is there anybody who reads the summary of the Hangouts? \nIf so are you happy with the style? \nOr do you wanna help in editing this stuff?",
        "ts": "1453211642.000618"
    },
    {
        "type": "message",
        "user": "U048T3M8W",
        "text": "<http:\/\/blog.synereo.com>",
        "attachments": [
            {
                "text": "The Decentralized and Distributed Social Network",
                "fallback": "The Decentralized and Distributed Social Network",
                "from_url": "http:\/\/blog.synereo.com",
                "id": 1
            }
        ],
        "ts": "1453211718.000619",
        "reactions": [
            {
                "name": "+1",
                "users": [
                    "U0FESR742",
                    "U0474E4KZ"
                ],
                "count": 2
            }
        ]
    }
]