[
    {
        "type": "message",
        "user": "U048X85UT",
        "text": "comment, contribute, do it, get it done, define your role., become it.  :simple_smile:",
        "ts": "1453122688.000614"
    },
    {
        "type": "message",
        "user": "U048X85UT",
        "text": "<@U0FESR742>:  this will be submitted Wednesday. Help make this perfect so we get the money.  I am totally busy at at&amp;t deploying two biometric use cases until feb 10.  Others must carry the ball until them. Thanks.",
        "ts": "1453122766.000615",
        "reactions": [
            {
                "name": "+1",
                "users": [
                    "U0FESR742"
                ],
                "count": 1
            }
        ]
    }
]