[
    {
        "type": "message",
        "user": "U0474E4KZ",
        "text": "New post blogged. <http:\/\/blog.synereo.com\/2016\/01\/12\/Synereo-Update\/>",
        "attachments": [
            {
                "text": "Update Summary",
                "fallback": "Update Summary",
                "from_url": "http:\/\/blog.synereo.com\/2016\/01\/12\/Synereo-Update\/",
                "id": 1
            }
        ],
        "ts": "1453306737.000621"
    },
    {
        "type": "message",
        "user": "U0474E4KZ",
        "text": "Thanks Scribes! :heart:",
        "ts": "1453306739.000623"
    },
    {
        "type": "message",
        "user": "U0474E4KZ",
        "text": "<@U048T3M8W>: we send the weekly update to our entire mailing list. Hundreds of people just from that list read it weekly at the minimum.",
        "edited": {
            "user": "U0474E4KZ",
            "ts": "1453306797.000000"
        },
        "ts": "1453306785.000624"
    },
    {
        "type": "message",
        "user": "U0474E4KZ",
        "text": "We have 2200+ mailing list subscribers and the lowest rate we ever got was 25% (on Christmas :simple_smile: ).",
        "edited": {
            "user": "U0474E4KZ",
            "ts": "1453306978.000000"
        },
        "ts": "1453306966.000626"
    },
    {
        "type": "message",
        "user": "U048T3M8W",
        "text": "Wonderful",
        "ts": "1453316117.000628"
    },
    {
        "type": "message",
        "user": "U0474AYFT",
        "text": "Here's today's Synereo Community Hangout participants' link: <https:\/\/plus.google.com\/hangouts\/_\/hoaevent\/AP36tYet1ATfPNR42PTcq_txIEyEyQrPedN9M4OtJTzxw6nhnDGaiA?eid=109002904706315055045&amp;hl=en&amp;authuser=1>",
        "ts": "1453316425.000629"
    },
    {
        "type": "message",
        "user": "U0FESR742",
        "text": "Hey Guys, Dinah said to get in touch with her to help on UI ... how do we reach her?",
        "ts": "1453322372.000630"
    },
    {
        "type": "message",
        "user": "U048T3M8W",
        "text": "mail her at <mailto:dina@viryakala.com|dina@viryakala.com>",
        "ts": "1453322436.000631"
    },
    {
        "type": "message",
        "user": "U0FESR742",
        "text": "Is that the mailing address we want to put on communications?",
        "ts": "1453322904.000632"
    },
    {
        "type": "message",
        "user": "U048T3M8W",
        "text": "maybe ask <@U0JA3NQ11> herself?",
        "ts": "1453356408.000633"
    }
]