[
    {
        "type": "message",
        "user": "U0474E4KZ",
        "text": "<@U0HS7GDRC>, we're looking for someone to eventually work full time. Can start with less. ",
        "ts": "1456391393.000330"
    },
    {
        "type": "message",
        "user": "U0474E4KZ",
        "text": "Let me know if you have any other question. ",
        "ts": "1456391983.000331"
    },
    {
        "type": "message",
        "user": "U0NGAG7V5",
        "text": "Hi dor, what do you think about translate the synereo web page. is it a priority or there are most important things to translate?",
        "ts": "1456396575.000332"
    },
    {
        "type": "message",
        "user": "U0474E4KZ",
        "text": "That would be great. We want to update the site soon, and then we can start detecting user language and serving the right version. ",
        "ts": "1456399263.000333"
    },
    {
        "type": "message",
        "user": "U0NGAG7V5",
        "text": "then i will create an issue in taiga and will work in it",
        "ts": "1456402141.000334"
    },
    {
        "type": "message",
        "user": "U048T3M8W",
        "text": "Hi, To whom it may concern, I cannot join the intermediate hangout today.",
        "ts": "1456411973.000335"
    },
    {
        "type": "message",
        "subtype": "file_share",
        "text": "<@U0J9CQF9S|shdwdm> uploaded a file: <https:\/\/synereonet.slack.com\/files\/shdwdm\/F0P29AA2V\/5ritef0.gif|5RITeF0.gif> and commented: someone posted this gif as a response to the bitcoin blocksize debate.",
        "file": {
            "id": "F0P29AA2V",
            "created": 1456415482,
            "timestamp": 1456415482,
            "name": "5RITeF0.gif",
            "title": "5RITeF0.gif",
            "mimetype": "image\/gif",
            "filetype": "gif",
            "pretty_type": "GIF",
            "user": "U0J9CQF9S",
            "editable": false,
            "size": 500633,
            "mode": "hosted",
            "is_external": false,
            "external_type": "",
            "is_public": true,
            "public_url_shared": false,
            "display_as_bot": false,
            "username": "",
            "url_private": "https:\/\/files.slack.com\/files-pri\/T0474AT8K-F0P29AA2V\/5ritef0.gif?t=xoxe-4242367291-28095460608-28095460624-739c22ae7e",
            "url_private_download": "https:\/\/files.slack.com\/files-pri\/T0474AT8K-F0P29AA2V\/download\/5ritef0.gif?t=xoxe-4242367291-28095460608-28095460624-739c22ae7e",
            "thumb_64": "https:\/\/files.slack.com\/files-tmb\/T0474AT8K-F0P29AA2V-0b22528970\/5ritef0_64.png?t=xoxe-4242367291-28095460608-28095460624-739c22ae7e",
            "thumb_80": "https:\/\/files.slack.com\/files-tmb\/T0474AT8K-F0P29AA2V-0b22528970\/5ritef0_80.png?t=xoxe-4242367291-28095460608-28095460624-739c22ae7e",
            "thumb_360": "https:\/\/files.slack.com\/files-tmb\/T0474AT8K-F0P29AA2V-0b22528970\/5ritef0_360.png?t=xoxe-4242367291-28095460608-28095460624-739c22ae7e",
            "thumb_360_w": 245,
            "thumb_360_h": 209,
            "thumb_160": "https:\/\/files.slack.com\/files-tmb\/T0474AT8K-F0P29AA2V-0b22528970\/5ritef0_160.png?t=xoxe-4242367291-28095460608-28095460624-739c22ae7e",
            "image_exif_rotation": 1,
            "original_w": 245,
            "original_h": 209,
            "permalink": "https:\/\/synereonet.slack.com\/files\/shdwdm\/F0P29AA2V\/5ritef0.gif",
            "permalink_public": "https:\/\/slack-files.com\/T0474AT8K-F0P29AA2V-7d897c5716",
            "channels": [
                "C0474AT8X"
            ],
            "groups": [
    
            ],
            "ims": [
    
            ],
            "comments_count": 1,
            "initial_comment": {
                "id": "Fc0P29JWJ2",
                "created": 1456415482,
                "timestamp": 1456415482,
                "user": "U0J9CQF9S",
                "comment": "someone posted this gif as a response to the bitcoin blocksize debate."
            }
        },
        "user": "U0J9CQF9S",
        "upload": true,
        "display_as_bot": false,
        "username": "<@U0J9CQF9S|shdwdm>",
        "bot_id": null,
        "ts": "1456415484.000336"
    },
    {
        "type": "message",
        "user": "U0J9CQF9S",
        "text": "<http:\/\/www.nodecounter.com\/#block_explorer>",
        "ts": "1456415725.000337"
    },
    {
        "type": "message",
        "user": "U0J9CQF9S",
        "text": "we switched to google hangout if anyone wants to join us for the workshop",
        "ts": "1456417277.000338"
    },
    {
        "type": "message",
        "user": "U04BQ4FMC",
        "text": "<https:\/\/plus.google.com\/hangouts\/_\/i4lzi2obozb7nesm5s2ak6vazua?hl=en&amp;authuser=0>",
        "ts": "1456417428.000339"
    },
    {
        "type": "message",
        "user": "U0J9CQF9S",
        "text": "anyone want to see something cool?",
        "ts": "1456432354.000340"
    },
    {
        "type": "message",
        "user": "U0J9CQF9S",
        "text": "<http:\/\/www.twitch.tv\/synereo> setup a twitch channel. If we can raise 50,000 in a month i wont join the navy and will become the communication director or marketing manager for synereo.",
        "ts": "1456434308.000341"
    },
    {
        "type": "message",
        "user": "U0J9CQF9S",
        "text": "im going to leave it infinitely looping i suggest we move our chat room over there. Perhaps try to get as many active users as possible. Then we can direct people out to taiga and slack.",
        "ts": "1456434384.000342"
    },
    {
        "type": "message",
        "user": "U0J9CQF9S",
        "text": "People then can donate money to the project with a simple click to paypal.",
        "ts": "1456434493.000343"
    },
    {
        "type": "message",
        "user": "U0J9CQF9S",
        "text": "We need to create some dope videos and have them up playing always. I also can livestream the google hangouts\/jitsi. because I can capture any audio source on my computer.",
        "ts": "1456434537.000344"
    },
    {
        "type": "message",
        "user": "U0J9CQF9S",
        "text": "This is the best hack i can provide for synereo...",
        "ts": "1456434549.000345"
    },
    {
        "type": "message",
        "subtype": "file_share",
        "text": "<@U0J9CQF9S|shdwdm> uploaded a file: <https:\/\/synereonet.slack.com\/files\/shdwdm\/F0P3WQR0C\/maxresdefault.jpg|maxresdefault.jpg>",
        "file": {
            "id": "F0P3WQR0C",
            "created": 1456434590,
            "timestamp": 1456434590,
            "name": "maxresdefault.jpg",
            "title": "maxresdefault.jpg",
            "mimetype": "image\/jpeg",
            "filetype": "jpg",
            "pretty_type": "JPEG",
            "user": "U0J9CQF9S",
            "editable": false,
            "size": 77164,
            "mode": "hosted",
            "is_external": false,
            "external_type": "",
            "is_public": true,
            "public_url_shared": false,
            "display_as_bot": false,
            "username": "",
            "url_private": "https:\/\/files.slack.com\/files-pri\/T0474AT8K-F0P3WQR0C\/maxresdefault.jpg?t=xoxe-4242367291-28095460608-28095460624-739c22ae7e",
            "url_private_download": "https:\/\/files.slack.com\/files-pri\/T0474AT8K-F0P3WQR0C\/download\/maxresdefault.jpg?t=xoxe-4242367291-28095460608-28095460624-739c22ae7e",
            "thumb_64": "https:\/\/files.slack.com\/files-tmb\/T0474AT8K-F0P3WQR0C-a7cb4ae327\/maxresdefault_64.jpg?t=xoxe-4242367291-28095460608-28095460624-739c22ae7e",
            "thumb_80": "https:\/\/files.slack.com\/files-tmb\/T0474AT8K-F0P3WQR0C-a7cb4ae327\/maxresdefault_80.jpg?t=xoxe-4242367291-28095460608-28095460624-739c22ae7e",
            "thumb_360": "https:\/\/files.slack.com\/files-tmb\/T0474AT8K-F0P3WQR0C-a7cb4ae327\/maxresdefault_360.jpg?t=xoxe-4242367291-28095460608-28095460624-739c22ae7e",
            "thumb_360_w": 360,
            "thumb_360_h": 203,
            "thumb_480": "https:\/\/files.slack.com\/files-tmb\/T0474AT8K-F0P3WQR0C-a7cb4ae327\/maxresdefault_480.jpg?t=xoxe-4242367291-28095460608-28095460624-739c22ae7e",
            "thumb_480_w": 480,
            "thumb_480_h": 270,
            "thumb_160": "https:\/\/files.slack.com\/files-tmb\/T0474AT8K-F0P3WQR0C-a7cb4ae327\/maxresdefault_160.jpg?t=xoxe-4242367291-28095460608-28095460624-739c22ae7e",
            "thumb_720": "https:\/\/files.slack.com\/files-tmb\/T0474AT8K-F0P3WQR0C-a7cb4ae327\/maxresdefault_720.jpg?t=xoxe-4242367291-28095460608-28095460624-739c22ae7e",
            "thumb_720_w": 720,
            "thumb_720_h": 405,
            "thumb_960": "https:\/\/files.slack.com\/files-tmb\/T0474AT8K-F0P3WQR0C-a7cb4ae327\/maxresdefault_960.jpg?t=xoxe-4242367291-28095460608-28095460624-739c22ae7e",
            "thumb_960_w": 960,
            "thumb_960_h": 540,
            "thumb_1024": "https:\/\/files.slack.com\/files-tmb\/T0474AT8K-F0P3WQR0C-a7cb4ae327\/maxresdefault_1024.jpg?t=xoxe-4242367291-28095460608-28095460624-739c22ae7e",
            "thumb_1024_w": 1024,
            "thumb_1024_h": 576,
            "image_exif_rotation": 1,
            "original_w": 1280,
            "original_h": 720,
            "permalink": "https:\/\/synereonet.slack.com\/files\/shdwdm\/F0P3WQR0C\/maxresdefault.jpg",
            "permalink_public": "https:\/\/slack-files.com\/T0474AT8K-F0P3WQR0C-8b85a7863c",
            "channels": [
                "C0474AT8X"
            ],
            "groups": [
    
            ],
            "ims": [
    
            ],
            "comments_count": 0
        },
        "user": "U0J9CQF9S",
        "upload": true,
        "display_as_bot": false,
        "username": "<@U0J9CQF9S|shdwdm>",
        "bot_id": null,
        "ts": "1456434593.000346"
    },
    {
        "type": "message",
        "user": "U0J9CQF9S",
        "text": "i do recommend getting a few people full time doing this. i would need a staff. having women helps too because its just more eye candy. (i am heterosexual, no offensive to anyone else LGBT)",
        "ts": "1456434658.000347"
    },
    {
        "type": "message",
        "user": "U0J9CQF9S",
        "text": "What ill do is start making more presentation videos and download all the hangouts",
        "ts": "1456435024.000348"
    },
    {
        "type": "message",
        "user": "U0J9CQF9S",
        "text": "specifically need to edit the hangout videos and find the tasty bits",
        "ts": "1456435067.000349"
    },
    {
        "type": "message",
        "user": "U0J9CQF9S",
        "text": "going to need to work with someone who knows how to edit video preferable (adobe premiere\/after effects)",
        "ts": "1456436545.000350"
    },
    {
        "type": "message",
        "user": "U0J9CQF9S",
        "text": "can everyone access this:<http:\/\/www.twitch.tv\/synereo>",
        "ts": "1456437814.000351"
    },
    {
        "type": "message",
        "user": "U0J9CQF9S",
        "text": "$50,000 is a insane amount of money. but if we get this going and have major donations. ill take a cut the rest goes to synereo dev.",
        "ts": "1456442061.000352"
    },
    {
        "type": "message",
        "user": "U0J9CQF9S",
        "text": "call me on jitsi, ventrilo, google hangout to discuss further",
        "ts": "1456446317.000353"
    },
    {
        "type": "message",
        "subtype": "file_share",
        "text": "<@U0J9CQF9S|shdwdm> uploaded a file: <https:\/\/synereonet.slack.com\/files\/shdwdm\/F0P51S8SC\/synereo_final.jpg|Synereo Final.jpg> and commented: Get everyone over to twitch immediately. Stay in the channel.",
        "file": {
            "id": "F0P51S8SC",
            "created": 1456449085,
            "timestamp": 1456449085,
            "name": "Synereo Final.jpg",
            "title": "Synereo Final.jpg",
            "mimetype": "image\/jpeg",
            "filetype": "jpg",
            "pretty_type": "JPEG",
            "user": "U0J9CQF9S",
            "editable": false,
            "size": 415600,
            "mode": "hosted",
            "is_external": false,
            "external_type": "",
            "is_public": true,
            "public_url_shared": false,
            "display_as_bot": false,
            "username": "",
            "url_private": "https:\/\/files.slack.com\/files-pri\/T0474AT8K-F0P51S8SC\/synereo_final.jpg?t=xoxe-4242367291-28095460608-28095460624-739c22ae7e",
            "url_private_download": "https:\/\/files.slack.com\/files-pri\/T0474AT8K-F0P51S8SC\/download\/synereo_final.jpg?t=xoxe-4242367291-28095460608-28095460624-739c22ae7e",
            "thumb_64": "https:\/\/files.slack.com\/files-tmb\/T0474AT8K-F0P51S8SC-d6c7087161\/synereo_final_64.jpg?t=xoxe-4242367291-28095460608-28095460624-739c22ae7e",
            "thumb_80": "https:\/\/files.slack.com\/files-tmb\/T0474AT8K-F0P51S8SC-d6c7087161\/synereo_final_80.jpg?t=xoxe-4242367291-28095460608-28095460624-739c22ae7e",
            "thumb_360": "https:\/\/files.slack.com\/files-tmb\/T0474AT8K-F0P51S8SC-d6c7087161\/synereo_final_360.jpg?t=xoxe-4242367291-28095460608-28095460624-739c22ae7e",
            "thumb_360_w": 278,
            "thumb_360_h": 360,
            "thumb_480": "https:\/\/files.slack.com\/files-tmb\/T0474AT8K-F0P51S8SC-d6c7087161\/synereo_final_480.jpg?t=xoxe-4242367291-28095460608-28095460624-739c22ae7e",
            "thumb_480_w": 371,
            "thumb_480_h": 480,
            "thumb_160": "https:\/\/files.slack.com\/files-tmb\/T0474AT8K-F0P51S8SC-d6c7087161\/synereo_final_160.jpg?t=xoxe-4242367291-28095460608-28095460624-739c22ae7e",
            "thumb_720": "https:\/\/files.slack.com\/files-tmb\/T0474AT8K-F0P51S8SC-d6c7087161\/synereo_final_720.jpg?t=xoxe-4242367291-28095460608-28095460624-739c22ae7e",
            "thumb_720_w": 556,
            "thumb_720_h": 720,
            "thumb_960": "https:\/\/files.slack.com\/files-tmb\/T0474AT8K-F0P51S8SC-d6c7087161\/synereo_final_960.jpg?t=xoxe-4242367291-28095460608-28095460624-739c22ae7e",
            "thumb_960_w": 742,
            "thumb_960_h": 960,
            "image_exif_rotation": 1,
            "original_w": 782,
            "original_h": 1012,
            "permalink": "https:\/\/synereonet.slack.com\/files\/shdwdm\/F0P51S8SC\/synereo_final.jpg",
            "permalink_public": "https:\/\/slack-files.com\/T0474AT8K-F0P51S8SC-0232727302",
            "channels": [
                "C0474AT8X"
            ],
            "groups": [
    
            ],
            "ims": [
    
            ],
            "comments_count": 1,
            "initial_comment": {
                "id": "Fc0P526H2B",
                "created": 1456449085,
                "timestamp": 1456449085,
                "user": "U0J9CQF9S",
                "comment": "Get everyone over to twitch immediately. Stay in the channel."
            }
        },
        "user": "U0J9CQF9S",
        "upload": true,
        "display_as_bot": false,
        "username": "<@U0J9CQF9S|shdwdm>",
        "bot_id": null,
        "ts": "1456449087.000354"
    },
    {
        "type": "message",
        "user": "U0J9CQF9S",
        "text": "Share that everywhere. Tell everyone you know.",
        "ts": "1456450512.000355"
    },
    {
        "type": "message",
        "subtype": "file_share",
        "text": "<@U0J9CQF9S|shdwdm> uploaded a file: <https:\/\/synereonet.slack.com\/files\/shdwdm\/F0P5L7FA6\/twitch_2.0.jpg|twitch 2.0.jpg> and commented: Invite Everyone we need donations :smile:",
        "file": {
            "id": "F0P5L7FA6",
            "created": 1456462538,
            "timestamp": 1456462538,
            "name": "twitch 2.0.jpg",
            "title": "twitch 2.0.jpg",
            "mimetype": "image\/jpeg",
            "filetype": "jpg",
            "pretty_type": "JPEG",
            "user": "U0J9CQF9S",
            "editable": false,
            "size": 494712,
            "mode": "hosted",
            "is_external": false,
            "external_type": "",
            "is_public": true,
            "public_url_shared": false,
            "display_as_bot": false,
            "username": "",
            "url_private": "https:\/\/files.slack.com\/files-pri\/T0474AT8K-F0P5L7FA6\/twitch_2.0.jpg?t=xoxe-4242367291-28095460608-28095460624-739c22ae7e",
            "url_private_download": "https:\/\/files.slack.com\/files-pri\/T0474AT8K-F0P5L7FA6\/download\/twitch_2.0.jpg?t=xoxe-4242367291-28095460608-28095460624-739c22ae7e",
            "thumb_64": "https:\/\/files.slack.com\/files-tmb\/T0474AT8K-F0P5L7FA6-0e966341ef\/twitch_2.0_64.jpg?t=xoxe-4242367291-28095460608-28095460624-739c22ae7e",
            "thumb_80": "https:\/\/files.slack.com\/files-tmb\/T0474AT8K-F0P5L7FA6-0e966341ef\/twitch_2.0_80.jpg?t=xoxe-4242367291-28095460608-28095460624-739c22ae7e",
            "thumb_360": "https:\/\/files.slack.com\/files-tmb\/T0474AT8K-F0P5L7FA6-0e966341ef\/twitch_2.0_360.jpg?t=xoxe-4242367291-28095460608-28095460624-739c22ae7e",
            "thumb_360_w": 360,
            "thumb_360_h": 270,
            "thumb_480": "https:\/\/files.slack.com\/files-tmb\/T0474AT8K-F0P5L7FA6-0e966341ef\/twitch_2.0_480.jpg?t=xoxe-4242367291-28095460608-28095460624-739c22ae7e",
            "thumb_480_w": 480,
            "thumb_480_h": 360,
            "thumb_160": "https:\/\/files.slack.com\/files-tmb\/T0474AT8K-F0P5L7FA6-0e966341ef\/twitch_2.0_160.jpg?t=xoxe-4242367291-28095460608-28095460624-739c22ae7e",
            "thumb_720": "https:\/\/files.slack.com\/files-tmb\/T0474AT8K-F0P5L7FA6-0e966341ef\/twitch_2.0_720.jpg?t=xoxe-4242367291-28095460608-28095460624-739c22ae7e",
            "thumb_720_w": 720,
            "thumb_720_h": 540,
            "thumb_960": "https:\/\/files.slack.com\/files-tmb\/T0474AT8K-F0P5L7FA6-0e966341ef\/twitch_2.0_960.jpg?t=xoxe-4242367291-28095460608-28095460624-739c22ae7e",
            "thumb_960_w": 960,
            "thumb_960_h": 720,
            "image_exif_rotation": 1,
            "original_w": 1014,
            "original_h": 761,
            "permalink": "https:\/\/synereonet.slack.com\/files\/shdwdm\/F0P5L7FA6\/twitch_2.0.jpg",
            "permalink_public": "https:\/\/slack-files.com\/T0474AT8K-F0P5L7FA6-f4c92585c6",
            "channels": [
                "C0474AT8X"
            ],
            "groups": [
    
            ],
            "ims": [
    
            ],
            "comments_count": 2,
            "initial_comment": {
                "id": "Fc0P5H2YBV",
                "created": 1456462538,
                "timestamp": 1456462538,
                "user": "U0J9CQF9S",
                "comment": "Invite Everyone we need donations :smile:"
            }
        },
        "user": "U0J9CQF9S",
        "upload": true,
        "display_as_bot": false,
        "username": "<@U0J9CQF9S|shdwdm>",
        "bot_id": null,
        "ts": "1456462540.000356"
    },
    {
        "type": "message",
        "user": "U0J9CQF9S",
        "text": "   I would really like to assign team members shared access on twitch. My laptop runs at 30% power when I'm streaming. I'll definitely need buy a new one in the future to handle internet broadcasting.",
        "ts": "1456466560.000357"
    },
    {
        "type": "message",
        "user": "U0J9CQF9S",
        "text": "Just need to know when people can donate time to record them working on synereo related tasks, I also want to broadcast jitsi calls to make everything transparent as possible with the twitch community. Go hard or go home.",
        "ts": "1456467239.000358"
    },
    {
        "type": "message",
        "user": "U0J9CQF9S",
        "text": "Since the twitch channel can pick up the google hangout feed you'll also have direct access to a audience. They'll be able to fund proposals live. Instant feedback system.",
        "ts": "1456469649.000359"
    }
]