[
    {
        "type": "message",
        "user": "U0DKBHZN1",
        "text": "<@U09KY5U65>: I invested MUCH more than your 10 BTC. I paid the trading value at the time of the transaction! I didn't get any special price. Got market price! why do you think you are entitled freebie?",
        "ts": "1454409252.000196",
        "reactions": [
            {
                "name": "+1",
                "users": [
                    "U04BQ4FMC"
                ],
                "count": 1
            }
        ]
    },
    {
        "type": "message",
        "user": "U0474E4KZ",
        "text": "\"@dor refuses to negotiate a price\/smart contract with me to buy a private sale of 10 BTC worth of AMPs directly.\" -- Citation needed.",
        "ts": "1454411377.000197"
    },
    {
        "type": "message",
        "user": "U0474E4KZ",
        "text": "Latest weekly update blog post: <http:\/\/blog.synereo.com\/2016\/02\/02\/Synereo-Update\/>",
        "attachments": [
            {
                "text": "Update Summary",
                "fallback": "Update Summary",
                "from_url": "http:\/\/blog.synereo.com\/2016\/02\/02\/Synereo-Update\/",
                "id": 1
            }
        ],
        "ts": "1454441157.000198"
    },
    {
        "type": "message",
        "user": "U09KY5U65",
        "text": "<@U0DKBHZN1>: So you must be the person that took AMP from a $3,000,000 USD marketcap to a $50,00,000 marketcap. It would have been better if you had done a private sale. Then Synereo would have funds to get ready for BTTF or develop something. Plus, you probably pissed off anyone else who paid 6000 satoshi on BITTREX. Tomorrow the price will probably be 2100 satoshi unless new fools are interested in market buying a coin where only 0.02% of total coins are available for sale. You made some BITTREX invetors lose 66% of their money in 1 week.",
        "ts": "1454445855.000200"
    },
    {
        "type": "message",
        "user": "U048T3M8W",
        "text": "<@U09KY5U65> Maybe you could set up a FAQ about the price volatility of AMP's and the moment when to buy them. Because you seem to be the specialist on market movements and you are the most interested in becoming rich. Maybe <@U0474E4KZ> would even be ready to reward your work with some AMP's for such a FAQ (please set it up in .md formatting). You've also  offered your service already for making a good image for Docker and a perfect installation manual. This is very in demand and it will help us all.",
        "ts": "1454446554.000201"
    },
    {
        "type": "message",
        "user": "U0J9CQF9S",
        "text": "face palm",
        "ts": "1454447065.000202"
    },
    {
        "type": "message",
        "user": "U09KY5U65",
        "text": "Dor will just say something like there is a \"Fantastic Bounty\" for any task. He refuses to say how much things are worth. This makes it impossible for me to hire people to fulfill the bounties. If someone had told me there was a _____ AMP bounty for the docker image I would then know. Hey I can hire someone for $500 to get this built. This would be my preferred method of obtaining AMPs.",
        "ts": "1454447197.000203"
    },
    {
        "type": "message",
        "user": "U0J9CQF9S",
        "text": " Those details don't necessarily need to be 100% transparent. why can't point the programmers to dor or synereo and let them decide if they want to take the bounty? why is it a problem that the value of the amps change?  ",
        "ts": "1454447664.000204"
    },
    {
        "type": "message",
        "user": "U048T3M8W",
        "text": "<@U09KY5U65> when you pay a bit more attention then you know already that 50000 AMP's have been paid already for the docker image creation. When you show that you do some useful work you will be rewarded in a generous way.",
        "ts": "1454448183.000205"
    },
    {
        "type": "message",
        "user": "U0DKBHZN1",
        "text": "<@U09KY5U65>: It wasn't me... buying pattern indicates buying were done by multiple buyers. Please \"park\" your \"friends\" life savings with another project. Mmmmm... maybe Dogecoin?",
        "ts": "1454448600.000206"
    },
    {
        "type": "message",
        "user": "U0J9CQF9S",
        "text": "that is strange too. people have been paid already in amps for doing small things here and there. i second what <@U048T3M8W> has said.",
        "ts": "1454449412.000207"
    },
    {
        "type": "message",
        "user": "U09KY5U65",
        "text": "There are many other projects. My advice for him currently is don't buy AMPs. Buy something else. There are many many many other projects. make a profit over the next 6 months. Then buy AMPs on the market once more AMPs are actually available to be freely traded.",
        "ts": "1454449460.000208"
    },
    {
        "type": "message",
        "user": "U09KY5U65",
        "text": "Whether Synereo wants to sell me AMPs or not. The point I made earlier is very important to the success of Synereo. You want slow steady growth.",
        "ts": "1454449492.000209"
    },
    {
        "type": "message",
        "user": "U09KY5U65",
        "text": "If Max Keizer pumps of the price of this coin. Sells it to all his people and then price drops substantially you will have a bunch of angry people. Instead you want happy people who make money and tell their friends to use Synereo.",
        "ts": "1454449566.000210"
    },
    {
        "type": "message",
        "user": "U0J9CQF9S",
        "text": "and that's where the disconnect happens ",
        "ts": "1454449610.000211"
    },
    {
        "type": "message",
        "user": "U09KY5U65",
        "text": "If Max Keizer brings in 10,000 investors. Those people could make money. Then tell 10 friends to use Synereo . That's a possible 100,000 users.",
        "ts": "1454449634.000212"
    },
    {
        "type": "message",
        "user": "U0DKBHZN1",
        "text": "<@U09KY5U65>: Synereo is along term investment. The community here didn't get into the project in order to flip and make quick buck.",
        "ts": "1454449674.000213",
        "reactions": [
            {
                "name": "white_check_mark",
                "users": [
                    "U04BQ4FMC",
                    "U04GDL62L"
                ],
                "count": 2
            }
        ]
    },
    {
        "type": "message",
        "user": "U0J9CQF9S",
        "text": "agreed ^^",
        "ts": "1454449694.000214"
    },
    {
        "type": "message",
        "user": "U048T3M8W",
        "text": "There's a budget available  for \"User Reward Wallet\": 100,000,000 AMPs. It's amplifying and rewarding that you do something for getting this whole thing running. It's not so much about getting rich. Or seeing it as an high opportunity investment. Money is finally such a boring subject. I would prefer to talk about <https:\/\/tree.taiga.io\/project\/lapin7-synereo-community\/> and get fine grained user stories. And that we can see what has to be done and how much progress we're making.",
        "attachments": [
            {
                "service_name": "Taiga - Love your projects",
                "title": "Synereo community",
                "title_link": "https:\/\/tree.taiga.io\/project\/lapin7-synereo-community\/",
                "text": "We want to create a distributed decentralised social network. Finally it aims to reset the Internet with respect for privacy and economy. Creators get rewarded by their consumers in the most direct way.",
                "fallback": "Taiga - Love your projects: Synereo community",
                "thumb_url": "https:\/\/tree.taiga.io\/v-1454330473699\/images\/logo-color.png",
                "from_url": "https:\/\/tree.taiga.io\/project\/lapin7-synereo-community\/",
                "thumb_width": 300,
                "thumb_height": 300,
                "id": 1
            }
        ],
        "ts": "1454450171.000215",
        "reactions": [
            {
                "name": "muscle",
                "users": [
                    "U0474E4KZ"
                ],
                "count": 1
            }
        ]
    },
    {
        "type": "message",
        "user": "U0J9CQF9S",
        "text": "yea true, in the end even if you have x amount of amps if you don't produce content then your value on the network drops based on your rio score. (correct me if I'm wrong) so it's not so much about dropping a bunch of money and walking away. you need to put some real work in.",
        "ts": "1454450476.000217"
    },
    {
        "type": "message",
        "user": "U04BQ4FMC",
        "text": "there are growing number of people who are investing in cryptos - but dont care about what they are connected to",
        "ts": "1454451882.000218"
    },
    {
        "type": "message",
        "user": "U04BQ4FMC",
        "text": "that's not a problem per se",
        "ts": "1454451905.000219"
    },
    {
        "type": "message",
        "user": "U04BQ4FMC",
        "text": "HOWEVER, there is a time-cap for some Amp buyers isnt there? (have to wait if they want to cash them in)",
        "ts": "1454451968.000220"
    },
    {
        "type": "message",
        "user": "U04BQ4FMC",
        "text": "it seems to be a natural consequence of the star-up phase, when the numbers are so small that med to large purchases effect the price",
        "ts": "1454452026.000221"
    },
    {
        "type": "message",
        "user": "U04BQ4FMC",
        "text": "but if that pressure makes the price drop, it has the same effect - no one will sell right away, and they know its more 'long term'",
        "ts": "1454452059.000222"
    },
    {
        "type": "message",
        "user": "U048T3M8W",
        "text": "If you do good work and people profit from it, you get a lot of REO. if you do something again in the network, you don't need at all AMPs to get your work known. Your work will automatically reach a lot of people in the network. If you want to push something bad into the network, you have to persuade people with AMPs to pay some attention to your thing.\nWe will see how this all balances out. But the main thing is that direct relations between producer and consumers get restored. And finally you will talk about prosumers, meaning that both ends are heavily involved in creating whatever seems interesting. \nThe exchange into USD maybe just an intermediate phase. Why would you need dollars in a Synereo global network? So let's get this network up and running. At the moment there's so much work to do, that it's more or less a waste of energy and time to spend on getting rich schemes.",
        "ts": "1454452421.000223"
    },
    {
        "type": "message",
        "user": "U04BQ4FMC",
        "text": "We're talking about different folks here, HJ.  I agree with you, and any hopes for rise in value for my amps is long term, and I intend to produce good content on the network.  But I'd also like to buy a small amount of the investment amps - again, not to sell short-term.",
        "ts": "1454453099.000224"
    },
    {
        "type": "message",
        "user": "U04BQ4FMC",
        "text": "Those investments will give working capital to the network.",
        "ts": "1454453160.000225"
    },
    {
        "type": "message",
        "user": "U048T3M8W",
        "text": "If you read for example this report on block chain tech, from the UK-government then IMHO Synereo is the platform that is needed to realise their applications. So if you go for the money then even an AMP at a price of almost 4 times of the price of the crowd sale is almost nothing. Remember that bitcoin started also at a price of less then a $ cent. And it's potential has not ended. Is 350$ a good price for a bitcoin? It's a never ending discussion. People who bought bitcoin at a price of 10$ were considered as crazy. And when are you going to sell your coins? When an AMP is 1$. I would say just play a bit with it. This price for AMP's will go up and down. It's not the most important thing. Most important is that something is happening within the network and that creative people are attracted by it's features.",
        "ts": "1454453626.000226",
        "reactions": [
            {
                "name": "+1",
                "users": [
                    "U0DKBHZN1",
                    "U0474E4KZ",
                    "U04BB1PCG",
                    "U04GDL62L"
                ],
                "count": 4
            },
            {
                "name": "white_check_mark",
                "users": [
                    "U04BQ4FMC"
                ],
                "count": 1
            }
        ]
    },
    {
        "type": "message",
        "user": "U048T3M8W",
        "text": "<https:\/\/www.gov.uk\/government\/uploads\/system\/uploads\/attachment_data\/file\/492972\/gs-16-1-distributed-ledger-technology.pdf>",
        "edited": {
            "user": "U048T3M8W",
            "ts": "1454453680.000000"
        },
        "ts": "1454453631.000227"
    },
    {
        "type": "message",
        "user": "U0J9CQF9S",
        "text": "^^ agreed",
        "ts": "1454454904.000229"
    }
]