[
    {
        "type": "message",
        "user": "U048T3M8W",
        "text": "Hopefully <@U06AAH8F3> is evaluating Taiga soon and comes up with a conclusion for which PM tool we're going to use. <@U0J9CQF9S> . Through this channel we could start at anytime AV-meetings. <https:\/\/meet.jit.si\/synereosynpm>",
        "attachments": [
            {
                "title": "Jitsi Meet",
                "title_link": "https:\/\/meet.jit.si\/synereosynpm",
                "text": "Join a WebRTC video conference powered by the Jitsi Videobridge",
                "fallback": "Jitsi Meet",
                "from_url": "https:\/\/meet.jit.si\/synereosynpm",
                "thumb_url": "https:\/\/meet.jit.si\/images\/jitsilogo.png?v=1",
                "thumb_width": 68,
                "thumb_height": 31,
                "id": 1
            }
        ],
        "ts": "1454835120.000331"
    },
    {
        "type": "message",
        "user": "U0J9CQF9S",
        "text": "Agreed. I have no objections for what Project Management program we use. Taiga seems good to me. If you can create a scheduling department tab on the Taiga page that would be cool. This allows us to figure out what times people can get on to make meetings and what departments are holding their meetings at their respected time. <@U06AAH8F3> and <@U0JA3NQ11> may be restricted to only certain times or days of the week. <@U0474AYFT> and <@U0474E4KZ> other times during the week.",
        "ts": "1454841275.000333"
    },
    {
        "type": "message",
        "user": "U06AAH8F3",
        "text": "@lapin: <@U0J9CQF9S>: I'm seeing multiple areas of interest here colliding into a single post with some suggestions, decisions, questions, and opinions interspersed. Adding Taiga, Ventrilo, and Jitsi to the G+ Hangouts, Slack, YouTube, <http:\/\/Blog.Synereo.com|Blog.Synereo.com>, et. al. channels over the course of the past few days without a solid plan of attack (be it for marketing, for team collaboration, or for decision tracking) is ill-advised. How about we break apart the previous message into areas of focus within a few Taiga \"Issues\" to gather specific feedback, suggestions, and team expertise designations interwoven to better tackle each point? <@U0J9CQF9S>, can you unpack your previous message into specific issues?",
        "ts": "1454843387.000334"
    },
    {
        "type": "message",
        "user": "U06AAH8F3",
        "text": "Additionally, bear in mind that by \"plan of attack\" I also mean definitions of \"User Stories\" vs. \"Issues\" vs. \"Epics\" vs. \"Tasks\" ... they all mean different things to different team members until we break them apart into what they will mean for the design phase of the exploration vs. the development stage of the product. Likewise, having a \"sizing\" methodology that all team members comprehend and can practice with consistency is something that requires forethought and communication more broadly to be of value to anyone. If anyone on the channel is game, especially <@U048T3M8W>  and <@U0J9CQF9S>, please join me for an unrecorded Hangout together in 8.5 hours ... (12pm Pacific \/\/ 10pm Israel \/\/ 9am NZ)? Hangout link to join --&gt; <http:\/\/bit.ly\/1SBQsJ4>",
        "attachments": [
            {
                "service_name": "GOOGLE HANGOUTS",
                "title": "Join this live Google Hangouts video call",
                "title_link": "http:\/\/bit.ly\/1SBQsJ4",
                "text": "Click to join now. If the call is over, invite your friends to a new one or start a chat with text, photos and emoji.",
                "fallback": "GOOGLE HANGOUTS: Join this live Google Hangouts video call",
                "thumb_url": "https:\/\/www.gstatic.com\/images\/icons\/material\/product\/2x\/hangouts_512dp.png",
                "from_url": "http:\/\/bit.ly\/1SBQsJ4",
                "thumb_width": 1024,
                "thumb_height": 1024,
                "id": 1
            }
        ],
        "ts": "1454844326.000335"
    },
    {
        "type": "message",
        "user": "U0J9CQF9S",
        "text": "I can manage that if you wish to use google hangouts thats fine. :smile:",
        "ts": "1454844542.000337"
    },
    {
        "type": "message",
        "user": "U0J9CQF9S",
        "text": "Taiga: To use it for all project managment puproses. Ventrilo to use it for all audio conferences (Providing a phone line to anyone anywhere at any time). Google hangouts\/Jitsi: video conferencing tool that can be used anywhere at anytime.  Each tool has different uses. Its good to use these tools when needed to complete tasks and track the progress of development.",
        "ts": "1454844820.000338"
    },
    {
        "type": "message",
        "user": "U0J9CQF9S",
        "text": "thats the summary of the first part.",
        "ts": "1454844827.000339"
    },
    {
        "type": "message",
        "user": "U048T3M8W",
        "text": "I will join too. <@U06AAH8F3> You're right that it needs some forethought. Until now <@U0J9CQF9S> and me have been trying out different tools. For different purposes. But we can make them definitive soon. Choices have to made. Also about the terms, jargon that's going to be used.",
        "ts": "1454844901.000340"
    },
    {
        "type": "message",
        "user": "U0J9CQF9S",
        "text": "2. To assign consultants or people inbetween departments and a COO to synthesize information between the design team and ultimately greg or the board of directors. This allows time to be freed up for the design team members or any other department tasked with doing work for synereo. (Instead of answering to multiple people in slack or taiga that have requests; you answer to the consultant who speaks the language that you do). *The person I am interested in bringing on the network as the \u201cdesign\u201d consultant knows he\u2019s shit so to speak. Allowing you to have the conversation you want to truly want to have. AKA &gt; you will finally have meaningful feedback on your designs instead of: \"Yes, I like it or No I don\u2019t like it\".",
        "edited": {
            "user": "U0J9CQF9S",
            "ts": "1454845763.000000"
        },
        "ts": "1454845139.000341"
    },
    {
        "type": "message",
        "user": "U0J9CQF9S",
        "text": "3. Finally from a marketing perspective there is little value of having hour long google hangout discussions on the official youtube channel. Average people or potential employees dont have time to sift through that much data. We need 4 minute \u201cnews updates\u201d and to have google hangouts off site like the one you are planning in the next 8 hours.",
        "ts": "1454845340.000344"
    },
    {
        "type": "message",
        "user": "U0J9CQF9S",
        "text": "I apologize for posting the wall of text. It wont happen again. I am also in agreement with you <@U06AAH8F3> .This sizing methodology is a big issue and needs much \u201cattention\u201d .",
        "edited": {
            "user": "U0J9CQF9S",
            "ts": "1454845936.000000"
        },
        "ts": "1454845422.000345"
    },
    {
        "type": "message",
        "user": "U0474E4KZ",
        "text": "<@U0J9CQF9S>: the challenge with creating shorter videos is similar to the challenge of the Scribe -- finding the most succinct bits, the short video bits that provide the most information, and stringing them together something more palatable.",
        "ts": "1454849218.000349"
    },
    {
        "type": "message",
        "user": "U0474E4KZ",
        "text": "I like the general structure you propose for the task tracking system. If and when we set something like this up, this could be an outstanding task waiting for someone to take care of it.",
        "ts": "1454849248.000350"
    },
    {
        "type": "message",
        "user": "U0474E4KZ",
        "text": "It seems that Taiga isn't too well suited to having different teams with their own tasks.",
        "ts": "1454850079.000351"
    },
    {
        "type": "message",
        "user": "U0J9CQF9S",
        "text": " <@U0474E4KZ> the goal them is to use to task system in taiga to mine the \"succinct bits\" enabling easy quick news flashes to be recorded by Wednesday. that's accomplished  by everyone contributing their work to taiga, then the news department can easily see everything in those feeds, package it up and get it out the door. it makes those processes %80",
        "ts": "1454850105.000352"
    },
    {
        "type": "message",
        "user": "U0474E4KZ",
        "text": "Still exploring.",
        "ts": "1454850130.000353"
    },
    {
        "type": "message",
        "user": "U0J9CQF9S",
        "text": "I think the taiga system needs more tabs ",
        "ts": "1454850137.000354"
    },
    {
        "type": "message",
        "user": "U04BQ4FMC",
        "text": "I also would like to see fewer channels internally - that is, the number that any of us have to check on to stay up to date.\nHowever, for the public, this should be the opposite: we should have as many channels as are viable, duplicating info wherever possible.  This increases exposure.\nAbout exposure: in this pre-beta phase, and for quite a while after it starts, our main group of actual followers is going to be primarily techies, devs, and programmers.  So I'm not worried that the HOAs are very technical.  I agree that we need more \"laymen\" oriented marketing, but it's just too early yet.  In fact, most would get turned off by what we're doing now.\nOnce we get going, we can focus on the MVP angles, which will have a well defined audience.",
        "ts": "1454850188.000355"
    },
    {
        "type": "message",
        "user": "U0J9CQF9S",
        "text": "I don't know what channels people are using for what tasks. My goal is setup conferences and meetings between groups and allow people talk work out long discussions off slack so there is less spam to go through. in order to setup those fewer channels we need things like taiga and ventrilo\/jitsi. ",
        "ts": "1454850473.000356"
    },
    {
        "type": "message",
        "user": "U0J9CQF9S",
        "text": "i want to know everyone's roles and when they have time to answer complex questions. those forms are setup on taiga right now. if we want to specialize those roles further we need to setup departments or channels. then you need leaders or admins on that channel that can then answer to dor Greg or the board of directors.",
        "edited": {
            "user": "U0J9CQF9S",
            "ts": "1454850656.000000"
        },
        "ts": "1454850615.000357"
    },
    {
        "type": "message",
        "user": "U0J9CQF9S",
        "text": "we just need to all decide on a project management system i agree.",
        "ts": "1454850729.000359"
    },
    {
        "type": "message",
        "user": "U0J9CQF9S",
        "text": "dor you can setup a channel on taiga called \"marketing\" for example. then under that tab you can assign \"related tasks\" so it can break down very quickly.",
        "ts": "1454850850.000360"
    },
    {
        "type": "message",
        "user": "U0474E4KZ",
        "text": "I don't see such an option. Do you mean set up a new project?",
        "ts": "1454851414.000361"
    },
    {
        "type": "message",
        "subtype": "file_share",
        "text": "<@U0J9CQF9S|shdwdm> uploaded a file: <https:\/\/synereonet.slack.com\/files\/shdwdm\/F0LG5HVBP\/slack_for_ios_upload.png|Slack for iOS Upload>",
        "file": {
            "id": "F0LG5HVBP",
            "created": 1454851752,
            "timestamp": 1454851752,
            "name": "Slack for iOS Upload.png",
            "title": "Slack for iOS Upload",
            "mimetype": "image\/jpeg",
            "filetype": "jpg",
            "pretty_type": "JPEG",
            "user": "U0J9CQF9S",
            "editable": false,
            "size": 133788,
            "mode": "hosted",
            "is_external": false,
            "external_type": "",
            "is_public": true,
            "public_url_shared": false,
            "display_as_bot": false,
            "username": "",
            "url_private": "https:\/\/files.slack.com\/files-pri\/T0474AT8K-F0LG5HVBP\/slack_for_ios_upload.png?t=xoxe-4242367291-28095460608-28095460624-739c22ae7e",
            "url_private_download": "https:\/\/files.slack.com\/files-pri\/T0474AT8K-F0LG5HVBP\/download\/slack_for_ios_upload.png?t=xoxe-4242367291-28095460608-28095460624-739c22ae7e",
            "thumb_64": "https:\/\/files.slack.com\/files-tmb\/T0474AT8K-F0LG5HVBP-16d1dce56e\/slack_for_ios_upload_64.jpg?t=xoxe-4242367291-28095460608-28095460624-739c22ae7e",
            "thumb_80": "https:\/\/files.slack.com\/files-tmb\/T0474AT8K-F0LG5HVBP-16d1dce56e\/slack_for_ios_upload_80.jpg?t=xoxe-4242367291-28095460608-28095460624-739c22ae7e",
            "thumb_360": "https:\/\/files.slack.com\/files-tmb\/T0474AT8K-F0LG5HVBP-16d1dce56e\/slack_for_ios_upload_360.jpg?t=xoxe-4242367291-28095460608-28095460624-739c22ae7e",
            "thumb_360_w": 203,
            "thumb_360_h": 360,
            "thumb_480": "https:\/\/files.slack.com\/files-tmb\/T0474AT8K-F0LG5HVBP-16d1dce56e\/slack_for_ios_upload_480.jpg?t=xoxe-4242367291-28095460608-28095460624-739c22ae7e",
            "thumb_480_w": 270,
            "thumb_480_h": 480,
            "thumb_160": "https:\/\/files.slack.com\/files-tmb\/T0474AT8K-F0LG5HVBP-16d1dce56e\/slack_for_ios_upload_160.jpg?t=xoxe-4242367291-28095460608-28095460624-739c22ae7e",
            "thumb_720": "https:\/\/files.slack.com\/files-tmb\/T0474AT8K-F0LG5HVBP-16d1dce56e\/slack_for_ios_upload_720.jpg?t=xoxe-4242367291-28095460608-28095460624-739c22ae7e",
            "thumb_720_w": 405,
            "thumb_720_h": 720,
            "thumb_960": "https:\/\/files.slack.com\/files-tmb\/T0474AT8K-F0LG5HVBP-16d1dce56e\/slack_for_ios_upload_960.jpg?t=xoxe-4242367291-28095460608-28095460624-739c22ae7e",
            "thumb_960_w": 540,
            "thumb_960_h": 960,
            "thumb_1024": "https:\/\/files.slack.com\/files-tmb\/T0474AT8K-F0LG5HVBP-16d1dce56e\/slack_for_ios_upload_1024.jpg?t=xoxe-4242367291-28095460608-28095460624-739c22ae7e",
            "thumb_1024_w": 576,
            "thumb_1024_h": 1024,
            "image_exif_rotation": 1,
            "original_w": 621,
            "original_h": 1104,
            "permalink": "https:\/\/synereonet.slack.com\/files\/shdwdm\/F0LG5HVBP\/slack_for_ios_upload.png",
            "permalink_public": "https:\/\/slack-files.com\/T0474AT8K-F0LG5HVBP-7faa60a396",
            "channels": [
                "C0474AT8X"
            ],
            "groups": [
    
            ],
            "ims": [
    
            ],
            "comments_count": 0
        },
        "user": "U0J9CQF9S",
        "upload": true,
        "display_as_bot": false,
        "username": "<@U0J9CQF9S|shdwdm>",
        "bot_id": null,
        "ts": "1454851754.000362"
    },
    {
        "type": "message",
        "user": "U0J9CQF9S",
        "text": "<https:\/\/tree.taiga.io\/project\/synereo-synpm\/us\/1>",
        "edited": {
            "user": "U0J9CQF9S",
            "ts": "1454853946.000000"
        },
        "ts": "1454851780.000363"
    },
    {
        "type": "message",
        "user": "U0J9CQF9S",
        "text": "if you click on that link. and you scroll down you'll see \"related tasks\". so you can add related task to the bigger meta task. in this case it has to do with conference calls between different departments, the founders such as yourself and potential high profile guest interviews.",
        "ts": "1454851954.000365"
    },
    {
        "type": "message",
        "user": "U0J9CQF9S",
        "text": "you have control to set up the entire Skeleton of your workflow management system on taiga. unless there is better project management software this is the way to go. we will hash out more details in a few hours in a Google hangout. :)",
        "ts": "1454852371.000366"
    },
    {
        "type": "message",
        "user": "U0J9CQF9S",
        "text": "as you can see from the timeline department in only focusing on that department. I'm not in the design Channel hashing out what the product vision for synereo is. I may want to do that at some point but the timeline is helpful because it shows you every update made and it shows you who did the update so    if you want to pay bounties to people :wink::wink: then this is a good way to see if they are bullshitting you or actually producing content.   ",
        "ts": "1454853338.000367"
    },
    {
        "type": "message",
        "subtype": "file_share",
        "text": "<@U0J9CQF9S|shdwdm> uploaded a file: <https:\/\/synereonet.slack.com\/files\/shdwdm\/F0LGABL6A\/slack_for_ios_upload.png|Slack for iOS Upload>",
        "file": {
            "id": "F0LGABL6A",
            "created": 1454853402,
            "timestamp": 1454853402,
            "name": "Slack for iOS Upload.png",
            "title": "Slack for iOS Upload",
            "mimetype": "image\/jpeg",
            "filetype": "jpg",
            "pretty_type": "JPEG",
            "user": "U0J9CQF9S",
            "editable": false,
            "size": 104452,
            "mode": "hosted",
            "is_external": false,
            "external_type": "",
            "is_public": true,
            "public_url_shared": false,
            "display_as_bot": false,
            "username": "",
            "url_private": "https:\/\/files.slack.com\/files-pri\/T0474AT8K-F0LGABL6A\/slack_for_ios_upload.png?t=xoxe-4242367291-28095460608-28095460624-739c22ae7e",
            "url_private_download": "https:\/\/files.slack.com\/files-pri\/T0474AT8K-F0LGABL6A\/download\/slack_for_ios_upload.png?t=xoxe-4242367291-28095460608-28095460624-739c22ae7e",
            "thumb_64": "https:\/\/files.slack.com\/files-tmb\/T0474AT8K-F0LGABL6A-6a404e52e3\/slack_for_ios_upload_64.jpg?t=xoxe-4242367291-28095460608-28095460624-739c22ae7e",
            "thumb_80": "https:\/\/files.slack.com\/files-tmb\/T0474AT8K-F0LGABL6A-6a404e52e3\/slack_for_ios_upload_80.jpg?t=xoxe-4242367291-28095460608-28095460624-739c22ae7e",
            "thumb_360": "https:\/\/files.slack.com\/files-tmb\/T0474AT8K-F0LGABL6A-6a404e52e3\/slack_for_ios_upload_360.jpg?t=xoxe-4242367291-28095460608-28095460624-739c22ae7e",
            "thumb_360_w": 203,
            "thumb_360_h": 360,
            "thumb_480": "https:\/\/files.slack.com\/files-tmb\/T0474AT8K-F0LGABL6A-6a404e52e3\/slack_for_ios_upload_480.jpg?t=xoxe-4242367291-28095460608-28095460624-739c22ae7e",
            "thumb_480_w": 270,
            "thumb_480_h": 480,
            "thumb_160": "https:\/\/files.slack.com\/files-tmb\/T0474AT8K-F0LGABL6A-6a404e52e3\/slack_for_ios_upload_160.jpg?t=xoxe-4242367291-28095460608-28095460624-739c22ae7e",
            "thumb_720": "https:\/\/files.slack.com\/files-tmb\/T0474AT8K-F0LGABL6A-6a404e52e3\/slack_for_ios_upload_720.jpg?t=xoxe-4242367291-28095460608-28095460624-739c22ae7e",
            "thumb_720_w": 405,
            "thumb_720_h": 720,
            "thumb_960": "https:\/\/files.slack.com\/files-tmb\/T0474AT8K-F0LGABL6A-6a404e52e3\/slack_for_ios_upload_960.jpg?t=xoxe-4242367291-28095460608-28095460624-739c22ae7e",
            "thumb_960_w": 540,
            "thumb_960_h": 960,
            "thumb_1024": "https:\/\/files.slack.com\/files-tmb\/T0474AT8K-F0LGABL6A-6a404e52e3\/slack_for_ios_upload_1024.jpg?t=xoxe-4242367291-28095460608-28095460624-739c22ae7e",
            "thumb_1024_w": 576,
            "thumb_1024_h": 1024,
            "image_exif_rotation": 1,
            "original_w": 621,
            "original_h": 1104,
            "permalink": "https:\/\/synereonet.slack.com\/files\/shdwdm\/F0LGABL6A\/slack_for_ios_upload.png",
            "permalink_public": "https:\/\/slack-files.com\/T0474AT8K-F0LGABL6A-fc46f2dbc1",
            "channels": [
                "C0474AT8X"
            ],
            "groups": [
    
            ],
            "ims": [
    
            ],
            "comments_count": 0
        },
        "user": "U0J9CQF9S",
        "upload": true,
        "display_as_bot": false,
        "username": "<@U0J9CQF9S|shdwdm>",
        "bot_id": null,
        "ts": "1454853404.000368"
    },
    {
        "type": "message",
        "user": "U0J9CQF9S",
        "text": "the bullshit dector is nice too because on every tab there is a \"activity log\" showing every detail that was added or redacted. so if someone is bullshitting you. you'll be able to see it superficially on the timeline but also in detail in the activity log.",
        "edited": {
            "user": "U0J9CQF9S",
            "ts": "1454853604.000000"
        },
        "ts": "1454853517.000369"
    },
    {
        "type": "message",
        "user": "U0J9CQF9S",
        "text": "you should also assign departments to people you trust. no one should have full access to every channel because if they decide to be destructive then you can limit their ability to destroy your precious system and all the work you put in.",
        "ts": "1454853835.000371"
    },
    {
        "type": "message",
        "user": "U0J9CQF9S",
        "text": "wheres <@U09KY5U65> he needs to be all over this :smile:",
        "ts": "1454857019.000373"
    },
    {
        "user": "U0LG5MS92",
        "type": "message",
        "subtype": "channel_join",
        "text": "<@U0LG5MS92|freeman> has joined the channel",
        "ts": "1454858358.000374"
    },
    {
        "type": "message",
        "user": "U0474E4KZ",
        "text": "New blog post out:",
        "ts": "1454864245.000375"
    },
    {
        "type": "message",
        "user": "U0474E4KZ",
        "text": "<http:\/\/blog.synereo.com\/2016\/02\/07\/Synereo-Update\/>",
        "attachments": [
            {
                "text": "Update Summary",
                "fallback": "Update Summary",
                "from_url": "http:\/\/blog.synereo.com\/2016\/02\/07\/Synereo-Update\/",
                "id": 1
            }
        ],
        "ts": "1454864245.000376"
    },
    {
        "type": "message",
        "user": "U048T3M8W",
        "text": "Great the summary is out!! Up to the next one.",
        "ts": "1454864352.000378"
    },
    {
        "user": "U0LGKCX0Q",
        "type": "message",
        "subtype": "channel_join",
        "text": "<@U0LGKCX0Q|westarts1> has joined the channel",
        "ts": "1454870130.000379"
    },
    {
        "type": "message",
        "user": "U0LGKCX0Q",
        "text": "Hey",
        "ts": "1454870396.000380"
    },
    {
        "type": "message",
        "user": "U0FESR742",
        "text": "Hey west, what's up?",
        "ts": "1454872175.000381"
    },
    {
        "type": "message",
        "user": "U048T3M8W",
        "text": "For the call about organisation and design:\n09:00\tNew Zealand\n22:00\tIsrael\n21:00\tNetherlands\n20:00\tUK\n15:00\tNew York\n12:00\tSeattle\n\n<http:\/\/bit.ly\/1SBQsJ4>",
        "attachments": [
            {
                "service_name": "GOOGLE HANGOUTS",
                "title": "Join this live Google Hangouts video call",
                "title_link": "http:\/\/bit.ly\/1SBQsJ4",
                "text": "Click to join now. If the call is over, invite your friends to a new one or start a chat with text, photos and emoji.",
                "fallback": "GOOGLE HANGOUTS: Join this live Google Hangouts video call",
                "thumb_url": "https:\/\/www.gstatic.com\/images\/icons\/material\/product\/2x\/hangouts_512dp.png",
                "from_url": "http:\/\/bit.ly\/1SBQsJ4",
                "thumb_width": 1024,
                "thumb_height": 1024,
                "id": 1
            }
        ],
        "ts": "1454873166.000382"
    },
    {
        "type": "message",
        "user": "U0J9CQF9S",
        "text": "Main take away from today: 1) We need to define roles\/tasks. <@U0474AYFT> or <@U0474E4KZ> we need your help. If you can tell us what you need. I\u2019ll start hunting down programmers on reddit etc after these roles have been defined.",
        "ts": "1454887518.000384",
        "reactions": [
            {
                "name": "+1",
                "users": [
                    "U0FESR742"
                ],
                "count": 1
            }
        ]
    },
    {
        "type": "message",
        "user": "U0474E4KZ",
        "text": "Scala developers. :simple_smile:",
        "ts": "1454888023.000385"
    },
    {
        "type": "message",
        "user": "U0474E4KZ",
        "text": "We also need someone to do some social network related things. Monitor and post on Twitter, Reddit, BTT, and the like. \nIf anyone's friends with Nicola, you see how he posts updates from Spell of Genesis on many of the relevant FB groups.",
        "edited": {
            "user": "U0474E4KZ",
            "ts": "1454888239.000000"
        },
        "ts": "1454888060.000386"
    },
    {
        "type": "message",
        "user": "U0474E4KZ",
        "text": "It seems HJ wants to manage the community and all tasks \/ bounties. Is that right, HJ? (Otherwise, we need to find someone who's interested in being a community manager)",
        "ts": "1454888111.000387"
    },
    {
        "type": "message",
        "user": "U0474E4KZ",
        "text": "We need Ambassadors as well. <@U0FESR742> finalized the Ambassadors document today.",
        "ts": "1454888154.000388",
        "reactions": [
            {
                "name": "+1",
                "users": [
                    "U04BQ4FMC"
                ],
                "count": 1
            }
        ]
    },
    {
        "type": "message",
        "user": "U0474E4KZ",
        "text": "We could also use a web-dev to update some of our site's assets, especially in anticipation of the crowdsale. I have a guy lined up, but it's better if we find someone who's more interested in the project and that'll also like to receive compensation in AMPs, at least partially.",
        "edited": {
            "user": "U0474E4KZ",
            "ts": "1454888386.000000"
        },
        "ts": "1454888341.000392"
    },
    {
        "type": "message",
        "user": "U0474E4KZ",
        "text": "I think we could also use some more Scribes. Right now the task mostly falls on MJ and HJ. It would be good to give them some support! We could always use more -- even if we have people to Scribe the Community Hangouts, we could always post more things on the blog, like summaries \/ smaller blog posts about progress happening over 2-5 weeks highlighting a specific area of work. We could even pitch posts to various publications about the ecosystem at large, mentioning Synereo's place in it. That offers great value to readers, teaches them about the important issues, and alerts them to our role in the grand scheme of things.",
        "edited": {
            "user": "U0474E4KZ",
            "ts": "1454888713.000000"
        },
        "ts": "1454888441.000394"
    },
    {
        "type": "message",
        "user": "U0474E4KZ",
        "text": "We need someone who wants to do public relations -- talk with the various relevant publications, make sure we get exposure, know all of the right people in the media. (I have a meeting with a potentially great candidate tomorrow.)",
        "ts": "1454888575.000396",
        "reactions": [
            {
                "name": "+1",
                "users": [
                    "U04BQ4FMC",
                    "U0FESR742"
                ],
                "count": 2
            }
        ]
    },
    {
        "type": "message",
        "user": "U0474E4KZ",
        "text": "Another necessary role is a technical writer. Someone who can: 1) document the code and explain how it all comes together, 2) write documentation about the various developer tools\/APIs we have available, and 3) create the content for a technical site with details about how to use Synereo as a platform, and create new applications, widgets, or interface with those.",
        "ts": "1454889896.000398"
    },
    {
        "type": "message",
        "user": "U0J9CQF9S",
        "text": "1. Scala developers. 2 Scribes for the Hangouts\/Blog 3. Public Relations (the face of Synereo) 4. Technical writer  | Are you paying bounties to the 4 jobs you are hiring for? If so how much. For each Job can you write down the exact duties for each position and put that information in a google doc so we can easily share it on Reddit\/Zip recruiter and other Job sites?",
        "edited": {
            "user": "U0J9CQF9S",
            "ts": "1454906708.000000"
        },
        "ts": "1454906534.000399"
    },
    {
        "type": "message",
        "user": "U0J9CQF9S",
        "text": "I found these awesome slides here: <http:\/\/www.synereo.com\/learn-more\/> but when i try to look for  \u201cChapter 2\" I can not find the link to them. Can someone please provide a link to that. These slides are great they break down the architecture very easy. I would even suggest making a \u201cinfograph\u201d if it were possible to combine all 3 chapters into one chart.",
        "edited": {
            "user": "U0J9CQF9S",
            "ts": "1454908295.000000"
        },
        "ts": "1454907275.000402"
    },
    {
        "type": "message",
        "user": "U048T3M8W",
        "text": "<@U0474E4KZ> <@U0474AYFT> <@U0FESR742> <@U06AAH8F3> <@U0J9CQF9S> IMHO we should first getting organised a bit more through Taiga and get the Design statements clear. After that we can go full blown into setting out tasks and getting more media attention.",
        "ts": "1454917762.000404",
        "reactions": [
            {
                "name": "+1",
                "users": [
                    "U0FESR742"
                ],
                "count": 1
            }
        ]
    },
    {
        "type": "message",
        "user": "U048T3M8W",
        "text": "After the next HOA there will be a session through <https:\/\/meet.jit.si\/synereosynpm> in Chrome to discuss the setup.",
        "attachments": [
            {
                "title": "Jitsi Meet",
                "title_link": "https:\/\/meet.jit.si\/synereosynpm",
                "text": "Join a WebRTC video conference powered by the Jitsi Videobridge",
                "fallback": "Jitsi Meet",
                "from_url": "https:\/\/meet.jit.si\/synereosynpm",
                "thumb_url": "https:\/\/meet.jit.si\/images\/jitsilogo.png?v=1",
                "thumb_width": 68,
                "thumb_height": 31,
                "id": 1
            }
        ],
        "ts": "1454917916.000405"
    }
]