[
    {
        "type": "message",
        "user": "U0474E4KZ",
        "text": "Thank you for your offer, <@U09KY5U65>.",
        "ts": "1455182712.000496"
    },
    {
        "type": "message",
        "user": "U0474E4KZ",
        "text": "Good news, everyone!",
        "ts": "1455187598.000497"
    },
    {
        "type": "message",
        "user": "U0474E4KZ",
        "text": "I was approached by a funded startup (4 developers) at the accelerator who wants to partner up and use our tech for a supercool AI project.",
        "ts": "1455187662.000498",
        "reactions": [
            {
                "name": "+1",
                "users": [
                    "U04BQ4FMC",
                    "U0474AYFT"
                ],
                "count": 2
            }
        ]
    },
    {
        "type": "message",
        "user": "U0474E4KZ",
        "text": "They want to run their AIs in a way that's completely independent  of any one server, which fits very well with their vision for how they want their AI to behave.",
        "ts": "1455187712.000499",
        "reactions": [
            {
                "name": "+1",
                "users": [
                    "U0DKBHZN1",
                    "U0J9CQF9S",
                    "U0474AYFT"
                ],
                "count": 3
            }
        ]
    },
    {
        "type": "message",
        "user": "U0J9CQF9S",
        "text": "Sweet that's very exciting. Please share more news when you get back from your trip about how they plan to integrate with synereo. Tell them to introduce themselves on slack. If they are indeed joining it would also be a good opportunity to have them interviewed on google hangouts or jitsi\/ventrilo!",
        "ts": "1455194879.000500"
    },
    {
        "type": "message",
        "user": "U04JPG2F2",
        "text": "Please let us know when Facebook offers 1B$. It should not be long now.",
        "ts": "1455207029.000501"
    },
    {
        "type": "message",
        "user": "U0474AYFT",
        "text": "<@U0474E4KZ>: that's funny, do you remember the SaddleNet proposal i outlined to Justin?",
        "ts": "1455213624.000502"
    },
    {
        "type": "message",
        "user": "U04QHTTJU",
        "text": "Hello Synereo. I have been lurking around your work for some time now and thought I would take a moment to introduce myself and Sphaera.World the organization where I work.  We are a startup that is focused on \"best practices\" in the social sector.  What we are building could be understood as a social network  built on top of co-created content not unlike Joseph Gordonm Levitt's HitRecord or Imogen Heap 's efforts. The difference is our content is best described as \"solutions\" to specific problems that we face in the world: Hunger, poverty, climate, disease, etc.  We believe that the most productive actors in the space - those who are actually designing and implementing these solutions - are currently laboring under perverse incentives that push them towards reinventing the wheel and working isolated in siloes. All of these actors understand that there is existing information that is extremely valuable for their work but it is too \"expensive\" to access, remix and reuse that information.  We are currently at the stage in our development where we are working to integrate the synchronous and asynchronous communications features as well as reputation management. Our path of least resistence at the moment is to integrate Slack. I think it is probably true that what Synereo is at is core has strong cross over for us.  Happy to say more if anyone is interested.",
        "ts": "1455219021.000503",
        "reactions": [
            {
                "name": "+1",
                "users": [
                    "U0474E4KZ"
                ],
                "count": 1
            }
        ]
    },
    {
        "type": "message",
        "user": "U04QHTTJU",
        "text": "<http:\/\/sphaera.world>",
        "attachments": [
            {
                "service_name": "Sphaera",
                "title": "Home",
                "title_link": "http:\/\/sphaera.world",
                "text": "\u00a0 Changing the Way We Change the World Learn More",
                "fallback": "Sphaera: Home",
                "thumb_url": "http:\/\/static1.squarespace.com\/static\/55c280f8e4b02a9b1df6109b\/t\/55ddf70ce4b020ecf981d015\/1455151684015\/?format=1000w",
                "from_url": "http:\/\/sphaera.world",
                "thumb_width": 400,
                "thumb_height": 400,
                "id": 1
            }
        ],
        "ts": "1455219056.000504"
    },
    {
        "user": "U0M0YRNKW",
        "type": "message",
        "subtype": "channel_join",
        "text": "<@U0M0YRNKW|kripto> has joined the channel",
        "ts": "1455225159.000506"
    },
    {
        "type": "message",
        "user": "U0J9CQF9S",
        "text": "Thank you for your introduction <@U04QHTTJU> I'd would like to follow up with you to get a better understanding about how we could help one another grow. ",
        "ts": "1455247112.000507"
    },
    {
        "type": "message",
        "user": "U09KY5U65",
        "text": "DAOs blew up huge today. It's too bad there hasn't been any development on this front from Synereo. Maybe one of the reasons Synereo isn't well known is because it reminds people of like an old corporate style company but as a crypto coin.",
        "ts": "1455254462.000508"
    },
    {
        "type": "message",
        "user": "U04QHTTJU",
        "text": "Great <@U0J9CQF9S> thank you for the reply. I am out til Tues of next week. I am West coast US. YOU?",
        "ts": "1455255780.000509"
    }
]