[
    {
        "type": "message",
        "user": "U04BQ4FMC",
        "text": "<@U0J9CQF9S>: - does that service record the video too?",
        "ts": "1454591134.000258"
    },
    {
        "type": "message",
        "user": "U0J9CQF9S",
        "text": "nah",
        "ts": "1454604780.000259"
    },
    {
        "type": "message",
        "user": "U0J9CQF9S",
        "text": "it's meant as a hangout spot for anyone on slack ",
        "ts": "1454604923.000260"
    },
    {
        "type": "message",
        "user": "U04BMCE7Q",
        "text": "Why there is shows  1,680,400,000 AMP\nin Total Supply ?\nIts 1Billion Limit\nwhy expand the limit?",
        "edited": {
            "user": "U04BMCE7Q",
            "ts": "1454606781.000000"
        },
        "ts": "1454606771.000261"
    },
    {
        "type": "message",
        "user": "U0J9CQF9S",
        "text": "does this help? <http:\/\/blog.synereo.com\/page4\/>",
        "attachments": [
            {
                "text": "The Decentralized and Distributed Social Network",
                "fallback": "The Decentralized and Distributed Social Network",
                "from_url": "http:\/\/blog.synereo.com\/page4\/",
                "id": 1
            }
        ],
        "ts": "1454607233.000263"
    },
    {
        "type": "message",
        "user": "U04BMCE7Q",
        "text": "Issue additional Synereo AMPs, bringing the total circulation to 2,000,000,000 instead of the originally intended 1,000,000,000, and also do #2 above.",
        "ts": "1454607691.000265"
    },
    {
        "type": "message",
        "user": "U04BMCE7Q",
        "text": "wow so this can happen in future too. someone can make 10 billion AMPs if wants to",
        "ts": "1454607730.000266"
    },
    {
        "type": "message",
        "user": "U0J9CQF9S",
        "text": "i think there was a specific reason for that though",
        "ts": "1454609253.000267"
    },
    {
        "type": "message",
        "user": "U0J9CQF9S",
        "text": "Due to technical issues (see below), a few AMP transmissions were carried out twice during the distribution. The nature of the Bitcoin protocol is that transactions are irreversible, and these tokens could not have been retrieved.\n\nThis is, of course, unfair towards our supporters that were not lucky enough to receive these extra tokens, and so we have distributed that same amount to everyone who\u2019s participated in the crowdsale. This is a move that would essentially halve the price of each AMP - while providing all crowdsale participants with twice the amount.",
        "ts": "1454609476.000268"
    },
    {
        "type": "message",
        "user": "U0J9CQF9S",
        "text": "it wasn\u2019t intended that this would happen.",
        "ts": "1454609534.000269"
    },
    {
        "type": "message",
        "user": "U0J9CQF9S",
        "text": "the entire network has been compensated so it doesn\u2019t affect any one user.",
        "ts": "1454609570.000270"
    },
    {
        "type": "message",
        "user": "U04BQ4FMC",
        "text": "<@U04BMCE7Q>: - get used to Amps being created, there will be more each time someone joins the network, or buys them to use to amplify their content.  It's part of the Attention Economy.  It's not like Bitcoin, which will inflate until the bubble pops, or people stop using it.",
        "ts": "1454619819.000271"
    },
    {
        "type": "message",
        "user": "U0FESR742",
        "text": "I think there's something to be said for the system and then having AMPs serve as an incentivized or gamefied system on top . Lots of potential to spark movements that way.",
        "ts": "1454622193.000272"
    },
    {
        "type": "message",
        "user": "U09KY5U65",
        "text": "<@U04BMCE7Q>: Yes the total # of AMPs would be easy to change. This process is usually called a \"coin swap\". Rumor is all AMPs will be switched to an Ethereum token. During the up coming coin swap the Founders can add or remove as many coins as they want from anyones wallets. I'm not sure if the current totals will be changed at all. It would be silly to think Synereo just nailed perfectly the coin distribution from day 1. I can think of many possible problems with the distribution myself. This issue will have to be addressed at that time if it becomes a problem.",
        "ts": "1454630695.000273"
    },
    {
        "type": "message",
        "user": "U0J9CQF9S",
        "text": "please voice the problems with the distribution now <@U09KY5U65>  ",
        "ts": "1454632549.000274"
    },
    {
        "type": "message",
        "user": "U0J9CQF9S",
        "text": "debate is live: <http:\/\/www.msnbc.com\/msnbc2\/watch\/live-msnbc-democratic-candidates-debate-615981635659?icid=breaking>",
        "edited": {
            "user": "U0J9CQF9S",
            "ts": "1454655632.000000"
        },
        "ts": "1454637921.000275"
    },
    {
        "type": "message",
        "user": "U0J9CQF9S",
        "text": "<http:\/\/www.zerohedge.com\/news\/2016-02-04\/us-japan-canada-australia-and-8-other-countries-sign-trans-pacific-partnership-agree> they moving #. time to decentralize ",
        "edited": {
            "user": "U0J9CQF9S",
            "ts": "1454655629.000000"
        },
        "ts": "1454640258.000277"
    },
    {
        "user": "U0LBQGURF",
        "type": "message",
        "subtype": "channel_join",
        "text": "<@U0LBQGURF|sbarzilay> has joined the channel",
        "ts": "1454653410.000279"
    },
    {
        "type": "message",
        "user": "U0J9CQF9S",
        "text": "<http:\/\/mab.to\/lzZpGSmgB> Documentary I uploaded. \u201cRunning Extinction. Everyone needs to see this! Life changer..",
        "edited": {
            "user": "U0J9CQF9S",
            "ts": "1454656980.000000"
        },
        "ts": "1454656246.000282"
    },
    {
        "type": "message",
        "user": "U048T3M8W",
        "text": "Who has tuned in into Ventrilo already?",
        "ts": "1454657039.000285"
    },
    {
        "type": "message",
        "user": "U048T3M8W",
        "text": "<http:\/\/www.ventrilo.com>",
        "attachments": [
            {
                "text": "Voice communication over the internet.",
                "fallback": "Voice communication over the internet.",
                "from_url": "http:\/\/www.ventrilo.com",
                "id": 1
            }
        ],
        "ts": "1454657244.000286"
    },
    {
        "type": "message",
        "subtype": "file_share",
        "text": "<@U048T3M8W|lapin7> uploaded a file: <https:\/\/synereonet.slack.com\/files\/lapin7\/F0LBQA7HT\/ventrilo.jpg|ventrilo.jpg>",
        "file": {
            "id": "F0LBQA7HT",
            "created": 1454657796,
            "timestamp": 1454657796,
            "name": "ventrilo.jpg",
            "title": "ventrilo.jpg",
            "mimetype": "image\/jpeg",
            "filetype": "jpg",
            "pretty_type": "JPEG",
            "user": "U048T3M8W",
            "editable": false,
            "size": 42042,
            "mode": "hosted",
            "is_external": false,
            "external_type": "",
            "is_public": true,
            "public_url_shared": false,
            "display_as_bot": false,
            "username": "",
            "url_private": "https:\/\/files.slack.com\/files-pri\/T0474AT8K-F0LBQA7HT\/ventrilo.jpg?t=xoxe-4242367291-28095460608-28095460624-739c22ae7e",
            "url_private_download": "https:\/\/files.slack.com\/files-pri\/T0474AT8K-F0LBQA7HT\/download\/ventrilo.jpg?t=xoxe-4242367291-28095460608-28095460624-739c22ae7e",
            "thumb_64": "https:\/\/files.slack.com\/files-tmb\/T0474AT8K-F0LBQA7HT-20efcb14e7\/ventrilo_64.jpg?t=xoxe-4242367291-28095460608-28095460624-739c22ae7e",
            "thumb_80": "https:\/\/files.slack.com\/files-tmb\/T0474AT8K-F0LBQA7HT-20efcb14e7\/ventrilo_80.jpg?t=xoxe-4242367291-28095460608-28095460624-739c22ae7e",
            "thumb_360": "https:\/\/files.slack.com\/files-tmb\/T0474AT8K-F0LBQA7HT-20efcb14e7\/ventrilo_360.jpg?t=xoxe-4242367291-28095460608-28095460624-739c22ae7e",
            "thumb_360_w": 360,
            "thumb_360_h": 320,
            "thumb_160": "https:\/\/files.slack.com\/files-tmb\/T0474AT8K-F0LBQA7HT-20efcb14e7\/ventrilo_160.jpg?t=xoxe-4242367291-28095460608-28095460624-739c22ae7e",
            "image_exif_rotation": 1,
            "original_w": 480,
            "original_h": 426,
            "permalink": "https:\/\/synereonet.slack.com\/files\/lapin7\/F0LBQA7HT\/ventrilo.jpg",
            "permalink_public": "https:\/\/slack-files.com\/T0474AT8K-F0LBQA7HT-cbdd1a7456",
            "channels": [
                "C0474AT8X"
            ],
            "groups": [
    
            ],
            "ims": [
    
            ],
            "comments_count": 0
        },
        "user": "U048T3M8W",
        "upload": true,
        "display_as_bot": false,
        "username": "<@U048T3M8W|lapin7>",
        "bot_id": null,
        "ts": "1454657798.000288"
    },
    {
        "type": "message",
        "user": "U0J9CQF9S",
        "text": "I think it's just me and you so far. trying to get  <@U04GDL62L> in there. I think we should set times for group meetings. i don't work so I can host the meetings and be on everyday from 12-3pm est. we would have to set up other volunteers to run meetings at different times due to time zone differences. I can give those people admin access or your welcome to host your own ventrilo server if you wish.",
        "ts": "1454657820.000289"
    },
    {
        "type": "message",
        "user": "U0J9CQF9S",
        "text": "I think this is a good idea because it gives people a chance to voice their opinions about synereo if they can't join the Google hangout on Wednesdays. (the spots fill up fast). i think next week I'm going to sit out and hang in on the chat room.",
        "ts": "1454657928.000290"
    },
    {
        "type": "message",
        "user": "U048T3M8W",
        "text": "Scheduled meetings are great and if all members have Ventrilo on, then you can talk whenever you want.",
        "ts": "1454657993.000291"
    },
    {
        "type": "message",
        "user": "U0J9CQF9S",
        "text": "there are plenty of issues to talk about. i want to focus on the slides that were displayed for the UX designers this Wednesday. if you guys can get a copy of that work to us. I would love to start disecting the design challenges\/workflow process you have presented.",
        "ts": "1454658094.000292"
    },
    {
        "type": "message",
        "user": "U0J9CQF9S",
        "text": "the other good thing about ventrilo is they have a mobile app (for the iPhone at least) allowing you to connect to remotely. giving our community members a chance to stay connected anywhere. I'd love to have daily discussions. <@U09KY5U65> seems to have a lot of points he would like to dissect. ",
        "ts": "1454658380.000293"
    },
    {
        "type": "message",
        "user": "U048T3M8W",
        "text": "<@U0J9CQF9S>: Please get connected to <http:\/\/taiga.io|taiga.io>. Then we can organise the talks and tasks",
        "ts": "1454658472.000294"
    },
    {
        "type": "message",
        "user": "U0J9CQF9S",
        "text": "just logged in.",
        "ts": "1454658564.000295"
    }
]