[
    {
        "type": "message",
        "user": "U0J9CQF9S",
        "text": "one app that in think would be great would be a decentralized music storage locker hosted through synereo a network. users could just upload their music directly to their profile. I think this would be an awesome feature.",
        "ts": "1454387657.000192"
    },
    {
        "type": "message",
        "user": "U09KY5U65",
        "text": "<@U0474AYFT>: The problem has two parts. #1 There isn't enough AMPs on BITTREX to purchase 10 BTC worth of AMPs without drastically changing the price. #2 <@U0474E4KZ> refuses to negotiate a price\/smart contract with me to buy a private sale of 10 BTC worth of AMPs directly.",
        "ts": "1454395466.000193"
    },
    {
        "type": "message",
        "user": "U09KY5U65",
        "text": "I thought 10 BTC would help out Synereo a lot. Especially heading into this big <http:\/\/BnkToTheFuture.com|BnkToTheFuture.com> funding idea.",
        "ts": "1454395560.000194"
    },
    {
        "type": "message",
        "user": "U0J9CQF9S",
        "text": "Buy AMP on bittrex or wait for BTTF. No behind the scene buying. -nodes. done.",
        "ts": "1454396648.000195",
        "reactions": [
            {
                "name": "+1",
                "users": [
                    "U04BQ4FMC"
                ],
                "count": 1
            }
        ]
    }
]