[
    {
        "type": "message",
        "user": "U0474E4KZ",
        "text": "That's great. ",
        "ts": "1455005831.000468"
    },
    {
        "type": "message",
        "user": "U0474E4KZ",
        "text": "Can you post this on BTT, Reddit and such? ",
        "ts": "1455005847.000469"
    },
    {
        "type": "message",
        "user": "U0474E4KZ",
        "text": "Does <@U0J9CQF9S> want to do that, perhaps? ",
        "ts": "1455005868.000470"
    },
    {
        "type": "message",
        "user": "U048T3M8W",
        "text": "<@U0474E4KZ> <@U0J9CQF9S> I've assigned a task under US#11. I will make it post from Taiga to <#C0KGN7UES>. See how that goes. Pls tell me what you think. If it creates too much noise, please tell.",
        "edited": {
            "user": "U048T3M8W",
            "ts": "1455008503.000000"
        },
        "ts": "1455008222.000471"
    },
    {
        "type": "message",
        "user": "U0J9CQF9S",
        "text": "I can post this on reddit but before i need a question answered in <#C0KGN7UES|bounties> . i am going to film a video explaining how to connect to synereo, ventrilo &amp; Google hangout \/ Jitsi. I don't want a million emails about how to join the discussion.",
        "ts": "1455014129.000473"
    },
    {
        "type": "message",
        "user": "U0J9CQF9S",
        "text": "can you post the link to the jitsi channel you made <@U048T3M8W> ",
        "ts": "1455014838.000474"
    },
    {
        "type": "message",
        "user": "U048T3M8W",
        "text": "Let's transfer the <#C0KGN7UES> #tasks discussion to a doc called \"Budget Allocation\", I will set it up and it can be edited by Synatics :simple_smile:",
        "ts": "1455014921.000475"
    },
    {
        "type": "message",
        "user": "U048T3M8W",
        "text": "<https:\/\/meet.jit.si\/synereosynpm>",
        "attachments": [
            {
                "title": "Jitsi Meet",
                "title_link": "https:\/\/meet.jit.si\/synereosynpm",
                "text": "Join a WebRTC video conference powered by the Jitsi Videobridge",
                "fallback": "Jitsi Meet",
                "from_url": "https:\/\/meet.jit.si\/synereosynpm",
                "thumb_url": "https:\/\/meet.jit.si\/images\/jitsilogo.png?v=1",
                "thumb_width": 68,
                "thumb_height": 31,
                "id": 1
            }
        ],
        "ts": "1455014929.000476"
    },
    {
        "type": "message",
        "user": "U0J9CQF9S",
        "text": "who is synatics lol",
        "ts": "1455015057.000478"
    },
    {
        "type": "message",
        "user": "U048T3M8W",
        "text": "Synatics are Synereo Fanatics LOL",
        "ts": "1455015151.000479",
        "reactions": [
            {
                "name": "+1",
                "users": [
                    "U0FESR742"
                ],
                "count": 1
            }
        ]
    },
    {
        "type": "message",
        "user": "U0J9CQF9S",
        "text": "copy that haha",
        "ts": "1455015818.000480"
    },
    {
        "type": "message",
        "user": "U048T3M8W",
        "text": "That name Synatics was invented by <@U0JA3NQ11>",
        "ts": "1455017961.000481",
        "reactions": [
            {
                "name": "heart",
                "users": [
                    "U0474E4KZ"
                ],
                "count": 1
            }
        ]
    },
    {
        "type": "message",
        "user": "U0474E4KZ",
        "text": "Jed's Meta doc should probably be integrated into Taiga, which is setting up to be our base of operations. <@U0FESR742> <@U048T3M8W>",
        "ts": "1455020215.000482"
    },
    {
        "type": "message",
        "user": "U0FESR742",
        "text": "Sounds good.",
        "ts": "1455036776.000484"
    }
]