[
    {
        "type": "message",
        "user": "U0QANLBM3",
        "text": "<@U0QK92Y58>: I would say that if there is no real money in the table I would say probably the project wont grow becouse sooner or later you will need resources in the terms of data..., licenses.. etc. (is my opinion)",
        "ts": "1457947581.000113"
    },
    {
        "type": "message",
        "user": "U0EBRBUFM",
        "text": "Hi guys. Is there somebody here from Synereo that can help me collect my coins from the ICO?",
        "ts": "1457947685.000114"
    },
    {
        "type": "message",
        "user": "U049CMCCZ",
        "text": "<@U0QK92Y58>: I now think I understand what you are laying forward as being \"suspect\"?\nIsn't it fair that the developers are being covered financially for their work, and that office-space, future staff, PR will need to be covered as well?",
        "ts": "1457948169.000115"
    },
    {
        "type": "message",
        "user": "U0QK92Y58",
        "text": "<@U049CMCCZ>, <@U0QANLBM3>: Of course I acknowledge these expenses.\n\n<@U04BQ4FMC> gave the example of priming a pump to describe OUR current phase, but that reminds me too much of *milking*. I prefer satelite launches. WE do need to burn lots of solid fuel to achieve stable orbit.",
        "edited": {
            "user": "U0QK92Y58",
            "ts": "1457951977.000000"
        },
        "ts": "1457951911.000116"
    },
    {
        "type": "message",
        "user": "U0QK92Y58",
        "text": "<http:\/\/stardust.jpl.nasa.gov\/images\/mission\/11p1t.gif>",
        "attachments": [
            {
                "fallback": "580x435px image",
                "image_url": "http:\/\/stardust.jpl.nasa.gov\/images\/mission\/11p1t.gif",
                "image_width": 580,
                "image_height": 435,
                "image_bytes": 22214,
                "from_url": "http:\/\/stardust.jpl.nasa.gov\/images\/mission\/11p1t.gif",
                "id": 1
            }
        ],
        "ts": "1457951915.000117"
    },
    {
        "type": "message",
        "user": "U048X85UT",
        "text": "<@U0QK92Y58>: The loomio community coordinators are not equity holders.  The community was established without the knowledge or permission of any equity holders. We are a group who have been active here representing future users who include ourselves.  There was an issue as to whether equity holders should be allowed in the group at all and the sentiment is that active community participants who hold equity will be allowed in but they will be a minority of members.   There was concern that there might be pushback against this community from Synereo management since their plan calls for the establishment of a decentralized organization later in their plan.  Instead they are very supportive of our effort.",
        "ts": "1457952879.000120"
    },
    {
        "type": "message",
        "user": "U0QANLBM3",
        "text": "<@U0QK92Y58>: as you describe in your example, they way to not fall, is work on it. Im working in my free time for it. Not sure how you are supporting the team but money is not the problem, if you wanna success you just need to work for it.",
        "ts": "1457953186.000121"
    },
    {
        "user": "U0SFJ3CF5",
        "type": "message",
        "subtype": "channel_join",
        "text": "<@U0SFJ3CF5|burnteloi> has joined the channel",
        "ts": "1457953273.000122"
    },
    {
        "type": "message",
        "user": "U0QANLBM3",
        "text": "In my opinion, money into a proyect, no matter the way. Is always good for the proyect.",
        "ts": "1457953450.000123"
    },
    {
        "type": "message",
        "user": "U0QK92Y58",
        "text": "DAO won't stay in orbit unless WE stand up for every possible guarantee and transparency. WE all know how everything and everyone changes when the money starts rolling in.",
        "ts": "1457953604.000124"
    },
    {
        "type": "message",
        "user": "U048X85UT",
        "text": "Synereo has demonstrated a strong commitment to transparency which in my view has resulted in disruptive elements here bleeding time and energy from constructive activity.  One of the purposed of the loomio is to exclude such disruptive elements.  The members do however support transparency and seek to make the DAO fully transparent.",
        "ts": "1457954687.000125"
    },
    {
        "type": "message",
        "user": "U048X85UT",
        "text": "As devoted future synereo users we can express any concerns among ourselves and take action without hurting synereo publically",
        "ts": "1457955150.000126"
    },
    {
        "type": "message",
        "user": "U048T3M8W",
        "text": "My take is that Synereo will be created and run by it's users. Don't forget that there's an enormous potential energy and attention from the crowd. I think this summer a lot of people will stand up to help the launch of Synereo. Maybe <@U0PCK9TKL> is coming over to Holland to start world-wide streaming of awesome events :simple_smile:",
        "ts": "1457956020.000127"
    },
    {
        "type": "message",
        "user": "U04BQ4FMC",
        "text": "<@U0QK92Y58>  \"dor: Thank you for beginning to recognize the credibility problem created by.. \"\nlol - that's only in *your* mind.  Anyone else here who has even hinted at something near that turned out to have been influenced by your deceit and\/or ignorance, and now, I'll add refusal to read (willful ignorance).  After further review, *everyone* else disagrees with you and your unending claims.\n\nThere is no credibility problem for starting a company, inventing a product, making it open source, and opening up the expanding management sphere to include more supporters.  This is exactly what decentralization looks like.\n\nIf you want to see how it happened over the past year, even before the first crowdsale, you simply have to watch every weekly hangout.  There you can get a feel for how the core synereo team's vision was shared with others, and those others eventually understood and trusted this enough to join the team, and begin to congeal toward some form of organization (that will ultimately be a DAO - but not anytime soon).\n\nThere is no \"credibility problem\".",
        "ts": "1457957392.000128"
    },
    {
        "type": "message",
        "user": "U04BQ4FMC",
        "text": "<@U0QK92Y58>: \"..priming a pump to describe OUR current phase, but that reminds me too much of milking..\"\nAnother personal problem for you.  Mid-west cow fetish?  Seriously though, analogies are meant to help people understand new concepts.  They don't work on everyone the same because we are all familiar with different things.  But arguing with them is not fruitful.",
        "ts": "1457957607.000129"
    },
    {
        "type": "message",
        "user": "U04BQ4FMC",
        "text": "<@U0QK92Y58>: \"It may give equity shareholders in Synereo LTD a disproportionate voice in Synereo's future.\"\n\nAt least you finally used proper grammar to describe a conditional situation.  The only way that would happen is if everyone falls asleep here, or quits.  It is unanimous that equal voting rights should be our goal, to avoid the obvious problem that you think no one else but you has ever thought of.",
        "ts": "1457957856.000130"
    },
    {
        "type": "message",
        "user": "U04BQ4FMC",
        "text": "-",
        "edited": {
            "user": "U04BQ4FMC",
            "ts": "1457958204.000000"
        },
        "ts": "1457958184.000131"
    },
    {
        "type": "message",
        "user": "U04BQ4FMC",
        "text": "<@U0QK92Y58>:  \"He &lt;Dor&gt; goes on to recommend setting up this \"equity based governance\" on Loomio.\"\n\nYep - based on community member's input and suggestion.  Nothing newsworthy there.  Our setting up Loomio was done to facilitate the *group management already going on here, and other online places.*  Simple as that.  It will help us formalize some procedures, maintain transparency, and have structure.\n\n&lt;Dor&gt; \"\"We then talked about how to really incentivize ...\" - you see?  There it is again.  Who do you think he means when he says \"we\"?  Watch the hangouts, because it all happened transparently.  Group management.\n\n<@U0QK92Y58>:  \"It claims independence from the private company, Synereo LTD.\"\n&lt;proposed wording by Jim&gt; \"This trust community has been created independently...\"\n\nYou apparently did not read the group discussion following this, and see that including the word \"independent\" was vehemently opposed to, for this very reason.  It will not move forward with that word included, trust me!  This is even while the *intention* of including that word was *precisely* because it represented (to Jim) that there *will be no disproportionate voices based on equity*.\n\nWow!  It's almost as if you looked for anything that could be held up as 'controversial', and started to jump around trying to get attention about it, without ever actually reading and trying to understand what really happened there.\n\nThanks for wasting my time again.  (Is that your new angle?  Take our time away from productive work that advances this project?)",
        "ts": "1457958917.000133"
    },
    {
        "type": "message",
        "user": "U0PCK9TKL",
        "text": "I don't even own amps and im on loomio. Lol",
        "ts": "1457964527.000134"
    },
    {
        "type": "message",
        "user": "U049CMCCZ",
        "text": "get some then :stuck_out_tongue: :",
        "edited": {
            "user": "U049CMCCZ",
            "ts": "1457976536.000000"
        },
        "ts": "1457976508.000135"
    },
    {
        "type": "message",
        "user": "U0PCK9TKL",
        "text": "Haha soon enough :)",
        "ts": "1457976953.000137"
    },
    {
        "type": "message",
        "user": "U048ERGCQ",
        "text": "anyone noticed the buy wall on bittrex? 20 BTC at 7600",
        "ts": "1457977182.000138"
    },
    {
        "type": "message",
        "user": "U048X85UT",
        "text": "The simple fact is that the loomio group was set up independently.   The democratic process there has since been granted some authority by Dor \"As long as the process is transparent, inclusive and respectful,\"  The sentiment is to  be inclusive with the suggestion of  \"Disclosure of any financial stake or affiliation with the Synereo platform, network, or associated applications is mandatory. This includes AMP holders, Synereo LTD shareholders, vendors, node operators, and advertisers.\"",
        "edited": {
            "user": "U048X85UT",
            "ts": "1457988707.000000"
        },
        "ts": "1457986988.000139"
    },
    {
        "type": "message",
        "user": "U09KY5U65",
        "text": "Synereo is a great idea and people want to get involved. It's really hard to get involved though. I want to get involved and it sounds like <@U0QK92Y58> wants to get involved.",
        "ts": "1457997564.000142",
        "reactions": [
            {
                "name": "+1",
                "users": [
                    "U0474E4KZ"
                ],
                "count": 1
            }
        ]
    },
    {
        "type": "message",
        "user": "U09KY5U65",
        "text": "For myself, since I've received no help and have never seen a bounty offered for anything, I've had to learn how to clone Synereo just to get involved.",
        "ts": "1457997677.000143"
    },
    {
        "type": "message",
        "user": "U0474E4KZ",
        "text": "<@U048T3M8W>: how are we doing on the bounty list\/page?",
        "ts": "1458000983.000144"
    },
    {
        "type": "message",
        "user": "U04GDL62L",
        "text": "Wow! <@U0474E4KZ> gave <@U09KY5U65> a :+1:\nWe have a new team member :clap:\nI also appreciate hearing contrarian views, but we are few, and can't spare the time playing ombudsman to vigorously defend every attack. At this point you and <@U0QK92Y58> might be better off re-introducing yourselves using new and more transparent aliases if you'd like to participate in good faith.",
        "edited": {
            "user": "U04GDL62L",
            "ts": "1458008574.000000"
        },
        "ts": "1458008276.000145",
        "reactions": [
            {
                "name": "man_in_business_suit_levitating",
                "users": [
                    "U04BQ4FMC",
                    "U0PCK9TKL"
                ],
                "count": 2
            }
        ]
    },
    {
        "type": "message",
        "user": "U0PCK9TKL",
        "text": "Agreed. He deserves a public apology from me as well. \"Sorry for losing my temper and yelling at you\" If you continue good fruitful discussions i vote to bring him into our inner circle for decision making etc.",
        "ts": "1458012388.000147",
        "reactions": [
            {
                "name": "heart",
                "users": [
                    "U0474E4KZ"
                ],
                "count": 1
            }
        ]
    },
    {
        "type": "message",
        "user": "U09KY5U65",
        "text": "Synereo has always favored people who are public with their identity. This is probably a good strategy. It allows for things like the show every Wednesday.",
        "ts": "1458023281.000148"
    },
    {
        "type": "message",
        "user": "U09KY5U65",
        "text": "What inner circle are you talking about? As far as I know there is 1 inner circle.  They are called the 4 Founders.",
        "ts": "1458023338.000149"
    }
]