[
    {
        "user": "U0NDCGNTX",
        "type": "message",
        "subtype": "channel_join",
        "text": "<@U0NDCGNTX|al3xisb> has joined the channel",
        "ts": "1456132239.000234"
    },
    {
        "type": "message",
        "user": "U0474E4KZ",
        "text": "<https:\/\/bitcointalk.org\/index.php?topic=995987.msg13969849#msg13969849>",
        "ts": "1456136524.000235",
        "reactions": [
            {
                "name": "+1",
                "users": [
                    "U0DKBHZN1",
                    "U04GDL62L"
                ],
                "count": 2
            }
        ]
    },
    {
        "type": "message",
        "user": "U0J9CQF9S",
        "text": "Growing communities by Amplifying personal connections",
        "ts": "1456163822.000236"
    },
    {
        "type": "message",
        "user": "U0474E4KZ",
        "text": "Latest blog post is up!",
        "ts": "1456164413.000237"
    },
    {
        "type": "message",
        "user": "U0474E4KZ",
        "text": "<http:\/\/blog.synereo.com\/2016\/02\/22\/Synereo-Update\/>",
        "attachments": [
            {
                "text": "Update Summary",
                "fallback": "Update Summary",
                "from_url": "http:\/\/blog.synereo.com\/2016\/02\/22\/Synereo-Update\/",
                "id": 1
            }
        ],
        "ts": "1456164413.000238"
    },
    {
        "type": "message",
        "user": "U0474E4KZ",
        "text": "Great picture selection, <@U04GDL62L>. :simple_smile:",
        "ts": "1456164596.000240"
    },
    {
        "type": "message",
        "user": "U0J9CQF9S",
        "text": "<https:\/\/meet.jit.si\/synereosynpm> connect if anyone is here",
        "attachments": [
            {
                "title": "Jitsi Meet",
                "title_link": "https:\/\/meet.jit.si\/synereosynpm",
                "text": "Join a WebRTC video conference powered by the Jitsi Videobridge",
                "fallback": "Jitsi Meet",
                "from_url": "https:\/\/meet.jit.si\/synereosynpm",
                "thumb_url": "https:\/\/meet.jit.si\/images\/jitsilogo.png?v=1",
                "thumb_width": 68,
                "thumb_height": 31,
                "id": 1
            }
        ],
        "ts": "1456166600.000241"
    },
    {
        "user": "U0NGAG7V5",
        "type": "message",
        "subtype": "channel_join",
        "text": "<@U0NGAG7V5|bhokor> has joined the channel",
        "ts": "1456170884.000243"
    },
    {
        "type": "message",
        "user": "U0NGAG7V5",
        "text": "hi",
        "ts": "1456170922.000244"
    },
    {
        "type": "message",
        "user": "U0NGAG7V5",
        "text": "Is Lapin7 available now?",
        "ts": "1456170939.000245"
    },
    {
        "type": "message",
        "user": "U048T3M8W",
        "text": "Yep",
        "ts": "1456170944.000246"
    },
    {
        "type": "message",
        "user": "U048T3M8W",
        "text": "Whatsup @bkokor",
        "ts": "1456170996.000247"
    },
    {
        "type": "message",
        "user": "U0NGAG7V5",
        "text": "Hi, Elokane sends me to speak with you for some spanish translation",
        "ts": "1456171049.000248"
    },
    {
        "type": "message",
        "user": "U048T3M8W",
        "text": "Allright",
        "ts": "1456171072.000249"
    },
    {
        "type": "message",
        "user": "U048T3M8W",
        "text": "Can you go to your private channel? <@U0NGAG7V5>",
        "ts": "1456171097.000250"
    },
    {
        "type": "message",
        "user": "U0NGAG7V5",
        "text": "how can i help you?",
        "ts": "1456171097.000251"
    },
    {
        "type": "message",
        "user": "U0J9CQF9S",
        "text": "<https:\/\/www.youtube.com\/watch?v=-DT7bX-B1Mg> lol",
        "edited": {
            "user": "U0J9CQF9S",
            "ts": "1456173518.000000"
        },
        "ts": "1456172890.000252"
    },
    {
        "type": "message",
        "user": "U0J9CQF9S",
        "text": "<https:\/\/www.youtube.com\/watch?v=wz-PtEJEaqY>",
        "ts": "1456172966.000254"
    },
    {
        "user": "U0NGKKKPX",
        "type": "message",
        "subtype": "channel_join",
        "text": "<@U0NGKKKPX|herb> has joined the channel",
        "ts": "1456175094.000256"
    },
    {
        "type": "message",
        "user": "U048T3M8W",
        "text": "Hej <@U0474E4KZ> or Great idea about adding the Spanish Speaking Pop to the network. <@U0NGAG7V5>  is all set up (access to ComDocs, added to Taiga) and he will start translating the summary of the HOA now and post it to bitcointalk. <@U0NGAG7V5>  and me think that this bounty is worth 30 USD per summary and it will be paid out in AMP. Do you approve that reward?",
        "ts": "1456175906.000257"
    },
    {
        "type": "message",
        "user": "U0NGAG7V5",
        "text": "Hi",
        "ts": "1456178666.000258"
    },
    {
        "type": "message",
        "user": "U0474E4KZ",
        "text": "I was hoping for a translation of the ANN thread on BTT to be posted on the Spanish BTT forums.",
        "ts": "1456181188.000259"
    },
    {
        "type": "message",
        "user": "U0474E4KZ",
        "text": "We're not really equipped to post Spanish posts. If we were, this would be great.",
        "ts": "1456181207.000260"
    },
    {
        "type": "message",
        "user": "U0474E4KZ",
        "text": "Does anyone have an idea how to place translated posts in a meaningful location that's locatable by Spanish speakers?",
        "ts": "1456181257.000261"
    },
    {
        "type": "message",
        "user": "U048T3M8W",
        "text": "<@U0474E4KZ> please add a link of this thread or even better create an issue with link on Taiga and assign it to  <@U0NGAG7V5>. He can translate this as well.",
        "ts": "1456182901.000262"
    },
    {
        "type": "message",
        "user": "U048T3M8W",
        "text": "<@U0474E4KZ> I found the link of ANN. No work for you anymore.",
        "ts": "1456183001.000263"
    },
    {
        "type": "message",
        "user": "U0474E4KZ",
        "text": "Hurray! :simple_smile:",
        "ts": "1456183792.000264"
    }
]