[
    {
        "type": "message",
        "subtype": "file_share",
        "text": "<@U0474E4KZ|dor> uploaded a file: <https:\/\/synereonet.slack.com\/files\/dor\/F0QQCE6HY\/img_20160307_102840.jpg|More free benefits from the EISP accelerator>",
        "file": {
            "id": "F0QQCE6HY",
            "created": 1457340037,
            "timestamp": 1457340037,
            "name": "IMG_20160307_102840.jpg",
            "title": "More free benefits from the EISP accelerator",
            "mimetype": "image\/jpeg",
            "filetype": "jpg",
            "pretty_type": "JPEG",
            "user": "U0474E4KZ",
            "editable": false,
            "size": 2889097,
            "mode": "hosted",
            "is_external": false,
            "external_type": "",
            "is_public": true,
            "public_url_shared": false,
            "display_as_bot": false,
            "username": "",
            "url_private": "https:\/\/files.slack.com\/files-pri\/T0474AT8K-F0QQCE6HY\/img_20160307_102840.jpg?t=xoxe-4242367291-28095460608-28095460624-739c22ae7e",
            "url_private_download": "https:\/\/files.slack.com\/files-pri\/T0474AT8K-F0QQCE6HY\/download\/img_20160307_102840.jpg?t=xoxe-4242367291-28095460608-28095460624-739c22ae7e",
            "thumb_64": "https:\/\/files.slack.com\/files-tmb\/T0474AT8K-F0QQCE6HY-cb29787307\/img_20160307_102840_64.jpg?t=xoxe-4242367291-28095460608-28095460624-739c22ae7e",
            "thumb_80": "https:\/\/files.slack.com\/files-tmb\/T0474AT8K-F0QQCE6HY-cb29787307\/img_20160307_102840_80.jpg?t=xoxe-4242367291-28095460608-28095460624-739c22ae7e",
            "thumb_360": "https:\/\/files.slack.com\/files-tmb\/T0474AT8K-F0QQCE6HY-cb29787307\/img_20160307_102840_360.jpg?t=xoxe-4242367291-28095460608-28095460624-739c22ae7e",
            "thumb_360_w": 360,
            "thumb_360_h": 270,
            "thumb_480": "https:\/\/files.slack.com\/files-tmb\/T0474AT8K-F0QQCE6HY-cb29787307\/img_20160307_102840_480.jpg?t=xoxe-4242367291-28095460608-28095460624-739c22ae7e",
            "thumb_480_w": 480,
            "thumb_480_h": 360,
            "thumb_160": "https:\/\/files.slack.com\/files-tmb\/T0474AT8K-F0QQCE6HY-cb29787307\/img_20160307_102840_160.jpg?t=xoxe-4242367291-28095460608-28095460624-739c22ae7e",
            "thumb_720": "https:\/\/files.slack.com\/files-tmb\/T0474AT8K-F0QQCE6HY-cb29787307\/img_20160307_102840_720.jpg?t=xoxe-4242367291-28095460608-28095460624-739c22ae7e",
            "thumb_720_w": 720,
            "thumb_720_h": 540,
            "thumb_960": "https:\/\/files.slack.com\/files-tmb\/T0474AT8K-F0QQCE6HY-cb29787307\/img_20160307_102840_960.jpg?t=xoxe-4242367291-28095460608-28095460624-739c22ae7e",
            "thumb_960_w": 960,
            "thumb_960_h": 720,
            "thumb_1024": "https:\/\/files.slack.com\/files-tmb\/T0474AT8K-F0QQCE6HY-cb29787307\/img_20160307_102840_1024.jpg?t=xoxe-4242367291-28095460608-28095460624-739c22ae7e",
            "thumb_1024_w": 1024,
            "thumb_1024_h": 768,
            "image_exif_rotation": 1,
            "original_w": 4128,
            "original_h": 3096,
            "permalink": "https:\/\/synereonet.slack.com\/files\/dor\/F0QQCE6HY\/img_20160307_102840.jpg",
            "permalink_public": "https:\/\/slack-files.com\/T0474AT8K-F0QQCE6HY-5683d1a40a",
            "channels": [
                "C0474AT8X"
            ],
            "groups": [
    
            ],
            "ims": [
    
            ],
            "comments_count": 0
        },
        "user": "U0474E4KZ",
        "upload": true,
        "display_as_bot": false,
        "username": "<@U0474E4KZ|dor>",
        "bot_id": null,
        "ts": "1457340045.000930"
    },
    {
        "user": "U0QS86M34",
        "type": "message",
        "subtype": "channel_join",
        "text": "<@U0QS86M34|oliver3d3> has joined the channel",
        "ts": "1457358969.000931"
    },
    {
        "type": "message",
        "user": "U0QJSP0LU",
        "text": "Are there any current plans between VR and synereo?",
        "ts": "1457358973.000932"
    },
    {
        "type": "message",
        "user": "U0PCK9TKL",
        "text": "VR?",
        "ts": "1457359134.000933"
    },
    {
        "type": "message",
        "user": "U0PCK9TKL",
        "text": "you mean virtual reality",
        "ts": "1457359140.000934"
    },
    {
        "type": "message",
        "user": "U0PCK9TKL",
        "text": "I have a lot of plans <@U0QJSP0LU> but first the design and development team need to focus on getting the UI up first. We still need a product before we explore that level of complexity. I also need you email so I can send these images over to you.",
        "ts": "1457359261.000935"
    },
    {
        "type": "message",
        "user": "U0PCK9TKL",
        "text": "I am going to zip them up in one file actually",
        "ts": "1457359271.000936"
    },
    {
        "type": "message",
        "user": "U0PCK9TKL",
        "text": "so i will try to send them to you here but whats your email",
        "ts": "1457359278.000937"
    },
    {
        "type": "message",
        "user": "U0QJSP0LU",
        "text": " <mailto:nlane515@gmail.com|nlane515@gmail.com>",
        "ts": "1457359297.000938"
    },
    {
        "type": "message",
        "user": "U0QJSP0LU",
        "text": "I agree",
        "ts": "1457359316.000939"
    },
    {
        "type": "message",
        "user": "U0QANLBM3",
        "text": "This is just an idea for the future: synereo could include an app in colaboration with exchanges and acting only as intermediare giving the user prices in real time for AMPs. In this way you give the user an easy way of getting and compare price for AMPs instead of looking intio the web where AMPs can be bought.",
        "ts": "1457361794.000940"
    },
    {
        "user": "U0QV2CV98",
        "type": "message",
        "subtype": "channel_join",
        "text": "<@U0QV2CV98|harsha> has joined the channel",
        "ts": "1457375980.000941"
    },
    {
        "type": "message",
        "user": "U09KY5U65",
        "text": "bittrex has an API that will give you the price of AMPs  in real time",
        "ts": "1457398160.000942"
    },
    {
        "type": "message",
        "user": "U09KY5U65",
        "text": "This guy sounds like he might be really interested in Synereo:\nThe former COO of bitcoin social network ZapChain, Dan Cawrey is a Silicon Valley-based writer \n<http:\/\/www.coindesk.com\/bitcoin-extinction-core-development-competition\/>",
        "attachments": [
            {
                "service_name": "CoinDesk",
                "title": "Bitcoin Faces Extinction Without Core Development Competition - CoinDesk",
                "title_link": "http:\/\/www.coindesk.com\/bitcoin-extinction-core-development-competition\/",
                "text": "CoinDesk contributor Dan Cawrey argues that the bitcoin ecosystem should embrace and encourage competition in its development community.",
                "fallback": "CoinDesk: Bitcoin Faces Extinction Without Core Development Competition - CoinDesk",
                "image_url": "http:\/\/media.coindesk.com\/2016\/03\/fossil-skeleton-e1457374849561.jpg",
                "ts": 1457376320,
                "from_url": "http:\/\/www.coindesk.com\/bitcoin-extinction-core-development-competition\/",
                "image_width": 353,
                "image_height": 250,
                "image_bytes": 187288,
                "id": 1
            }
        ],
        "ts": "1457398245.000943"
    },
    {
        "type": "message",
        "user": "U0G8ZB4R4",
        "text": "LivelyGig hosting AMA. Follow the link <https:\/\/redd.it\/49fuam>",
        "attachments": [
            {
                "service_name": "reddit",
                "title": "LivelyGig AMA - Decentralized Freelance Marketplace (2016-03-07 17:00 PT) \u2022 \/r\/Rad_Decentralization",
                "title_link": "https:\/\/redd.it\/49fuam",
                "text": "Hi, I'm Ed Eykholt, CEO of LivelyGig. Welcome to the AMA for LivelyGig! Ask me anything...",
                "fallback": "reddit: LivelyGig AMA - Decentralized Freelance Marketplace (2016-03-07 17:00 PT) \u2022 \/r\/Rad_Decentralization",
                "thumb_url": "https:\/\/www.redditstatic.com\/icon.png",
                "from_url": "https:\/\/redd.it\/49fuam",
                "thumb_width": 256,
                "thumb_height": 256,
                "id": 1
            }
        ],
        "ts": "1457399134.000945"
    },
    {
        "type": "message",
        "user": "U0PCK9TKL",
        "text": "<@U09KY5U65>: copy I'll contact him",
        "ts": "1457399228.000947"
    },
    {
        "type": "message",
        "user": "U04BQ4FMC",
        "text": "I need points for reddit, to get comments through the filters...\n<https:\/\/www.reddit.com\/r\/Futurology\/comments\/49g29m\/connect_your_organization_to_the_next_internet\/?ref=share&amp;ref_source=link>",
        "attachments": [
            {
                "service_name": "reddit",
                "title": "Connect your organization to the next internet, next blockchain, distributed network platform, and collaborate! The Future is Decentralized! \u2022 \/r\/Futurology",
                "title_link": "https:\/\/www.reddit.com\/r\/Futurology\/comments\/49g29m\/connect_your_organization_to_the_next_internet\/?ref=share&ref_source=link",
                "text": "2 points and 0 comments so far on reddit",
                "fallback": "reddit: Connect your organization to the next internet, next blockchain, distributed network platform, and collaborate! The Future is Decentralized! \u2022 \/r\/Futurology",
                "thumb_url": "https:\/\/i.redditmedia.com\/Ol1OXeCvlfLEIUBnvWdNM5VSU-_sJyyqJ-NlnOw1iV0.jpg?w=320&s=c8386a2d7322b16070088a75e1c1c352",
                "from_url": "https:\/\/www.reddit.com\/r\/Futurology\/comments\/49g29m\/connect_your_organization_to_the_next_internet\/?ref=share&ref_source=link",
                "thumb_width": 320,
                "thumb_height": 320,
                "id": 1
            }
        ],
        "ts": "1457407006.000948",
        "reactions": [
            {
                "name": "+1",
                "users": [
                    "U0474E4KZ",
                    "U049CMCCZ"
                ],
                "count": 2
            }
        ]
    },
    {
        "type": "message",
        "user": "U04BQ4FMC",
        "text": "please hit any posts or comments of mine there!",
        "ts": "1457407095.000950"
    },
    {
        "type": "message",
        "user": "U0474E4KZ",
        "text": "<https:\/\/www.reddit.com\/r\/ethtrader\/comments\/49g792\/synereoethereum_partnership_leads_to_big_fucking\/>",
        "attachments": [
            {
                "service_name": "reddit",
                "title": "Synereo-Ethereum Partnership leads to big fucking win for Casper, \"So what we now have is an end to end spec of a correct, fault tolerant architecture that is sharded, i.e. scales and allows us to control the behavior using behavioral types. ... Everything can be worked out now.\" \u2022 \/r\/ethtrader",
                "title_link": "https:\/\/www.reddit.com\/r\/ethtrader\/comments\/49g792\/synereoethereum_partnership_leads_to_big_fucking\/",
                "text": "51 points and 21 comments so far on reddit",
                "fallback": "reddit: Synereo-Ethereum Partnership leads to big fucking win for Casper, \"So what we now have is an end to end spec of a correct, fault tolerant architecture that is sharded, i.e. scales and allows us to control the behavior using behavioral types. ... Everything can be worked out now.\" \u2022 \/r\/ethtrader",
                "thumb_url": "https:\/\/i.redditmedia.com\/gZSq926ZxFyScVVSCxn7HDy-Q4N1Meyr3Le2UpF7AcM.jpg?w=320&s=efdb8a8176d28efb5bdd1c08c8839d5c",
                "from_url": "https:\/\/www.reddit.com\/r\/ethtrader\/comments\/49g792\/synereoethereum_partnership_leads_to_big_fucking\/",
                "thumb_width": 320,
                "thumb_height": 190,
                "id": 1
            }
        ],
        "ts": "1457422912.000951"
    }
]