[
    {
        "type": "message",
        "user": "U0474E4KZ",
        "text": "I have two intensive days of the accelerator (<http:\/\/www.eisp.org.il\/en\/home>) today and tomorrow and then going on a weekend Vipassana retreat. I'll be back in action Sunday morning.",
        "attachments": [
            {
                "service_name": "EISP",
                "title": "8200 EISP - Home",
                "title_link": "http:\/\/www.eisp.org.il\/en\/home",
                "text": "Our Vision: Harnessing the network of 8200 alumni, in order to promote early stage entrepreneurs and star-ups from all industries. This is our way, as alumni of 8200, to give back to the community.",
                "fallback": "EISP: 8200 EISP - Home",
                "image_url": "http:\/\/www.eisp.org.il\/f-users\/user_102660\/website_102969\/common\/logo_330x100.jpg",
                "from_url": "http:\/\/www.eisp.org.il\/en\/home",
                "image_width": 330,
                "image_height": 100,
                "image_bytes": 11995,
                "id": 1
            }
        ],
        "ts": "1455103670.000485"
    },
    {
        "type": "message",
        "user": "U0J9CQF9S",
        "text": "I'm sitting out the hangout so others can participate. If you guys want to do a recap in ventrilo or another hangout let me know",
        "ts": "1455120937.000487"
    },
    {
        "type": "message",
        "user": "U0J9CQF9S",
        "text": "Can someone also explain bitcoins hard fork problem in two sentences ",
        "ts": "1455123307.000488"
    },
    {
        "type": "message",
        "user": "U04GDL62L",
        "text": "Please don't sit out, <@U0J9CQF9S>:. You have been contributing a lot lately and are never boring!\nPlease +1 this post if you agree.",
        "ts": "1455128388.000489",
        "reactions": [
            {
                "name": "white_check_mark",
                "users": [
                    "U04GDL62L",
                    "U0474E4KZ",
                    "U0J9CQF9S"
                ],
                "count": 3
            }
        ]
    },
    {
        "type": "message",
        "user": "U04GDL62L",
        "text": "If the hangout fills up (10 participants) I'd be happy to drop back and participate from the Q&amp;A.\nParticipants: please don't ignore the Q&amp;A. You may even want to use the Q&amp;A window instead of the 'chat' window to share your input.",
        "ts": "1455128537.000490",
        "reactions": [
            {
                "name": "+1",
                "users": [
                    "U0474E4KZ",
                    "U0J9CQF9S"
                ],
                "count": 2
            }
        ]
    },
    {
        "type": "message",
        "user": "U0474E4KZ",
        "text": "Someone apologize for my lack of presence in my name, willya? ",
        "ts": "1455130791.000491"
    },
    {
        "type": "message",
        "user": "U0J9CQF9S",
        "text": "Lol it's all good",
        "ts": "1455131431.000492"
    },
    {
        "user": "U0LSE69V0",
        "type": "message",
        "subtype": "channel_join",
        "text": "<@U0LSE69V0|okhan> has joined the channel",
        "ts": "1455133782.000493"
    },
    {
        "type": "message",
        "user": "U09KY5U65",
        "text": "Once again <@U0474AYFT> says he needs money on this weeks hang out. This time it's to hire someone whos name I forgot already but I think he lives in Australia. My offer of 10 BTC worth of AMP at a value of 0.00001500 BTC\/AMP can still be done. That's a value of AUD $5331.30. Could hire that guy for a month or maybe longer if he is nice.",
        "ts": "1455146887.000494"
    },
    {
        "type": "message",
        "user": "U0J9CQF9S",
        "text": "Sounds like a plan. Perhaps we as a community can off set that price by all donating money together. Decide on the programmers (needs) and go from there. I can donate $30 a month perhaps more depending on my life in the navy. ",
        "ts": "1455165099.000495"
    }
]