[
    {
        "type": "message",
        "user": "U0474E4KZ",
        "text": "<@U09KY5U65>: good timing. We just enacted a plan like this yesterday. ",
        "ts": "1457862274.000081"
    },
    {
        "type": "message",
        "user": "U04BQ4FMC",
        "text": "First time I noticed the \"note\" format on FB..  tried it out:\n<https:\/\/www.facebook.com\/notes\/malthus-john\/building-decentralized-public-sphere-networks-as-alternatives-to-monopoly\/437655466433566>",
        "ts": "1457885793.000082",
        "reactions": [
            {
                "name": "+1",
                "users": [
                    "U04GDL62L"
                ],
                "count": 1
            }
        ]
    },
    {
        "type": "message",
        "user": "U04BQ4FMC",
        "text": "Visit and give love on a fav net channel of yours..\n<https:\/\/plus.google.com\/u\/0\/+MalthusJohn\/posts\/eCMZ7te48q7>\n<https:\/\/bitcointalk.org\/index.php?topic=995987.msg14185325#msg14185325>\n<https:\/\/www.reddit.com\/r\/Synereo\/comments\/4a8rsc\/building_decentralized_public_sphere_networks_as\/>\n<https:\/\/twitter.com\/Synereo\/status\/709052690316271616>",
        "ts": "1457886391.000083",
        "reactions": [
            {
                "name": "muscle",
                "users": [
                    "U0474E4KZ"
                ],
                "count": 1
            }
        ]
    },
    {
        "type": "message",
        "user": "U048X85UT",
        "text": "<https:\/\/www.loomio.org\/g\/o3VZUnTE\/synereo-community-steering-committee>",
        "attachments": [
            {
                "service_name": "Loomio",
                "title": "Synereo community steering committee",
                "title_link": "https:\/\/www.loomio.org\/g\/o3VZUnTE\/synereo-community-steering-committee",
                "text": "Synereo is to be a decentralized replacement for insecure email and social networks controlled by the user as well as a platform for formal integration of decentralized applications according to personal rules. Replacing Facebook is a first target. This trust community has been created independently from Synereo LTD for Synereo community leader decision making employing deliberative discursive democracy. As part of its mission it will seek to design a decentralized autonomous organization (DAO) in cooperation wit the LTD for governance of the synereo community. This group is closed but anyone promoting synereo technology who is active in the community may request membership. Joing the slack at <http:\/\/slack.synereo.com> is the first step toward admittance. Synereo is based on the formal communicating process calculus social contracts algorithmically constraining computation and communications beyond the blockchain. Originally the blockchain was only intended to provide provenance for Synereo but many of us see it evolving in the direction of synereo becoming the user's agent and providing consensus among blockchains. We see the realization of the promise of Synereo and blockchains as fundamental to securing a future free from any obligatory.",
                "fallback": "Loomio: Synereo community steering committee",
                "from_url": "https:\/\/www.loomio.org\/g\/o3VZUnTE\/synereo-community-steering-committee",
                "id": 1
            }
        ],
        "ts": "1457891758.000084"
    },
    {
        "type": "message",
        "subtype": "file_comment",
        "text": "<@U048T3M8W|lapin7> commented on <@U0PCK9TKL|dj.ruesue>'s file <https:\/\/synereonet.slack.com\/files\/dj.ruesue\/F0SD46S4C\/slack_for_ios_upload.jpg|Slack for iOS Upload>: Would be nice if Synereo could scale to this all.",
        "file": {
            "id": "F0SD46S4C",
            "created": 1457843321,
            "timestamp": 1457843321,
            "name": "Slack for iOS Upload.jpg",
            "title": "Slack for iOS Upload",
            "mimetype": "image\/jpeg",
            "filetype": "jpg",
            "pretty_type": "JPEG",
            "user": "U0PCK9TKL",
            "editable": false,
            "size": 770919,
            "mode": "hosted",
            "is_external": false,
            "external_type": "",
            "is_public": true,
            "public_url_shared": false,
            "display_as_bot": false,
            "username": "",
            "url_private": "https:\/\/files.slack.com\/files-pri\/T0474AT8K-F0SD46S4C\/slack_for_ios_upload.jpg?t=xoxe-4242367291-28095460608-28095460624-739c22ae7e",
            "url_private_download": "https:\/\/files.slack.com\/files-pri\/T0474AT8K-F0SD46S4C\/download\/slack_for_ios_upload.jpg?t=xoxe-4242367291-28095460608-28095460624-739c22ae7e",
            "thumb_64": "https:\/\/files.slack.com\/files-tmb\/T0474AT8K-F0SD46S4C-06dee213ca\/slack_for_ios_upload_64.jpg?t=xoxe-4242367291-28095460608-28095460624-739c22ae7e",
            "thumb_80": "https:\/\/files.slack.com\/files-tmb\/T0474AT8K-F0SD46S4C-06dee213ca\/slack_for_ios_upload_80.jpg?t=xoxe-4242367291-28095460608-28095460624-739c22ae7e",
            "thumb_360": "https:\/\/files.slack.com\/files-tmb\/T0474AT8K-F0SD46S4C-06dee213ca\/slack_for_ios_upload_360.jpg?t=xoxe-4242367291-28095460608-28095460624-739c22ae7e",
            "thumb_360_w": 264,
            "thumb_360_h": 360,
            "thumb_480": "https:\/\/files.slack.com\/files-tmb\/T0474AT8K-F0SD46S4C-06dee213ca\/slack_for_ios_upload_480.jpg?t=xoxe-4242367291-28095460608-28095460624-739c22ae7e",
            "thumb_480_w": 352,
            "thumb_480_h": 480,
            "thumb_160": "https:\/\/files.slack.com\/files-tmb\/T0474AT8K-F0SD46S4C-06dee213ca\/slack_for_ios_upload_160.jpg?t=xoxe-4242367291-28095460608-28095460624-739c22ae7e",
            "thumb_720": "https:\/\/files.slack.com\/files-tmb\/T0474AT8K-F0SD46S4C-06dee213ca\/slack_for_ios_upload_720.jpg?t=xoxe-4242367291-28095460608-28095460624-739c22ae7e",
            "thumb_720_w": 528,
            "thumb_720_h": 720,
            "thumb_960": "https:\/\/files.slack.com\/files-tmb\/T0474AT8K-F0SD46S4C-06dee213ca\/slack_for_ios_upload_960.jpg?t=xoxe-4242367291-28095460608-28095460624-739c22ae7e",
            "thumb_960_w": 704,
            "thumb_960_h": 960,
            "thumb_1024": "https:\/\/files.slack.com\/files-tmb\/T0474AT8K-F0SD46S4C-06dee213ca\/slack_for_ios_upload_1024.jpg?t=xoxe-4242367291-28095460608-28095460624-739c22ae7e",
            "thumb_1024_w": 751,
            "thumb_1024_h": 1024,
            "image_exif_rotation": 1,
            "original_w": 1568,
            "original_h": 2138,
            "permalink": "https:\/\/synereonet.slack.com\/files\/dj.ruesue\/F0SD46S4C\/slack_for_ios_upload.jpg",
            "permalink_public": "https:\/\/slack-files.com\/T0474AT8K-F0SD46S4C-2c18db75eb",
            "channels": [
                "C0474AT8X"
            ],
            "groups": [
    
            ],
            "ims": [
    
            ],
            "comments_count": 2
        },
        "comment": {
            "id": "Fc0SEMFNJC",
            "created": 1457894442,
            "timestamp": 1457894442,
            "user": "U048T3M8W",
            "comment": "Would be nice if Synereo could scale to this all."
        },
        "ts": "1457894442.000086"
    },
    {
        "type": "message",
        "subtype": "file_comment",
        "text": "<@U048X85UT|jimscarver> commented on <@U0PCK9TKL|dj.ruesue>'s file <https:\/\/synereonet.slack.com\/files\/dj.ruesue\/F0SD46S4C\/slack_for_ios_upload.jpg|Slack for iOS Upload>: synereo provides the center, the autonomous individual, that will propagate outward, assimilating it all.",
        "file": {
            "id": "F0SD46S4C",
            "created": 1457843321,
            "timestamp": 1457843321,
            "name": "Slack for iOS Upload.jpg",
            "title": "Slack for iOS Upload",
            "mimetype": "image\/jpeg",
            "filetype": "jpg",
            "pretty_type": "JPEG",
            "user": "U0PCK9TKL",
            "editable": false,
            "size": 770919,
            "mode": "hosted",
            "is_external": false,
            "external_type": "",
            "is_public": true,
            "public_url_shared": false,
            "display_as_bot": false,
            "username": "",
            "url_private": "https:\/\/files.slack.com\/files-pri\/T0474AT8K-F0SD46S4C\/slack_for_ios_upload.jpg?t=xoxe-4242367291-28095460608-28095460624-739c22ae7e",
            "url_private_download": "https:\/\/files.slack.com\/files-pri\/T0474AT8K-F0SD46S4C\/download\/slack_for_ios_upload.jpg?t=xoxe-4242367291-28095460608-28095460624-739c22ae7e",
            "thumb_64": "https:\/\/files.slack.com\/files-tmb\/T0474AT8K-F0SD46S4C-06dee213ca\/slack_for_ios_upload_64.jpg?t=xoxe-4242367291-28095460608-28095460624-739c22ae7e",
            "thumb_80": "https:\/\/files.slack.com\/files-tmb\/T0474AT8K-F0SD46S4C-06dee213ca\/slack_for_ios_upload_80.jpg?t=xoxe-4242367291-28095460608-28095460624-739c22ae7e",
            "thumb_360": "https:\/\/files.slack.com\/files-tmb\/T0474AT8K-F0SD46S4C-06dee213ca\/slack_for_ios_upload_360.jpg?t=xoxe-4242367291-28095460608-28095460624-739c22ae7e",
            "thumb_360_w": 264,
            "thumb_360_h": 360,
            "thumb_480": "https:\/\/files.slack.com\/files-tmb\/T0474AT8K-F0SD46S4C-06dee213ca\/slack_for_ios_upload_480.jpg?t=xoxe-4242367291-28095460608-28095460624-739c22ae7e",
            "thumb_480_w": 352,
            "thumb_480_h": 480,
            "thumb_160": "https:\/\/files.slack.com\/files-tmb\/T0474AT8K-F0SD46S4C-06dee213ca\/slack_for_ios_upload_160.jpg?t=xoxe-4242367291-28095460608-28095460624-739c22ae7e",
            "thumb_720": "https:\/\/files.slack.com\/files-tmb\/T0474AT8K-F0SD46S4C-06dee213ca\/slack_for_ios_upload_720.jpg?t=xoxe-4242367291-28095460608-28095460624-739c22ae7e",
            "thumb_720_w": 528,
            "thumb_720_h": 720,
            "thumb_960": "https:\/\/files.slack.com\/files-tmb\/T0474AT8K-F0SD46S4C-06dee213ca\/slack_for_ios_upload_960.jpg?t=xoxe-4242367291-28095460608-28095460624-739c22ae7e",
            "thumb_960_w": 704,
            "thumb_960_h": 960,
            "thumb_1024": "https:\/\/files.slack.com\/files-tmb\/T0474AT8K-F0SD46S4C-06dee213ca\/slack_for_ios_upload_1024.jpg?t=xoxe-4242367291-28095460608-28095460624-739c22ae7e",
            "thumb_1024_w": 751,
            "thumb_1024_h": 1024,
            "image_exif_rotation": 1,
            "original_w": 1568,
            "original_h": 2138,
            "permalink": "https:\/\/synereonet.slack.com\/files\/dj.ruesue\/F0SD46S4C\/slack_for_ios_upload.jpg",
            "permalink_public": "https:\/\/slack-files.com\/T0474AT8K-F0SD46S4C-2c18db75eb",
            "channels": [
                "C0474AT8X"
            ],
            "groups": [
    
            ],
            "ims": [
    
            ],
            "comments_count": 2
        },
        "comment": {
            "id": "Fc0SEUGEHG",
            "created": 1457895059,
            "timestamp": 1457895059,
            "user": "U048X85UT",
            "comment": "synereo provides the center, the autonomous individual, that will propagate outward, assimilating it all."
        },
        "ts": "1457895059.000087"
    },
    {
        "type": "message",
        "user": "U0474E4KZ",
        "text": "<@U09KY5U65>: why do you think the increase in price brings on haters?",
        "ts": "1457895493.000088"
    },
    {
        "type": "message",
        "user": "U048X85UT",
        "text": "APMs compete with all other currencies and Synereo against all other technologies and competition is healthy when embraced and constructive.  However the dark side always rears its ugly head.  Those living under the delusion that it is a zero sum game can be expected to hate your success.",
        "ts": "1457899100.000089"
    },
    {
        "type": "message",
        "user": "U09KY5U65",
        "text": "price rise always makes people angry because they missed out. The price rise is less important than the DAO thing. That's like the new invention. A good thing about the DAO is you can fund it with $ETH instead of $AMP.",
        "ts": "1457901236.000090"
    },
    {
        "type": "message",
        "user": "U09KY5U65",
        "text": "Does Synereo LTD have a supply of $ETH? If someone had made this DAO awhile ago and locked up funds in $ETH, just a small $500 a month fund 4 months ago would now be worth more like $10,000 because of the ethereum price rise.",
        "ts": "1457901489.000091"
    },
    {
        "type": "message",
        "user": "U09KY5U65",
        "text": "oh well",
        "ts": "1457901524.000092"
    },
    {
        "type": "message",
        "user": "U048T3M8W",
        "text": "Hey <@U0R4YRVFB> do you know any web designer that can make the Synereo site multi-lingual?",
        "edited": {
            "user": "U048T3M8W",
            "ts": "1457903538.000000"
        },
        "ts": "1457903520.000093"
    },
    {
        "type": "message",
        "user": "U0R4YRVFB",
        "text": "<@U048T3M8W>: should be pretty simple to do, I bet any decent web dev could do it. Who built the original site ?",
        "ts": "1457905328.000095"
    },
    {
        "user": "U0SF9AX33",
        "type": "message",
        "subtype": "channel_join",
        "text": "<@U0SF9AX33|goliblu> has joined the channel",
        "ts": "1457915566.000096"
    },
    {
        "type": "message",
        "user": "U0SF9AX33",
        "text": "Hello I am new to the channel. It was said that users on Synereo \"retain the full value they generate for the network\", but also that \"Synereo takes a small transaction fee from every transaction on the network\" ... wouldn't full value contain no \"middleman\" that \"skims\" amps off of every exchange?",
        "ts": "1457917199.000097"
    },
    {
        "type": "message",
        "user": "U04BQ4FMC",
        "text": "Hi <@U0SF9AX33> - welcome!\nWhen users on the social media platform create content, they will own this content.  They will also have the ability to control their level of privacy and credentials.  This is the \"full value they generate\".  There are costs associated with running a network, and this one will have transaction fees, like any network.  But users do not have to pay those costs directly, instead they will come from other users who are paying for extra service on the network, like boosting a post, or running an ad campaign.",
        "ts": "1457919816.000098"
    },
    {
        "type": "message",
        "user": "U04BQ4FMC",
        "text": "Many details have not yet been determined, in the pre-Beta phase.  The ultimate goal is to have a self-sustainable model, but that cannot happen now, as the original investors are still finishing the product!  Until that time, the company must pay for expenses, and more importantly, developers and people who will be fixing problems and building the next level version.  It's like using water to prime a pump, to pump water.  The income from these \"transaction fees\" right now is a negative number!",
        "edited": {
            "user": "U04BQ4FMC",
            "ts": "1457920251.000000"
        },
        "ts": "1457920116.000099"
    },
    {
        "type": "message",
        "user": "U04BQ4FMC",
        "text": "It's *super* important not to use the same model that bitcoin or others use to think about this.  This is going to run on a distributed attention economy - and users will be paid, *by the network* for simply using the network in various ways, and giving up their attention.  Those funds will come from a pool, which is of course, in part funded by transaction fees.  The pool must be managed by the company until the network is self-sufficient, and in fact, has to be filled by investors to get started.",
        "ts": "1457921541.000101"
    },
    {
        "type": "message",
        "user": "U0QK92Y58",
        "text": "<@U0474E4KZ>: Thank you for beginning to recognize the credibility problem created by announcing a post-crowdsale private equity sale of Synereo LTD shares, and responding by forming a \"Community Steering Committee\".\n&gt; Loomio\n&gt; Synereo community steering committee\n...\n&gt; This trust community has been created independently from Synereo LTD for Synereo community leader decision making employing deliberative discursive democracy.\n\nThe following facts bring question to the committee's credibility:\n\n1. It claims independence from the private company, Synereo LTD.\n&gt; This trust community has been created independently from Synereo LTD for Synereo community leader decision making employing deliberative discursive democracy.\n\n2. It may give _equity_ shareholders in Synereo LTD a *disproportionate* voice in Synereo's future. This notion was presented by <@U0474E4KZ> as an _incentive_ for investors to buy equity; to sweeten the deal. On February 17, 2016 during a live Synereo Community Hangout, <@U0474E4KZ> says this about the planned equity sale:\n&gt; \"We then talked about how to really incentivize as many people as possible to join in on the fun and get some equity in the company and we've decided to start exploring the notion of distributed governance based on equity in the company.\"\n&gt; <https:\/\/www.youtube.com\/watch?v=0h4Yd61_Rio>\n\nHe goes on to recommend setting up this \"equity based governance\" on Loomio. Three weeks later, the Loomio \"Community Steering Committee\" is announced.",
        "edited": {
            "user": "U0QK92Y58",
            "ts": "1457938839.000000"
        },
        "ts": "1457938229.000102"
    }
]