[
    {
        "type": "message",
        "user": "U0DKBHZN1",
        "text": "Start posting the weekly scribe there, not just a link. Let people see that the project is advancing.",
        "ts": "1451990666.000466"
    },
    {
        "type": "message",
        "user": "U0474E4KZ",
        "text": "We're listed on Coin Gecko now: <https:\/\/www.coingecko.com\/en\/coins\/synereo>",
        "attachments": [
            {
                "service_name": "CoinGecko",
                "title": "Synereo (AMP) Price, Chart, Info | CoinGecko",
                "title_link": "https:\/\/www.coingecko.com\/en\/coins\/synereo",
                "text": "AMPs, Synereo\u2019s content flow currency, serve as a way to Amplify the flow of information in the network. There was a crowdsale that was c...",
                "fallback": "CoinGecko: Synereo (AMP) Price, Chart, Info | CoinGecko",
                "image_url": "https:\/\/www.coingecko.com\/assets\/coin-250\/synereo-1ab4c957076eac00ccf5264de14f0780.png",
                "from_url": "https:\/\/www.coingecko.com\/en\/coins\/synereo",
                "image_width": 250,
                "image_height": 250,
                "image_bytes": 23976,
                "id": 1
            }
        ],
        "ts": "1451994162.000467",
        "reactions": [
            {
                "name": "+1",
                "users": [
                    "U049CMCCZ"
                ],
                "count": 1
            }
        ]
    },
    {
        "type": "message",
        "user": "U048T3M8W",
        "text": ":sunglasses:",
        "ts": "1451994296.000469"
    },
    {
        "type": "message",
        "user": "U0474E4KZ",
        "text": "Do we have anyone around who speaks Chinese who could approach BTC38? <http:\/\/www.btc38.com\/>",
        "attachments": [
            {
                "text": "\u6bd4\u7279\u65f6\u4ee3\uff0c\u6570\u5b57\u8d27\u5e01\u9886\u822a\u8005\uff0c\u5185\u5bb9\u5305\u62ec\u6bd4\u7279\u5e01\u65b0\u624b\u6559\u7a0b\uff0c\u6bd4\u7279\u5e01\u4ef7\u683c\uff0c\u6bd4\u7279\u5e01\u4ea4\u6613\u5e73\u53f0\u7b49\u8bf8\u591a\u6bd4\u7279\u5e01\u5185\u5bb9\u3002\u66f4\u6709\u83b1\u7279\u5e01\u3001\u72d7\u72d7\u5e01\u3001\u6bd4\u7279\u80a1\u3001\u745e\u6ce2\u5e01\u7b49\u6570\u5b57\u8d27\u5e01\u4ea4\u6613\u7cfb\u7edf\u3001\u6570\u5b57\u8d27\u5e01\u8d44\u8baf\u5185\u5bb9\u3002",
                "fallback": "\u6bd4\u7279\u65f6\u4ee3\uff0c\u6570\u5b57\u8d27\u5e01\u9886\u822a\u8005\uff0c\u5185\u5bb9\u5305\u62ec\u6bd4\u7279\u5e01\u65b0\u624b\u6559\u7a0b\uff0c\u6bd4\u7279\u5e01\u4ef7\u683c\uff0c\u6bd4\u7279\u5e01\u4ea4\u6613\u5e73\u53f0\u7b49\u8bf8\u591a\u6bd4\u7279\u5e01\u5185\u5bb9\u3002\u66f4\u6709\u83b1\u7279\u5e01\u3001\u72d7\u72d7\u5e01\u3001\u6bd4\u7279\u80a1\u3001\u745e\u6ce2\u5e01\u7b49\u6570\u5b57\u8d27\u5e01\u4ea4\u6613\u7cfb\u7edf\u3001\u6570\u5b57\u8d27\u5e01\u8d44\u8baf\u5185\u5bb9\u3002",
                "from_url": "http:\/\/www.btc38.com\/",
                "id": 1
            }
        ],
        "ts": "1452000054.000470"
    },
    {
        "type": "message",
        "user": "U0474E4KZ",
        "text": "They're a major exchange.",
        "ts": "1452000059.000472"
    },
    {
        "type": "message",
        "user": "U048T3M8W",
        "text": "Next week I receive a Chinese girl in my AirBnb, maybe she could be of some help.",
        "ts": "1452000439.000473"
    },
    {
        "type": "message",
        "user": "U0474E4KZ",
        "text": "Cool. :simple_smile:",
        "ts": "1452006020.000474"
    },
    {
        "type": "message",
        "user": "U048X85UT",
        "text": "We can use the CoinGecko widget  on our website <https:\/\/www.coingecko.com\/en\/widgets\/ticker\/synereo\/btc>",
        "attachments": [
            {
                "service_name": "CoinGecko",
                "title": "Synereo Price Ticker Widget (AMP\/BTC) | CoinGecko",
                "title_link": "https:\/\/www.coingecko.com\/en\/widgets\/ticker\/synereo\/btc",
                "text": "Synereo\/BTC Price Ticker Widget that you can embed anywhere on the internet.",
                "fallback": "CoinGecko: Synereo Price Ticker Widget (AMP\/BTC) | CoinGecko",
                "image_url": "https:\/\/www.coingecko.com\/assets\/coin-250\/synereo-1ab4c957076eac00ccf5264de14f0780.png",
                "from_url": "https:\/\/www.coingecko.com\/en\/widgets\/ticker\/synereo\/btc",
                "image_width": 250,
                "image_height": 250,
                "image_bytes": 14481,
                "id": 1
            }
        ],
        "ts": "1452011074.000475"
    },
    {
        "type": "message",
        "user": "U048X85UT",
        "text": "I take some credit for this for telling co-founder Bobby Ong of CoinGecko AMP are the ONLY currency in the attention economy. :stuck_out_tongue:",
        "edited": {
            "user": "U048X85UT",
            "ts": "1452011313.000000"
        },
        "ts": "1452011275.000477",
        "reactions": [
            {
                "name": "+1",
                "users": [
                    "U0474E4KZ"
                ],
                "count": 1
            }
        ]
    },
    {
        "type": "message",
        "user": "U0474E4KZ",
        "text": "^_^ I approached him directly.",
        "ts": "1452019248.000479"
    }
]