[
    {
        "type": "message",
        "user": "U0474AYFT",
        "text": "Sunday would be good.",
        "ts": "1455799742.000093"
    },
    {
        "type": "message",
        "user": "U0474AYFT",
        "text": "i'm trying to keep 11:30 - 13:00 PST open.",
        "ts": "1455799790.000094"
    },
    {
        "type": "message",
        "user": "U0474AYFT",
        "text": "But other times are ok at present.",
        "ts": "1455799825.000095"
    },
    {
        "user": "U0MUQUZ96",
        "type": "message",
        "subtype": "channel_join",
        "text": "<@U0MUQUZ96|davidhq> has joined the channel",
        "ts": "1455802803.000096"
    },
    {
        "type": "message",
        "user": "U0FESR742",
        "text": "<@U048ERGCQ>: No but it looks like an amazing place!",
        "ts": "1455821388.000097"
    },
    {
        "type": "message",
        "user": "U0FESR742",
        "text": "<@U0J9CQF9S>: what's the main aspect of this question we want to tackle at this meeting?",
        "ts": "1455821429.000098"
    },
    {
        "type": "message",
        "user": "U0J9CQF9S",
        "text": "I want to get together and discuss more about the governance model and the equity sale. Basically the points we talked about on Wednesday but go more in depth so we can prepare to reach a decision next Wednesday on how we want to run synereo. Its all very complicated I have a lot of questions. For example, we want synereo to be a decentralized company but its legally registered as a company to comply with law. (As dor mentioned, if synereo was not registered as a company what you guys would be doing is illegal). I am not a legal expert or very knowledgable about equity either. I don\u2019t there was a consensus on whether or not we want 3% to be the max cap someone can purchase for equity. I also have questions about how synereo (the business end) makes money. Lots of questions lol..",
        "ts": "1455823096.000099"
    },
    {
        "type": "message",
        "user": "U0FESR742",
        "text": "Am I the only one who things we can do a little better with the names of our channels? As they stand they are VERY difficult for a newcomer to understand and know where to go. \n\nProposal: \n* Can we write down the purpose of each channel in a single spot? I have trouble keeping track. \n* Can we then change the names to something more user friendly? \n\nWe need something that looks more like this: \n\n\n* Intros - Newcomers, introduce yourself here and tell us your skillset! This is where we make friends. \n* MainCommunity: Earn Amps! The place to check for news, updates, and stay in touch, ask questions.  Anything related to growing the community, and the social psychology of Synereo.\n* DesignHelp - Help us design the Synereo Social Network! \n* CodingHelp - Anything related to the code side of Synereo. We need Scala Developers! \n* AMP-Trading--Bitcoin: Info and news on AMP trading \/ bitcoin hacking. \n* ThirdPartyApps: Livelygig, Backfeed, Freetrust and more! \n* FreetrustApp: Dev news for the third party App, Freetrust. \n* WeeklyHangout: Helping create our Weekly Community Hangout + Blog Notes \n* NewsAroundTheWeb: News about Synereo from the web. \n* ResourceDump - post all the links to useful resources around the web. \n* Issues: Problems? Post them here! \n\nWe also need a description on every channel. (I gave examples above).",
        "ts": "1455823815.000100",
        "reactions": [
            {
                "name": "+1",
                "users": [
                    "U04BQ4FMC",
                    "U048T3M8W"
                ],
                "count": 2
            }
        ]
    },
    {
        "type": "message",
        "user": "U0J9CQF9S",
        "text": "<@U0FESR742>: yes make the channels more user friendly that would be extremely helpful for new comers",
        "ts": "1455824023.000101"
    },
    {
        "type": "message",
        "user": "U0J9CQF9S",
        "text": "If anyone knows a good scheduling app please post it here. I want to set that up to streamline hangouts on jitsi or ventrilo or google.",
        "ts": "1455824345.000102"
    },
    {
        "type": "message",
        "user": "U0FESR742",
        "text": "We are facing a HUGE barrier to entry problem. I've been so worried about everything else I've had little time to address it. I'm trying to get back to the basics and start with the most necessary things first. If we're gonna roll out a whole ambassador program and then decentralize things, we *must* be user friendly. This is not negotiable.",
        "ts": "1455824490.000103"
    },
    {
        "type": "message",
        "user": "U0FESR742",
        "text": "<http:\/\/www.tomsguide.com\/us\/pictures-story\/442-best-calendar-apps.html>",
        "attachments": [
            {
                "service_name": "Tom's Guide",
                "title": "10 Best Calendar Apps",
                "title_link": "http:\/\/www.tomsguide.com\/us\/pictures-story\/442-best-calendar-apps.html",
                "text": "Get organized and stay on schedule with the best calendar apps for Android and iOS.",
                "fallback": "Tom's Guide: 10 Best Calendar Apps",
                "ts": 1452844800,
                "from_url": "http:\/\/www.tomsguide.com\/us\/pictures-story\/442-best-calendar-apps.html",
                "id": 1
            }
        ],
        "ts": "1455824619.000104"
    },
    {
        "type": "message",
        "user": "U0FESR742",
        "text": "<https:\/\/zapier.com\/blog\/best-meeting-scheduler-apps\/>",
        "attachments": [
            {
                "service_name": "The Zapier Blog",
                "title": "The 16 Best Meeting Scheduler Apps and Tools",
                "title_link": "https:\/\/zapier.com\/blog\/best-meeting-scheduler-apps\/",
                "text": "There are few tasks in the professional life as tedious as scheduling meetings. Finding a time that works for everyone can be a losing battle of long email strings and accidental double-bookings. Scheduling a meeting time shouldn't be hard. Fortunately, there are dozens of online meeting scheduler apps available...",
                "fallback": "The Zapier Blog: The 16 Best Meeting Scheduler Apps and Tools",
                "image_url": "https:\/\/zapier.cachefly.net\/storage\/blog\/eb8ec0e88aa78ae15ebdb353a33760f6.500x278.png",
                "from_url": "https:\/\/zapier.com\/blog\/best-meeting-scheduler-apps\/",
                "image_width": 456,
                "image_height": 250,
                "image_bytes": 34968,
                "id": 1
            }
        ],
        "ts": "1455825191.000106"
    },
    {
        "user": "U0FESR742",
        "topic": "This channel is for team-wide communication and announcements. All team members are in this channel.",
        "type": "message",
        "subtype": "channel_topic",
        "text": "<@U0FESR742|jwalls> set the channel topic: This channel is for team-wide communication and announcements. All team members are in this channel.",
        "ts": "1455825385.000108"
    },
    {
        "user": "U0N1S75V0",
        "type": "message",
        "subtype": "channel_join",
        "text": "<@U0N1S75V0|twigwam> has joined the channel",
        "ts": "1455825998.000109"
    },
    {
        "type": "message",
        "user": "U0J9CQF9S",
        "text": " <https:\/\/www.vyte.in\/> this looks pretty good. \"Anyone can connect\". Only the group organizers need a google account.",
        "attachments": [
            {
                "service_name": "Vyte.in Your personal meeting assistant",
                "title": "Vyte.in",
                "title_link": "https:\/\/www.vyte.in\/",
                "text": "Tired of wasting time scheduling meetings? Let <http:\/\/vyte.in|vyte.in> do it for you!",
                "fallback": "Vyte.in Your personal meeting assistant: Vyte.in",
                "from_url": "https:\/\/www.vyte.in\/",
                "id": 1
            }
        ],
        "ts": "1455826047.000110"
    },
    {
        "type": "message",
        "user": "U0J9CQF9S",
        "text": "If there's no objection I'll schedule it up",
        "ts": "1455826071.000112"
    },
    {
        "type": "message",
        "user": "U0J9CQF9S",
        "text": "<https:\/\/www.vyte.in\/events\/56c62626573f801100819776?su=true> can everyone access this? It's schedule for 2pm est. that's the normal hangout time. ",
        "ts": "1455826524.000113"
    },
    {
        "type": "message",
        "user": "U04BQ4FMC",
        "text": "I would amend the first category from 'intro' to 'Welcome!'.  In the description, include \"intros\".  IF it is possible to 'pin' posts' here, have the above breakdown of c ategories by Jed, and any rules we decide to have posted there, where all newcomers should see first.",
        "ts": "1455826732.000114"
    },
    {
        "type": "message",
        "user": "U0FESR742",
        "text": "<@U0J9CQF9S>: Stuck on loading. \n\n<@U04BQ4FMC>: perfect. Pinning something makes great sense, good call.",
        "ts": "1455826783.000115"
    },
    {
        "type": "message",
        "user": "U0FESR742",
        "text": "<@U0J9CQF9S>: My biggest concern is to just make sure we do some homework before we go with one solution. Honestly, we need to make things as simple as possible. We are turning to too many app solutions instead of shoring up our general organization first. If any of these apps are a pain, or add hoops, we can't use them.",
        "ts": "1455826858.000116"
    },
    {
        "type": "message",
        "user": "U04GDL62L",
        "text": "<@U0J9CQF9S>: Stuck on loading for me too because I'm not logged in to <http:\/\/vyte.in|vyte.in>",
        "ts": "1455826885.000117"
    },
    {
        "type": "message",
        "user": "U04GDL62L",
        "text": "<@U0FESR742>: I've seen other Slack communities use an \"Event\" channel to post upcoming meetings. We can use thumbs up\/down emoji to indicate planned attendance.",
        "ts": "1455827095.000118"
    },
    {
        "type": "message",
        "user": "U0J9CQF9S",
        "text": "that would be make things a lot easier.",
        "ts": "1455827136.000119"
    },
    {
        "type": "message",
        "user": "U0J9CQF9S",
        "text": "im surprised not suprised this app is having issues. now that i think about it. finding 1 app that no one is going to have an issue with is very difficult to do.",
        "ts": "1455827176.000120"
    },
    {
        "type": "message",
        "user": "U04BQ4FMC",
        "text": "I logged in thru g+ and that link still does not take me there Christian",
        "ts": "1455827277.000121"
    },
    {
        "type": "message",
        "user": "U04BQ4FMC",
        "text": "What is your name there, <@U0J9CQF9S> ?",
        "ts": "1455827337.000122"
    },
    {
        "type": "message",
        "user": "U0J9CQF9S",
        "text": "yes its the same as my google email. <mailto:shdwdm@gmail.com|shdwdm@gmail.com>",
        "ts": "1455827352.000123"
    },
    {
        "type": "message",
        "user": "U04BQ4FMC",
        "text": "- I think the link is not the right one \/or kind",
        "ts": "1455827359.000124"
    },
    {
        "type": "message",
        "user": "U0J9CQF9S",
        "text": "oh ouch you have to invite by email only.",
        "ts": "1455827457.000125"
    },
    {
        "type": "message",
        "user": "U04BQ4FMC",
        "text": "I mean, when it offers to set up an event for me, it has a place to enter your own custom link (after the <http:\/\/vyte.in\/|vyte.in\/> part) - so, is that string of numbers what you piked?",
        "ts": "1455827483.000126"
    },
    {
        "type": "message",
        "user": "U0J9CQF9S",
        "text": "im chatting with a tech rep. they are implementing a link sharing feature. Right now you can only invite people by email. sucks..",
        "ts": "1455827520.000127"
    },
    {
        "type": "message",
        "user": "U0J9CQF9S",
        "text": "apparently they are releasing the link feature in a few days.",
        "ts": "1455827540.000128"
    },
    {
        "type": "message",
        "user": "U0J9CQF9S",
        "text": "if it works by sunday great. if it doesnt and we dont want to hunt for an app to use (which i am in favor of) we can create a event channel on slack like jwalls is suggesting.",
        "ts": "1455827573.000129"
    },
    {
        "type": "message",
        "user": "U04BQ4FMC",
        "text": "I won't be around again, but will get back into full swing next week, after the hangout",
        "ts": "1455827635.000130"
    },
    {
        "type": "message",
        "user": "U0J9CQF9S",
        "text": "malthus do you usually setup the google hangouts? Should we move over to jitsi for this informal meeting or do we want to record on sunday for youtube?",
        "ts": "1455828268.000131"
    },
    {
        "type": "message",
        "user": "U04GDL62L",
        "text": "(Testing)  Sample Invitation.\nPlease click on thumbs below:\n   Yes I'll be there :+1:\n   Maybe                 :grey_question:\n   I Can't make it  :-1:",
        "edited": {
            "user": "U04GDL62L",
            "ts": "1455828702.000000"
        },
        "ts": "1455828355.000132",
        "reactions": [
            {
                "name": "+1",
                "users": [
                    "U0J9CQF9S",
                    "U0G8ZB4R4",
                    "U0FESR742",
                    "U0474E4KZ"
                ],
                "count": 4
            },
            {
                "name": "-1",
                "users": [
                    "U04GDL62L"
                ],
                "count": 1
            },
            {
                "name": "grey_question",
                "users": [
                    "U04GDL62L",
                    "U0G8ZB4R4"
                ],
                "count": 2
            }
        ]
    },
    {
        "type": "message",
        "user": "U0FESR742",
        "text": "drbloom: I like it in theory, in practice, its a very difficult thing to add this format into every post about events. I just don't know if the technology is simple enough yet. It might be easier to herd all the cats and say \"hey are you going to be there\"",
        "ts": "1455829746.000137"
    },
    {
        "type": "message",
        "user": "U0FESR742",
        "text": "<@U0474E4KZ>: set me as an admin and i'll change the page names for clarity. We can talk about it more if we want, but I think its a no brainer",
        "ts": "1455830073.000138"
    },
    {
        "type": "message",
        "user": "U04GDL62L",
        "text": "<@U0FESR742>: The cool cats are all here on 'Slack' anyway, so we should try to use whatever features we can find without splitting off to more platforms. The example I gave can also be used for simple, informal voting :smiley_cat:",
        "ts": "1455830087.000139"
    },
    {
        "type": "message",
        "user": "U048T3M8W",
        "text": "<https:\/\/datumprikker.nl\/?hl=en>",
        "attachments": [
            {
                "text": "Planning an event can be difficult thing to achieve. <http:\/\/datumprikker.nl|datumprikker.nl> makes it easy!",
                "fallback": "Planning an event can be difficult thing to achieve. <http:\/\/datumprikker.nl|datumprikker.nl> makes it easy!",
                "from_url": "https:\/\/datumprikker.nl\/?hl=en",
                "id": 1
            }
        ],
        "ts": "1455830786.000140"
    },
    {
        "type": "message",
        "user": "U0FESR742",
        "text": "<@U04GDL62L>: I agree. I almost killed myself over the last couple months adding myself to all the things. Even Taiga ... I liked it at first, but it seems labyrinthine and complex. Its not going to win us any points in the easy to use category.",
        "ts": "1455831014.000142"
    },
    {
        "type": "message",
        "user": "U0J9CQF9S",
        "text": "<@U06AAH8F3>: suggested some other apps but they cost money. they are much more superior for project management. We are using taiga because its free.",
        "ts": "1455831130.000143"
    },
    {
        "type": "message",
        "user": "U04GDL62L",
        "text": "If you feel like spending money, you could add a #Slack integration: <https:\/\/slack.com\/apps>",
        "attachments": [
            {
                "service_name": "Slack",
                "title": "App Directory",
                "title_link": "https:\/\/slack.com\/apps",
                "text": "Explore and install apps on the Slack App Directory",
                "fallback": "Slack: App Directory",
                "from_url": "https:\/\/slack.com\/apps",
                "thumb_url": "https:\/\/slack.com\/img\/slack_hash_128.v1442100037.png",
                "thumb_width": 128,
                "thumb_height": 128,
                "id": 1
            }
        ],
        "ts": "1455831297.000144"
    },
    {
        "type": "message",
        "user": "U04BQ4FMC",
        "text": "taiga was not easfy for me either, and then was when there was just a few things  - I'm slightly loathe to try to figure it all out when I come back next week.  I would love to have a video chat with a couple of you who already know it, to walk me through it. <@U048T3M8W>  <@U0J9CQF9S>",
        "ts": "1455831329.000146"
    },
    {
        "type": "message",
        "user": "U0J9CQF9S",
        "text": "yea i can do that",
        "ts": "1455831429.000147"
    },
    {
        "type": "message",
        "user": "U0J9CQF9S",
        "text": "here is google calendar for slack<https:\/\/slack.com\/apps\/A0F8149ED-google-calendar> i had no idea you can add applications on top of slack.",
        "attachments": [
            {
                "service_name": "Slack App Directory",
                "title": "Google Calendar",
                "title_link": "https:\/\/slack.com\/apps\/A0F8149ED-google-calendar",
                "text": "A shared calendar for your team.",
                "fallback": "Slack App Directory: Google Calendar",
                "from_url": "https:\/\/slack.com\/apps\/A0F8149ED-google-calendar",
                "thumb_url": "https:\/\/slack.global.ssl.fastly.net\/12b5a\/plugins\/gcalendar\/assets\/service_72.png",
                "thumb_width": 72,
                "thumb_height": 72,
                "id": 1
            }
        ],
        "ts": "1455831454.000148"
    },
    {
        "type": "message",
        "user": "U0J9CQF9S",
        "text": "do you have jitsi malthus?",
        "ts": "1455831480.000150"
    },
    {
        "type": "message",
        "user": "U0J9CQF9S",
        "text": "actually i can just give you the link",
        "ts": "1455831503.000151"
    },
    {
        "type": "message",
        "user": "U0J9CQF9S",
        "text": "and u go right to the room thats already been setup",
        "ts": "1455831509.000152"
    },
    {
        "type": "message",
        "user": "U0J9CQF9S",
        "text": "<https:\/\/meet.jit.si\/synereosynpm>",
        "attachments": [
            {
                "title": "Jitsi Meet",
                "title_link": "https:\/\/meet.jit.si\/synereosynpm",
                "text": "Join a WebRTC video conference powered by the Jitsi Videobridge",
                "fallback": "Jitsi Meet",
                "from_url": "https:\/\/meet.jit.si\/synereosynpm",
                "thumb_url": "https:\/\/meet.jit.si\/images\/jitsilogo.png?v=1",
                "thumb_width": 68,
                "thumb_height": 31,
                "id": 1
            }
        ],
        "ts": "1455831566.000153"
    },
    {
        "type": "message",
        "user": "U0FESR742",
        "text": "<@U0474E4KZ> <@U0474AYFT>  make me admin",
        "ts": "1455831570.000155"
    },
    {
        "type": "message",
        "user": "U0FESR742",
        "text": "Yeah  I posted some jobs on Taiga but I deleted them -- its just waaay too complicated to manage from there.",
        "ts": "1455831631.000156"
    },
    {
        "type": "message",
        "user": "U04BQ4FMC",
        "text": "I was waiting to get a new laptop - then I went on vacation, so I have not loaded anything or installed stuff.",
        "ts": "1455831643.000157"
    },
    {
        "type": "message",
        "user": "U0J9CQF9S",
        "text": "you dont have to install anything. if your not on a laptop you cant access the room with the link i gave you.",
        "ts": "1455831668.000158"
    },
    {
        "type": "message",
        "user": "U04BQ4FMC",
        "text": "well let's do it next week - maybe Thursday?",
        "ts": "1455831735.000159"
    },
    {
        "type": "message",
        "user": "U0J9CQF9S",
        "text": "sure",
        "ts": "1455831745.000160"
    },
    {
        "type": "message",
        "user": "U04BQ4FMC",
        "text": "also - I was just going to suggest the google app for calendar, since we are using their events anyway, and those will always be loaded up automatically - but you beat me to it",
        "ts": "1455831816.000161"
    },
    {
        "type": "message",
        "user": "U04BQ4FMC",
        "text": "I haven't seen anything mentioned in the hangouts about Beta launch - do we have a date for that yet?",
        "ts": "1455831898.000162"
    },
    {
        "type": "message",
        "user": "U04BQ4FMC",
        "text": "^ <@U0474E4KZ> <@U0474AYFT>",
        "ts": "1455832040.000163"
    },
    {
        "type": "message",
        "user": "U0J9CQF9S",
        "text": "really weird bug with <http:\/\/jit.si|jit.si>",
        "ts": "1455832321.000164"
    },
    {
        "type": "message",
        "user": "U0J9CQF9S",
        "text": "<http:\/\/meet.jit.si|meet.jit.si> you have to go here first. then type in synereosynpm . weird.",
        "ts": "1455832353.000165"
    },
    {
        "user": "U0N2GKLBU",
        "type": "message",
        "subtype": "channel_join",
        "text": "<@U0N2GKLBU|woozle> has joined the channel",
        "ts": "1455833250.000166"
    },
    {
        "type": "message",
        "user": "U0J9CQF9S",
        "text": "Bloom suggested we use as many apps (bought through <http:\/\/slack.com|slack.com>) as possible to keep everything here on slack. Perhaps add more admins so they can trouble shoot problems and update the network we are using. This will also help removing people from the channel if they come in and spam or something of this nature. Mal also brought up a good long term goal which would be to move the entire project management onto the synereo stack at some point. I have no idea how hard this would be from a technical point. Perhaps this is a good long term goal. Either way we are moving forward. Were just at the first stage of growth. Setting up a entire decentralized project management workflow is not very easy.",
        "ts": "1455833252.000167"
    },
    {
        "type": "message",
        "user": "U0FESR742",
        "text": "Agree",
        "ts": "1455834333.000168"
    },
    {
        "user": "U0N2E0U2Y",
        "type": "message",
        "subtype": "channel_join",
        "text": "<@U0N2E0U2Y|bluebone> has joined the channel",
        "ts": "1455834344.000169"
    },
    {
        "type": "message",
        "user": "U0FESR742",
        "text": "But if the interface isn't easy, we're not going to retain anyone. Keeping things slack-based and paying for it works for me.",
        "ts": "1455834384.000170"
    },
    {
        "type": "message",
        "user": "U0FESR742",
        "text": "Hello <@U0N2E0U2Y> and <@U0N2GKLBU> ! Tell us what brought you here and how you wanna help!",
        "ts": "1455834409.000171"
    },
    {
        "user": "U0N2EK3DJ",
        "type": "message",
        "subtype": "channel_join",
        "text": "<@U0N2EK3DJ|antoine> has joined the channel",
        "ts": "1455834546.000172"
    },
    {
        "type": "message",
        "user": "U0FESR742",
        "text": "<@U0N2EK3DJ>: welcome!",
        "ts": "1455834694.000173"
    },
    {
        "user": "U0N2HUUNP",
        "type": "message",
        "subtype": "channel_join",
        "text": "<@U0N2HUUNP|taoteh1221> has joined the channel",
        "ts": "1455834714.000174"
    },
    {
        "type": "message",
        "user": "U0FESR742",
        "text": "<@U0N2HUUNP>: I see my latest mailchimp is having significant results. Are you here to talk social network design?",
        "ts": "1455834753.000175"
    },
    {
        "type": "message",
        "user": "U0N2GKLBU",
        "text": "jwalls - I've been interested in both decentralizing and improving the social media experience for some years now. (I have at least a handful of rants on the subject somewhere -- mostly G+.) I set up my own Friendica node a few years ago, then ported it to another server and upgraded it... in short, I think I gave it a pretty fair shake, but really just wasn't happy with the UX. Meanwhile, the more popular networks like FB and G+ aren't interested in being *tools*; they seem to think of themselves primarily as a form of *entertainment*, and that's not what we need.",
        "ts": "1455835189.000176"
    },
    {
        "type": "message",
        "user": "U0N2GKLBU",
        "text": "The folks working on Synereo seem to be much more tool-oriented, and also don't seem to be stuck in any of the dominant software\/startup\/social-media paradigms, so I'm hopeful that Synereo may be developing in the directions I'm hoping to see.",
        "ts": "1455835309.000177",
        "reactions": [
            {
                "name": "+1",
                "users": [
                    "U04BQ4FMC",
                    "U04GDL62L",
                    "U0474E4KZ"
                ],
                "count": 3
            }
        ]
    },
    {
        "type": "message",
        "user": "U0J9CQF9S",
        "text": "thank you <@U0N2GKLBU> for stopping in. Do you wish to help synereo grow or would you like to just monitor the slack and follow our updates as they roll out? There is so much information to go through perhaps i can help you tackle that quickly.",
        "ts": "1455835625.000178"
    },
    {
        "type": "message",
        "user": "U0N2GKLBU",
        "text": "At this point, my coding time is kinda overbooked, else I'd be interested in helping out with that. I might be able to help on a design\/documentation level -- but if you need someone to be available reliably on short notice, that's probably not me, at least not at the moment. :confused: So I guess I'm mainly here to throw in my unsolicited opinions where they seem relevant. For now.",
        "ts": "1455836080.000179"
    },
    {
        "type": "message",
        "user": "U0N2HUUNP",
        "text": "<@U0FESR742>: I have watched a few of your YT vids. If you can pull this off it would be really cool. I figured I'd join, and if I come up with any ideas I'd shoot them your way. I'm a web2 dev, so may come up with something for you eventually...nothing in mind yet though. Good luck with this project.",
        "ts": "1455836094.000180",
        "reactions": [
            {
                "name": "+1",
                "users": [
                    "U04BQ4FMC"
                ],
                "count": 1
            }
        ]
    },
    {
        "type": "message",
        "user": "U0N2GKLBU",
        "text": "...but yes, a synopsis of current progress would be useful :simple_smile:",
        "ts": "1455836097.000181"
    },
    {
        "type": "message",
        "user": "U0N2GKLBU",
        "text": "(Synopsis or quick guide or whatever.)",
        "ts": "1455836124.000182"
    },
    {
        "type": "message",
        "user": "U0N2GKLBU",
        "text": "Oh, and also I can help spread the word when you're ready to sign up users. I know a number of other people who are dissatisfied with the state of social networking in general, and could offer some pretty detailed feedback :wink:",
        "ts": "1455836238.000183",
        "reactions": [
            {
                "name": "clap",
                "users": [
                    "U04BQ4FMC",
                    "U0474E4KZ"
                ],
                "count": 2
            }
        ]
    },
    {
        "user": "U0N2RTW4A",
        "type": "message",
        "subtype": "channel_join",
        "text": "<@U0N2RTW4A|jordanlau> has joined the channel",
        "ts": "1455836405.000184"
    },
    {
        "type": "message",
        "user": "U0J9CQF9S",
        "text": "whats your email",
        "ts": "1455836481.000185"
    },
    {
        "type": "message",
        "user": "U0N2GKLBU",
        "text": "<mailto:synereo@hypertwins.org|synereo@hypertwins.org>",
        "ts": "1455836525.000186"
    },
    {
        "type": "message",
        "user": "U0N2GKLBU",
        "text": "(Guess I should add that to my profile...)",
        "ts": "1455836544.000187"
    },
    {
        "type": "message",
        "user": "U0N2GKLBU",
        "text": "(ok, nvm... I have an email address on my profile; can't tell if it's public or not.)",
        "ts": "1455836595.000188"
    },
    {
        "user": "U0N2ST7R9",
        "type": "message",
        "subtype": "channel_join",
        "text": "<@U0N2ST7R9|axle> has joined the channel",
        "ts": "1455838016.000189"
    },
    {
        "type": "message",
        "user": "U04BQ4FMC",
        "text": "glad to see you here <@U0N2GKLBU>  :simple_smile:",
        "ts": "1455838901.000190"
    },
    {
        "user": "U0N2Y7MQX",
        "type": "message",
        "subtype": "channel_join",
        "text": "<@U0N2Y7MQX|allahhh> has joined the channel",
        "ts": "1455838981.000191"
    },
    {
        "type": "message",
        "user": "U0N2GKLBU",
        "text": "Thanks, malthusjohn",
        "ts": "1455839263.000192"
    },
    {
        "type": "message",
        "user": "U0FESR742",
        "text": "<@U0N2GKLBU>: awesome to have you. Yes, we are very tool driven. I think of us as a wordpress or a google play store that is social. We are first and foremost a PLATFORM for decentralized applications. The social network we are building is just that. We agree: tools in hands. Its still rough here, but we're making great progress.",
        "ts": "1455840185.000193",
        "reactions": [
            {
                "name": "+1",
                "users": [
                    "U0N2GKLBU"
                ],
                "count": 1
            }
        ]
    },
    {
        "type": "message",
        "user": "U0FESR742",
        "text": "Here's a quick quick update on our progress, just a few months from release on each issue: \n\n* We're changing the algorithms that ethereum and blockchain work on. Its called \"Casper\". It uses \"proof of stake\". We're making it scalable. Greg would hate me if I gave you a specific month, but we're close. \n* We're designing our front end. Add yourself to the <#C0474CWNK> channel on this one.  <@U0JA3NQ11> and <@U06AAH8F3> just started deep diving into this. Awesomely professional, regular updates. They'd love your feedback as we move forward. \n* We're organizing this community. Ongoing, but we could use a lot of help! Lots of opportunities to earn AMPs (our currency) in exchange for work in communications, social media, and getting this efficient. Our goal is to make the LLC as decentralized as possible: let the community run the communications, be the network.",
        "ts": "1455840688.000194",
        "reactions": [
            {
                "name": "stars",
                "users": [
                    "U0474E4KZ"
                ],
                "count": 1
            }
        ]
    },
    {
        "type": "message",
        "user": "U0FESR742",
        "text": "<@U0N2HUUNP>:  great to hear! Check out the <#C0474CWNK> channel if you want to give feedback on the front end!",
        "ts": "1455840737.000195"
    },
    {
        "type": "message",
        "user": "U0FESR742",
        "text": "<@U0N2RTW4A>: <@U0N2ST7R9>  <@U0N2Y7MQX> Glad you guys are here! Let us know how you want to help and what you see yourself doing here. We definitely need help with getting this community managed, and with feedback on our front end.",
        "ts": "1455840832.000196"
    },
    {
        "type": "message",
        "user": "U0N2RTW4A",
        "text": " Thanks <@U0FESR742> , I'm trying to understand more about developing apps using decentralised platform, read thru some info about maidsafe and ethereum...",
        "ts": "1455841235.000197"
    },
    {
        "type": "message",
        "user": "U0N2RTW4A",
        "text": "and got invited by yuval",
        "ts": "1455841335.000198"
    },
    {
        "user": "U0N371EC8",
        "type": "message",
        "subtype": "channel_join",
        "text": "<@U0N371EC8|deemac> has joined the channel",
        "ts": "1455842900.000199"
    },
    {
        "type": "message",
        "user": "U0N2HUUNP",
        "text": "<@U0FESR742> Will do! :simple_smile: ",
        "ts": "1455843124.000200"
    },
    {
        "type": "message",
        "user": "U0FESR742",
        "text": "<@U0N2RTW4A>: awesome! Yuval is a great go-to person. Also when you want to jump in, hit up Greg.",
        "ts": "1455844659.000201"
    },
    {
        "type": "message",
        "user": "U0FESR742",
        "text": "<@U0N371EC8>: Glad you're here. Let us know what brought you and how you want to help.",
        "ts": "1455844725.000202"
    },
    {
        "user": "U0N3FQE67",
        "type": "message",
        "subtype": "channel_join",
        "text": "<@U0N3FQE67|perspective> has joined the channel",
        "ts": "1455849541.000203"
    },
    {
        "user": "U0N3M5Q6N",
        "type": "message",
        "subtype": "channel_join",
        "text": "<@U0N3M5Q6N|hierophantos> has joined the channel",
        "ts": "1455850897.000204"
    },
    {
        "user": "U0N3WTACD",
        "type": "message",
        "subtype": "channel_join",
        "text": "<@U0N3WTACD|jakev> has joined the channel",
        "ts": "1455861352.000205"
    },
    {
        "user": "U0N472CU9",
        "type": "message",
        "subtype": "channel_join",
        "text": "<@U0N472CU9|tomdrouv1> has joined the channel",
        "ts": "1455867394.000206"
    }
]