[
    {
        "user": "U0N53UJES",
        "type": "message",
        "subtype": "channel_join",
        "text": "<@U0N53UJES|petersilo> has joined the channel",
        "ts": "1455880193.000207"
    },
    {
        "type": "message",
        "user": "U0N53UJES",
        "text": "Hi there :relaxed:",
        "ts": "1455880568.000208"
    },
    {
        "type": "message",
        "user": "U0N53UJES",
        "text": "Since i was asked to help design or build an alternative for Facebook &amp; co, i suggest to implement something like a fakecheck.\nIf this where the case, it would be possible to implement an other very usefull thing, like a \"netpassport\", a secure identity.\nThis identity in combination with a list of logindata, could be used, to login wherever this identy wants and most important only needs One password once and for all.",
        "ts": "1455881518.000209"
    },
    {
        "type": "message",
        "user": "U0N53UJES",
        "text": "Also it would be nice, if i it would be possible, not only receive messages from the synereo network, but also have something like an emailclient, so it won't be necessary, to check many account for \"messages\".",
        "ts": "1455881793.000210"
    },
    {
        "type": "message",
        "user": "U0474E4KZ",
        "text": "<@U04BQ4FMC>: we're onboarding new devs. Depending on how well they integrate, we'll have a harder date soon.",
        "ts": "1455891499.000211"
    },
    {
        "type": "message",
        "user": "U0474E4KZ",
        "text": "<@U0FESR742>: admined.",
        "ts": "1455891504.000212"
    },
    {
        "type": "message",
        "user": "U0J9CQF9S",
        "text": "<@U0N53UJES>: <#C04BLQ4CX|freetrust> ",
        "ts": "1455903433.000213"
    },
    {
        "type": "message",
        "user": "U0FESR742",
        "text": "<@U0N53UJES>: this may be where you are more educated than me, but sounds fascinating. How up to speed are you on decentralized networks, and are you an app builder?  Great suggestions all around. We definitely are building a space for third party apps to make decentralized tools.",
        "ts": "1455907417.000214"
    },
    {
        "type": "message",
        "user": "U0FESR742",
        "text": "Another angle to consider, we are, for all intents and purposes, an exponential future organization \n\n<http:\/\/bigthink.com\/think-tank\/steven-kotlers-six-ds-of-exponential-entrepreneurship>",
        "attachments": [
            {
                "service_name": "Big Think",
                "title": "Steven Kotler's Six D's of Exponential Technology  | Big Think",
                "title_link": "http:\/\/bigthink.com\/think-tank\/steven-kotlers-six-ds-of-exponential-entrepreneurship",
                "text": "Author Steven Kotler explains the basic tenets of exponential technology growth cycles. Understanding these will allow savvy entrepreneurs to gain an advantage over their competition by way of exponential entrepreneurship.\u00a0",
                "fallback": "Big Think: Steven Kotler's Six D's of Exponential Technology  | Big Think",
                "image_url": "http:\/\/assets1.bigthink.com\/system\/idea_thumbnails\/57992\/primary\/Steven-Kotler-WSBC2.png?1424065513",
                "ts": 1424106000,
                "from_url": "http:\/\/bigthink.com\/think-tank\/steven-kotlers-six-ds-of-exponential-entrepreneurship",
                "image_width": 445,
                "image_height": 250,
                "image_bytes": 188238,
                "id": 1
            }
        ],
        "ts": "1455912087.000215"
    },
    {
        "user": "U0N85EADU",
        "type": "message",
        "subtype": "channel_join",
        "text": "<@U0N85EADU|dodgers> has joined the channel",
        "ts": "1455915396.000217"
    },
    {
        "user": "U0N8G9KFV",
        "type": "message",
        "subtype": "channel_join",
        "text": "<@U0N8G9KFV|tejasunku> has joined the channel",
        "ts": "1455921441.000218"
    },
    {
        "type": "message",
        "user": "U04QHTTJU",
        "text": "How will Synereo handle User Profiles? I am curious because I would love someone to build a way for users to own their own profile and plug it in to other contexts.  Single Sign On is one use case but it's really more about the content.",
        "ts": "1455931663.000219"
    },
    {
        "type": "message",
        "user": "U04GDL62L",
        "text": "<@U04QHTTJU>: There are several ways to answer your question. This link takes you 17 min into a video to where Greg Meredith shows how the 'User Model' fits into the larger context of the Synereo platform: `<https:\/\/youtu.be\/mUF5hWVdxRQ?t=1750>`",
        "edited": {
            "user": "U04GDL62L",
            "ts": "1455935611.000000"
        },
        "ts": "1455935595.000220"
    },
    {
        "type": "message",
        "user": "U04QHTTJU",
        "text": "Thanks!",
        "ts": "1455935627.000223"
    },
    {
        "type": "message",
        "user": "U04GDL62L",
        "text": "<@U04QHTTJU>: Greg talks more about *Identity* here...\nusing the mobile process calculi as a framework to describe identity in terms of a history of transactions over a collection of channels over time. - `<https:\/\/youtu.be\/mz-HXpTj_yw?t=3373>`",
        "edited": {
            "user": "U04GDL62L",
            "ts": "1455936724.000000"
        },
        "ts": "1455936720.000224"
    },
    {
        "user": "U0N9DPPH6",
        "type": "message",
        "subtype": "channel_join",
        "text": "<@U0N9DPPH6|philh> has joined the channel",
        "ts": "1455953613.000227"
    }
]