[
    {
        "type": "message",
        "user": "U0NGAG7V5",
        "text": "do we actually have some demo of the plataform to show to the new users?",
        "ts": "1456829241.000410"
    },
    {
        "type": "message",
        "user": "U0474E4KZ",
        "text": "Not of the new version.",
        "ts": "1456829403.000411"
    },
    {
        "type": "message",
        "user": "U0NGAG7V5",
        "text": "thanks dor and have we some eta for it?",
        "ts": "1456831175.000412"
    },
    {
        "type": "message",
        "user": "U0NGAG7V5",
        "text": "some people is asking me if they can try Synereo without creating a node",
        "ts": "1456831199.000413"
    },
    {
        "type": "message",
        "user": "U0474E4KZ",
        "text": "They'll be able to, yes.",
        "ts": "1456832075.000414"
    },
    {
        "type": "message",
        "user": "U0474E4KZ",
        "text": "We'll have a more solid ETA in ~2 weeks, once the new devs get going and we know how progress goes.",
        "ts": "1456832107.000415",
        "reactions": [
            {
                "name": "+1",
                "users": [
                    "U049CMCCZ"
                ],
                "count": 1
            }
        ]
    },
    {
        "type": "message",
        "user": "U0NGAG7V5",
        "text": "it is great dor, thank u for the info",
        "ts": "1456832878.000416"
    },
    {
        "type": "message",
        "user": "U0474E4KZ",
        "text": "<https:\/\/www.linkedin.com\/pulse\/amp-fastest-growing-cryptocurrency-javier-de-juan>",
        "ts": "1456841272.000417"
    },
    {
        "type": "message",
        "user": "U048T3M8W",
        "text": "<@U0NGAG7V5> I would keep AMP and REO and find a Spanish translation for Stream and Current",
        "ts": "1456853500.000418",
        "reactions": [
            {
                "name": "+1",
                "users": [
                    "U0474E4KZ"
                ],
                "count": 1
            }
        ]
    },
    {
        "type": "message",
        "user": "U04A8095T",
        "text": "Kube's kickstarter video is pretty good, but too long.  It is conceptually similar to Synereo's base use case.  I like its mention of multiple personas.  <https:\/\/www.kickstarter.com\/projects\/2061052642\/kube-a-user-first-social-experience-private-p2p-an>",
        "attachments": [
            {
                "service_name": "Kickstarter",
                "title": "Kube: A User-First Social Experience. Private, P2P and more!",
                "title_link": "https:\/\/www.kickstarter.com\/projects\/2061052642\/kube-a-user-first-social-experience-private-p2p-an",
                "text": "User Protection by default. Data ownership by default. So private, we can\u2019t see your data. Your online life in harmony.",
                "fallback": "Kickstarter: Kube: A User-First Social Experience. Private, P2P and more!",
                "image_url": "https:\/\/ksr-ugc.imgix.net\/projects\/1260578\/photo-original.jpg?v=1455907523&w=1536&h=1152&fit=crop&auto=format&q=92&s=e9e3ded7c14cabfd0e0ed4cff88af0c8",
                "image_width": 333,
                "image_height": 250,
                "from_url": "https:\/\/www.kickstarter.com\/projects\/2061052642\/kube-a-user-first-social-experience-private-p2p-an",
                "image_bytes": 435245,
                "id": 1
            }
        ],
        "ts": "1456855348.000419"
    },
    {
        "type": "message",
        "user": "U0FESR742",
        "text": "Lots of new people coming in! This is great to see. <@U0J9CQF9S> , <@U048T3M8W>  do we have an effective way of tracking who is coming in and what their skillset is, and what area people are helping to work on (community, code, etc?)",
        "ts": "1456856218.000421"
    },
    {
        "type": "message",
        "user": "U04BQ4FMC",
        "text": "where do you see them Jed?",
        "ts": "1456856543.000422"
    },
    {
        "type": "message",
        "user": "U048T3M8W",
        "text": "SynereoNet\u2019s Weekly Summary\nSunday, February 21st - Sunday, February 28th\n\nHope you are having a good weekend! Here's a summary of what happened on your team last week:\n6 members were added\nspencerstruwe, tidunn, missbb, herb, bhokor, and\tal3xisb.\n\n6 members became inactive\n\nYour team sent a total of 774 messages last week (that's 262 more than the week before). Of those, 26% were in public channels and 74% were direct messages. Your team also uploaded 12 files (that's 7 more than the week before).\n\nYour busiest hour last week was 8-9pm on Tuesday, when you sent 5 messages. Productivity!",
        "edited": {
            "user": "U048T3M8W",
            "ts": "1456863311.000000"
        },
        "ts": "1456863225.000423"
    },
    {
        "type": "message",
        "user": "U0PCK9TKL",
        "text": "<https:\/\/www.facebook.com\/Synereo-Media-213527352333913\/>",
        "ts": "1456873090.000425"
    },
    {
        "user": "U0PR49KPS",
        "type": "message",
        "subtype": "channel_join",
        "text": "<@U0PR49KPS|dcblockchain> has joined the channel",
        "ts": "1456886116.000426"
    },
    {
        "type": "message",
        "user": "U0PCK9TKL",
        "text": "Welcome <@U0PR49KPS> ",
        "ts": "1456887416.000427"
    },
    {
        "type": "message",
        "user": "U06AAH8F3",
        "text": "Does anyone onboard have experience with, a license to use, and an interest in chatting about running a few attention economy simulations using software such as Mathworks' Simulink?",
        "ts": "1456888116.000428",
        "reactions": [
            {
                "name": "+1",
                "users": [
                    "U0474E4KZ"
                ],
                "count": 1
            }
        ]
    },
    {
        "type": "message",
        "user": "U06AAH8F3",
        "text": "If so, please DM me at your earliest... :+1:",
        "ts": "1456888155.000429"
    },
    {
        "type": "message",
        "user": "U0PR49KPS",
        "text": "Thanks, <@U0PCK9TKL> told me about this..I was on the community call a few weeks ago and spoke up near the end.  Very glad to learn about Jim Carver's work!",
        "ts": "1456888293.000430",
        "reactions": [
            {
                "name": "smile",
                "users": [
                    "U0474E4KZ"
                ],
                "count": 1
            }
        ]
    },
    {
        "type": "message",
        "user": "U06AAH8F3",
        "text": "<@U0PCK9TKL>: what is this \"Synereo-Media\" FB link for? Any reason for the duplication that you know of given --&gt; <https:\/\/www.facebook.com\/synereo\/> ?",
        "ts": "1456895014.000431"
    },
    {
        "type": "message",
        "user": "U0PCK9TKL",
        "text": "yes sir, its a media channel to handle all live streaming events setup by me. <https:\/\/www.twitch.tv\/synereo> as time goes on we can add: hitbox, ustream, livestream, younow etc. Someone will have to manage all those separately. Its also going to be used to highlight the team members as the travel. That way the synereo official channel can be clean. Its also linked to my internal facebook account so as I add people on the road, send mass invite them to events I setup abroad. There are people I want to interview live. I have a few people already in mind. This is a great page to manage all the meetings and notifications that go along with that. I took it upon myself to move forward with this idea because most companies don\u2019t stream live projects like we have the capacity to. Its a wonderful opportunity to jump on. In short, a channel dedicated to the management of all live streaming and multimedia updates organized from my end. Would love to get you in there if you have the time. Although when it comes to design work its probably best to keep that stuff super secret until the \u201cDrop\u201d on the Wednesday.",
        "edited": {
            "user": "U0PCK9TKL",
            "ts": "1456897930.000000"
        },
        "ts": "1456896384.000432"
    },
    {
        "user": "U0PRKTY1Y",
        "type": "message",
        "subtype": "channel_join",
        "text": "<@U0PRKTY1Y|dbd069> has joined the channel",
        "ts": "1456898446.000436"
    }
]