[
    {
        "type": "message",
        "user": "U0J9CQF9S",
        "text": "Ventrilo Scheduling: <https:\/\/tree.taiga.io\/project\/synereo-synpm\/us\/1?no-milestone=1> 1. Would like to get some of the founders interviewed sometime soon. Founders please post your schedules this month so we can get something going. Also anyone that wants to get on and record some ideas that would be great. 2. Talked to <@U048T3M8W> this afternoon about creating a management workflow team on Taiga (Get on it if you aren\u2019t already registered). There are multiple departments  to get involved with. I would like to get people\u2019s thoughts on assigning \u201cconsultants\u201d to each taiga department so the head programmers and designers can continue their work uninterrupted only having to answer to 1 consultant rather than 5-10 people tearing apart every detail of their work. The main job of the consultant will be to oversea each department they are assigned to in order to keep track of all the work that department is producing and provide that information to a Chief of Operations. (I vote <@U048T3M8W>). The COO will then take that information to Greg or other founders (board of directors) so that they can oversea the end results of each department. Ultimately (in my opinion) I believe they should have the final say in the direction of Synereo. The information we provide them starts from the ground up. Due to the nature of maintaining the complexity of the network, I think this is the fastest and most efficient way to hash out problems and get work completed. Right now everything is extremely fragmented and without management things will be very continue that way. Having updates go through one person at a time instead of everyone involved with bringing synereo online is also hampering its progress. By utilizing  taiga, ventrilo &amp; jitsi we will be able to move much quicker than we are currently. 3. Finally, I firmly believe the google hangouts need to be recorded offline as not uploaded to synereo\u2019s youtube channel directly. Long form discussions dealing with big technical updates or designs should be happening within our circle or connected to another youtube channel (Not synereo\u2019s official youtube channel). We should use youtube to provide updates to the community weekly but they should be done within 4 minutes. Anything longer than 4 minutes is a waste of time. If you wish to keep a record of all our conversations on ventrilo, jitsi or google hangouts fine. But for marketing purposes the reason why synereo is not seeing more traffic on youtube is the length of the hangout videos. The hangouts need to be replaced with very short well designed \u201cnews flashes\u201d that people will 1) understand 2) begin building trust and emotional connection to. If you want to be disruptive you need to play the\" game\u201d. which on youtube is short sweet &amp; most importantly surprising. We need to capture the \u201cattention\u201d of people not drown them in hour long discussions. They are looking to us to \u201cfilter\u201d all those updates for them. We need to provide the model of \u201cleast resistance\u201d and this is not happening with the google hangouts. This is evident by <@U048T3M8W> having to take 10 hours to dissect the information in the hangout in order to break that down into a neat blog post. (that is not a made up statement)  If there any objections to this model I have outlined please voice them now. If not we need to head over to TIAGA and get to work.",
        "edited": {
            "user": "U0J9CQF9S",
            "ts": "1454808398.000000"
        },
        "ts": "1454801753.000328",
        "reactions": [
            {
                "name": "+1",
                "users": [
                    "U048T3M8W"
                ],
                "count": 1
            },
            {
                "name": "question",
                "users": [
                    "U06AAH8F3"
                ],
                "count": 1
            }
        ]
    }
]