[
    {
        "type": "message",
        "user": "U0474E4KZ",
        "text": "<@U09KY5U65>: do you think it'd be possible for you or someone from their project to jump on the hangout today?",
        "ts": "1452678977.000554"
    },
    {
        "type": "message",
        "user": "U0474E4KZ",
        "text": "Sounds very workable to me, anyway. Would love to explore this.",
        "ts": "1452679011.000555"
    },
    {
        "type": "message",
        "user": "U0474E4KZ",
        "text": "<@U0474AT8P>: any idea why StorJ is trading up?",
        "ts": "1452681297.000556"
    },
    {
        "type": "message",
        "user": "U0474E4KZ",
        "text": "Any interesting developments on their front?",
        "ts": "1452681308.000557"
    },
    {
        "type": "message",
        "user": "U048T3M8W",
        "text": "<@U09KY5U65>: Maybe Lazooz is better equipped for mapping.",
        "ts": "1452697439.000558"
    },
    {
        "type": "message",
        "user": "U0474E4KZ",
        "text": "Lazooz isn't very existful anymore",
        "ts": "1452698777.000559"
    },
    {
        "type": "message",
        "user": "U0474AT8P",
        "text": "<@U0474E4KZ>, the release of DriveShare GUI v0.5 + Test Group C on its way",
        "ts": "1452703314.000560"
    },
    {
        "type": "message",
        "user": "U0474E4KZ",
        "text": "Thanks.",
        "ts": "1452709736.000561"
    },
    {
        "type": "message",
        "user": "U0FESR742",
        "text": "View link: <http:\/\/www.youtube.com\/watch?v=hu-1OGan3Hg>",
        "attachments": [
            {
                "service_name": "YouTube",
                "service_url": "https:\/\/www.youtube.com\/",
                "title": "Synereo Community Hangout",
                "title_link": "http:\/\/www.youtube.com\/watch?v=hu-1OGan3Hg",
                "author_name": "Synereo",
                "author_link": "https:\/\/www.youtube.com\/channel\/UCU5CBbxAeFYnodf32w3ahOQ",
                "thumb_url": "https:\/\/i.ytimg.com\/vi\/hu-1OGan3Hg\/hqdefault.jpg",
                "thumb_width": 480,
                "thumb_height": 360,
                "fallback": "YouTube Video: Synereo Community Hangout",
                "video_html": "<iframe width=\"400\" height=\"225\" src=\"https:\/\/www.youtube.com\/embed\/hu-1OGan3Hg?feature=oembed&autoplay=1&iv_load_policy=3\" frameborder=\"0\" allowfullscreen><\/iframe>",
                "video_html_width": 400,
                "video_html_height": 225,
                "from_url": "http:\/\/www.youtube.com\/watch?v=hu-1OGan3Hg",
                "id": 1
            }
        ],
        "ts": "1452712909.000562"
    },
    {
        "type": "message",
        "user": "U0474E4KZ",
        "text": "No, that's the old one",
        "ts": "1452712988.000563"
    },
    {
        "type": "message",
        "user": "U0474E4KZ",
        "text": "<https:\/\/plus.google.com\/events\/ccqht6kdikua219ds8eddlsrcno>",
        "attachments": [
            {
                "service_name": "Google+",
                "title": "Synereo Community Hangout - Google+",
                "title_link": "https:\/\/plus.google.com\/events\/ccqht6kdikua219ds8eddlsrcno",
                "text": "Join the Synereo Team each Wednesday for the latest news and updates, discussion related to the project and its progress, development, social contracts, bounties, app ideas, and a lot more. Post your questions here and they will be answered live in the hangout! Meet and work with community members from all over the world! \"We can continue to live under centralized control, or we can work together to solve these problems.\" Visit these site to learn more about or get involved with Synereo: <http:\/\/synereo.com|synereo.com> <http:\/\/synereonet.slack.com|synereonet.slack.com> #synereo \u00a0 #distributed \u00a0 #decentralized \u00a0 #network\u00a0 #platform",
                "fallback": "Google+: Synereo Community Hangout - Google+",
                "image_url": "https:\/\/lh3.googleusercontent.com\/-cpy04tEoL2c\/Vmh7TOKypJI\/AAAAAAAAAAA\/BF-B1RPF6tg\/w940-h280-n\/event_theme.jpg",
                "from_url": "https:\/\/plus.google.com\/events\/ccqht6kdikua219ds8eddlsrcno",
                "image_width": 839,
                "image_height": 250,
                "image_bytes": 32457,
                "id": 1
            }
        ],
        "ts": "1452712989.000564"
    },
    {
        "user": "U0JCGQEM9",
        "type": "message",
        "subtype": "channel_join",
        "text": "<@U0JCGQEM9|virtualfudge> has joined the channel",
        "ts": "1452714376.000567"
    },
    {
        "type": "message",
        "user": "U0FESR742",
        "text": "That was a very awesome meeting! Its awesome to see this at ground zero.",
        "ts": "1452716100.000568"
    },
    {
        "type": "message",
        "user": "U0FESR742",
        "text": "Scribes -- please let me know if I can make your job easier.",
        "ts": "1452716123.000569"
    },
    {
        "type": "message",
        "user": "U0474E4KZ",
        "text": "Jed, I couldn't tell they guys you were at the dojo because Greg wanted to bail. :stuck_out_tongue:",
        "edited": {
            "user": "U0474E4KZ",
            "ts": "1452716358.000000"
        },
        "ts": "1452716141.000570"
    },
    {
        "type": "message",
        "user": "U0FESR742",
        "text": "yes",
        "ts": "1452716151.000571"
    },
    {
        "type": "message",
        "user": "U0FESR742",
        "text": "Please do, I'd love to meet them!",
        "ts": "1452716162.000572"
    },
    {
        "type": "message",
        "user": "U048T3M8W",
        "text": "<@U0474E4KZ> when someone leaves the call it doesn't have to be the end.....\n<@U0FESR742> Maybe there's a need for some open project management, because more and more people are getting involved. Is ZoHo something?",
        "ts": "1452716257.000573",
        "reactions": [
            {
                "name": "+1",
                "users": [
                    "U0474E4KZ",
                    "U0474AYFT"
                ],
                "count": 2
            }
        ]
    },
    {
        "type": "message",
        "user": "U0474E4KZ",
        "text": "Greg started the call so when he leaves the broadcast is over.",
        "ts": "1452716371.000575"
    },
    {
        "type": "message",
        "user": "U048T3M8W",
        "text": "Aha.",
        "ts": "1452716573.000576"
    },
    {
        "type": "message",
        "user": "U0FESR742",
        "text": "That's an idea. I am tracking the scribe projects on Asana, but that's just for my own personal sanity. I suppose it may be possible just for me to write in at the top of the doc itself?",
        "ts": "1452717221.000577"
    },
    {
        "type": "message",
        "user": "U04BQ4FMC",
        "text": "It is possible to continue off air for as long as people would like to talk.  It might be good to point that out at the end, just in case.  Also, I'm pretty sure that the HOA can go longer than 1 hour - I'm not sure why we're so prompt about ending them?  <@U0474AYFT>",
        "ts": "1452724091.000578"
    },
    {
        "type": "message",
        "user": "U09KY5U65",
        "text": "If you want to get serious about open source project management then <https:\/\/taiga.io> may be the best choice. I have used it before and it's amazing. The one problem with Synereo using it for development is there will be 1000000 tasks and and only a few people working on them. LOL. <http:\/\/taiga.io|taiga.io> does have open projects where its readable by anyone but you need to sign up to write on it. It was easy for me to get in contact with the creator of it.",
        "attachments": [
            {
                "service_name": "Taiga - Love your projects",
                "title": "Taiga.io",
                "title_link": "https:\/\/taiga.io",
                "text": "Taiga is a project management platform for startups and agile developers &amp; designers who want a simple, beautiful tool that makes work truly enjoyable.",
                "fallback": "Taiga - Love your projects: Taiga.io",
                "from_url": "https:\/\/taiga.io",
                "id": 1
            }
        ],
        "ts": "1452725749.000579",
        "reactions": [
            {
                "name": "grinning",
                "users": [
                    "U048T3M8W"
                ],
                "count": 1
            },
            {
                "name": "+1",
                "users": [
                    "U0474E4KZ"
                ],
                "count": 1
            }
        ]
    },
    {
        "type": "message",
        "user": "U09KY5U65",
        "text": "Taiga is open source, it has an ability to do bountys\/rewards for people who complete tasks. It also has a wiki. Check it out. I will use it if other people are using it. The hard part is getting everyone to use it.",
        "ts": "1452726230.000581"
    },
    {
        "type": "message",
        "user": "U09KY5U65",
        "text": "It sounds like every developer wants their own blockchain. There are already 600+ blockchains. What would be great is if synereo was a system that lets developers link their blockchains. Then users of synereo who have added a certain blockchain can do stuff with each other over that blockchain. This is an idea I came up with a long time ago. What I would want is, Synereo = a blockchain browser\/app store + content delivery. Then users can add the blockchains they want and not have to deal with the ones they dont want.",
        "ts": "1452726275.000582"
    },
    {
        "type": "message",
        "user": "U09KY5U65",
        "text": "$GEO GeoCoin looks really good after researching it more. I will ask the person I spoke with to see if they want to be on the hang out sometime. <https:\/\/youtu.be\/76wJDSgVWnw>",
        "attachments": [
            {
                "service_name": "YouTube",
                "service_url": "https:\/\/www.youtube.com\/",
                "title": "Geocache for Real Money - GEO Cryptocurrency",
                "title_link": "https:\/\/youtu.be\/76wJDSgVWnw",
                "author_name": "geo",
                "author_link": "https:\/\/www.youtube.com\/channel\/UCkaO9B80lCo-ynmbKW0OB7w",
                "thumb_url": "https:\/\/i.ytimg.com\/vi\/76wJDSgVWnw\/hqdefault.jpg",
                "thumb_width": 480,
                "thumb_height": 360,
                "fallback": "YouTube Video: Geocache for Real Money - GEO Cryptocurrency",
                "video_html": "<iframe width=\"400\" height=\"225\" src=\"https:\/\/www.youtube.com\/embed\/76wJDSgVWnw?feature=oembed&autoplay=1&iv_load_policy=3\" frameborder=\"0\" allowfullscreen><\/iframe>",
                "video_html_width": 400,
                "video_html_height": 225,
                "from_url": "https:\/\/youtu.be\/76wJDSgVWnw",
                "id": 1
            }
        ],
        "ts": "1452727347.000583",
        "reactions": [
            {
                "name": "+1",
                "users": [
                    "U0474E4KZ"
                ],
                "count": 1
            }
        ]
    },
    {
        "type": "message",
        "user": "U09KY5U65",
        "text": "<http:\/\/geocoin.cash> you can play right now today on any mobile phone",
        "attachments": [
            {
                "title": "GEO Cryptocurrency",
                "title_link": "http:\/\/geocoin.cash",
                "text": "Explore the world and find digital GeoCoins with your smartphone!",
                "fallback": "GEO Cryptocurrency",
                "from_url": "http:\/\/geocoin.cash",
                "thumb_url": "http:\/\/geo.money\/images\/geo_symbol.png",
                "thumb_width": 118,
                "thumb_height": 118,
                "id": 1
            }
        ],
        "ts": "1452727365.000585"
    },
    {
        "type": "message",
        "user": "U09KY5U65",
        "text": "Since lazooz uses a mapping system for a decentralized UBER, geocoin uses a mapping system for geocaching and someone else I know uses a mapping system for a classifieds site then it makes sense that a decentralized mapping system is going to be of high importance.",
        "ts": "1452727566.000587"
    }
]