[
    {
        "user": "U0REZ1S0M",
        "type": "message",
        "subtype": "channel_join",
        "text": "<@U0REZ1S0M|dansus021> has joined the channel",
        "ts": "1457515510.001017"
    },
    {
        "type": "message",
        "user": "U0REZ1S0M",
        "text": "bot",
        "ts": "1457515679.001018"
    },
    {
        "type": "message",
        "user": "U0QANLBM3",
        "text": "Hola! hi all!",
        "ts": "1457516121.001019"
    },
    {
        "type": "message",
        "user": "U0REZ1S0M",
        "text": "hi",
        "ts": "1457516210.001020"
    },
    {
        "type": "message",
        "user": "U0R4YRVFB",
        "text": "<@U04A8095T>: thanks Ed ! good to see you here",
        "ts": "1457529542.001021"
    },
    {
        "user": "U0RHXFGG5",
        "type": "message",
        "subtype": "channel_join",
        "text": "<@U0RHXFGG5|chrisbates01> has joined the channel",
        "ts": "1457539246.001022"
    },
    {
        "type": "message",
        "user": "U0RHXFGG5",
        "text": "Hello everyone!  It is a pleasure to be a part of the team!",
        "ts": "1457539971.001023"
    },
    {
        "type": "message",
        "user": "U0474E4KZ",
        "text": "Welcome, Chris.",
        "ts": "1457540000.001024"
    },
    {
        "type": "message",
        "user": "U0RHXFGG5",
        "text": ":simple_smile:",
        "ts": "1457540065.001025"
    },
    {
        "type": "message",
        "user": "U0474AT8P",
        "text": "yoh chris",
        "ts": "1457543574.001026"
    },
    {
        "type": "message",
        "user": "U0PCK9TKL",
        "text": "Welcome",
        "ts": "1457543697.001027"
    },
    {
        "type": "message",
        "user": "U04BQ4FMC",
        "text": "<https:\/\/plus.google.com\/hangouts\/_\/hoaevent\/AP36tYctAYKNo6MFIek-Dgq1KabvuQKWttGB7f0CNS-0sQYfeYb7KQ?eid=109002904706315055045&amp;hl=en&amp;authuser=0>",
        "ts": "1457546227.001028"
    },
    {
        "type": "message",
        "user": "U0PCK9TKL",
        "text": "<http:\/\/www.twitch.tv\/synereo|www.twitch.tv\/synereo>",
        "ts": "1457547110.001029"
    },
    {
        "type": "message",
        "user": "U0PCK9TKL",
        "text": "check this link that is the link we are sending out",
        "ts": "1457547117.001030"
    },
    {
        "type": "message",
        "user": "U0474E4KZ",
        "text": "This feed is lower res and is going to be problematic when it's a feed of a feed.",
        "ts": "1457549201.001031"
    },
    {
        "type": "message",
        "user": "U0PCK9TKL",
        "text": "thats why i need a sponsorship by maingear, originpc or ibuypower.",
        "ts": "1457549820.001032"
    },
    {
        "type": "message",
        "user": "U0474E4KZ",
        "text": "Alright. But until you get it, don't post that link on public FB groups. :simple_smile:",
        "ts": "1457550171.001033"
    },
    {
        "type": "message",
        "user": "U048X85UT",
        "text": "the twitch feed is great, exept your camera is off <@U0474E4KZ> :stuck_out_tongue:",
        "ts": "1457551410.001034"
    },
    {
        "type": "message",
        "user": "U048X85UT",
        "text": "and the comments on twitch work.",
        "ts": "1457551437.001035"
    },
    {
        "type": "message",
        "user": "U0PCK9TKL",
        "text": "sweet",
        "ts": "1457551688.001036"
    },
    {
        "type": "message",
        "user": "U04BQ4FMC",
        "text": "but it has an audio delay :disappointed:",
        "ts": "1457552053.001037"
    },
    {
        "user": "U0RL4SRHB",
        "type": "message",
        "subtype": "channel_join",
        "text": "<@U0RL4SRHB|perkiilstofte> has joined the channel",
        "ts": "1457552189.001038"
    },
    {
        "type": "message",
        "user": "U0PCK9TKL",
        "text": "welcome perk. did you hear about us through twtich link or another way?",
        "ts": "1457552349.001039"
    },
    {
        "type": "message",
        "user": "U0RL4SRHB",
        "text": "I heard about you from a google search I made several months ago when I got really tired of the data harvesting and psychological experiments of Facebook.",
        "ts": "1457552394.001040"
    },
    {
        "type": "message",
        "user": "U0RL4SRHB",
        "text": "In other words, I stumbled upon Synereo when I searched for decentralized alternatives to concentional SoMe",
        "ts": "1457552430.001041"
    },
    {
        "type": "message",
        "user": "U0RL4SRHB",
        "text": "been following Synereo on the sidelines for a while :simple_smile:",
        "ts": "1457552442.001042"
    },
    {
        "type": "message",
        "user": "U0PCK9TKL",
        "text": "ok so this is the first time your in the slack cool",
        "ts": "1457552465.001043"
    },
    {
        "type": "message",
        "user": "U0RL4SRHB",
        "text": "indeed..",
        "ts": "1457552488.001044"
    },
    {
        "type": "message",
        "user": "U0PCK9TKL",
        "text": "sweet :smile:",
        "ts": "1457552518.001045"
    },
    {
        "type": "message",
        "user": "U0PCK9TKL",
        "text": "what do you do professionally",
        "ts": "1457552537.001046"
    },
    {
        "type": "message",
        "user": "U0RL4SRHB",
        "text": "Music and I run a music website... I believe you're the one I sent my latest track to, as per your request on Twitch :simple_smile:",
        "ts": "1457552604.001047"
    },
    {
        "type": "message",
        "user": "U0PCK9TKL",
        "text": "yes sir. i would love to hear about the music website. We are partnering with stealth. and livelygig will be working with us too. they are going to design a system that helps out with freelance musicians and producers.",
        "ts": "1457552689.001048"
    },
    {
        "type": "message",
        "user": "U0RL4SRHB",
        "text": "I haven't heard about Stealth, but LivelyGig I'm aware of. It's a very nice platform, and I will definitely be utilizing that in the future. Apart from production music, I, and the other composers affiliated with my company do produce audio and music for game developes and companies.  Something like livelygig would be amazing in that regard",
        "ts": "1457552839.001049"
    },
    {
        "type": "message",
        "user": "U0PCK9TKL",
        "text": "dope",
        "ts": "1457552893.001050"
    },
    {
        "type": "message",
        "user": "U0RL4SRHB",
        "text": "I've also been looking into doing an OpenBazaar mirror of our website. In general, I'm very keen on anything decentralized :simple_smile:",
        "ts": "1457552984.001051"
    },
    {
        "type": "message",
        "user": "U0PCK9TKL",
        "text": "i would love to hear about your experience with openbazaar once its up and running",
        "ts": "1457553027.001052"
    },
    {
        "type": "message",
        "user": "U0RL4SRHB",
        "text": "Sure thing",
        "ts": "1457553044.001053"
    },
    {
        "user": "U0RLRNDRP",
        "type": "message",
        "subtype": "channel_join",
        "text": "<@U0RLRNDRP|daniel> has joined the channel",
        "ts": "1457555389.001054"
    },
    {
        "type": "message",
        "user": "U0PCK9TKL",
        "text": "the next stream is going to be pushed back 1 hour due to me traveling to redman near seattle. updates to come if things change",
        "ts": "1457558188.001055"
    },
    {
        "user": "U0RLW7CCC",
        "type": "message",
        "subtype": "channel_join",
        "text": "<@U0RLW7CCC|jonnydubowsky> has joined the channel",
        "ts": "1457559389.001056"
    },
    {
        "type": "message",
        "user": "U0PCK9TKL",
        "text": "Welcome Jonny",
        "ts": "1457563729.001057"
    },
    {
        "type": "message",
        "user": "U0PCK9TKL",
        "text": "come in here if you want to chat. i am using this site because jitsi doesnt let me change my camera",
        "ts": "1457565360.001058"
    },
    {
        "type": "message",
        "user": "U0PCK9TKL",
        "text": "<https:\/\/appear.in\/synereomedia>",
        "attachments": [
            {
                "title": "appear.in \u2013 one click video conversations",
                "title_link": "https:\/\/appear.in\/synereomedia",
                "text": "Video conversations with up to 8 people for free - no login, no downloads. Create a video room. Share the link. Appear together. Try it now at <https:\/\/appear.in>",
                "fallback": "appear.in \u2013 one click video conversations",
                "from_url": "https:\/\/appear.in\/synereomedia",
                "id": 1
            }
        ],
        "ts": "1457565361.001059"
    },
    {
        "type": "message",
        "user": "U0PCK9TKL",
        "text": "we are also filming on twitch",
        "ts": "1457565365.001061"
    },
    {
        "type": "message",
        "user": "U0PCK9TKL",
        "text": "<http:\/\/www.twitch.tv\/synereo|www.twitch.tv\/synereo>",
        "ts": "1457565371.001062"
    },
    {
        "user": "U0RN1C0SD",
        "type": "message",
        "subtype": "channel_join",
        "text": "<@U0RN1C0SD|spenny> has joined the channel",
        "ts": "1457565464.001063"
    },
    {
        "type": "message",
        "user": "U0PCK9TKL",
        "text": "welcome spenny~",
        "ts": "1457566003.001064"
    },
    {
        "user": "U0RNWT4MN",
        "type": "message",
        "subtype": "channel_join",
        "text": "<@U0RNWT4MN|shubham.k> has joined the channel",
        "ts": "1457575788.001065"
    }
]