[
    {
        "type": "message",
        "user": "U049CMCCZ",
        "text": "<@U0474E4KZ> hey that's great! First look at something real! That is a breaking-point!",
        "ts": "1458113429.000175",
        "reactions": [
            {
                "name": "smile",
                "users": [
                    "U0474E4KZ"
                ],
                "count": 1
            }
        ]
    },
    {
        "type": "message",
        "subtype": "file_share",
        "text": "<@U049CMCCZ|henri> uploaded a file: <https:\/\/synereonet.slack.com\/files\/henri\/F0T1YNV5X\/size.png|size.png> and commented: On my monitor I always use the browser (chrome) in a resized mode, covering approx. 60% of my screen. This is what I see in that resized window. Is it supposed to look like that? Very tiny letters in the menus, hard to read. If I maximize the browser to fill the whole screen itt's the same - the Synereo window does not expand.",
        "file": {
            "id": "F0T1YNV5X",
            "created": 1458113956,
            "timestamp": 1458113956,
            "name": "size.png",
            "title": "size.png",
            "mimetype": "image\/png",
            "filetype": "png",
            "pretty_type": "PNG",
            "user": "U049CMCCZ",
            "editable": false,
            "size": 719729,
            "mode": "hosted",
            "is_external": false,
            "external_type": "",
            "is_public": true,
            "public_url_shared": false,
            "display_as_bot": false,
            "username": "",
            "url_private": "https:\/\/files.slack.com\/files-pri\/T0474AT8K-F0T1YNV5X\/size.png?t=xoxe-4242367291-28095460608-28095460624-739c22ae7e",
            "url_private_download": "https:\/\/files.slack.com\/files-pri\/T0474AT8K-F0T1YNV5X\/download\/size.png?t=xoxe-4242367291-28095460608-28095460624-739c22ae7e",
            "thumb_64": "https:\/\/files.slack.com\/files-tmb\/T0474AT8K-F0T1YNV5X-55f8889631\/size_64.png?t=xoxe-4242367291-28095460608-28095460624-739c22ae7e",
            "thumb_80": "https:\/\/files.slack.com\/files-tmb\/T0474AT8K-F0T1YNV5X-55f8889631\/size_80.png?t=xoxe-4242367291-28095460608-28095460624-739c22ae7e",
            "thumb_360": "https:\/\/files.slack.com\/files-tmb\/T0474AT8K-F0T1YNV5X-55f8889631\/size_360.png?t=xoxe-4242367291-28095460608-28095460624-739c22ae7e",
            "thumb_360_w": 360,
            "thumb_360_h": 222,
            "thumb_480": "https:\/\/files.slack.com\/files-tmb\/T0474AT8K-F0T1YNV5X-55f8889631\/size_480.png?t=xoxe-4242367291-28095460608-28095460624-739c22ae7e",
            "thumb_480_w": 480,
            "thumb_480_h": 296,
            "thumb_160": "https:\/\/files.slack.com\/files-tmb\/T0474AT8K-F0T1YNV5X-55f8889631\/size_160.png?t=xoxe-4242367291-28095460608-28095460624-739c22ae7e",
            "thumb_720": "https:\/\/files.slack.com\/files-tmb\/T0474AT8K-F0T1YNV5X-55f8889631\/size_720.png?t=xoxe-4242367291-28095460608-28095460624-739c22ae7e",
            "thumb_720_w": 720,
            "thumb_720_h": 445,
            "thumb_960": "https:\/\/files.slack.com\/files-tmb\/T0474AT8K-F0T1YNV5X-55f8889631\/size_960.png?t=xoxe-4242367291-28095460608-28095460624-739c22ae7e",
            "thumb_960_w": 960,
            "thumb_960_h": 593,
            "thumb_1024": "https:\/\/files.slack.com\/files-tmb\/T0474AT8K-F0T1YNV5X-55f8889631\/size_1024.png?t=xoxe-4242367291-28095460608-28095460624-739c22ae7e",
            "thumb_1024_w": 1024,
            "thumb_1024_h": 632,
            "image_exif_rotation": 1,
            "original_w": 1349,
            "original_h": 833,
            "permalink": "https:\/\/synereonet.slack.com\/files\/henri\/F0T1YNV5X\/size.png",
            "permalink_public": "https:\/\/slack-files.com\/T0474AT8K-F0T1YNV5X-98790cbccc",
            "channels": [
                "C0474AT8X"
            ],
            "groups": [
    
            ],
            "ims": [
    
            ],
            "comments_count": 1,
            "initial_comment": {
                "id": "Fc0T1TMQ8M",
                "created": 1458113956,
                "timestamp": 1458113956,
                "user": "U049CMCCZ",
                "comment": "On my monitor I always use the browser (chrome) in a resized mode, covering approx. 60% of my screen. This is what I see in that resized window. Is it supposed to look like that? Very tiny letters in the menus, hard to read. If I maximize the browser to fill the whole screen itt's the same - the Synereo window does not expand."
            }
        },
        "user": "U049CMCCZ",
        "upload": true,
        "display_as_bot": false,
        "username": "<@U049CMCCZ|henri>",
        "bot_id": null,
        "ts": "1458113959.000176"
    },
    {
        "type": "message",
        "user": "U06MNSRTK",
        "text": "<http:\/\/bravenewcoin.com\/news\/bitcoin-and-blockchain-startups-booming-in-israel\/>",
        "attachments": [
            {
                "title": "Bitcoin and blockchain startups booming in Israel \u00bb Brave New Coin",
                "title_link": "http:\/\/bravenewcoin.com\/news\/bitcoin-and-blockchain-startups-booming-in-israel\/",
                "text": "Israel is a well educated middle-eastern country with a population of only 8.4 Million and GDP of almost US$300 Billion, of which their technology sector accounts for 15.7%. Startups contribute an unusually large portion towards these numbers, and lately, this trend has manifested itself as an unusually rich and constant stream of bitcoin and blockchain companies.",
                "fallback": "Bitcoin and blockchain startups booming in Israel \u00bb Brave New Coin",
                "image_url": "http:\/\/bravenewcoin.com\/assets\/Uploads\/_resampled\/CroppedImage400400-TelAviv.jpg",
                "from_url": "http:\/\/bravenewcoin.com\/news\/bitcoin-and-blockchain-startups-booming-in-israel\/",
                "image_width": 250,
                "image_height": 250,
                "image_bytes": 24255,
                "id": 1
            }
        ],
        "ts": "1458118418.000177"
    },
    {
        "type": "message",
        "user": "U0474E4KZ",
        "text": "Thanks. I'll post this on FB. ",
        "ts": "1458123397.000179"
    },
    {
        "type": "message",
        "user": "U04BQ4FMC",
        "text": "<@U049CMCCZ>:  - I don't think this preview is fully enabled for things like adjusting to screen size",
        "ts": "1458128628.000180"
    },
    {
        "type": "message",
        "user": "U049CMCCZ",
        "text": "yeah looks so",
        "ts": "1458129388.000181"
    },
    {
        "type": "message",
        "user": "U0474E4KZ",
        "text": "<https:\/\/www.facebook.com\/synereo\/posts\/986982194670803>",
        "attachments": [
            {
                "title": "Synereo - What if you could influence Facebook's design a... | Facebook",
                "title_link": "https:\/\/www.facebook.com\/synereo\/posts\/986982194670803",
                "text": "What if you could influence Facebook's design a moment before it was released? A first glimpse into Synereo's fully decentralized and distributed social...",
                "fallback": "Synereo - What if you could influence Facebook's design a... | Facebook",
                "from_url": "https:\/\/www.facebook.com\/synereo\/posts\/986982194670803",
                "id": 1
            }
        ],
        "ts": "1458134448.000182"
    },
    {
        "type": "message",
        "user": "U0474E4KZ",
        "text": "(Liking this helps us spread the message)",
        "ts": "1458135343.000184",
        "reactions": [
            {
                "name": "dart",
                "users": [
                    "U04BQ4FMC",
                    "U048ERGCQ"
                ],
                "count": 2
            }
        ]
    },
    {
        "type": "message",
        "user": "U0S13RXNG",
        "text": "Liked :simple_smile:",
        "ts": "1458138571.000185"
    },
    {
        "type": "message",
        "user": "U0QANLBM3",
        "text": "same :smiley: shared soon",
        "ts": "1458139431.000186"
    },
    {
        "user": "U0T3DPTT5",
        "type": "message",
        "subtype": "channel_join",
        "text": "<@U0T3DPTT5|bradydale> has joined the channel",
        "ts": "1458144485.000187"
    },
    {
        "user": "U0T3ML4LB",
        "type": "message",
        "subtype": "channel_join",
        "text": "<@U0T3ML4LB|nduma> has joined the channel",
        "ts": "1458146026.000188"
    },
    {
        "type": "message",
        "user": "U048NNG5W",
        "text": "<@U0474E4KZ>: the e-mail you sent out a few hours ago seemed unfinished, since the intro was new while the summary was of the previous hangout. if this is correct, I would like to request that you change my name to Jack Pettersson (two ts, two ss) before sending out the final version. :simple_smile:",
        "edited": {
            "user": "U048NNG5W",
            "ts": "1458149456.000000"
        },
        "ts": "1458149418.000189"
    },
    {
        "type": "message",
        "user": "U0474E4KZ",
        "text": "My apologies, Jack. I'll know next time.",
        "ts": "1458149510.000192"
    },
    {
        "type": "message",
        "user": "U0474E4KZ",
        "text": "Where do you see a mismatch?",
        "ts": "1458149520.000193"
    },
    {
        "type": "message",
        "user": "U048NNG5W",
        "text": "no worries as all! you write \"A walkthrough video given by Greg to Vitalik Buterin and Jack Peterson can be viewed here.\"",
        "ts": "1458149558.000194"
    },
    {
        "type": "message",
        "user": "U048NNG5W",
        "text": "(maybe it wasn't you who actually wrote it, but the email has you as its sender, so it seemed appropriate to talk to you.)",
        "edited": {
            "user": "U048NNG5W",
            "ts": "1458149658.000000"
        },
        "ts": "1458149631.000195"
    },
    {
        "type": "message",
        "user": "U0474E4KZ",
        "text": "What about the walkthrough?",
        "ts": "1458149674.000197"
    },
    {
        "type": "message",
        "user": "U0474E4KZ",
        "text": "Regardless of writer, I am responsible for all outgoing messages.",
        "ts": "1458149698.000198"
    },
    {
        "type": "message",
        "user": "U048NNG5W",
        "text": "nothing about it, the sentence just includes my name but misspelled",
        "ts": "1458149717.000199"
    },
    {
        "type": "message",
        "user": "U0474E4KZ",
        "text": "I'm referring to this: \"the e-mail you sent out a few hours ago seemed unfinished, since the intro was new while the summary was of the previous hangout.\"",
        "ts": "1458149739.000200"
    },
    {
        "type": "message",
        "user": "U048NNG5W",
        "text": "ooh right",
        "ts": "1458149751.000201"
    },
    {
        "type": "message",
        "user": "U048NNG5W",
        "text": "all topics under \"Contents in Brief\" are from a summary that was published mar 6th on <http:\/\/blog.synereo.com|blog.synereo.com>",
        "ts": "1458149847.000202"
    },
    {
        "type": "message",
        "user": "U048NNG5W",
        "text": "but now that I search my inbox I can't find it there, so I'm guessing that I just assumed that the blog and emails were in sync",
        "ts": "1458149883.000203"
    },
    {
        "type": "message",
        "user": "U04BQ4FMC",
        "text": "they are always seen with a delay",
        "ts": "1458149907.000204"
    },
    {
        "type": "message",
        "user": "U048NNG5W",
        "text": "right, then it's just me who is confused. never mind. :simple_smile:",
        "ts": "1458149958.000205"
    },
    {
        "type": "message",
        "user": "U04BQ4FMC",
        "text": "sometimes, that delay is greater than other times..  :flushed:",
        "ts": "1458149961.000206"
    },
    {
        "type": "message",
        "user": "U048NNG5W",
        "text": "of course, wouldn't be any excitement in it otherwise. :wink:",
        "ts": "1458149981.000207"
    },
    {
        "type": "message",
        "user": "U04BQ4FMC",
        "text": "if stress = excitement, then we're always havin' a blast at publishing times!",
        "ts": "1458150166.000208"
    },
    {
        "user": "U0T5V6WCF",
        "type": "message",
        "subtype": "channel_join",
        "text": "<@U0T5V6WCF|durerus> has joined the channel",
        "ts": "1458151241.000209"
    },
    {
        "type": "message",
        "user": "U04BQ4FMC",
        "text": "To participate in hangout: <https:\/\/plus.google.com\/hangouts\/_\/hoaevent\/AP36tYffGGyxXqQhB0MNdH5LyGXFeiiNx-phkLLSqiPSc_ozK9s_yw?hl=en&amp;authuser=0>",
        "ts": "1458151502.000210"
    },
    {
        "user": "U0T6AKBC0",
        "type": "message",
        "subtype": "channel_join",
        "text": "<@U0T6AKBC0|gunshor> has joined the channel",
        "ts": "1458153599.000211"
    },
    {
        "user": "U0T6XFAAZ",
        "type": "message",
        "subtype": "channel_join",
        "text": "<@U0T6XFAAZ|gil> has joined the channel",
        "ts": "1458159192.000212"
    },
    {
        "type": "message",
        "user": "U0PCK9TKL",
        "text": "welcome <@U0T5V6WCF> <@U0T3DPTT5>  <@U0T3ML4LB> <@U0T6AKBC0> <@U0T6XFAAZ> welcome to our community.  if you need any information please shoot me a message i will be happy to catch you up to speed.",
        "ts": "1458168052.000213",
        "reactions": [
            {
                "name": "heart",
                "users": [
                    "U0474E4KZ"
                ],
                "count": 1
            }
        ]
    }
]