[
    {
        "type": "message",
        "user": "U0RLW7CCC",
        "text": "Hey <@U0PCK9TKL> going to send out an introductory message later today. I'd love to discuss the original video content\/reality show concept you mentioned. I am about to begin a number of cool community and environmental projects each with some well-known musicians and bands in the mix. Would be great to get these recorded and weave in Synereo which will be part of enriching the syntax of how these projects successfully connect to the subtle needs of local communities. Where are you located?",
        "ts": "1458240665.000214",
        "reactions": [
            {
                "name": "+1",
                "users": [
                    "U04BQ4FMC",
                    "U0PCK9TKL"
                ],
                "count": 2
            }
        ]
    },
    {
        "user": "U0TJN6K09",
        "type": "message",
        "subtype": "channel_join",
        "text": "<@U0TJN6K09|agent_kat> has joined the channel",
        "ts": "1458260773.000215"
    },
    {
        "type": "message",
        "user": "U0PCK9TKL",
        "text": "<@U0TJN6K09> welcome let me know if you need any information to help you understand what is happening here.",
        "ts": "1458265652.000216"
    },
    {
        "type": "message",
        "user": "U0PCK9TKL",
        "text": "<http:\/\/www.meetup.com\/Seattle-Ethereum-Meetup\/> if anyone is in seattle contact me immediately.",
        "attachments": [
            {
                "service_name": "Meetup",
                "title": "Seattle Ethereum Meetup",
                "title_link": "http:\/\/www.meetup.com\/Seattle-Ethereum-Meetup\/",
                "text": "A group for anyone wanting to get together and discuss Ethereum, smart contracts, decentralization, block chains, and possible applications for such technologies.",
                "fallback": "Meetup: Seattle Ethereum Meetup",
                "thumb_url": "http:\/\/img1.meetupstatic.com\/img\/004881038276245959070\/new_logo_big.png",
                "from_url": "http:\/\/www.meetup.com\/Seattle-Ethereum-Meetup\/",
                "thumb_width": 567,
                "thumb_height": 392,
                "id": 1
            }
        ],
        "ts": "1458265660.000217"
    },
    {
        "type": "message",
        "user": "U0TJN6K09",
        "text": "<@U0PCK9TKL>: thank you for the welcome! Will do .. am immersing all things Synereo at the mo - very exciting proposition.",
        "ts": "1458267484.000219"
    },
    {
        "user": "U0TKLLX7Z",
        "type": "message",
        "subtype": "channel_join",
        "text": "<@U0TKLLX7Z|kennyrowe> has joined the channel",
        "ts": "1458279154.000220"
    }
]