[
    {
        "user": "U0J29PDDW",
        "type": "message",
        "subtype": "channel_join",
        "text": "<@U0J29PDDW|mariusz> has joined the channel",
        "ts": "1452286391.000517"
    },
    {
        "type": "message",
        "user": "U09KY5U65",
        "text": "In this last episode <@U0474AYFT> said that Synereo will \"most likely\" use Ethereum 2.0. I would agree that is the best plan. <@U0474AYFT> is teaching the little boys over at Ethereum how to make software. He is obvs influencing them to make it work well with Synereo. My question is a simple question, Will Synereo use $ETH and the original Ethereum based blockchain or will Synereo clone Ethereum to make a new Ethereum based blockchain that uses $AMP as the cryptocoin?",
        "ts": "1452303759.000518"
    },
    {
        "type": "message",
        "user": "U09KY5U65",
        "text": "<https:\/\/youtu.be\/UI28eTYafIA?t=25m24s>",
        "attachments": [
            {
                "service_name": "YouTube",
                "service_url": "https:\/\/www.youtube.com\/",
                "title": "Synereo Community Hangout",
                "title_link": "https:\/\/youtu.be\/UI28eTYafIA?t=25m24s",
                "author_name": "Synereo",
                "author_link": "https:\/\/www.youtube.com\/channel\/UCU5CBbxAeFYnodf32w3ahOQ",
                "thumb_url": "https:\/\/i.ytimg.com\/vi\/UI28eTYafIA\/hqdefault.jpg",
                "thumb_width": 480,
                "thumb_height": 360,
                "fallback": "YouTube Video: Synereo Community Hangout",
                "video_html": "<iframe width=\"400\" height=\"225\" src=\"https:\/\/www.youtube.com\/embed\/UI28eTYafIA?start=1524&feature=oembed&start=1524&autoplay=1&iv_load_policy=3\" frameborder=\"0\" allowfullscreen><\/iframe>",
                "video_html_width": 400,
                "video_html_height": 225,
                "from_url": "https:\/\/youtu.be\/UI28eTYafIA?t=25m24s",
                "id": 1
            }
        ],
        "ts": "1452319821.000519"
    }
]