[
    {
        "type": "message",
        "user": "U06MNSRTK",
        "text": "When sybereo go in poloniex ?",
        "ts": "1457079898.000652"
    },
    {
        "type": "message",
        "user": "U06MNSRTK",
        "text": "<!channel> ",
        "ts": "1457079910.000653"
    },
    {
        "type": "message",
        "user": "U0474E4KZ",
        "text": "When everyone and their mothers send in coin requests. <https:\/\/poloniex.com\/coinRequest>",
        "attachments": [
            {
                "title": "Poloniex - Bitcoin\/Cryptocurrency Exchange - Coin Request",
                "title_link": "https:\/\/poloniex.com\/coinRequest",
                "fallback": "Poloniex - Bitcoin\/Cryptocurrency Exchange - Coin Request",
                "image_url": "http:\/\/poloniex.com\/images\/poloniex_icon.png",
                "from_url": "https:\/\/poloniex.com\/coinRequest",
                "image_width": 250,
                "image_height": 250,
                "image_bytes": 134802,
                "id": 1
            }
        ],
        "ts": "1457080227.000654"
    },
    {
        "type": "message",
        "user": "U06MNSRTK",
        "text": "No thanks ",
        "ts": "1457080523.000656"
    },
    {
        "type": "message",
        "user": "U0NGAG7V5",
        "text": "request done",
        "ts": "1457081115.000657",
        "reactions": [
            {
                "name": "muscle",
                "users": [
                    "U0474E4KZ",
                    "U04BQ4FMC"
                ],
                "count": 2
            },
            {
                "name": "white_check_mark",
                "users": [
                    "U04BQ4FMC"
                ],
                "count": 1
            }
        ]
    },
    {
        "user": "U0Q9QKGR0",
        "type": "message",
        "subtype": "channel_join",
        "text": "<@U0Q9QKGR0|cryptocoinz> has joined the channel",
        "ts": "1457081837.000658"
    },
    {
        "type": "message",
        "user": "U0N53UJES",
        "text": "Is there a working file for win 10 64 bit yet, so i can see if amps are worth buying ? ",
        "ts": "1457082865.000659"
    },
    {
        "type": "message",
        "user": "U0Q9QKGR0",
        "text": "&gt; \"Synereo takes a small *transaction fee* from every transaction on the network\"\n&gt; - <@U0474E4KZ>'s Synereo Investor Deck\n\n(transaction fees, content amplification, content service fees)\nAMP's in Founders wallet not enough for you? You want fiat currency :moneybag: investment :moneybag: in Synereo LLC?\n\nI should join your network or host a node to make money for <@U0474E4KZ> and his investors? This was supposed to be funded *fairly* from sale of AMP's!",
        "edited": {
            "user": "U0Q9QKGR0",
            "ts": "1457085961.000000"
        },
        "ts": "1457085805.000660"
    },
    {
        "type": "message",
        "user": "U0474E4KZ",
        "text": "You should join the network if you think it could serve you well. If not, don't.",
        "ts": "1457086081.000664"
    },
    {
        "type": "message",
        "user": "U0474E4KZ",
        "text": "You could also just fork it, as you've already announced you'll do.",
        "ts": "1457086698.000667"
    },
    {
        "type": "message",
        "user": "U0Q9QKGR0",
        "text": "<@U0474E4KZ> Your greatest assets are Greg and this community. Don't f*#% it up by getting too greedy. :green_heart:",
        "ts": "1457087391.000668"
    },
    {
        "type": "message",
        "user": "U0474E4KZ",
        "text": "I trust that you'll keep a careful eye on us. ",
        "ts": "1457087507.000669"
    },
    {
        "user": "U0QANLBM3",
        "type": "message",
        "subtype": "channel_join",
        "text": "<@U0QANLBM3|delawer> has joined the channel",
        "ts": "1457091553.000670"
    },
    {
        "type": "message",
        "user": "U0QANLBM3",
        "text": "Hello all new in the team will help as much I can, first article shared with my connection, will be distributed also in several currency and trading forums <https:\/\/www.linkedin.com\/pulse\/amp-fastest-growing-cryptocurrency-javier-de-juan?trk=hp-feed-article-title-publish>",
        "ts": "1457092261.000671",
        "reactions": [
            {
                "name": "clap",
                "users": [
                    "U04BQ4FMC",
                    "U0474E4KZ",
                    "U0PCK9TKL"
                ],
                "count": 3
            },
            {
                "name": "heart_eyes",
                "users": [
                    "U04BQ4FMC",
                    "U0PCK9TKL"
                ],
                "count": 2
            }
        ]
    },
    {
        "type": "message",
        "subtype": "file_share",
        "text": "<@U0474E4KZ|dor> shared a file: <https:\/\/synereonet.slack.com\/files\/dor\/F0QB5HRMH\/zeronet-decentralizedp2pwebplatform|ZeroNet - Decentralized p2p web platform>",
        "file": {
            "id": "F0QB5HRMH",
            "created": 1457097273,
            "timestamp": 1457097273,
            "name": "ZeroNet-Decentralizedp2pwebplatform",
            "title": "ZeroNet - Decentralized p2p web platform",
            "mimetype": "application\/vnd.google-apps.presentation",
            "filetype": "gpres",
            "pretty_type": "GDocs Presentation",
            "user": "U0474E4KZ",
            "editable": false,
            "size": 7070,
            "mode": "external",
            "is_external": true,
            "external_type": "gdrive",
            "is_public": true,
            "public_url_shared": false,
            "display_as_bot": false,
            "username": "",
            "url_private": "https:\/\/docs.google.com\/presentation\/d\/1_2qK1IuOKJ51pgBvllZ9Yu7Au2l551t3XBgyTSvilew\/edit?usp=drivesdk",
            "thumb_64": "https:\/\/a.slack-edge.com\/66f9\/img\/files\/gpres_64.png",
            "thumb_360": "https:\/\/a.slack-edge.com\/272a\/img\/files\/gpres_360.png",
            "thumb_360_w": 360,
            "thumb_360_h": 167,
            "permalink": "https:\/\/synereonet.slack.com\/files\/dor\/F0QB5HRMH\/zeronet-decentralizedp2pwebplatform",
            "channels": [
                "C0474AT8X"
            ],
            "groups": [
    
            ],
            "ims": [
    
            ],
            "comments_count": 0
        },
        "user": "U0474E4KZ",
        "upload": false,
        "display_as_bot": false,
        "username": "<@U0474E4KZ|dor>",
        "bot_id": null,
        "ts": "1457097273.000673"
    },
    {
        "type": "message",
        "user": "U0474E4KZ",
        "text": "Simple and working.",
        "ts": "1457097277.000675"
    },
    {
        "type": "message",
        "user": "U048X85UT",
        "text": "If we can get AMP on <https:\/\/uphold.com\/> the simple api allows taking almost any currency.",
        "attachments": [
            {
                "title": "Uphold",
                "title_link": "https:\/\/uphold.com\/",
                "text": "Join the world's fastest growing platform for moving, converting\u200b, transacting \u200band holding any form of money or commodity.\u200b Instantly, securely and for free.\u200b",
                "fallback": "Uphold",
                "thumb_url": "https:\/\/uphold.com\/images\/banner.jpg",
                "from_url": "https:\/\/uphold.com\/",
                "thumb_width": 1200,
                "thumb_height": 630,
                "id": 1
            }
        ],
        "ts": "1457098743.000676"
    },
    {
        "type": "message",
        "user": "U0PCK9TKL",
        "text": "Does anyone know a simple cold\/flu fix. That meeting yesterday drained me. I was already sick now that feeling is amplified lol",
        "ts": "1457099015.000678"
    },
    {
        "type": "message",
        "user": "U0PCK9TKL",
        "text": "Going to go into jitsi to start working if anyone wants to join me please come into the channel <http:\/\/Meet.jit.si\/Synereosynpm|Meet.jit.si\/Synereosynpm>",
        "ts": "1457103547.000679"
    },
    {
        "type": "message",
        "user": "U04BQ4FMC",
        "text": "what do you think the weaknesses of ZeroNet are?  <@U0474E4KZ>",
        "ts": "1457105463.000680"
    },
    {
        "type": "message",
        "user": "U0PCK9TKL",
        "text": "k",
        "attachments": [
            {
                "title": "MIT Bitcoin Project",
                "title_link": "http:\/\/mitbitcoinproject.org\/",
                "text": "your official source for the MIT Bitcoin Project",
                "fallback": "MIT Bitcoin Project",
                "from_url": "http:\/\/mitbitcoinproject.org\/",
                "id": 1
            }
        ],
        "edited": {
            "user": "U0PCK9TKL",
            "ts": "1457105917.000000"
        },
        "ts": "1457105778.000681"
    },
    {
        "type": "message",
        "user": "U0PCK9TKL",
        "text": "<http:\/\/mitbitcoinexpo.org\/>",
        "ts": "1457105906.000683"
    },
    {
        "user": "U0QDSM78W",
        "type": "message",
        "subtype": "channel_join",
        "text": "<@U0QDSM78W|maomao> has joined the channel",
        "ts": "1457113564.000685"
    },
    {
        "type": "message",
        "user": "U0PCK9TKL",
        "text": "There he is welcome <@U0QDSM78W> !!",
        "ts": "1457114881.000686"
    },
    {
        "type": "message",
        "user": "U049CMCCZ",
        "text": "<@U0PCK9TKL>: tug under a nice and warm duvet, hot tea with honey, good movie on the screen, and then just fall asleep when the body wants..",
        "ts": "1457115731.000687"
    },
    {
        "type": "message",
        "user": "U0PCK9TKL",
        "text": "Lol :)",
        "ts": "1457116274.000688"
    },
    {
        "type": "message",
        "user": "U0MRFBCKU",
        "text": "<@U049CMCCZ> you forgot the rum lol",
        "ts": "1457116401.000689"
    },
    {
        "type": "message",
        "user": "U049CMCCZ",
        "text": "haha yeah - that's gotta be an option",
        "ts": "1457116430.000690"
    },
    {
        "type": "message",
        "user": "U0474E4KZ",
        "text": "No cure for the common cold yet. :simple_smile:",
        "ts": "1457131653.000691"
    },
    {
        "type": "message",
        "user": "U0PCK9TKL",
        "text": "thats true",
        "ts": "1457132092.000692"
    },
    {
        "type": "message",
        "user": "U0PCK9TKL",
        "text": "<http:\/\/blockchain-sanfrancisco.com\/> costs $700 to redirect flight from D.C. to San Fran. I am interested in going to the events if the owners waive the registration fee in exchange for me setting up a live event. Is this worth doing? <@U04BQ4FMC> suggested we only go to 1 or 2 every few months. Im setting my eyes on Consensus. San fran maybe to early. Here is a link to multiple events: <https:\/\/bitcoin.org\/en\/events>",
        "edited": {
            "user": "U0PCK9TKL",
            "ts": "1457134299.000000"
        },
        "ts": "1457134286.000693"
    },
    {
        "type": "message",
        "user": "U0PCK9TKL",
        "text": "Livefeed* not live event. ",
        "ts": "1457139400.000696"
    },
    {
        "type": "message",
        "user": "U0474E4KZ",
        "text": "Expensive. ",
        "ts": "1457152426.000697"
    },
    {
        "type": "message",
        "user": "U0N53UJES",
        "text": "<@U0QANLBM3> Hello yesterday i asked something in the chat and i didn't receive any answers. I asked \"Is there a working file for win 10 64 bit yet, so i can see if amps are worth buying ?\"\nDid i do something wrong, since german is my mothers language i could imagine so or is this the wrong channel ?\nI canceld my facebookaccount some time before i found synereo, cause i didn t like it anymore. \nWhat i saw, read and understood so far about synereo i liked a lot, so i bought some AMP. \nIn the last days i read some posts like \"the synereo team won't finish the projekt\" and many more like this.\nBut when i see how the synereo website is done and specialy when i watch the Video on youtube, i can't believe that synereo is going to fail.\nStill that's why i asked, if there is something out there to look at, that is allready finished or something like that.\nSorry for the long message. Best Thomas",
        "ts": "1457159088.000698",
        "reactions": [
            {
                "name": "+1",
                "users": [
                    "U04JPG2F2"
                ],
                "count": 1
            }
        ]
    },
    {
        "user": "U0QHMF4MA",
        "type": "message",
        "subtype": "channel_join",
        "text": "<@U0QHMF4MA|stanpolozov> has joined the channel",
        "ts": "1457162879.000699"
    }
]