[
    {
        "type": "message",
        "user": "U0474E4KZ",
        "text": "Viewer link for the hangout: <https:\/\/www.youtube.com\/watch?v=UI28eTYafIA>",
        "attachments": [
            {
                "service_name": "YouTube",
                "service_url": "https:\/\/www.youtube.com\/",
                "title": "Synereo Community Hangout",
                "title_link": "https:\/\/www.youtube.com\/watch?v=UI28eTYafIA",
                "author_name": "Synereo",
                "author_link": "https:\/\/www.youtube.com\/channel\/UCU5CBbxAeFYnodf32w3ahOQ",
                "fallback": "YouTube Video: Synereo Community Hangout",
                "video_html": "<iframe width=\"400\" height=\"225\" src=\"https:\/\/www.youtube.com\/embed\/UI28eTYafIA?feature=oembed&autoplay=1&iv_load_policy=3\" frameborder=\"0\" allowfullscreen><\/iframe>",
                "video_html_width": 400,
                "video_html_height": 225,
                "from_url": "https:\/\/www.youtube.com\/watch?v=UI28eTYafIA",
                "id": 1
            }
        ],
        "ts": "1452107306.000480"
    },
    {
        "type": "message",
        "user": "U0474E4KZ",
        "text": "Someone mentioned here a while ago that if you have Google for business you can hanve 15 people hangouts.",
        "ts": "1452110679.000482"
    },
    {
        "type": "message",
        "user": "U0474E4KZ",
        "text": "Right?",
        "ts": "1452110681.000483"
    },
    {
        "type": "message",
        "user": "U0474E4KZ",
        "text": "<@U0GD31QBA>: can you look into it and see what needs to be done?",
        "ts": "1452110690.000484"
    },
    {
        "type": "message",
        "user": "U0474E4KZ",
        "text": "We had a full house today plus a bunch of viewers, some who wanted to get in!",
        "ts": "1452110715.000485"
    },
    {
        "user": "U0HS7GDRC",
        "type": "message",
        "subtype": "channel_join",
        "text": "<@U0HS7GDRC|philmaher> has joined the channel",
        "ts": "1452111233.000486"
    },
    {
        "type": "message",
        "user": "U0474E4KZ",
        "text": "Heya. :simple_smile:",
        "ts": "1452111496.000487"
    },
    {
        "type": "message",
        "user": "U0HS7GDRC",
        "text": "Hi everyone, I have a project with stock videos that I'm wondering about...basically as a content producer would synereo allow me to cut out the middleman (shutterstocks of the world) and accept payment in crypto to license videos directly to my business customers?",
        "ts": "1452111512.000488",
        "reactions": [
            {
                "name": "+1",
                "users": [
                    "U04BQ4FMC",
                    "U049CMCCZ"
                ],
                "count": 2
            }
        ]
    },
    {
        "type": "message",
        "user": "U0474E4KZ",
        "text": "Yeah, that's exactly the point!",
        "ts": "1452111630.000489",
        "reactions": [
            {
                "name": "+1",
                "users": [
                    "U049CMCCZ"
                ],
                "count": 1
            }
        ]
    },
    {
        "type": "message",
        "user": "U0HS7GDRC",
        "text": "what part of this is synereo building, and which part would require 3rd party resources? I guess the question is what exactly is synereo's role and laser focus on? Are you a consumer play for facebook like people? Or are you building an api for developers to build products like stock video marketplaces on top of?",
        "ts": "1452112490.000490"
    },
    {
        "user": "U0HS9VDDY",
        "type": "message",
        "subtype": "channel_join",
        "text": "<@U0HS9VDDY|julian> has joined the channel",
        "ts": "1452113156.000491"
    },
    {
        "type": "message",
        "user": "U0HS9VDDY",
        "text": "<@U0474E4KZ>: I have a Google Apps account.",
        "ts": "1452113400.000492"
    },
    {
        "type": "message",
        "user": "U0474E4KZ",
        "text": "<@U0HS7GDRC>: we're doing both, really.",
        "ts": "1452113505.000493"
    },
    {
        "type": "message",
        "user": "U0474E4KZ",
        "text": "Perhaps with a bit more focus on allowing developers to make use of the platform in whatever way they wish and create all of the tools needed to allow this new paradigm to shine.",
        "ts": "1452113532.000494"
    },
    {
        "type": "message",
        "user": "U0FESR742",
        "text": "Great chat today guys! Scribes, I'm here if you need me.",
        "ts": "1452114332.000495"
    },
    {
        "type": "message",
        "user": "U0HS7GDRC",
        "text": "would love to hear exactly the product your building, who the target market is and why it's a best mousetrap then what currently exists.",
        "ts": "1452114710.000496"
    },
    {
        "type": "message",
        "user": "U09KY5U65",
        "text": "It sounds like synereo needs to have a recordable\/watchable p2p video chat system for unlimited number of participants built into it. Then a  \"publish to youtube\/every other video site\" button",
        "ts": "1452116677.000497"
    },
    {
        "type": "message",
        "user": "U09KY5U65",
        "text": "Since synereo is open source I would highly doubt any 3rd party software will be developed for it unless it's funded by Synereo. Anyone can take it and change it to be better than before. Much like how Synereo is taking the Ethereum code and making it better.",
        "ts": "1452116852.000498"
    },
    {
        "type": "message",
        "user": "U09KY5U65",
        "text": "Am I right that Synereo is taking the Ethereum code and making a new cryptocoin\/blockchain? Or is Synereo going to use the Ethereum blockchain requiring users to also need $ETH?",
        "ts": "1452116961.000499"
    },
    {
        "type": "message",
        "user": "U0474E4KZ",
        "text": "We're not actually using any Ethereum code.",
        "ts": "1452118953.000500"
    },
    {
        "type": "message",
        "user": "U0474E4KZ",
        "text": "I'm a bit confused about your assumption that because we're open source there won't 3rd party software. Have you heard of Linux? :simple_smile:",
        "ts": "1452119000.000501"
    },
    {
        "type": "message",
        "user": "U09KY5U65",
        "text": "Synereo will be using a blockchain right? Will it be a new blockchain with $AMP as the cryptocoin?",
        "ts": "1452120239.000502"
    },
    {
        "type": "message",
        "user": "U09KY5U65",
        "text": "If you get a platform where you have over a 1 million USA active users and the user base is growing fast then yeah, maybe people will develop 3rd party software. There should be no relying on 3rd party software to attract users though.",
        "ts": "1452120757.000503"
    },
    {
        "type": "message",
        "user": "U09KY5U65",
        "text": "I would actually vote against allowing 3rd party software on synereo at first. Keep it simple for users. Keep all the attention within synereo.",
        "ts": "1452120950.000504"
    },
    {
        "type": "message",
        "user": "U09KY5U65",
        "text": "I want to get rich from my $AMP. I want Synereo to be the only thing. I don't want third party software coming in an stealing any of my profits.",
        "ts": "1452121029.000505"
    },
    {
        "type": "message",
        "user": "U09KY5U65",
        "text": "The way I see Synereo is it is a clone of ethereum, a new blockchain and cryptocoin, with added on features known as \"special k\". I see this becoming the new normal way of launching an app once PoS Casper is working. Next people will clone Synereo, which includes a clone of ethereum, and launch their app as a new blockchain and new cryptocoin. There is too much profit in this model since PoS Casper removes the barrier of entry for competition. You're dreaming in the clouds if you think anyone is developing actual good 3rd party software for Synereo.  Just ignore 3rd party software for now and create Synereo so I can get rich as quick as possible.",
        "ts": "1452127913.000506"
    },
    {
        "type": "message",
        "user": "U09KY5U65",
        "text": "blockchain tech doesn't even scale very well. 3rd party software would probably put too much strain on the early network hurting the ability of Synereo to use the network.",
        "ts": "1452127972.000507"
    }
]