[
    {
        "type": "message",
        "user": "U0474E4KZ",
        "text": "I love it!",
        "ts": "1453896135.000080"
    },
    {
        "type": "message",
        "user": "U0474E4KZ",
        "text": "Maybe #bounties or #tasks rather than finance?",
        "ts": "1453896165.000081"
    },
    {
        "type": "message",
        "user": "U0474E4KZ",
        "text": "I'll defer to Greg's judgement re: reward for the dev.",
        "ts": "1453896196.000082"
    },
    {
        "type": "message",
        "user": "U04BQ4FMC",
        "text": "<@U048T3M8W>: , <@U0474E4KZ>",
        "ts": "1453897754.000083"
    },
    {
        "type": "message",
        "user": "U04BQ4FMC",
        "text": "- if you start a \"finance\" channel, we could archive \"crowdsale\", and post future info of that nature in finance.",
        "ts": "1453897805.000084"
    },
    {
        "type": "message",
        "user": "U048T3M8W",
        "text": "<@U04BQ4FMC>: Did you creat a Hangout Event?",
        "ts": "1453920440.000085"
    },
    {
        "type": "message",
        "user": "U04BQ4FMC",
        "text": "Yeah, a few days ago.",
        "ts": "1453920481.000086"
    },
    {
        "type": "message",
        "user": "U0474AYFT",
        "text": "Today's Synereo Community Hangout participants' link: <https:\/\/plus.google.com\/hangouts\/_\/hoaevent\/AP36tYcu_tUOQOidBGki4HiliiqtUrTiqq_Uwfd6Fh2nYGclBQWUfg?eid=109002904706315055045&amp;hl=en&amp;authuser=1>",
        "ts": "1453921118.000087"
    },
    {
        "type": "message",
        "user": "U049DANR7",
        "text": "is Synereo ready to use in independent projects?  Is Synereo bound to a single cryptocurrency \/ token?",
        "ts": "1453922712.000088"
    },
    {
        "type": "message",
        "user": "U0J9CQF9S",
        "text": "the network uses amps. but imagine you can use any crypto currency out there to buy amps.",
        "ts": "1453924116.000089"
    },
    {
        "type": "message",
        "user": "U04BQ4FMC",
        "text": "Remember, there's the Synereo Platform, and the social media app that sits on it (with the same name).  The platform can be used (open source) for whatever, and you can create your own crypto$.",
        "ts": "1453928562.000090"
    }
]