[
    {
        "user": "U0KSYDV09",
        "type": "message",
        "subtype": "channel_join",
        "text": "<@U0KSYDV09|rakeshnair> has joined the channel",
        "ts": "1454249686.000171"
    },
    {
        "type": "message",
        "user": "U04BQ4FMC",
        "text": "It's an idea remarkably suited to your talents, <@U09KY5U65> !\nI hope you can make a series of articles on your adventures.  Here are some ideas to get you started:\nGo the Treasury Department of the Government and try to get them to cash your tax refund check.\nGo to random Fortune 500 companies and try to get them to sell you their stock at the customer service desk.\nGo to the Doctor's office and try to get them to sell you the prescriptions that they wrote for you.\nGo to a distillery and try to get them to serve you your favorite cocktail.\nThat should keep you busy for a while.  Remember, if you run into any problems, remind them that you \"know people\", and are in possession of several thousand dollars.  If that fails, accuse them of ripping you off, and denying you basic services.\nGood luck, and don't let the door hit your ass on the way out!",
        "ts": "1454250025.000172"
    },
    {
        "type": "message",
        "user": "U0KRAG29F",
        "text": ":simple_smile:",
        "ts": "1454250059.000173"
    },
    {
        "type": "message",
        "user": "U0KSYDV09",
        "text": "lol",
        "ts": "1454250134.000174"
    },
    {
        "type": "message",
        "user": "U0474E4KZ",
        "text": "It's my impression that <@U09KY5U65> is no longer interested in being a contributing member of this community. Rather, he's turned to agitation and even spreading lies here and on Bitcoin Talk.",
        "ts": "1454256910.000175"
    },
    {
        "type": "message",
        "user": "U0474E4KZ",
        "text": "Do you think we should ban him from Slack?",
        "ts": "1454256923.000176"
    },
    {
        "type": "message",
        "user": "U0474AYFT",
        "text": "i'm sorry. i've been too busy with technical work to try to track what's going on with <@U09KY5U65>. ",
        "ts": "1454257494.000177"
    },
    {
        "type": "message",
        "user": "U0474AYFT",
        "text": "What's the issue?",
        "ts": "1454257508.000178"
    },
    {
        "type": "message",
        "user": "U0474AYFT",
        "text": "How can we help you?",
        "ts": "1454257592.000179"
    },
    {
        "type": "message",
        "user": "U0DKBHZN1",
        "text": "Don't ban him... Yet. You just need to make a clear statement.  Buy AMP on bittrex or wait for BTTF. No behind the scene buying.",
        "ts": "1454257906.000180",
        "reactions": [
            {
                "name": "+1",
                "users": [
                    "U04BQ4FMC",
                    "U048T3M8W",
                    "U0J9CQF9S",
                    "U049CMCCZ"
                ],
                "count": 4
            }
        ]
    },
    {
        "type": "message",
        "user": "U0J9CQF9S",
        "text": "<@U09KY5U65>: why cant you respect that people are busy and they may not have answers for you when you want them. The startup literally consists of only a few people outside of that everyone is volunteering their skill set to help the community grow. Not every question will be addressed immediately or even over a course of a few weeks. I also do not understand the problem. Wait until there is another crowd sale. Or explain things in layman\u2019s terms because people like me with no technical knowledge have no idea what your talking about until it gets synthesized over and over again by you and other members in this channel. From an outside your making yourself look like an idiot in the channel. Your angry that you cant buy amps at this very second. Okay? The rest of your claims are ridiculous and completely unfounded. You act as if the network is launching next week or something and you have been left out of \u201cmission critical details\u201d as if your doing anything for the network expect argue with the founders.. Ive been in this channel for a year and your the only one I have seen open complaints from. At this point even if you wanted 100 bitcoins worth of amps why would they want your money? Your a hassle to deal with man. Seriously chill. No one is trying to scam anyone. Your not a founder so you don\u2019t have any Idea of the larger perspective. They may have something planned that isn't %100 transparent. There may be good reasons their doing things a specific way at this point in time. Do you not realize this? Or am I the one who is crazy?   \"I would also like to know more information about the <http:\/\/BankToTheFuture.com|BankToTheFuture.com> investment plan. Has Mike Keizer already purchased AMPs in a private sale? Does he then resell them to the public? Does he take orders for AMPs at a certain price then buy them for cheaper than that from Synereo LTD?\u201d Wait for an update. You asked this 10 times already. You cant externalize everything. You cant control other people. Relax dude.",
        "edited": {
            "user": "U0J9CQF9S",
            "ts": "1454284692.000000"
        },
        "ts": "1454283165.000181"
    },
    {
        "type": "message",
        "user": "U0J9CQF9S",
        "text": "do not ban crypto coins from slack. I am sure he will calm down. <@U0DKBHZN1> just answered your question. So the issue should be resolved. dont be like this guy. <https:\/\/www.youtube.com\/watch?v=kdqyG3CcoLM>",
        "edited": {
            "user": "U0J9CQF9S",
            "ts": "1454284766.000000"
        },
        "ts": "1454283840.000186"
    }
]