[
    {
        "user": "U0JEXLPGS",
        "type": "message",
        "subtype": "channel_join",
        "text": "<@U0JEXLPGS|tf0054> has joined the channel",
        "ts": "1452787468.000588"
    },
    {
        "type": "message",
        "user": "U0474E4KZ",
        "text": "So I was sitting down with a Japanese angel visiting Tel Aviv and, after a very good meeting, I open up the coinmarketcap Synereo page to show him that our coin's valued and traded and so on. As the page is loading I start to point to the part of the screen where it'd show that each AMP is already worth a cent, and when the cafe's wi-fi finally delivers I see that it's dropped ~10% and is now less than that. Doh. :simple_smile: Not as effective to say \"it's worth _almost_ a cent\", heh.",
        "ts": "1452789539.000589"
    },
    {
        "type": "message",
        "user": "U0FESR742",
        "text": "<@U04BQ4FMC>:  it's probably just Greg's schedule. Continuing the discussion is always a good thing, I wouldn't hold the scribes to recording anything other than what they already are though.",
        "ts": "1452804134.000590",
        "reactions": [
            {
                "name": "+1",
                "users": [
                    "U04BQ4FMC"
                ],
                "count": 1
            }
        ]
    },
    {
        "type": "message",
        "user": "U04BQ4FMC",
        "text": "Right - the rest would be considered 'private'.  Just a chance maybe to get to know people better, or set up some collaborative stuff.",
        "ts": "1452804928.000591"
    },
    {
        "type": "message",
        "user": "U0FESR742",
        "text": "The good, the bad, and the ugly. \n\n<https:\/\/medium.com\/@octskyward\/the-resolution-of-the-bitcoin-experiment-dabb30201f7#.2xwoitxp7>",
        "attachments": [
            {
                "service_name": "Medium",
                "title": "The resolution of the Bitcoin experiment",
                "title_link": "https:\/\/medium.com\/@octskyward\/the-resolution-of-the-bitcoin-experiment-dabb30201f7#.2xwoitxp7",
                "text": "I\u2019ve spent more than 5 years being a Bitcoin developer. The software I\u2019ve written has been used by millions of users, hu\u2026",
                "fallback": "Medium: The resolution of the Bitcoin experiment",
                "image_url": "https:\/\/cdn-images-1.medium.com\/max\/800\/1*gFnW6w5ThG0MiyL3IBndPw.png",
                "fields": [
                    {
                        "title": "Reading time",
                        "value": "17 mins",
                        "short": true
                    }
                ],
                "ts": 1452803388,
                "from_url": "https:\/\/medium.com\/@octskyward\/the-resolution-of-the-bitcoin-experiment-dabb30201f7#.2xwoitxp7",
                "image_width": 595,
                "image_height": 250,
                "image_bytes": 102129,
                "id": 1
            }
        ],
        "ts": "1452826120.000592"
    }
]