[
    {
        "type": "message",
        "user": "U0DKBHZN1",
        "text": "<@U0474E4KZ>:  crypto.coins (fartbags?). Check his history on BTT. Been posting on several boards, all negative same idea. Its someone that makes money from price volatility of coins. spread lies and incorrect info in order to drive price down.  No room for a person like that here.",
        "ts": "1455618837.000016",
        "reactions": [
            {
                "name": "dart",
                "users": [
                    "U04BQ4FMC"
                ],
                "count": 1
            }
        ]
    },
    {
        "type": "message",
        "user": "U04BQ4FMC",
        "text": "<@U0J9CQF9S>:  - do you think Jaxx is flexible enough to add Amps to their new wallets?",
        "ts": "1455627054.000017"
    },
    {
        "type": "message",
        "user": "U0J9CQF9S",
        "text": "<@U0474E4KZ>:  ban this guy please <@U09KY5U65> or give him access to his own channel #speculation #volatility ",
        "edited": {
            "user": "U0J9CQF9S",
            "ts": "1455632754.000000"
        },
        "ts": "1455632291.000018"
    },
    {
        "type": "message",
        "user": "U0J9CQF9S",
        "text": "<@U04BQ4FMC>: I don't know anything about the wallet other than one of the creators is the co founder of ethereum. If Greg has a connection with some of the ethereum guys that would be great. There's also this site called <http:\/\/shapeshift.io|shapeshift.io>, they have a mobile app too. Their product is used to buy alt coins on. I also don't know what the best wallets are. I heard carbonwallet, mycelium, armory and electrum are all good. I posted jaxx because there is a relationship here between synereo and ethereum. If you want I can look for a contact page and ask them if they would be interested in adding apps to their wallet. ",
        "ts": "1455632728.000019"
    },
    {
        "type": "message",
        "user": "U04BQ4FMC",
        "text": "Yeah, that was the hopeful direction - maybe prompt some connecting.",
        "ts": "1455633079.000021"
    },
    {
        "type": "message",
        "user": "U04BQ4FMC",
        "text": "While I have this topic open, do you (or anyone) know why BTC cannot be purchased in some countries?  This seems to be contrary to the basic principles of a currency with no national ties.  It also hints that we have more work to do in the realm of Information Equality, and the creation of the \"haves\/have nots\" world online.",
        "ts": "1455633261.000022"
    },
    {
        "type": "message",
        "user": "U0J9CQF9S",
        "text": "Some countries straight ban Bitcoin because they are evil. Like literally dictatorships and death squads. Others are holding \"debates\" on if\/how they want to implement the currency. <https:\/\/www.cryptocoinsnews.com\/top-10-countries-bitcoin-banned\/> it's very possible we can see other countries ban Bitcoin and other CryptoCurrency. Possibly worse would be them creating their own crypto..",
        "attachments": [
            {
                "service_name": "CCN: Financial Bitcoin &amp; Cryptocurrency News",
                "title": "Top 10 Countries in Which Bitcoin is Banned",
                "title_link": "https:\/\/www.cryptocoinsnews.com\/top-10-countries-bitcoin-banned\/",
                "text": "Countries around the world have a wide ranging view of the digital currency bitcoin or a \u201cvirtual currency.\u201d Western superpowers like the United States and United Kingdom have shown a positive attitude towards the new technology. Some countries like Canada and Australia are still deliberating on what to do about Bitcoin, legally. And the many \u2026",
                "fallback": "CCN: Financial Bitcoin &amp; Cryptocurrency News: Top 10 Countries in Which Bitcoin is Banned",
                "image_url": "https:\/\/www.cryptocoinsnews.com\/wp-content\/uploads\/2015\/03\/banned.jpg",
                "ts": 1432718955,
                "from_url": "https:\/\/www.cryptocoinsnews.com\/top-10-countries-bitcoin-banned\/",
                "image_width": 444,
                "image_height": 250,
                "image_bytes": 109312,
                "id": 1
            }
        ],
        "edited": {
            "user": "U0J9CQF9S",
            "ts": "1455635275.000000"
        },
        "ts": "1455635193.000023"
    },
    {
        "user": "U0MHYCUAZ",
        "type": "message",
        "subtype": "channel_join",
        "text": "<@U0MHYCUAZ|noykita> has joined the channel",
        "ts": "1455639728.000026"
    },
    {
        "type": "message",
        "user": "U048X85UT",
        "text": "<@U09KY5U65>: wonderful idea! award budgets of Amp's.  I offered that in <#C04BLQ4CX> privacy coins but nobody wants those yet apparently,  they'd rather do a little for nothing :stuck_out_tongue:",
        "edited": {
            "user": "U048X85UT",
            "ts": "1455640653.000000"
        },
        "ts": "1455640359.000027"
    },
    {
        "type": "message",
        "user": "U048X85UT",
        "text": "Give me amps to spend for specific deliverables and I'll get it done if enough people want amp's.",
        "ts": "1455640480.000028"
    },
    {
        "type": "message",
        "user": "U0474E4KZ",
        "text": "Welcome, <@U0MHYCUAZ>!",
        "ts": "1455640793.000031"
    },
    {
        "type": "message",
        "user": "U048X85UT",
        "text": "Award of an amp budget might be decided by secret bid with insider consensus.",
        "ts": "1455640956.000032"
    },
    {
        "type": "message",
        "user": "U048X85UT",
        "text": "I'd love to build our own proof-of-proof blockchain to do amps. Hum. I'll submit a budget for that to <http:\/\/synereo.com|synereo.com>.  And offers for other deliverables as well, assuming they are game.",
        "edited": {
            "user": "U048X85UT",
            "ts": "1455641320.000000"
        },
        "ts": "1455641277.000033"
    },
    {
        "type": "message",
        "user": "U0J9CQF9S",
        "text": "<@U048X85UT>: here is more information about bounties and budget allocation. There are four tabs on the bottom that you can scroll through that should give you solid insight. <https:\/\/drive.google.com\/folderview?id=0B2oJ08sgSZdaWTBVODh0eFhKTmM&amp;usp=drive_web> I believe <@U048T3M8W> set this up but I'm not %100.",
        "ts": "1455642258.000035"
    },
    {
        "type": "message",
        "user": "U048X85UT",
        "text": "thanks for the reminder! you can tell I've been out of things due to job pressure, now I am semi-retired so whatch out :stuck_out_tongue:",
        "edited": {
            "user": "U048X85UT",
            "ts": "1455647164.000000"
        },
        "ts": "1455646449.000036"
    },
    {
        "type": "message",
        "user": "U048X85UT",
        "text": "things are still a bit crazy but now application of synereo is my #1 objective starting with a synereo login,",
        "edited": {
            "user": "U048X85UT",
            "ts": "1455646928.000000"
        },
        "ts": "1455646628.000037"
    },
    {
        "type": "message",
        "user": "U048X85UT",
        "text": "integrated with the identity ecosystem (OpenID)",
        "ts": "1455646844.000039"
    },
    {
        "type": "message",
        "user": "U0J9CQF9S",
        "text": " No problem. I'm joining the navy soon. So I'll be out for potentially 20 years.",
        "ts": "1455647394.000043"
    },
    {
        "type": "message",
        "user": "U0474E4KZ",
        "text": "Holy crapola.",
        "ts": "1455648949.000044"
    },
    {
        "type": "message",
        "user": "U0474E4KZ",
        "text": "How soon?",
        "ts": "1455648954.000045"
    },
    {
        "type": "message",
        "user": "U0J9CQF9S",
        "text": "March 29th. I'm going in mainly for job training and financial reasons. Unless you have a better alternative I'm set. I could potentially move to Seattle and work with Greg but that's extremely spontaneous and I would be backing out of the contract that I signed with a navy. ",
        "ts": "1455649748.000046"
    },
    {
        "type": "message",
        "user": "U0474AYFT",
        "text": "Can you pm me what you would need to live comfortably out here?",
        "ts": "1455653042.000047"
    },
    {
        "type": "message",
        "user": "U0FESR742",
        "text": "If we can hold onto <@U0J9CQF9S>: let's do it. He's a great person!",
        "ts": "1455653085.000048",
        "reactions": [
            {
                "name": "+1",
                "users": [
                    "U04GDL62L"
                ],
                "count": 1
            }
        ]
    },
    {
        "type": "message",
        "user": "U0FESR742",
        "text": "Hey Guys! I've been a little busy on the back end of the communications department, I'm going to begin porting a lot of our activities over to TAIGA today. I will also be opening up several opportunities for earning AMPs, as well as adding ambassador tasks there. This moves us into new territory, as it sort of makes us, at least in part, a decentralized organization. If you ask me that's making history.",
        "ts": "1455653223.000049",
        "reactions": [
            {
                "name": "muscle",
                "users": [
                    "U0474E4KZ"
                ],
                "count": 1
            }
        ]
    },
    {
        "type": "message",
        "user": "U048T3M8W",
        "text": "<https:\/\/synereonet.slack.com\/archives\/general\/p1455642258000035>\n\nThe Budget allocation is weighted average of what the persons think a bounty is worth in USD.\nFirst award the persons with a number of REO points. Like that we the importance of the opinion of a person is indicated.\nSecondly give an amount of USD to the bounty. The last row will indicate how much we think a bounty worth.\nHoover over the yellow triangles to see a comment.",
        "attachments": [
            {
                "color": "4D394B",
                "from_url": "https:\/\/synereonet.slack.com\/archives\/general\/p1455642258000035",
                "fallback": "[February 16th, 2016 9:04 AM] shdwdm: <@U048X85UT>: here is more information about bounties and budget allocation. There are four tabs on the bottom that you can scroll through that should give you solid insight. <https:\/\/drive.google.com\/folderview?id=0B2oJ08sgSZdaWTBVODh0eFhKTmM&amp;usp=drive_web> I believe <@U048T3M8W> set this up but I'm not %100.",
                "author_subname": "shdwdm",
                "ts": "1455642258.000035",
                "text": "<@U048X85UT>: here is more information about bounties and budget allocation. There are four tabs on the bottom that you can scroll through that should give you solid insight. <https:\/\/drive.google.com\/folderview?id=0B2oJ08sgSZdaWTBVODh0eFhKTmM&amp;usp=drive_web> I believe <@U048T3M8W> set this up but I'm not %100.",
                "author_name": "Shdwdm",
                "author_link": "https:\/\/synereonet.slack.com\/team\/shdwdm",
                "author_icon": "https:\/\/avatars.slack-edge.com\/2016-02-07\/20579582163_f4ae2c22c930a7ae2439_48.jpg",
                "mrkdwn_in": [
                    "text"
                ],
                "id": 1
            }
        ],
        "ts": "1455661132.000050"
    },
    {
        "type": "message",
        "subtype": "file_share",
        "text": "<@U048T3M8W|lapin7> shared a file: <https:\/\/synereonet.slack.com\/files\/lapin7\/F0G3E01C2\/amprewards|AMP rewards>",
        "file": {
            "id": "F0G3E01C2",
            "created": 1449514188,
            "timestamp": 1449514188,
            "name": "AMPrewards",
            "title": "AMP rewards",
            "mimetype": "application\/vnd.google-apps.spreadsheet",
            "filetype": "gsheet",
            "pretty_type": "GDocs Spreadsheet",
            "user": "U048T3M8W",
            "editable": false,
            "size": 35212,
            "mode": "external",
            "is_external": true,
            "external_type": "gdrive",
            "is_public": true,
            "public_url_shared": false,
            "display_as_bot": false,
            "username": "",
            "url_private": "https:\/\/docs.google.com\/spreadsheets\/d\/1wLZphSfp2ql_J8AUA4QvypUhdeusSAjQsn_PAkiWuPk\/edit?usp=drivesdk",
            "thumb_64": "https:\/\/a.slack-edge.com\/66f9\/img\/files\/gsheet_64.png",
            "thumb_360": "https:\/\/a.slack-edge.com\/66f9\/img\/files\/gsheet_360.png",
            "thumb_360_w": 360,
            "thumb_360_h": 167,
            "permalink": "https:\/\/synereonet.slack.com\/files\/lapin7\/F0G3E01C2\/amprewards",
            "channels": [
                "C0474C7V9",
                "C0474AT8X",
                "C0TCN61SN"
            ],
            "groups": [
    
            ],
            "ims": [
    
            ],
            "comments_count": 0
        },
        "user": "U048T3M8W",
        "upload": false,
        "display_as_bot": false,
        "username": "<@U048T3M8W|lapin7>",
        "bot_id": null,
        "ts": "1455661170.000053"
    },
    {
        "type": "message",
        "user": "U0J9CQF9S",
        "text": " <https:\/\/www.minds.com\/> Apparently this was made by anonymous. No way to verify that though. Cool idea but fails in so many ways. We can see some of the technology that synereo will use in their stack like encrypted video chat etc. watch and learn from their mistakes. I'm going to explore their interface a bit and see if there is anything worth using. ",
        "attachments": [
            {
                "title": "Minds",
                "title_link": "https:\/\/www.minds.com\/",
                "text": "Minds is an open source social network. Search, create, blog and share free video, images, audio and text. All site information is licensed creative commons or public domain. Create a channel on <http:\/\/Minds.com|Minds.com> to broadcast your content, or launch your own social network with Minds Multisite.",
                "fallback": "Minds",
                "image_url": "https:\/\/www.minds.com\/assets\/logos\/medium.png",
                "image_width": 500,
                "image_height": 200,
                "from_url": "https:\/\/www.minds.com\/",
                "image_bytes": 180729,
                "id": 1
            }
        ],
        "ts": "1455662653.000055"
    },
    {
        "type": "message",
        "user": "U0J9CQF9S",
        "text": "<http:\/\/www.buzzfeed.com\/jamesball\/us-hacked-into-irans-critical-civilian-infrastructure-for-ma#.re6NG0xPq> damn the USA goes hard in the paint. ",
        "attachments": [
            {
                "service_name": "BuzzFeed",
                "title": "U.S. Hacked Into Iran's Critical Civilian Infrastructure For Massive...",
                "title_link": "http:\/\/www.buzzfeed.com\/jamesball\/us-hacked-into-irans-critical-civilian-infrastructure-for-ma#.re6NG0xPq",
                "text": "A new documentary on \"Stuxnet\", the joint U.S.-Israeli attack on Iran's nuclear program, reveals it was just a small part of a much bigger cyber operation against the nation's military an...",
                "fallback": "BuzzFeed: U.S. Hacked Into Iran's Critical Civilian Infrastructure For Massive...",
                "image_url": "https:\/\/img.buzzfeed.com\/buzzfeed-static\/static\/2016-02\/16\/7\/social_promotion\/webdr01\/facebook-social-promotion-12280-1455625493-1.jpg",
                "image_width": 444,
                "image_height": 250,
                "from_url": "http:\/\/www.buzzfeed.com\/jamesball\/us-hacked-into-irans-critical-civilian-infrastructure-for-ma#.re6NG0xPq",
                "image_bytes": 178844,
                "id": 1
            }
        ],
        "ts": "1455665761.000057"
    },
    {
        "type": "message",
        "user": "U0J9CQF9S",
        "text": "Nitro zues that's one hell of a code name",
        "ts": "1455665792.000059"
    }
]