[
    {
        "type": "message",
        "user": "U0J9CQF9S",
        "text": "Show me other systems like synereo ",
        "ts": "1455371036.000529",
        "reactions": [
            {
                "name": "eyes",
                "users": [
                    "U0DKBHZN1"
                ],
                "count": 1
            }
        ]
    },
    {
        "type": "message",
        "subtype": "file_share",
        "text": "<@U0J9CQF9S|shdwdm> uploaded a file: <https:\/\/synereonet.slack.com\/files\/shdwdm\/F0M808N0N\/slack_for_ios_upload.jpg|Slack for iOS Upload>",
        "file": {
            "id": "F0M808N0N",
            "created": 1455371048,
            "timestamp": 1455371048,
            "name": "Slack for iOS Upload.jpg",
            "title": "Slack for iOS Upload",
            "mimetype": "image\/jpeg",
            "filetype": "jpg",
            "pretty_type": "JPEG",
            "user": "U0J9CQF9S",
            "editable": false,
            "size": 52877,
            "mode": "hosted",
            "is_external": false,
            "external_type": "",
            "is_public": true,
            "public_url_shared": false,
            "display_as_bot": false,
            "username": "",
            "url_private": "https:\/\/files.slack.com\/files-pri\/T0474AT8K-F0M808N0N\/slack_for_ios_upload.jpg?t=xoxe-4242367291-28095460608-28095460624-739c22ae7e",
            "url_private_download": "https:\/\/files.slack.com\/files-pri\/T0474AT8K-F0M808N0N\/download\/slack_for_ios_upload.jpg?t=xoxe-4242367291-28095460608-28095460624-739c22ae7e",
            "thumb_64": "https:\/\/files.slack.com\/files-tmb\/T0474AT8K-F0M808N0N-2c3c4d9da8\/slack_for_ios_upload_64.jpg?t=xoxe-4242367291-28095460608-28095460624-739c22ae7e",
            "thumb_80": "https:\/\/files.slack.com\/files-tmb\/T0474AT8K-F0M808N0N-2c3c4d9da8\/slack_for_ios_upload_80.jpg?t=xoxe-4242367291-28095460608-28095460624-739c22ae7e",
            "thumb_360": "https:\/\/files.slack.com\/files-tmb\/T0474AT8K-F0M808N0N-2c3c4d9da8\/slack_for_ios_upload_360.jpg?t=xoxe-4242367291-28095460608-28095460624-739c22ae7e",
            "thumb_360_w": 360,
            "thumb_360_h": 265,
            "thumb_160": "https:\/\/files.slack.com\/files-tmb\/T0474AT8K-F0M808N0N-2c3c4d9da8\/slack_for_ios_upload_160.jpg?t=xoxe-4242367291-28095460608-28095460624-739c22ae7e",
            "image_exif_rotation": 1,
            "original_w": 476,
            "original_h": 350,
            "permalink": "https:\/\/synereonet.slack.com\/files\/shdwdm\/F0M808N0N\/slack_for_ios_upload.jpg",
            "permalink_public": "https:\/\/slack-files.com\/T0474AT8K-F0M808N0N-6cddab71d4",
            "channels": [
                "C0474AT8X"
            ],
            "groups": [
    
            ],
            "ims": [
    
            ],
            "comments_count": 0
        },
        "user": "U0J9CQF9S",
        "upload": true,
        "display_as_bot": false,
        "username": "<@U0J9CQF9S|shdwdm>",
        "bot_id": null,
        "ts": "1455371049.000530"
    },
    {
        "type": "message",
        "user": "U0J9CQF9S",
        "text": "What's a dao (data access objects)?? ",
        "ts": "1455371815.000531"
    },
    {
        "type": "message",
        "user": "U04GDL62L",
        "text": "No. It is our future...\n<https:\/\/en.wikipedia.org\/wiki\/Decentralized_autonomous_organization>",
        "ts": "1455372955.000532"
    },
    {
        "type": "message",
        "user": "U0J9CQF9S",
        "text": "<@U09KY5U65>:  even if synereo wasn't a unique dao (which it clearly is, shown in comparison against 3 other networks) you act like systems don't update themselves. This isn't a single player fps or a Bitcoin. it's a social network. Even if there were different social networks like there are different fps or crypto coins I would choose the one that best suits my needs. Right now no other social network comes remotely close to the vision synereo has. Given the discussions with the devs on the site they seem to want to market it to the masses. Meaning, most people have no idea what a crypto currency is, some don't even know what a social network is (given a large % of the 3rd world doesn't have access to the Internet or a mobile device). These two objectives of literally having to show people with baby steps what this technology can do is a huge part of the puzzle..Perhaps the puzzle isn't being solved fast enough for you. For example, Just because Bitcoin has its problems that doesn't mean I'm going to invest in another coin. Every project is going to have friction points but you have to have some faith that the devs know about the problem and there working on it. Everything you have been writing so far isn't even constructive criticism. For example let's assume synereo is a \"common idea\". So what? Bitcoin is a common idea, I'm still going to buy Bitcoin. I strongly prefer you take your conversation somewhere else. Negativity is only good if you present possible solutions. Your opinions aren't needed here. Doubts are fine. I have doubts about a lot of things but not synereo. Even if i have doubts I'm not going to raise my ego projections in a public channel. Just like i wouldn't walk into your house and tell you that your wallpaper color needs to be changed. So provide possible solutions to your criticisms or I'm going to submit the idea of a vote to the admins here to ban you from slack or give you access to your own channel. Then you'll get your wish. You can be like everyone else looking outside in. Scrolling pass endless content in an attention economy. ",
        "edited": {
            "user": "U0J9CQF9S",
            "ts": "1455376438.000000"
        },
        "ts": "1455375038.000533"
    },
    {
        "type": "message",
        "user": "U0J9CQF9S",
        "text": "To make an idea work, especially a brand new one, you need to invest your entire life into it. Quote of the day",
        "ts": "1455375663.000536"
    },
    {
        "type": "message",
        "user": "U048X85UT",
        "text": "<@U0J9CQF9S>: greetings.  I trust there are good pragmatic reasons for using slack technology rather than  the Synereo stack.  But does that not just create another silo in a legacy architecture?  If instead, we work together building a system nobody owns or controls that connects us all with formal social contracts in an internet 3.0 architecture we can accomplish much more. For example <#C04BLQ4CX> is looking to integrate StratML \"A Worldwide Web of Intentions, Stakeholders, and Results\" which I believe would be very beneficial to your objectives.  There are no simple solutions to the problems facing humanity and we must have a holistic approach, avoiding silos at all cost.",
        "ts": "1455378553.000538"
    },
    {
        "type": "message",
        "user": "U048X85UT",
        "text": "Included among its purposes is facilitation of the formation of performance partnerships:  <http:\/\/stratml.prg\/stratml\/index.htm#DefinitionPurposes>",
        "ts": "1455378695.000539"
    },
    {
        "type": "message",
        "user": "U048X85UT",
        "text": "Freetrust  overview in stratxml  <http:\/\/xml.fido.gov\/stratml\/carmel\/iso\/FTO.xml> Formatted  <http:\/\/xml.fido.gov\/stratml\/carmel\/iso\/FTOwStyle.xml>",
        "ts": "1455378748.000540"
    },
    {
        "type": "message",
        "user": "U0J9CQF9S",
        "text": "I'm not sure what your saying Jim. I'm reading the information in the last link that you sent me. This text is heavy",
        "ts": "1455380684.000541"
    },
    {
        "type": "message",
        "user": "U048X85UT",
        "text": "That's an example of StratML formatted for reading that happens to  be about <#C04BLQ4CX>, my passion.  The idea of StratML is formalizing problem definitions and solutions to facilitate innovation and reduction of the duplication of effort.",
        "ts": "1455386330.000542"
    },
    {
        "type": "message",
        "user": "U0J9CQF9S",
        "text": "Jaxx was just released today. <http:\/\/jaxx.io\/>",
        "ts": "1455422679.000543"
    }
]