[
    {
        "user": "U0HJVMNMR",
        "type": "message",
        "subtype": "channel_join",
        "text": "<@U0HJVMNMR|gordob> has joined the channel",
        "ts": "1451761124.000450"
    },
    {
        "type": "message",
        "user": "U049CMCCZ",
        "text": "Happy New Year :saxophone::sparkles:",
        "ts": "1451807638.000451",
        "reactions": [
            {
                "name": "beers",
                "users": [
                    "U04BQ4FMC"
                ],
                "count": 1
            }
        ]
    }
]