[
    {
        "type": "message",
        "user": "U0DKBHZN1",
        "text": "Vitalik Buterin: <https:\/\/blog.ethereum.org\/2016\/01\/15\/privacy-on-the-blockchain\/>",
        "attachments": [
            {
                "service_name": "Ethereum Blog",
                "title": "Privacy on the Blockchain - Ethereum Blog",
                "title_link": "https:\/\/blog.ethereum.org\/2016\/01\/15\/privacy-on-the-blockchain\/",
                "text": "Blockchains are a powerful technology, as regular readers of the blog already likely agree. They allow for a large number of interactions to be codified and carried out in a way that greatly increases reliability, removes business and political risks associated with the process being managed by a central entity, and reduces the need for \u2026",
                "fallback": "Ethereum Blog: Privacy on the Blockchain - Ethereum Blog",
                "image_url": "https:\/\/blog.ethereum.org\/wp-content\/uploads\/2016\/01\/drawing-2.png",
                "ts": 1452850139,
                "from_url": "https:\/\/blog.ethereum.org\/2016\/01\/15\/privacy-on-the-blockchain\/",
                "image_width": 129,
                "image_height": 250,
                "image_bytes": 11860,
                "id": 1
            }
        ],
        "ts": "1453029738.000611",
        "reactions": [
            {
                "name": "+1",
                "users": [
                    "U048X85UT"
                ],
                "count": 1
            }
        ]
    },
    {
        "type": "message",
        "user": "U0FESR742",
        "text": "<@U048X85UT>: that sounds like a really exciting opportunity. What would be the requirements for a reviewer or collaborator?",
        "ts": "1453062507.000613"
    }
]