[
    {
        "user": "U0L5RDT7F",
        "type": "message",
        "subtype": "channel_join",
        "text": "<@U0L5RDT7F|blue> has joined the channel",
        "ts": "1454496809.000230"
    },
    {
        "type": "message",
        "user": "U0L5RDT7F",
        "text": "Good day everybody! The Synereo project is super awesome and very needed. I am not a veteran developer and still learning but very interested in this. If there is anything I could do to help out it would be great.",
        "ts": "1454497337.000231"
    },
    {
        "type": "message",
        "user": "U04BQ4FMC",
        "text": "Hi <@U0L5RDT7F> !  Where are you, and what are your talents?  How did you hear of Synereo?",
        "ts": "1454502109.000232"
    },
    {
        "type": "message",
        "user": "U0J9CQF9S",
        "text": "Just finished cleaning up my entire music collection in itunes. I uploaded to airbridge if anyone wants free music for long programming sessions shoot me a message and ill give you the link.",
        "ts": "1454505805.000233"
    },
    {
        "type": "message",
        "user": "U048T3M8W",
        "text": "<@U0J9CQF9S>: Yes that link interests me a lot :simple_smile:",
        "ts": "1454505879.000234"
    },
    {
        "type": "message",
        "user": "U0J9CQF9S",
        "text": "got you",
        "ts": "1454505907.000235",
        "reactions": [
            {
                "name": "sunglasses",
                "users": [
                    "U048T3M8W"
                ],
                "count": 1
            }
        ]
    },
    {
        "type": "message",
        "user": "U0474E4KZ",
        "text": "The entrepreneurial program I'm in (<http:\/\/www.eisp.org.il\/en\/home>) started yesterday and I'm here again today for the entire day.",
        "attachments": [
            {
                "service_name": "EISP",
                "title": "8200 EISP - Home",
                "title_link": "http:\/\/www.eisp.org.il\/en\/home",
                "text": "Our Vision: Harnessing the network of 8200 alumni, in order to promote early stage entrepreneurs and star-ups from all industries. This is our way, as alumni of 8200, to give back to the community.",
                "fallback": "EISP: 8200 EISP - Home",
                "image_url": "http:\/\/www.eisp.org.il\/f-users\/user_102660\/website_102969\/common\/logo_330x100.jpg",
                "from_url": "http:\/\/www.eisp.org.il\/en\/home",
                "image_width": 330,
                "image_height": 100,
                "image_bytes": 11995,
                "id": 1
            }
        ],
        "ts": "1454507467.000236"
    },
    {
        "type": "message",
        "user": "U0474E4KZ",
        "text": "I'm not sure I'll be back in time for the hangout.",
        "ts": "1454507474.000238"
    },
    {
        "type": "message",
        "subtype": "file_share",
        "text": "<@U0474E4KZ|dor> uploaded a file: <https:\/\/synereonet.slack.com\/files\/dor\/F0L66PFAM\/pasted_image_at_2016_02_03_03_55_pm.png|Pasted image at 2016-02-03, 3:55 PM> and commented: <@U0474AYFT>: we're getting some free cloud services. Can migrate to this Amazon account, perhaps.",
        "file": {
            "id": "F0L66PFAM",
            "created": 1454507856,
            "timestamp": 1454507856,
            "name": "Pasted image at 2016_02_03 03_55 PM.png",
            "title": "Pasted image at 2016-02-03, 3:55 PM",
            "mimetype": "image\/png",
            "filetype": "png",
            "pretty_type": "PNG",
            "user": "U0474E4KZ",
            "editable": false,
            "size": 331790,
            "mode": "hosted",
            "is_external": false,
            "external_type": "",
            "is_public": true,
            "public_url_shared": false,
            "display_as_bot": false,
            "username": "",
            "url_private": "https:\/\/files.slack.com\/files-pri\/T0474AT8K-F0L66PFAM\/pasted_image_at_2016_02_03_03_55_pm.png?t=xoxe-4242367291-28095460608-28095460624-739c22ae7e",
            "url_private_download": "https:\/\/files.slack.com\/files-pri\/T0474AT8K-F0L66PFAM\/download\/pasted_image_at_2016_02_03_03_55_pm.png?t=xoxe-4242367291-28095460608-28095460624-739c22ae7e",
            "thumb_64": "https:\/\/files.slack.com\/files-tmb\/T0474AT8K-F0L66PFAM-ae2b5eeaa8\/pasted_image_at_2016_02_03_03_55_pm_64.png?t=xoxe-4242367291-28095460608-28095460624-739c22ae7e",
            "thumb_80": "https:\/\/files.slack.com\/files-tmb\/T0474AT8K-F0L66PFAM-ae2b5eeaa8\/pasted_image_at_2016_02_03_03_55_pm_80.png?t=xoxe-4242367291-28095460608-28095460624-739c22ae7e",
            "thumb_360": "https:\/\/files.slack.com\/files-tmb\/T0474AT8K-F0L66PFAM-ae2b5eeaa8\/pasted_image_at_2016_02_03_03_55_pm_360.png?t=xoxe-4242367291-28095460608-28095460624-739c22ae7e",
            "thumb_360_w": 252,
            "thumb_360_h": 360,
            "thumb_480": "https:\/\/files.slack.com\/files-tmb\/T0474AT8K-F0L66PFAM-ae2b5eeaa8\/pasted_image_at_2016_02_03_03_55_pm_480.png?t=xoxe-4242367291-28095460608-28095460624-739c22ae7e",
            "thumb_480_w": 336,
            "thumb_480_h": 480,
            "thumb_160": "https:\/\/files.slack.com\/files-tmb\/T0474AT8K-F0L66PFAM-ae2b5eeaa8\/pasted_image_at_2016_02_03_03_55_pm_160.png?t=xoxe-4242367291-28095460608-28095460624-739c22ae7e",
            "thumb_720": "https:\/\/files.slack.com\/files-tmb\/T0474AT8K-F0L66PFAM-ae2b5eeaa8\/pasted_image_at_2016_02_03_03_55_pm_720.png?t=xoxe-4242367291-28095460608-28095460624-739c22ae7e",
            "thumb_720_w": 504,
            "thumb_720_h": 720,
            "image_exif_rotation": 1,
            "original_w": 667,
            "original_h": 953,
            "permalink": "https:\/\/synereonet.slack.com\/files\/dor\/F0L66PFAM\/pasted_image_at_2016_02_03_03_55_pm.png",
            "permalink_public": "https:\/\/slack-files.com\/T0474AT8K-F0L66PFAM-d9bc27c86b",
            "channels": [
                "C0474AT8X"
            ],
            "groups": [
    
            ],
            "ims": [
    
            ],
            "comments_count": 1,
            "initial_comment": {
                "id": "Fc0L616JJG",
                "created": 1454507856,
                "timestamp": 1454507856,
                "user": "U0474E4KZ",
                "comment": "<@U0474AYFT>: we're getting some free cloud services. Can migrate to this Amazon account, perhaps."
            }
        },
        "user": "U0474E4KZ",
        "upload": true,
        "display_as_bot": false,
        "username": "<@U0474E4KZ|dor>",
        "bot_id": null,
        "ts": "1454507858.000239"
    },
    {
        "type": "message",
        "subtype": "file_share",
        "text": "<@U0474E4KZ|dor> uploaded a file: <https:\/\/synereonet.slack.com\/files\/dor\/F0L6KNEG2\/img-20160203-wa0000.jpg|EISP>",
        "file": {
            "id": "F0L6KNEG2",
            "created": 1454514850,
            "timestamp": 1454514850,
            "name": "IMG-20160203-WA0000.jpg",
            "title": "EISP",
            "mimetype": "image\/jpeg",
            "filetype": "jpg",
            "pretty_type": "JPEG",
            "user": "U0474E4KZ",
            "editable": false,
            "size": 134284,
            "mode": "hosted",
            "is_external": false,
            "external_type": "",
            "is_public": true,
            "public_url_shared": false,
            "display_as_bot": false,
            "username": "",
            "url_private": "https:\/\/files.slack.com\/files-pri\/T0474AT8K-F0L6KNEG2\/img-20160203-wa0000.jpg?t=xoxe-4242367291-28095460608-28095460624-739c22ae7e",
            "url_private_download": "https:\/\/files.slack.com\/files-pri\/T0474AT8K-F0L6KNEG2\/download\/img-20160203-wa0000.jpg?t=xoxe-4242367291-28095460608-28095460624-739c22ae7e",
            "thumb_64": "https:\/\/files.slack.com\/files-tmb\/T0474AT8K-F0L6KNEG2-40baefb71a\/img-20160203-wa0000_64.jpg?t=xoxe-4242367291-28095460608-28095460624-739c22ae7e",
            "thumb_80": "https:\/\/files.slack.com\/files-tmb\/T0474AT8K-F0L6KNEG2-40baefb71a\/img-20160203-wa0000_80.jpg?t=xoxe-4242367291-28095460608-28095460624-739c22ae7e",
            "thumb_360": "https:\/\/files.slack.com\/files-tmb\/T0474AT8K-F0L6KNEG2-40baefb71a\/img-20160203-wa0000_360.jpg?t=xoxe-4242367291-28095460608-28095460624-739c22ae7e",
            "thumb_360_w": 360,
            "thumb_360_h": 203,
            "thumb_480": "https:\/\/files.slack.com\/files-tmb\/T0474AT8K-F0L6KNEG2-40baefb71a\/img-20160203-wa0000_480.jpg?t=xoxe-4242367291-28095460608-28095460624-739c22ae7e",
            "thumb_480_w": 480,
            "thumb_480_h": 270,
            "thumb_160": "https:\/\/files.slack.com\/files-tmb\/T0474AT8K-F0L6KNEG2-40baefb71a\/img-20160203-wa0000_160.jpg?t=xoxe-4242367291-28095460608-28095460624-739c22ae7e",
            "thumb_720": "https:\/\/files.slack.com\/files-tmb\/T0474AT8K-F0L6KNEG2-40baefb71a\/img-20160203-wa0000_720.jpg?t=xoxe-4242367291-28095460608-28095460624-739c22ae7e",
            "thumb_720_w": 720,
            "thumb_720_h": 405,
            "thumb_960": "https:\/\/files.slack.com\/files-tmb\/T0474AT8K-F0L6KNEG2-40baefb71a\/img-20160203-wa0000_960.jpg?t=xoxe-4242367291-28095460608-28095460624-739c22ae7e",
            "thumb_960_w": 960,
            "thumb_960_h": 540,
            "thumb_1024": "https:\/\/files.slack.com\/files-tmb\/T0474AT8K-F0L6KNEG2-40baefb71a\/img-20160203-wa0000_1024.jpg?t=xoxe-4242367291-28095460608-28095460624-739c22ae7e",
            "thumb_1024_w": 1024,
            "thumb_1024_h": 576,
            "image_exif_rotation": 1,
            "original_w": 1328,
            "original_h": 747,
            "permalink": "https:\/\/synereonet.slack.com\/files\/dor\/F0L6KNEG2\/img-20160203-wa0000.jpg",
            "permalink_public": "https:\/\/slack-files.com\/T0474AT8K-F0L6KNEG2-0c3ef2eca2",
            "channels": [
                "C0474AT8X"
            ],
            "groups": [
    
            ],
            "ims": [
    
            ],
            "comments_count": 0
        },
        "user": "U0474E4KZ",
        "upload": true,
        "display_as_bot": false,
        "username": "<@U0474E4KZ|dor>",
        "bot_id": null,
        "ts": "1454514857.000240"
    },
    {
        "type": "message",
        "user": "U0L5RDT7F",
        "text": "<@U04BQ4FMC> I'm based in Germany at the moment and used to work in film production. But I am switching careers now and am studying computer science at the university. I've always dabbled in prgramming and can more or less code in C#, Objective C and Python. Right now I am learning about Scala because it seems to be pretty cool. For a couple of years I've been following the crypto scene and Synereo is one of the most exciting projects imo...",
        "ts": "1454515140.000241",
        "reactions": [
            {
                "name": "+1",
                "users": [
                    "U04GDL62L"
                ],
                "count": 1
            }
        ]
    },
    {
        "type": "message",
        "user": "U04BQ4FMC",
        "text": "Awesome, and Welcome!  Hope you can join us on the hangout in 3 hours.  The link will be posted here just before that time.  <@U0L5RDT7F>",
        "ts": "1454515738.000242"
    },
    {
        "type": "message",
        "user": "U0L5RDT7F",
        "text": "ok cool I'll keep my eyes open",
        "ts": "1454515988.000243"
    },
    {
        "type": "message",
        "user": "U0474AYFT",
        "text": "Today's Synereo Community Hangout participants' link: <https:\/\/plus.google.com\/hangouts\/_\/hoaevent\/AP36tYcQXMUKUVTyD80qdipf8lYhi7ytYBYDY-lmfOn9vMikMz_v-w?eid=109002904706315055045&amp;hl=en&amp;authuser=1>",
        "ts": "1454525547.000244"
    },
    {
        "type": "message",
        "user": "U0L5RDT7F",
        "text": "too bad I gotta go now, but I will join next time and be on slack tmrw",
        "ts": "1454526334.000245"
    },
    {
        "type": "message",
        "user": "U0J9CQF9S",
        "text": "We will be here. Might be trying to setup hangouts on jitsi later on in the week too. to get more information circulated.",
        "ts": "1454526684.000246"
    },
    {
        "type": "message",
        "user": "U0474E4KZ",
        "text": "All full!",
        "ts": "1454528178.000247"
    },
    {
        "type": "message",
        "subtype": "file_share",
        "text": "<@U0J9CQF9S|shdwdm> uploaded a file: <https:\/\/synereonet.slack.com\/files\/shdwdm\/F0L7CHYP7\/ventrilo-screenshot-01.png|ventrilo-screenshot-01.png> and commented: <https:\/\/en.wikipedia.org\/wiki\/Ventrilo> is a client that allows audio conferences to occur. here is where you download the client. <http:\/\/www.ventrilo.com> If people are interested I can rent a large ventrilo enabling anyone from the slack channel to pop on and discuss ideas. We can schedule\/hold meetings, you can set up private channels etc.",
        "file": {
            "id": "F0L7CHYP7",
            "created": 1454530622,
            "timestamp": 1454530622,
            "name": "ventrilo-screenshot-01.png",
            "title": "ventrilo-screenshot-01.png",
            "mimetype": "image\/png",
            "filetype": "png",
            "pretty_type": "PNG",
            "user": "U0J9CQF9S",
            "editable": false,
            "size": 77188,
            "mode": "hosted",
            "is_external": false,
            "external_type": "",
            "is_public": true,
            "public_url_shared": false,
            "display_as_bot": false,
            "username": "",
            "url_private": "https:\/\/files.slack.com\/files-pri\/T0474AT8K-F0L7CHYP7\/ventrilo-screenshot-01.png?t=xoxe-4242367291-28095460608-28095460624-739c22ae7e",
            "url_private_download": "https:\/\/files.slack.com\/files-pri\/T0474AT8K-F0L7CHYP7\/download\/ventrilo-screenshot-01.png?t=xoxe-4242367291-28095460608-28095460624-739c22ae7e",
            "thumb_64": "https:\/\/files.slack.com\/files-tmb\/T0474AT8K-F0L7CHYP7-a69740497f\/ventrilo-screenshot-01_64.png?t=xoxe-4242367291-28095460608-28095460624-739c22ae7e",
            "thumb_80": "https:\/\/files.slack.com\/files-tmb\/T0474AT8K-F0L7CHYP7-a69740497f\/ventrilo-screenshot-01_80.png?t=xoxe-4242367291-28095460608-28095460624-739c22ae7e",
            "thumb_360": "https:\/\/files.slack.com\/files-tmb\/T0474AT8K-F0L7CHYP7-a69740497f\/ventrilo-screenshot-01_360.png?t=xoxe-4242367291-28095460608-28095460624-739c22ae7e",
            "thumb_360_w": 300,
            "thumb_360_h": 360,
            "thumb_480": "https:\/\/files.slack.com\/files-tmb\/T0474AT8K-F0L7CHYP7-a69740497f\/ventrilo-screenshot-01_480.png?t=xoxe-4242367291-28095460608-28095460624-739c22ae7e",
            "thumb_480_w": 400,
            "thumb_480_h": 480,
            "thumb_160": "https:\/\/files.slack.com\/files-tmb\/T0474AT8K-F0L7CHYP7-a69740497f\/ventrilo-screenshot-01_160.png?t=xoxe-4242367291-28095460608-28095460624-739c22ae7e",
            "image_exif_rotation": 1,
            "original_w": 544,
            "original_h": 653,
            "permalink": "https:\/\/synereonet.slack.com\/files\/shdwdm\/F0L7CHYP7\/ventrilo-screenshot-01.png",
            "permalink_public": "https:\/\/slack-files.com\/T0474AT8K-F0L7CHYP7-77b9457c04",
            "channels": [
                "C0474AT8X"
            ],
            "groups": [
    
            ],
            "ims": [
    
            ],
            "comments_count": 1,
            "initial_comment": {
                "id": "Fc0L7GCFN3",
                "created": 1454530622,
                "timestamp": 1454530622,
                "user": "U0J9CQF9S",
                "comment": "<https:\/\/en.wikipedia.org\/wiki\/Ventrilo> is a client that allows audio conferences to occur. here is where you download the client. <http:\/\/www.ventrilo.com> If people are interested I can rent a large ventrilo enabling anyone from the slack channel to pop on and discuss ideas. We can schedule\/hold meetings, you can set up private channels etc."
            }
        },
        "user": "U0J9CQF9S",
        "upload": true,
        "display_as_bot": false,
        "username": "<@U0J9CQF9S|shdwdm>",
        "bot_id": null,
        "ts": "1454530625.000248"
    },
    {
        "type": "message",
        "user": "U0J9CQF9S",
        "text": "they have ventrilo for your phone too sick.",
        "ts": "1454531276.000249"
    },
    {
        "user": "U0L7K8S5R",
        "type": "message",
        "subtype": "channel_join",
        "text": "<@U0L7K8S5R|tangcov> has joined the channel",
        "ts": "1454533974.000250"
    },
    {
        "type": "message",
        "user": "U0J9CQF9S",
        "text": "Host Name:    <http:\/\/fierce.typefrag.com|fierce.typefrag.com>\nPort Number:    5505",
        "ts": "1454534093.000251"
    },
    {
        "type": "message",
        "user": "U0J9CQF9S",
        "text": "Thats the ventrilo server. if you are running ventrilo on a mac let me know i will guide you through the setup process. If anyone has issues setting up ventrilo let me know.",
        "ts": "1454534132.000252"
    },
    {
        "type": "message",
        "user": "U0J9CQF9S",
        "text": "i will provide instructions on how to setup your client when you join the ventrilo server you will be displayed with these instructions in everytime you connect.",
        "ts": "1454536457.000253"
    },
    {
        "user": "U0L7TUQJE",
        "type": "message",
        "subtype": "channel_join",
        "text": "<@U0L7TUQJE|felvis> has joined the channel",
        "ts": "1454537178.000254"
    },
    {
        "type": "message",
        "user": "U09KY5U65",
        "text": "I've never really understood why there is a login with email and password. I always assumed this was like bitcoin\/ethereum where you randomly create a private\/public key pair on your phone and that's your identity that no one else has. You then sign transactions offline and send it to a node\/server to make it live. You encrypt files with ur key and send it to the node\/server for storage and to be shared with people who have an access key.",
        "ts": "1454547379.000255",
        "reactions": [
            {
                "name": "+1",
                "users": [
                    "U0ATPH397"
                ],
                "count": 1
            }
        ]
    },
    {
        "type": "message",
        "user": "U09KY5U65",
        "text": "The email and password makes me think... how could this be secure. This is just a new facebook copycat.",
        "ts": "1454547428.000256"
    },
    {
        "type": "message",
        "user": "U0J9CQF9S",
        "text": "^^Good point. TPP has been signed. We are moving into a new age now! Got to get Synereo in full swing before things start getting nutty.",
        "ts": "1454550248.000257"
    }
]