[
    {
        "type": "message",
        "user": "U048T3M8W",
        "text": "<@U09KY5U65>: I think the place to discuss the AMP value is on <https:\/\/bittrex.com\/Market\/Index?MarketName=BTC-amp> There you can drive the value up or down. Probably the AMP is cheap at the moment :simple_smile: So as an investor it's only a question of right timing.",
        "ts": "1455271984.000510"
    },
    {
        "type": "message",
        "user": "U0J9CQF9S",
        "text": "East coast but it's not a problem ",
        "ts": "1455272437.000511"
    },
    {
        "user": "U0M3HGMUY",
        "type": "message",
        "subtype": "channel_join",
        "text": "<@U0M3HGMUY|darko.kolev> has joined the channel",
        "ts": "1455273529.000512"
    },
    {
        "type": "message",
        "user": "U09KY5U65",
        "text": "AMP can not be considered cheap or expensive right now as there is no price for them. You can't discuss the price of AMPs based on the Bittrex. There are only 7 BTC worth of buy orders and only 263,000 AMPs of sell orders.",
        "ts": "1455310884.000513"
    },
    {
        "type": "message",
        "user": "U09KY5U65",
        "text": "The open source code behind Synereo looks good but Synereo LTD as a whole will probably fail. There will be too much competition around this idea of a decentralized social network.",
        "ts": "1455311121.000514"
    },
    {
        "type": "message",
        "user": "U0DKBHZN1",
        "text": "<@U09KY5U65>:  No one here is discussing AMP's price... You are the only one that keeps bringing it up! People here care more about the future of Synereo than a quick profit.",
        "ts": "1455311140.000515"
    },
    {
        "type": "message",
        "user": "U09KY5U65",
        "text": "It's called coin distribution. It's probably the most important thing.",
        "ts": "1455311150.000516"
    },
    {
        "type": "message",
        "user": "U09KY5U65",
        "text": "I'm taking about coin distribution and the future.",
        "ts": "1455311166.000517"
    },
    {
        "type": "message",
        "user": "U09KY5U65",
        "text": "If anyone is trying to make a quick profit it's Max Keiser and the 4 founders not myself.",
        "ts": "1455311225.000518"
    },
    {
        "type": "message",
        "user": "U0DKBHZN1",
        "text": "If you are so pessimistic about the project, why are you still here?",
        "ts": "1455311252.000519"
    },
    {
        "type": "message",
        "user": "U09KY5U65",
        "text": "I'm trying to help out so that there actually is a decentralized social network one day",
        "ts": "1455311281.000520"
    },
    {
        "type": "message",
        "user": "U09KY5U65",
        "text": "Coin distribution is a huge issue when thinking about user adoption. You can build whatever you want but without users you don't have a social network.",
        "ts": "1455311538.000521"
    },
    {
        "type": "message",
        "user": "U09KY5U65",
        "text": "If people feel they \"missed out\" and early adopters rule the network of REO and AMPs you open up the possibility of a very similar network attracting users and those users being like Synereo is a joke network run by early adopters and founders.",
        "ts": "1455311841.000522"
    },
    {
        "type": "message",
        "user": "U0J9CQF9S",
        "text": " Coin distribution is the most pressing issue for you not the devs or founders. I haven't heard anyone say synereo is a joke since I started sharing it with friends a year ago. If your concerned about acquiring more amps fill bounties. No one is going to miss out. It's impossible firstly to reach  everyone, second we have a equity sale and 2 coin sales happening in the next two years..plus you earn amps by being on the network. The reo will always balance people trying to game the system. So even if there was some illuminati conspiracy it wouldn't work in the end. The system is built for balance and stability. That's the selling point, not quick profit. ",
        "edited": {
            "user": "U0J9CQF9S",
            "ts": "1455314055.000000"
        },
        "ts": "1455314019.000523",
        "reactions": [
            {
                "name": "white_check_mark",
                "users": [
                    "U0DKBHZN1"
                ],
                "count": 1
            },
            {
                "name": "+1",
                "users": [
                    "U048T3M8W",
                    "U06MNSRTK",
                    "U0474E4KZ"
                ],
                "count": 3
            }
        ]
    },
    {
        "type": "message",
        "user": "U0FESR742",
        "text": "<@U04QHTTJU>: sounds amazing, I'd love to get to know you guys",
        "ts": "1455320702.000525"
    },
    {
        "type": "message",
        "user": "U09KY5U65",
        "text": "When I first heard about Synereo over a year ago it was a great innovative idea. Now it's becoming a pretty common idea. I find out Synereo will just be an Ethereum DApp with the open source special k code added in for large data sharing. This idea is now pretty obvious to everyone developing stuff in this space. Many p2p crypto data sharing platforms are being developed now.",
        "ts": "1455342444.000526"
    },
    {
        "type": "message",
        "user": "U09KY5U65",
        "text": "The DAO is similar to the blockchain in that it changes everything.  The older systems are so much worse.",
        "ts": "1455342544.000527"
    },
    {
        "type": "message",
        "user": "U09KY5U65",
        "text": "I think it will be impossible for a company to compete against a DAO.",
        "ts": "1455342634.000528"
    }
]