[
    {
        "type": "message",
        "user": "U0474E4KZ",
        "text": "New blog post live: <http:\/\/blog.synereo.com\/2016\/01\/04\/Synereo-Update\/>",
        "attachments": [
            {
                "text": "Update Summary",
                "fallback": "Update Summary",
                "from_url": "http:\/\/blog.synereo.com\/2016\/01\/04\/Synereo-Update-23---%20layout:%20post%20status:%20publish%20published:%20true%20title:%20Scribe%20Notes%20For%20Synereo%20Weekly%20Update%20date:%20'2015-12-21%2008:00:00%20+0200'%20---.12-Scribed\/",
                "id": 1
            }
        ],
        "edited": {
            "user": "U0474E4KZ",
            "ts": "1451918086.000000"
        },
        "ts": "1451917943.000453"
    },
    {
        "type": "message",
        "user": "U0474E4KZ",
        "text": "Happy new year, everyone. :simple_smile:",
        "ts": "1451918120.000456"
    },
    {
        "type": "message",
        "user": "U0474E4KZ",
        "text": "Does anyone know how to approach George Torwell? (Previously of Rap News\/Juice Media)\n<https:\/\/www.youtube.com\/watch?v=c4EEa0HAqzQ>",
        "attachments": [
            {
                "service_name": "YouTube",
                "service_url": "https:\/\/www.youtube.com\/",
                "title": "A message from George Orwell to everyone on the Internet",
                "title_link": "https:\/\/www.youtube.com\/watch?v=c4EEa0HAqzQ",
                "author_name": "thejuicemedia",
                "author_link": "https:\/\/www.youtube.com\/user\/thejuicemedia",
                "thumb_url": "https:\/\/i.ytimg.com\/vi\/c4EEa0HAqzQ\/hqdefault.jpg",
                "thumb_width": 480,
                "thumb_height": 360,
                "fallback": "YouTube Video: A message from George Orwell to everyone on the Internet",
                "video_html": "<iframe width=\"400\" height=\"225\" src=\"https:\/\/www.youtube.com\/embed\/c4EEa0HAqzQ?feature=oembed&autoplay=1\" frameborder=\"0\" allowfullscreen><\/iframe>",
                "video_html_width": 400,
                "video_html_height": 225,
                "from_url": "https:\/\/www.youtube.com\/watch?v=c4EEa0HAqzQ",
                "id": 1
            }
        ],
        "ts": "1451921469.000457",
        "reactions": [
            {
                "name": "+1",
                "users": [
                    "U04BQ4FMC",
                    "U04GDL62L"
                ],
                "count": 2
            }
        ]
    },
    {
        "type": "message",
        "user": "U0474E4KZ",
        "text": "<@U0GD31QBA>",
        "edited": {
            "user": "U0474E4KZ",
            "ts": "1451921478.000000"
        },
        "ts": "1451921474.000459"
    },
    {
        "type": "message",
        "user": "U0474E4KZ",
        "text": "Guys, it would be good to increase our presence in BTT. It's in many ways the golden standard for the aliveness of a project, and lately discussion there is wearing thin.",
        "ts": "1451933865.000461"
    },
    {
        "type": "message",
        "user": "U0474E4KZ",
        "text": "If ya'll can make a post now and ask for update notifications, we can beef up our presence there. <https:\/\/bitcointalk.org\/index.php?topic=995987.520>",
        "attachments": [
            {
                "text": "[ANN] AMP - The Currency That Powers Your Attention On Synereo",
                "fallback": "[ANN] AMP - The Currency That Powers Your Attention On Synereo",
                "from_url": "https:\/\/bitcointalk.org\/index.php?topic=995987.520",
                "id": 1
            }
        ],
        "ts": "1451933911.000462"
    },
    {
        "type": "message",
        "user": "U04BQ4FMC",
        "text": "BTT?",
        "ts": "1451933927.000464"
    },
    {
        "type": "message",
        "user": "U0DKBHZN1",
        "text": "<http:\/\/Bitcointalk.org|Bitcointalk.org>",
        "ts": "1451933979.000465",
        "reactions": [
            {
                "name": "white_check_mark",
                "users": [
                    "U04BQ4FMC"
                ],
                "count": 1
            }
        ]
    }
]