[
    {
        "type": "message",
        "user": "U0DKBHZN1",
        "text": "Some more news... Never keep coins in exchanges. <http:\/\/blog.cryptsy.com\/>",
        "attachments": [
            {
                "title": "Cryptsy Blog",
                "title_link": "http:\/\/blog.cryptsy.com\/",
                "text": "What's Happening at Cryptsy?",
                "fallback": "Cryptsy Blog",
                "thumb_url": "http:\/\/31.media.tumblr.com\/avatar_8740dedf9e5a_128.png",
                "from_url": "http:\/\/blog.cryptsy.com\/",
                "thumb_width": 128,
                "thumb_height": 128,
                "id": 1
            }
        ],
        "ts": "1452855320.000594"
    },
    {
        "type": "message",
        "user": "U0DKBHZN1",
        "text": "We need decentralised exchange app",
        "ts": "1452857525.000596"
    },
    {
        "type": "message",
        "user": "U0474E4KZ",
        "text": "<https:\/\/www.facebook.com\/synereo\/posts\/953021384733551>",
        "attachments": [
            {
                "text": "Putting the current block-size debate aside; does Bitcoin really have a chance when its protocol\u2019s code gatekeepers are three people who happened to be...",
                "fallback": "Putting the current block-size debate aside; does Bitcoin really have a chance when its protocol\u2019s code gatekeepers are three people who happened to be...",
                "from_url": "https:\/\/www.facebook.com\/synereo\/posts\/953021384733551",
                "id": 1
            }
        ],
        "ts": "1452898269.000597"
    },
    {
        "type": "message",
        "user": "U04BQ4FMC",
        "text": "<@U0474E4KZ>",
        "ts": "1452898533.000599"
    },
    {
        "type": "message",
        "user": "U04BQ4FMC",
        "text": "- you want that on G+ too?",
        "ts": "1452898542.000600"
    },
    {
        "type": "message",
        "user": "U0474E4KZ",
        "text": "Sure.",
        "ts": "1452898975.000601"
    },
    {
        "type": "message",
        "user": "U0FESR742",
        "text": "Yeah I think its great idea to keep conversations going!",
        "ts": "1452907927.000602"
    }
]