[
    {
        "type": "message",
        "subtype": "file_share",
        "text": "<@U0PCK9TKL|dj.ruesue> uploaded a file: <https:\/\/synereonet.slack.com\/files\/dj.ruesue\/F0PS0JX24\/-.txt|Untitled>",
        "file": {
            "id": "F0PS0JX24",
            "created": 1456908594,
            "timestamp": 1456908594,
            "name": "-.txt",
            "title": "Untitled",
            "mimetype": "text\/plain",
            "filetype": "text",
            "pretty_type": "Plain Text",
            "user": "U0PCK9TKL",
            "editable": true,
            "size": 169,
            "mode": "snippet",
            "is_external": false,
            "external_type": "",
            "is_public": true,
            "public_url_shared": false,
            "display_as_bot": false,
            "username": "",
            "url_private": "https:\/\/files.slack.com\/files-pri\/T0474AT8K-F0PS0JX24\/-.txt?t=xoxe-4242367291-28095460608-28095460624-739c22ae7e",
            "url_private_download": "https:\/\/files.slack.com\/files-pri\/T0474AT8K-F0PS0JX24\/download\/-.txt?t=xoxe-4242367291-28095460608-28095460624-739c22ae7e",
            "permalink": "https:\/\/synereonet.slack.com\/files\/dj.ruesue\/F0PS0JX24\/-.txt",
            "permalink_public": "https:\/\/slack-files.com\/T0474AT8K-F0PS0JX24-900886a76a",
            "edit_link": "https:\/\/synereonet.slack.com\/files\/dj.ruesue\/F0PS0JX24\/-.txt\/edit",
            "preview": "The Synereo Media facebook page is private until further notice. all information I record will be routed to here: https:\/\/www.facebook.com\/profile.php?id=100011491293383",
            "preview_highlight": "<div class=\"CodeMirror cm-s-default CodeMirrorServer\">\n<div class=\"CodeMirror-code\">\n<div><pre>The Synereo Media facebook page is private until further notice. all information I record will be routed to here: https:\/\/www.facebook.com\/profile.php?id=100011491293383<\/pre><\/div>\n<\/div>\n<\/div>\n",
            "lines": 1,
            "lines_more": 0,
            "channels": [
                "C0474AT8X"
            ],
            "groups": [
    
            ],
            "ims": [
    
            ],
            "comments_count": 0
        },
        "user": "U0PCK9TKL",
        "upload": true,
        "display_as_bot": false,
        "username": "<@U0PCK9TKL|dj.ruesue>",
        "bot_id": null,
        "ts": "1456908594.000437"
    },
    {
        "type": "message",
        "user": "U0PCK9TKL",
        "text": "that is my personal facebook account. I will make that account \u201cfriends\u201d only until further permission is granted for the channel to be \u201cpublic\u201d.",
        "ts": "1456908685.000438"
    },
    {
        "type": "message",
        "user": "U0474E4KZ",
        "text": "$7500 AMP trade volume today.",
        "ts": "1456911708.000439"
    },
    {
        "type": "message",
        "user": "U0474E4KZ",
        "text": "Updated investor deck here: <https:\/\/www.dropbox.com\/s\/r5gxbqhhev4fyui\/Synereo%20Investor%20Deck.pdf?dl=1>",
        "ts": "1456912084.000440",
        "reactions": [
            {
                "name": "heart_eyes",
                "users": [
                    "U04BQ4FMC",
                    "U0PCK9TKL"
                ],
                "count": 2
            }
        ]
    },
    {
        "type": "message",
        "subtype": "file_share",
        "text": "<@U0474E4KZ|dor> shared a file: <https:\/\/synereonet.slack.com\/files\/dor\/F0PS55SRJ\/synereo_investor_deck.pdf|Synereo Investor Deck.pdf>",
        "file": {
            "id": "F0PS55SRJ",
            "created": 1456912086,
            "timestamp": 1456912086,
            "name": "Synereo Investor Deck.pdf",
            "title": "Synereo Investor Deck.pdf",
            "mimetype": "application\/pdf",
            "filetype": "pdf",
            "pretty_type": "PDF",
            "user": "U0474E4KZ",
            "editable": false,
            "size": 15096778,
            "mode": "external",
            "is_external": true,
            "external_type": "dropbox",
            "is_public": true,
            "public_url_shared": false,
            "display_as_bot": false,
            "username": "",
            "url_private": "https:\/\/www.dropbox.com\/s\/r5gxbqhhev4fyui\/Synereo%20Investor%20Deck.pdf?dl=0",
            "permalink": "https:\/\/synereonet.slack.com\/files\/dor\/F0PS55SRJ\/synereo_investor_deck.pdf",
            "channels": [
                "C0474AT8X"
            ],
            "groups": [
    
            ],
            "ims": [
    
            ],
            "comments_count": 1,
            "reactions": [
                {
                    "name": "+1",
                    "users": [
                        "U049CMCCZ",
                        "U04BQ4FMC"
                    ],
                    "count": 2
                },
                {
                    "name": "clap",
                    "users": [
                        "U04BQ4FMC"
                    ],
                    "count": 1
                }
            ]
        },
        "user": "U0474E4KZ",
        "upload": false,
        "display_as_bot": false,
        "username": "<@U0474E4KZ|dor>",
        "bot_id": null,
        "ts": "1456912087.000441"
    },
    {
        "type": "message",
        "user": "U0474E4KZ",
        "text": "When it doubt, use this link to find the latest version.",
        "edited": {
            "user": "U0474E4KZ",
            "ts": "1456912103.000000"
        },
        "ts": "1456912093.000442"
    },
    {
        "type": "message",
        "user": "U04BQ4FMC",
        "text": "will you announce the date for BTTF today?  <@U0474E4KZ>",
        "ts": "1456921487.000444"
    },
    {
        "type": "message",
        "user": "U04BQ4FMC",
        "text": "or is that still TBD?  (waiting for BEta rollout..)",
        "ts": "1456922547.000445"
    },
    {
        "type": "message",
        "user": "U049CMCCZ",
        "text": "<@U0474E4KZ> great presentation!",
        "ts": "1456925569.000447"
    },
    {
        "type": "message",
        "user": "U049CMCCZ",
        "text": "<@U0474E4KZ> on page 17 change \"..a portion its bank of..\" to \"..a portion of its bank of..\"",
        "ts": "1456926157.000448",
        "reactions": [
            {
                "name": "white_check_mark",
                "users": [
                    "U04BQ4FMC",
                    "U0474E4KZ"
                ],
                "count": 2
            }
        ]
    },
    {
        "type": "message",
        "user": "U049CMCCZ",
        "text": "Where is Synereo supposed to run? On a blockchain or servers? I might have missed that info somewhere, apologize..",
        "edited": {
            "user": "U049CMCCZ",
            "ts": "1456926981.000000"
        },
        "ts": "1456926485.000449"
    },
    {
        "type": "message",
        "user": "U04BQ4FMC",
        "text": "I think it works to think of it running on both.  Not everything needs to go through the blockchain, so doing so would waste valuable space.  For now, there are some status quo bottlenecks like everyone on the internet has, but the end-run is to move toward mesh-network based distribution of transmission tasks, eliminating those last blocks.",
        "ts": "1456929569.000454"
    },
    {
        "type": "message",
        "user": "U049CMCCZ",
        "text": "so, let's say that e.g. the Synereo social app will be a huge success ( which it will be ofc :wink: ), will all the data be stored on all our computers?",
        "ts": "1456930718.000455"
    },
    {
        "type": "message",
        "user": "U04BQ4FMC",
        "text": "I have close to zero confidence that I can answer that question adequately.\nFirst, you need to narrow what you mean by \"data\"; which data?  Then you can get into 'where' (how) it is stored.  I think it's better to imagine it stored in the _connections_ between events.  The parts that are in the blockchain function like the currency transactions: you effectively set up keys for send\/receive functions, so only those already approved (including simple \"friend\" relationships) to receive some data based on how the sender tags it upon sending.  This could also be as large as a topic group, with public access - so it does not seem like those posts need to be encrypted.  I'm not clear on many of these details, and I'll post your question to the Q&amp;A in today's hangout, Henri.",
        "ts": "1456932040.000456"
    },
    {
        "type": "message",
        "user": "U049CMCCZ",
        "text": "By data I mean data to run the program\/app from my computer, and that may also include a sort of built-in database of the stuff I contribute to the network and the stuff I receive from interacting with others..",
        "ts": "1456932229.000457"
    },
    {
        "type": "message",
        "user": "U04BQ4FMC",
        "text": "This has been covered before, but likely in small bites, and in different places.  It's just my memory that is incomplete.  It will be good for Greg to go over this again!",
        "ts": "1456932293.000458"
    },
    {
        "type": "message",
        "user": "U049CMCCZ",
        "text": "good :thumbsup:",
        "ts": "1456932311.000459"
    },
    {
        "type": "message",
        "user": "U04BQ4FMC",
        "text": "I think there is some relevance to whether you have a Node stood up or not.  There should be some regional sharing and redundancy of data between nodes across the network.",
        "ts": "1456932412.000460"
    },
    {
        "type": "message",
        "user": "U049CMCCZ",
        "text": "aha yes",
        "ts": "1456932426.000461"
    },
    {
        "type": "message",
        "user": "U04BQ4FMC",
        "text": "It's not necessary for *every* node in the network to work on, and\/or store data, in fact, reducing that need is one way to get the blockchain to the scales we need it to be at.  This might be thought of as what sharding looks like from the user's POV.",
        "ts": "1456932634.000462"
    },
    {
        "type": "message",
        "subtype": "file_comment",
        "text": "<@U04BQ4FMC|malthusjohn> commented on <@U0474E4KZ|dor>'s file <https:\/\/synereonet.slack.com\/files\/dor\/F0PS55SRJ\/synereo_investor_deck.pdf|Synereo Investor Deck.pdf>: Some of these pages could be stand-alone posts.  Can you convert a copy to PPT in our GoogleDocs folder?  <@U0474E4KZ>",
        "file": {
            "id": "F0PS55SRJ",
            "created": 1456912086,
            "timestamp": 1456912086,
            "name": "Synereo Investor Deck.pdf",
            "title": "Synereo Investor Deck.pdf",
            "mimetype": "application\/pdf",
            "filetype": "pdf",
            "pretty_type": "PDF",
            "user": "U0474E4KZ",
            "editable": false,
            "size": 15096778,
            "mode": "external",
            "is_external": true,
            "external_type": "dropbox",
            "is_public": true,
            "public_url_shared": false,
            "display_as_bot": false,
            "username": "",
            "url_private": "https:\/\/www.dropbox.com\/s\/r5gxbqhhev4fyui\/Synereo%20Investor%20Deck.pdf?dl=0",
            "permalink": "https:\/\/synereonet.slack.com\/files\/dor\/F0PS55SRJ\/synereo_investor_deck.pdf",
            "channels": [
                "C0474AT8X"
            ],
            "groups": [
    
            ],
            "ims": [
    
            ],
            "comments_count": 1,
            "reactions": [
                {
                    "name": "+1",
                    "users": [
                        "U049CMCCZ",
                        "U04BQ4FMC"
                    ],
                    "count": 2
                },
                {
                    "name": "clap",
                    "users": [
                        "U04BQ4FMC"
                    ],
                    "count": 1
                }
            ]
        },
        "comment": {
            "id": "Fc0PTYHFMM",
            "created": 1456935185,
            "timestamp": 1456935185,
            "user": "U04BQ4FMC",
            "comment": "Some of these pages could be stand-alone posts.  Can you convert a copy to PPT in our GoogleDocs folder?  <@U0474E4KZ>"
        },
        "ts": "1456935185.000463"
    },
    {
        "type": "message",
        "subtype": "file_share",
        "text": "<@U0PCK9TKL|dj.ruesue> uploaded a file: <https:\/\/synereonet.slack.com\/files\/dj.ruesue\/F0PTW4LSH\/synereo_investor_deck.ppsx|Synereo Investor Deck.ppsx>",
        "file": {
            "id": "F0PTW4LSH",
            "created": 1456935248,
            "timestamp": 1456935248,
            "name": "Synereo Investor Deck.ppsx",
            "title": "Synereo Investor Deck.ppsx",
            "mimetype": "application\/zip",
            "filetype": "zip",
            "pretty_type": "Zip",
            "user": "U0PCK9TKL",
            "editable": false,
            "size": 15160785,
            "mode": "hosted",
            "is_external": false,
            "external_type": "",
            "is_public": true,
            "public_url_shared": false,
            "display_as_bot": false,
            "username": "",
            "url_private": "https:\/\/files.slack.com\/files-pri\/T0474AT8K-F0PTW4LSH\/synereo_investor_deck.ppsx?t=xoxe-4242367291-28095460608-28095460624-739c22ae7e",
            "url_private_download": "https:\/\/files.slack.com\/files-pri\/T0474AT8K-F0PTW4LSH\/download\/synereo_investor_deck.ppsx?t=xoxe-4242367291-28095460608-28095460624-739c22ae7e",
            "permalink": "https:\/\/synereonet.slack.com\/files\/dj.ruesue\/F0PTW4LSH\/synereo_investor_deck.ppsx",
            "permalink_public": "https:\/\/slack-files.com\/T0474AT8K-F0PTW4LSH-e958d61959",
            "channels": [
                "C0474AT8X"
            ],
            "groups": [
    
            ],
            "ims": [
    
            ],
            "comments_count": 0
        },
        "user": "U0PCK9TKL",
        "upload": true,
        "display_as_bot": false,
        "username": "<@U0PCK9TKL|dj.ruesue>",
        "bot_id": null,
        "ts": "1456935252.000464"
    },
    {
        "type": "message",
        "user": "U04BQ4FMC",
        "text": "lol - you rock dude!",
        "ts": "1456935276.000465"
    },
    {
        "type": "message",
        "user": "U0PCK9TKL",
        "text": ":smile:",
        "ts": "1456935288.000466"
    },
    {
        "type": "message",
        "user": "U04BQ4FMC",
        "text": "Is this the new public persona?  The other just faded into the shadows...",
        "ts": "1456935346.000467"
    },
    {
        "type": "message",
        "user": "U0PCK9TKL",
        "text": "new persona. :smile: this is my dj alias irl. you can still contact me through shdwdm for google hangouts or emails.",
        "ts": "1456935384.000468"
    },
    {
        "type": "message",
        "user": "U04BQ4FMC",
        "text": "how do you pronounce it?  Roo Soo?",
        "ts": "1456935408.000469"
    },
    {
        "type": "message",
        "user": "U04BQ4FMC",
        "text": "btw, I still need it to be in the Gdocs folder to access - otherwise, I need Msoft products  <@U0PCK9TKL>",
        "ts": "1456935663.000470"
    },
    {
        "type": "message",
        "user": "U0PCK9TKL",
        "text": "Ru Sue",
        "ts": "1456935678.000471"
    },
    {
        "type": "message",
        "user": "U0474E4KZ",
        "text": "<@U049CMCCZ>: thanks!",
        "ts": "1456937801.000472"
    },
    {
        "type": "message",
        "user": "U0474E4KZ",
        "text": "Link to updated PPTX:",
        "ts": "1456937855.000473"
    },
    {
        "type": "message",
        "subtype": "file_share",
        "text": "<@U0474E4KZ|dor> shared a file: <https:\/\/synereonet.slack.com\/files\/dor\/F0PU5BXK7\/synereo_investor_deck.ppsx|Synereo Investor Deck.ppsx>",
        "file": {
            "id": "F0PU5BXK7",
            "created": 1456937857,
            "timestamp": 1456937857,
            "name": "Synereo Investor Deck.ppsx",
            "title": "Synereo Investor Deck.ppsx",
            "mimetype": "application\/zip",
            "filetype": "zip",
            "pretty_type": "Zip",
            "user": "U0474E4KZ",
            "editable": false,
            "size": 15160785,
            "mode": "external",
            "is_external": true,
            "external_type": "dropbox",
            "is_public": true,
            "public_url_shared": false,
            "display_as_bot": false,
            "username": "",
            "url_private": "https:\/\/www.dropbox.com\/s\/meh231yr8ducf6a\/Synereo%20Investor%20Deck.ppsx?dl=0",
            "permalink": "https:\/\/synereonet.slack.com\/files\/dor\/F0PU5BXK7\/synereo_investor_deck.ppsx",
            "channels": [
                "C0474AT8X"
            ],
            "groups": [
    
            ],
            "ims": [
    
            ],
            "comments_count": 1
        },
        "user": "U0474E4KZ",
        "upload": false,
        "display_as_bot": false,
        "username": "<@U0474E4KZ|dor>",
        "bot_id": null,
        "ts": "1456937858.000475"
    },
    {
        "type": "message",
        "user": "U048T3M8W",
        "text": "market volume is still rising:-o) 10260.7771 USD",
        "ts": "1456939643.000477"
    },
    {
        "type": "message",
        "user": "U0PCK9TKL",
        "text": "Get hype lets keep the momentum up!!",
        "ts": "1456939904.000478"
    },
    {
        "type": "message",
        "user": "U04BQ4FMC",
        "text": "<http:\/\/focusnjoy.com\/wp\/wp-content\/uploads\/2011\/09\/DJ-1024x651.jpg>",
        "attachments": [
            {
                "fallback": "1024x651px image",
                "image_url": "http:\/\/focusnjoy.com\/wp\/wp-content\/uploads\/2011\/09\/DJ-1024x651.jpg",
                "image_width": 1024,
                "image_height": 651,
                "image_bytes": 183746,
                "from_url": "http:\/\/focusnjoy.com\/wp\/wp-content\/uploads\/2011\/09\/DJ-1024x651.jpg",
                "id": 1
            }
        ],
        "ts": "1456939987.000479",
        "reactions": [
            {
                "name": "sunglasses",
                "users": [
                    "U048T3M8W"
                ],
                "count": 1
            },
            {
                "name": "stuck_out_tongue_winking_eye",
                "users": [
                    "U048T3M8W"
                ],
                "count": 1
            },
            {
                "name": "eyes",
                "users": [
                    "U048T3M8W"
                ],
                "count": 1
            }
        ]
    },
    {
        "type": "message",
        "user": "U0PCK9TKL",
        "text": "lol",
        "ts": "1456940044.000481",
        "reactions": [
            {
                "name": "stuck_out_tongue",
                "users": [
                    "U048X85UT"
                ],
                "count": 1
            },
            {
                "name": "+1",
                "users": [
                    "U048T3M8W"
                ],
                "count": 1
            }
        ]
    },
    {
        "type": "message",
        "subtype": "file_comment",
        "text": "<@U048X85UT|jimscarver> commented on <@U0474E4KZ|dor>'s file <https:\/\/synereonet.slack.com\/files\/dor\/F0PU5BXK7\/synereo_investor_deck.ppsx|Synereo Investor Deck.ppsx>: I love it!  It promotes the view of Synereo I have been promoting as a platform. Perhaps it undersells the promise of formally provable synereo communicating process pi-calculus which is the deciding factor for me.  In conjunction with blockchains synereo produces verifiable algorithmically constrained social process behaviors ultimately having proven privacy and security.",
        "file": {
            "id": "F0PU5BXK7",
            "created": 1456937857,
            "timestamp": 1456937857,
            "name": "Synereo Investor Deck.ppsx",
            "title": "Synereo Investor Deck.ppsx",
            "mimetype": "application\/zip",
            "filetype": "zip",
            "pretty_type": "Zip",
            "user": "U0474E4KZ",
            "editable": false,
            "size": 15160785,
            "mode": "external",
            "is_external": true,
            "external_type": "dropbox",
            "is_public": true,
            "public_url_shared": false,
            "display_as_bot": false,
            "username": "",
            "url_private": "https:\/\/www.dropbox.com\/s\/meh231yr8ducf6a\/Synereo%20Investor%20Deck.ppsx?dl=0",
            "permalink": "https:\/\/synereonet.slack.com\/files\/dor\/F0PU5BXK7\/synereo_investor_deck.ppsx",
            "channels": [
                "C0474AT8X"
            ],
            "groups": [
    
            ],
            "ims": [
    
            ],
            "comments_count": 1
        },
        "comment": {
            "id": "Fc0PUETV29",
            "created": 1456940625,
            "timestamp": 1456940625,
            "user": "U048X85UT",
            "comment": "I love it!  It promotes the view of Synereo I have been promoting as a platform. Perhaps it undersells the promise of formally provable synereo communicating process pi-calculus which is the deciding factor for me.  In conjunction with blockchains synereo produces verifiable algorithmically constrained social process behaviors ultimately having proven privacy and security.",
            "reactions": [
                {
                    "name": "smile",
                    "users": [
                        "U0474E4KZ"
                    ],
                    "count": 1
                }
            ]
        },
        "ts": "1456940625.000482"
    },
    {
        "type": "message",
        "user": "U0PCK9TKL",
        "text": "synereo pre meeting. <https:\/\/meet.jit.si\/synereosynpm>",
        "attachments": [
            {
                "title": "Jitsi Meet",
                "title_link": "https:\/\/meet.jit.si\/synereosynpm",
                "text": "Join a WebRTC video conference powered by the Jitsi Videobridge",
                "fallback": "Jitsi Meet",
                "from_url": "https:\/\/meet.jit.si\/synereosynpm",
                "thumb_url": "https:\/\/meet.jit.si\/images\/jitsilogo.png?v=1",
                "thumb_width": 68,
                "thumb_height": 31,
                "id": 1
            }
        ],
        "ts": "1456942445.000483"
    },
    {
        "user": "U0PVCABTJ",
        "type": "message",
        "subtype": "channel_join",
        "text": "<@U0PVCABTJ|imkharn> has joined the channel",
        "ts": "1456949328.000486"
    },
    {
        "type": "message",
        "user": "U0474E4KZ",
        "text": "Fixed deck. Thanks <@U049CMCCZ>!",
        "ts": "1456950143.000487"
    },
    {
        "type": "message",
        "user": "U0474E4KZ",
        "text": "<https:\/\/www.dropbox.com\/s\/r5gxbqhhev4fyui\/Synereo%20Investor%20Deck.pdf?dl=1>",
        "edited": {
            "user": "U0474E4KZ",
            "ts": "1456950146.000000"
        },
        "ts": "1456950144.000488"
    },
    {
        "type": "message",
        "user": "U0PVCABTJ",
        "text": "So the formula that decides if content is displayed to a user. I take it is something like along the lines of:\n\nPositive Influence: Reputation of the sender, similarity of the sender compared to senders that the receiver has previously amplified content from or friended, the chance of the same content showing up on any of the receivers friends feeds weighted by each friends reputation and number of jumps away from the receiver.\n\nNegative Influence: Number of friend jumps away the sender is, reputation of the receiver, amount of content the receiver has received recently compared to the average,  similarity of the sender compared to senders that the receiver has previously blocked",
        "edited": {
            "user": "U0PVCABTJ",
            "ts": "1456950590.000000"
        },
        "ts": "1456950511.000491"
    },
    {
        "type": "message",
        "user": "U0474E4KZ",
        "text": "Similarity isn't something we can measure, as that requires looking into the actual content.",
        "ts": "1456950587.000495"
    },
    {
        "type": "message",
        "user": "U0474E4KZ",
        "text": "We can only measure how socially \"close\" a person is to others on the net and have that influence priority in a user's stream.",
        "ts": "1456950621.000497"
    },
    {
        "type": "message",
        "user": "U0PCK9TKL",
        "text": "<http:\/\/twitch.tv\/dcblockchainsummit|twitch.tv\/dcblockchainsummit>",
        "ts": "1456950635.000498"
    },
    {
        "type": "message",
        "user": "U0PCK9TKL",
        "text": "they said yes to the proposal",
        "ts": "1456950641.000499"
    },
    {
        "type": "message",
        "user": "U0PCK9TKL",
        "text": "their going to give a shout out to synereo for setting this up for free :smile: someone wanted to charge them several thousands of dollars for a service synereo is setting up for free. lolollol",
        "ts": "1456950686.000500",
        "reactions": [
            {
                "name": "clap",
                "users": [
                    "U04BQ4FMC",
                    "U0474E4KZ"
                ],
                "count": 2
            }
        ]
    },
    {
        "type": "message",
        "user": "U09KY5U65",
        "text": "AMP is already a pyramid scheme. The talk about REO on this episode is a bad idea.  Starting REO so early on will turn it into a pyramid scheme as well.",
        "ts": "1456951887.000501"
    },
    {
        "type": "message",
        "user": "U09KY5U65",
        "text": "No one wants to play a game that isn't fair.",
        "ts": "1456951921.000502"
    },
    {
        "type": "message",
        "user": "U09KY5U65",
        "text": "There needs to be a starting line",
        "ts": "1456951937.000503"
    },
    {
        "type": "message",
        "user": "U048T3M8W",
        "text": "We will call different. Because it's a different thing. We just call it \"weight\"",
        "ts": "1456951996.000504"
    },
    {
        "type": "message",
        "user": "U09KY5U65",
        "text": "There needs to be a balance. REO earned while there is less than 10 million users on synereo has to be minimal compared to what can be earned once everyone is using synereo",
        "ts": "1456952027.000505"
    },
    {
        "type": "message",
        "user": "U04BQ4FMC",
        "text": "it may have some factor for number of views, interactions, etc - so that would be a way to scale the REO score",
        "ts": "1456952128.000506"
    },
    {
        "type": "message",
        "user": "U09KY5U65",
        "text": "There is a really bad trend going on lately where everyone wants to join new social networks early on so they quickly build up a reputation. This is because once you have it you are the incumbent.",
        "ts": "1456952137.000507"
    },
    {
        "type": "message",
        "user": "U048X85UT",
        "text": "using bountysource would be a good way get user feedback on capable that are most wanted. e.g. <https:\/\/www.bountysource.com\/teams\/taigaio\/issues>",
        "edited": {
            "user": "U048X85UT",
            "ts": "1456952717.000000"
        },
        "ts": "1456952489.000508"
    },
    {
        "type": "message",
        "user": "U09KY5U65",
        "text": "It's a pretty tough thing to figure out, but you can't have mods who own \"words\", \"topics\", \"search terms\" just because they started them first. Starting them first will give you REO. You then have more REO then the next person trying to be involved in  a topic. This means you gain even more REO as new users claim you are the authority.",
        "ts": "1456952527.000509"
    },
    {
        "type": "message",
        "user": "U09KY5U65",
        "text": "an interesting idea would be that REO gets converted to AMPs automatically at some point. This way everyone loses their REO making a new starting line. Then popularity and knowledge rely on actual content instead of REO.",
        "ts": "1456952936.000511"
    },
    {
        "type": "message",
        "user": "U04BQ4FMC",
        "text": "but I think that these prior networks do not have the same sophistication - so what makes you believe that this problem will be duplicated?",
        "ts": "1456953079.000512"
    },
    {
        "type": "message",
        "user": "U04BQ4FMC",
        "text": "for example, the only way they had to limit this kind of imbalance was to limit the number of contacts\/friends\/circles you could make in a day",
        "ts": "1456953172.000513"
    },
    {
        "type": "message",
        "user": "U04BQ4FMC",
        "text": "that is a very crude system",
        "ts": "1456953183.000514"
    },
    {
        "type": "message",
        "user": "U04BQ4FMC",
        "text": "synereo's algorithms are more complex",
        "ts": "1456953235.000515"
    },
    {
        "type": "message",
        "user": "U04BQ4FMC",
        "text": "However- your point still has some validity, but it's the nature of the game, of life itself.  The ongoing tension between the energy of youth vs the wisdom of experience, for example - time being the main differentiation.  Do 'old timers' have an advantage here?  Sort of, but not entirely, because of the energy factor.  So, Synereo has other factors too, not just simply number of followers.",
        "ts": "1456953394.000516"
    },
    {
        "type": "message",
        "user": "U04BQ4FMC",
        "text": "But I don't think it would be possible to wait until we hit 10 million users before implementing such a fundamental and rich feature, integral to the attention economy that the network will run on, replacing the idea of 'mining' the cryptocurrency.  It needs to function like a water pump getting primed.",
        "ts": "1456953605.000517"
    },
    {
        "type": "message",
        "user": "U09KY5U65",
        "text": "The key problem comes from a \"search\" feature. This is basically a ranking mechanism. This will be the most important feature.",
        "ts": "1456953715.000518"
    },
    {
        "type": "message",
        "user": "U04BQ4FMC",
        "text": "One thing that might lessen your concerns here, is that Dor just mentioned in the hangout that we will get started with a small set of the total of inputs planned for REO.  That means updates along the way, especially as we experience the Beta version, and then later, go to the full on 'alpha' run.",
        "ts": "1456953784.000519",
        "reactions": [
            {
                "name": "+1",
                "users": [
                    "U0474E4KZ"
                ],
                "count": 1
            }
        ]
    },
    {
        "type": "message",
        "user": "U0474E4KZ",
        "text": "Reo is network-section specific, decays, and doesn't affect new users who aren't connected to you in any way.",
        "ts": "1456954469.000520",
        "reactions": [
            {
                "name": "white_check_mark",
                "users": [
                    "U04BQ4FMC"
                ],
                "count": 1
            }
        ]
    },
    {
        "type": "message",
        "user": "U09KY5U65",
        "text": "are AMP and REO still going to be Ethereum tokens or will Synereo be making their own blockchain?",
        "ts": "1456954764.000521"
    },
    {
        "type": "message",
        "user": "U048X85UT",
        "text": "You can trade anything on Eithereum,  Reo will be recorded on Ethidium most probably but is not an Ethereum token.",
        "ts": "1456955038.000522"
    },
    {
        "type": "message",
        "user": "U048X85UT",
        "text": "Alt coins are easy to impliment with smart contracts.",
        "ts": "1456955148.000523"
    },
    {
        "type": "message",
        "user": "U0PCK9TKL",
        "text": "The do blockchain feed will be up at 7am est tomorrow.",
        "ts": "1456955343.000524"
    },
    {
        "type": "message",
        "user": "U04BQ4FMC",
        "text": "Once we have the Beta going, most of this will become more clear.  I think there are limits involved in the areas you point out as problems, so they will not pose insurmountable problems.  I do think that there will inevitable be some advantages for being involved early, and that is unavoidable, like rank in the military, position in a school based on the number of years, etc, etc..  \nIt would be equally unfair to do away with personal growth opportunities, and accumulated work input.",
        "ts": "1456955752.000525"
    },
    {
        "type": "message",
        "user": "U04BQ4FMC",
        "text": "^network disconnected that comment, from 17:25 or so",
        "ts": "1456955788.000526"
    },
    {
        "type": "message",
        "user": "U04BQ4FMC",
        "text": "<@U0474E4KZ> - what are the limits or range of REO scores?  like 0-100..\nor open ended?",
        "ts": "1456959219.000527"
    },
    {
        "type": "message",
        "user": "U0474E4KZ",
        "text": "Starts at 100 and can drop or increase with marginal utility\/rubberband effect",
        "ts": "1456959788.000528"
    },
    {
        "type": "message",
        "user": "U04BQ4FMC",
        "text": "no limit, on the high side?  (I think I heard before, no negatives..)",
        "ts": "1456960167.000529"
    },
    {
        "type": "message",
        "user": "U04GDL62L",
        "text": "What conference was Greg referring to during today's hangout :question: \n\nGreg wants to organize a satellite session this April for COALA (Coalition of Automated Legal Applications) - <http:\/\/coala.global\/>\nHe has his eye on a venue, but wants help drafting a 'Call to Action' letter, making a participant list, and finding sponsors.\n<https:\/\/tree.taiga.io\/project\/synereo-synpm\/issue\/43>",
        "ts": "1456979485.000530"
    }
]