[
    {
        "type": "message",
        "subtype": "file_comment",
        "text": "<@U048T3M8W|lapin7> commented on <@U0J9CQF9S|shdwdm>'s file <https:\/\/synereonet.slack.com\/files\/shdwdm\/F0P5L7FA6\/twitch_2.0.jpg|twitch 2.0.jpg>: Donations could be converted into AMP. So add Synereo and yourself by buying AMP.",
        "file": {
            "id": "F0P5L7FA6",
            "created": 1456462538,
            "timestamp": 1456462538,
            "name": "twitch 2.0.jpg",
            "title": "twitch 2.0.jpg",
            "mimetype": "image\/jpeg",
            "filetype": "jpg",
            "pretty_type": "JPEG",
            "user": "U0J9CQF9S",
            "editable": false,
            "size": 494712,
            "mode": "hosted",
            "is_external": false,
            "external_type": "",
            "is_public": true,
            "public_url_shared": false,
            "display_as_bot": false,
            "username": "",
            "url_private": "https:\/\/files.slack.com\/files-pri\/T0474AT8K-F0P5L7FA6\/twitch_2.0.jpg?t=xoxe-4242367291-28095460608-28095460624-739c22ae7e",
            "url_private_download": "https:\/\/files.slack.com\/files-pri\/T0474AT8K-F0P5L7FA6\/download\/twitch_2.0.jpg?t=xoxe-4242367291-28095460608-28095460624-739c22ae7e",
            "thumb_64": "https:\/\/files.slack.com\/files-tmb\/T0474AT8K-F0P5L7FA6-0e966341ef\/twitch_2.0_64.jpg?t=xoxe-4242367291-28095460608-28095460624-739c22ae7e",
            "thumb_80": "https:\/\/files.slack.com\/files-tmb\/T0474AT8K-F0P5L7FA6-0e966341ef\/twitch_2.0_80.jpg?t=xoxe-4242367291-28095460608-28095460624-739c22ae7e",
            "thumb_360": "https:\/\/files.slack.com\/files-tmb\/T0474AT8K-F0P5L7FA6-0e966341ef\/twitch_2.0_360.jpg?t=xoxe-4242367291-28095460608-28095460624-739c22ae7e",
            "thumb_360_w": 360,
            "thumb_360_h": 270,
            "thumb_480": "https:\/\/files.slack.com\/files-tmb\/T0474AT8K-F0P5L7FA6-0e966341ef\/twitch_2.0_480.jpg?t=xoxe-4242367291-28095460608-28095460624-739c22ae7e",
            "thumb_480_w": 480,
            "thumb_480_h": 360,
            "thumb_160": "https:\/\/files.slack.com\/files-tmb\/T0474AT8K-F0P5L7FA6-0e966341ef\/twitch_2.0_160.jpg?t=xoxe-4242367291-28095460608-28095460624-739c22ae7e",
            "thumb_720": "https:\/\/files.slack.com\/files-tmb\/T0474AT8K-F0P5L7FA6-0e966341ef\/twitch_2.0_720.jpg?t=xoxe-4242367291-28095460608-28095460624-739c22ae7e",
            "thumb_720_w": 720,
            "thumb_720_h": 540,
            "thumb_960": "https:\/\/files.slack.com\/files-tmb\/T0474AT8K-F0P5L7FA6-0e966341ef\/twitch_2.0_960.jpg?t=xoxe-4242367291-28095460608-28095460624-739c22ae7e",
            "thumb_960_w": 960,
            "thumb_960_h": 720,
            "image_exif_rotation": 1,
            "original_w": 1014,
            "original_h": 761,
            "permalink": "https:\/\/synereonet.slack.com\/files\/shdwdm\/F0P5L7FA6\/twitch_2.0.jpg",
            "permalink_public": "https:\/\/slack-files.com\/T0474AT8K-F0P5L7FA6-f4c92585c6",
            "channels": [
                "C0474AT8X"
            ],
            "groups": [
    
            ],
            "ims": [
    
            ],
            "comments_count": 2,
            "initial_comment": {
                "id": "Fc0P5H2YBV",
                "created": 1456462538,
                "timestamp": 1456462538,
                "user": "U0J9CQF9S",
                "comment": "Invite Everyone we need donations :smile:"
            }
        },
        "comment": {
            "id": "Fc0P6SJC0J",
            "created": 1456487116,
            "timestamp": 1456487116,
            "user": "U048T3M8W",
            "comment": "Donations could be converted into AMP. So add Synereo and yourself by buying AMP."
        },
        "ts": "1456487116.000360"
    },
    {
        "type": "message",
        "user": "U0J9CQF9S",
        "text": "Precisely HJ ",
        "ts": "1456510156.000361"
    },
    {
        "type": "message",
        "user": "U0J9CQF9S",
        "text": "Does anyone want to work on twitch with me in 1-2 hours?",
        "ts": "1456511766.000362"
    },
    {
        "type": "message",
        "user": "U0J9CQF9S",
        "text": "I need an answer if you guys are going to be on board with this idea by tuesday. Then on march 1st i see my chief for a final \u201cok\u201d (ill be 30 days out from boot camp).",
        "ts": "1456516429.000363"
    },
    {
        "type": "message",
        "user": "U048T3M8W",
        "text": "Probably tomorrow I have some time to work with <@U0J9CQF9S>.",
        "ts": "1456516962.000364"
    },
    {
        "type": "message",
        "user": "U0J9CQF9S",
        "text": "<https:\/\/www.twitch.tv\/synereo>",
        "ts": "1456523143.000365"
    },
    {
        "type": "message",
        "subtype": "file_share",
        "text": "<@U0J9CQF9S|shdwdm> uploaded a file: <https:\/\/synereonet.slack.com\/files\/shdwdm\/F0P9ZBJC9\/target_audience.pdf|Target Audience.pdf> and commented: work in progress..",
        "file": {
            "id": "F0P9ZBJC9",
            "created": 1456527835,
            "timestamp": 1456527835,
            "name": "Target Audience.pdf",
            "title": "Target Audience.pdf",
            "mimetype": "application\/pdf",
            "filetype": "pdf",
            "pretty_type": "PDF",
            "user": "U0J9CQF9S",
            "editable": false,
            "size": 1771104,
            "mode": "hosted",
            "is_external": false,
            "external_type": "",
            "is_public": true,
            "public_url_shared": false,
            "display_as_bot": false,
            "username": "",
            "url_private": "https:\/\/files.slack.com\/files-pri\/T0474AT8K-F0P9ZBJC9\/target_audience.pdf?t=xoxe-4242367291-28095460608-28095460624-739c22ae7e",
            "url_private_download": "https:\/\/files.slack.com\/files-pri\/T0474AT8K-F0P9ZBJC9\/download\/target_audience.pdf?t=xoxe-4242367291-28095460608-28095460624-739c22ae7e",
            "permalink": "https:\/\/synereonet.slack.com\/files\/shdwdm\/F0P9ZBJC9\/target_audience.pdf",
            "permalink_public": "https:\/\/slack-files.com\/T0474AT8K-F0P9ZBJC9-4e741c2c43",
            "channels": [
                "C0474AT8X"
            ],
            "groups": [
    
            ],
            "ims": [
    
            ],
            "comments_count": 1,
            "initial_comment": {
                "id": "Fc0P9VBJBX",
                "created": 1456527835,
                "timestamp": 1456527835,
                "user": "U0J9CQF9S",
                "comment": "work in progress.."
            }
        },
        "user": "U0J9CQF9S",
        "upload": true,
        "display_as_bot": false,
        "username": "<@U0J9CQF9S|shdwdm>",
        "bot_id": null,
        "ts": "1456527836.000366"
    },
    {
        "type": "message",
        "user": "U0J9CQF9S",
        "text": "Meeting tomorrow Google hangout 12-2pm est.",
        "ts": "1456556410.000367"
    }
]