[
    {
        "type": "message",
        "user": "U0J9CQF9S",
        "text": "<https:\/\/tree.taiga.io\/project\/lapin7-synereo-community\/us\/16> Get on Taiga to start contributing to the development of Synereo. There are about 15 threads started right now.",
        "attachments": [
            {
                "service_name": "Taiga - Love your projects",
                "title": "Ventrilo  Setup \/ Speaker Suggestions \/ Meeting Schedule - User Story #16 - Synereo community",
                "title_link": "https:\/\/tree.taiga.io\/project\/lapin7-synereo-community\/us\/16",
                "text": "Status: New. Completed 0% (0 of 0 tasks closed). Points: . Description: The ventrilo Server is now setup. Please talk to Shdwdm to begin organizing ventrilo community hangouts \/ discussions related to Synereo and topics of decentralization, the digital economy, crypto currencies etc. A general...",
                "fallback": "Taiga - Love your projects: Ventrilo  Setup \/ Speaker Suggestions \/ Meeting Schedule - User Story #16 - Synereo community",
                "thumb_url": "https:\/\/tree.taiga.io\/v-1454501961195\/images\/logo-color.png",
                "from_url": "https:\/\/tree.taiga.io\/project\/lapin7-synereo-community\/us\/16",
                "thumb_width": 300,
                "thumb_height": 300,
                "id": 1
            }
        ],
        "ts": "1454661527.000296"
    },
    {
        "type": "message",
        "user": "U048T3M8W",
        "text": "it has to be this link \n<https:\/\/tree.taiga.io\/project\/synereo-synpm\/>",
        "attachments": [
            {
                "service_name": "Taiga - Love your projects",
                "title": "SynPM",
                "title_link": "https:\/\/tree.taiga.io\/project\/synereo-synpm\/",
                "text": "We want to create a distributed decentralised social network. Finally it aims to reset the Internet with respect for privacy and economy. Creators get rewarded by their consumers in the most direct way.",
                "fallback": "Taiga - Love your projects: SynPM",
                "thumb_url": "https:\/\/tree.taiga.io\/v-1454675265890\/images\/logo-color.png",
                "from_url": "https:\/\/tree.taiga.io\/project\/synereo-synpm\/",
                "thumb_width": 300,
                "thumb_height": 300,
                "id": 1
            }
        ],
        "ts": "1454685281.000298"
    },
    {
        "type": "message",
        "user": "U04BQ4FMC",
        "text": "nm",
        "edited": {
            "user": "U04BQ4FMC",
            "ts": "1454688570.000000"
        },
        "ts": "1454688470.000300"
    },
    {
        "type": "message",
        "user": "U048T3M8W",
        "text": "I'm in CET\nNZDT IST        CET     GMT  EST      PST\n06:00 19:00 18:00 17:00 12:00 09:00\n07:00 20:00 19:00 18:00 13:00 10:00\n08:00 21:00 20:00 19:00 14:00 11:00\n09:00 22:00 21:00 20:00 15:00 12:00\n10:00 23:00 22:00 21:00 16:00 13:00",
        "ts": "1454688580.000302"
    },
    {
        "type": "message",
        "user": "U048T3M8W",
        "text": "So it's in Holland now 17:10",
        "ts": "1454688615.000303"
    },
    {
        "type": "message",
        "user": "U048T3M8W",
        "text": "Are you in Taiga at the moment? We could do a video conf",
        "ts": "1454688696.000304"
    },
    {
        "type": "message",
        "user": "U048T3M8W",
        "text": "<https:\/\/appear.in\/synereo-synpm>",
        "attachments": [
            {
                "title": "appear.in",
                "title_link": "https:\/\/appear.in\/synereo-synpm",
                "text": "Video conversations with up to 8 people for free - no login, no downloads. Create a video room. Share the link. Appear together. Try it now at <https:\/\/appear.in>",
                "fallback": "appear.in",
                "image_url": "https:\/\/d1x2efl61akomv.cloudfront.net\/images\/icons\/appearin-preview-1200x630.fa749109.png",
                "from_url": "https:\/\/appear.in\/synereo-synpm",
                "image_width": 476,
                "image_height": 250,
                "image_bytes": 12998,
                "id": 1
            }
        ],
        "ts": "1454688746.000305"
    },
    {
        "type": "message",
        "user": "U0J9CQF9S",
        "text": "<https:\/\/tree.taiga.io\/project\/synereo-synpm\/us\/2> lets get some ideas flowing",
        "attachments": [
            {
                "service_name": "Taiga - Love your projects",
                "title": "Organise this project \/ Governance - User Story #2 - SynPM",
                "title_link": "https:\/\/tree.taiga.io\/project\/synereo-synpm\/us\/2",
                "text": "Status: New. Completed 0% (0 of 0 tasks closed). Points: 3. Description: Create User stories and break them down in usable tasks. How are we going to run this business and make decisions?",
                "fallback": "Taiga - Love your projects: Organise this project \/ Governance - User Story #2 - SynPM",
                "thumb_url": "https:\/\/tree.taiga.io\/v-1454675265890\/images\/logo-color.png",
                "from_url": "https:\/\/tree.taiga.io\/project\/synereo-synpm\/us\/2",
                "thumb_width": 300,
                "thumb_height": 300,
                "id": 1
            }
        ],
        "ts": "1454697262.000307"
    },
    {
        "type": "message",
        "user": "U048T3M8W",
        "text": "Hi I want to check if I understood this well. It's about creating your credentials on one node and later login on another node.",
        "ts": "1454701997.000309"
    },
    {
        "type": "message",
        "user": "U048T3M8W",
        "text": "<https:\/\/www.youtube.com\/watch?v=tTMDtmkxID4&amp;t=15m00s>",
        "attachments": [
            {
                "service_name": "YouTube",
                "service_url": "https:\/\/www.youtube.com\/",
                "title": "Synereo Community Hangout",
                "title_link": "https:\/\/www.youtube.com\/watch?v=tTMDtmkxID4&amp;t=15m00s",
                "author_name": "Synereo",
                "author_link": "https:\/\/www.youtube.com\/channel\/UCU5CBbxAeFYnodf32w3ahOQ",
                "thumb_url": "https:\/\/i.ytimg.com\/vi\/tTMDtmkxID4\/hqdefault.jpg",
                "thumb_width": 480,
                "thumb_height": 360,
                "fallback": "YouTube Video: Synereo Community Hangout",
                "video_html": "<iframe width=\"400\" height=\"225\" src=\"https:\/\/www.youtube.com\/embed\/tTMDtmkxID4?feature=oembed&start=900&autoplay=1&iv_load_policy=3\" frameborder=\"0\" allowfullscreen><\/iframe>",
                "video_html_width": 400,
                "video_html_height": 225,
                "from_url": "https:\/\/www.youtube.com\/watch?v=tTMDtmkxID4&amp;t=15m00s",
                "id": 1
            }
        ],
        "ts": "1454702002.000310"
    },
    {
        "type": "message",
        "user": "U048T3M8W",
        "text": "Greg says that indeed the username and login is a separate issue. There is an agent identity that can be portable amongst nodes. It's not the same as an identity, but it's a channel by which you can reliably communicate. \n\nThe agent who has the credentials to access that channel, can reliably get to profile information and the AMP wallet. Agents that create a connection between their channels, can reliably get to information that's been shared over that connection. \n\nBut a user can create multiple channels with each an AMP balance. In short you can not treat an agent as a single universal identity and once you have created a login on one node, you can later logon to any node you want. If you're not recognized on the first node then that node will ask other nodes until your credentials are found. So the login page is exactly the same on each node.\n\nDina makes it clear like this: If there were some sandbox nodes, set up by Synereo. And new users login and then no matter where they are later logging into another node on the network, they'll at least be able to access what they set up on that node.\n\nGreg says that if a login anywhere can happen, then it goes against decentralisation. In fact we want people to login on the initial node and when the network is robust enough and we know better how the whole system behaves then we can allow people to login on any node they want.",
        "edited": {
            "user": "U048T3M8W",
            "ts": "1454702159.000000"
        },
        "ts": "1454702041.000312"
    },
    {
        "type": "message",
        "user": "U0J9CQF9S",
        "text": "anyone here",
        "ts": "1454705589.000314"
    },
    {
        "type": "message",
        "user": "U048T3M8W",
        "text": "yep",
        "ts": "1454705601.000315"
    },
    {
        "type": "message",
        "user": "U0J9CQF9S",
        "text": "im trying to get my friend on vnet",
        "ts": "1454705612.000316"
    },
    {
        "type": "message",
        "user": "U0J9CQF9S",
        "text": "vent*",
        "ts": "1454705613.000317"
    },
    {
        "type": "message",
        "user": "U048T3M8W",
        "text": "ventral?",
        "ts": "1454705627.000318"
    },
    {
        "type": "message",
        "user": "U048T3M8W",
        "text": "ventrilo?",
        "ts": "1454705635.000319"
    },
    {
        "type": "message",
        "user": "U0J9CQF9S",
        "text": "yea",
        "ts": "1454705670.000320"
    },
    {
        "type": "message",
        "user": "U048T3M8W",
        "text": "What's the problem?",
        "ts": "1454705687.000321"
    },
    {
        "user": "U0LEE1H33",
        "type": "message",
        "subtype": "channel_join",
        "text": "<@U0LEE1H33|physiological_diver> has joined the channel",
        "ts": "1454716912.000322"
    },
    {
        "type": "message",
        "user": "U0FESR742",
        "text": "I'll get there! I",
        "ts": "1454738927.000323"
    },
    {
        "type": "message",
        "user": "U0FESR742",
        "text": "I'm on the road, I'll look into ventrilo as time permits, or when  I get back to my office!",
        "ts": "1454738956.000324"
    },
    {
        "type": "message",
        "user": "U0J9CQF9S",
        "text": "cool. no rush",
        "ts": "1454739484.000325",
        "reactions": [
            {
                "name": "+1",
                "users": [
                    "U0FESR742"
                ],
                "count": 1
            }
        ]
    },
    {
        "type": "message",
        "user": "U0J9CQF9S",
        "text": "i would like to get some interviews in whenever possible.",
        "edited": {
            "user": "U0J9CQF9S",
            "ts": "1454741460.000000"
        },
        "ts": "1454741439.000326"
    }
]