[
    {
        "user": "U0MC7HZ3L",
        "type": "message",
        "subtype": "channel_join",
        "text": "<@U0MC7HZ3L|tmad> has joined the channel",
        "ts": "1455535109.000002"
    },
    {
        "type": "message",
        "user": "U0474E4KZ",
        "text": "<@U04QHTTJU>: can you join our weekly hangout this week so we can discuss your project further?",
        "ts": "1455544219.000003"
    },
    {
        "type": "message",
        "user": "U0474E4KZ",
        "text": "Maybe there's room for collaboration here. What we have in place could allow you to focus on your specific and unique proposition, while we may learn from your social network best practices.",
        "ts": "1455544279.000004"
    },
    {
        "type": "message",
        "user": "U0474E4KZ",
        "text": "<@U09KY5U65>: are you \"fartbags\" on BitcoinTalk?",
        "edited": {
            "user": "U0474E4KZ",
            "ts": "1455544364.000000"
        },
        "ts": "1455544359.000005"
    },
    {
        "type": "message",
        "user": "U048ERGCQ",
        "text": "Hi, just read on BCT that you got accepted at Bnktothefuture? Is that true? Can`t find it on their site.",
        "ts": "1455546096.000007"
    },
    {
        "type": "message",
        "user": "U0474E4KZ",
        "text": "The pitch is not live yet.",
        "ts": "1455548409.000008"
    },
    {
        "type": "message",
        "user": "U048ERGCQ",
        "text": "Thx!",
        "ts": "1455548592.000009"
    },
    {
        "type": "message",
        "user": "U0J9CQF9S",
        "text": " Anyone in the d.c area want to go to the block chain summit March 3rd?",
        "ts": "1455568089.000010"
    },
    {
        "type": "message",
        "user": "U09KY5U65",
        "text": "mhmmm",
        "ts": "1455593923.000011"
    },
    {
        "type": "message",
        "user": "U09KY5U65",
        "text": "The founders kind of suck at project management. I think someone should give <@U0J9CQF9S> <@U048T3M8W> or <@U048X85UT> some AMPs and see what they can get done with them.",
        "ts": "1455594233.000012"
    },
    {
        "type": "message",
        "user": "U09KY5U65",
        "text": "Unless this is all a big plan to pump n dump AMPs on BnkToTheFuture and raise a bunch of development funds. Then by all means dont release any AMPs so you can pump up the price as high as possible.",
        "ts": "1455594286.000013"
    },
    {
        "type": "message",
        "user": "U09KY5U65",
        "text": "<@U048T3M8W>: seems to be very detail oriented and focused. He would be a good person to be in charge of some development funds.",
        "ts": "1455602432.000014"
    },
    {
        "type": "message",
        "user": "U0474E4KZ",
        "text": "<@U09KY5U65>, are you fartbags on BTT? ",
        "ts": "1455605419.000015"
    }
]