[
    {
        "type": "message",
        "user": "U0474E4KZ",
        "text": "<@U09KY5U65>: The marketplace is the marketplace. You can participate in it directly if you wish. Another option is to post on BTT and ask someone to sell AMPs to you at a lower price. If you want to buy many, perhaps someone will be interested. \n\nI only ask that you try to be less disparaging of our efforts. We have been nothing but responsive, fair and kind to you.",
        "edited": {
            "user": "U0474E4KZ",
            "ts": "1454157088.000000"
        },
        "ts": "1454157056.000140"
    },
    {
        "type": "message",
        "user": "U048T3M8W",
        "text": "<@U09KY5U65> If you like what Synereo is doing, you could send them some bitcoin LOL. <http:\/\/i.imgur.com\/jlHprSv.jpg>",
        "attachments": [
            {
                "fallback": "200x200px image",
                "image_url": "http:\/\/i.imgur.com\/jlHprSv.jpg",
                "image_width": 200,
                "image_height": 200,
                "image_bytes": 13282,
                "from_url": "http:\/\/i.imgur.com\/jlHprSv.jpg",
                "id": 1
            }
        ],
        "ts": "1454167792.000142"
    },
    {
        "type": "message",
        "user": "U0J9CQF9S",
        "text": "Jesus...",
        "ts": "1454171842.000144"
    },
    {
        "type": "message",
        "user": "U09KY5U65",
        "text": "<@U0474E4KZ>: Actually you have been the most annoying unresponsive person. I wanted to help out and get Synereo moving along faster so I asked you on  ----- August 31st, 2015 ----- what the bounty for the docker file creation was. No response except \"a generous bounty\". I then asked what are the other bounties. No response from you. Lately I've been trying to find out how to buy AMPs from you. Never once have you told me the price of AMPs or if it is even possible for you to sell me any through a private sale between you and I.",
        "ts": "1454188129.000145"
    },
    {
        "type": "message",
        "user": "U0474E4KZ",
        "text": "I gave  you an answer less than an hour after you asked.",
        "ts": "1454189450.000146"
    },
    {
        "type": "message",
        "user": "U0474E4KZ",
        "text": "crypto.coins [9:59 PM] \nI never look at my emails anymore. Write on here. I've never built a docker script before. I won't be much help. No one wanted to say what the bounty was either so I assumed that meant there was no bounty.\n\ndor [10:42 PM] \nThere's quite the generous one.",
        "ts": "1454189466.000147"
    },
    {
        "type": "message",
        "user": "U0474E4KZ",
        "text": "I didn't specify a number because that would have required consulting with Greg, which we haven't gotten to you.",
        "edited": {
            "user": "U0474E4KZ",
            "ts": "1454189497.000000"
        },
        "ts": "1454189483.000148"
    },
    {
        "type": "message",
        "user": "U0474E4KZ",
        "text": "You never asked me about any other bounties. Either way, we did not have any other bounties available at the time.",
        "edited": {
            "user": "U0474E4KZ",
            "ts": "1454189681.000000"
        },
        "ts": "1454189534.000150"
    },
    {
        "type": "message",
        "user": "U0474E4KZ",
        "text": "I told you very very clearly that the price is the market price.",
        "ts": "1454189551.000151"
    },
    {
        "type": "message",
        "user": "U09KY5U65",
        "text": "We already talked about this. I told you I would sell my AMPs bought in the first crowdsale and on BITTREX and then pay the marketprice at that moment which would have been 0.00000001 BTC or 1 satoshi at the time.  Now I'm not sure if I can crash the price to 1 satoshi. I could probably still bring it down really low. But then you said no, I can't do that. So basically you're saying I can buy 10 BTC worth of AMP at 0.00005500 BTC? What if the price crashes down to 0.00002000 one day? Can I then buy 10 BTC worth of AMP for 0.00002000?",
        "ts": "1454190042.000153"
    },
    {
        "type": "message",
        "user": "U09KY5U65",
        "text": "Maybe I could get it to 0.00000001 BTC. I also bought a bunch on masterxchange I forgot about that.",
        "ts": "1454190390.000154"
    },
    {
        "type": "message",
        "user": "U09KY5U65",
        "text": "So I can't buy them at market price. Because you're greedy I have to either pay an all time high market price. Or if market price drops. Then I have to pay an average of market price.",
        "ts": "1454191192.000155"
    },
    {
        "type": "message",
        "user": "U0474E4KZ",
        "text": "What are you trying to achieve here?",
        "ts": "1454191301.000156"
    },
    {
        "type": "message",
        "user": "U09KY5U65",
        "text": "I want to buy some AMPs. I want to figure out the process. Can you tell me how people buy AMPs from this corporation?",
        "ts": "1454191361.000157"
    },
    {
        "type": "message",
        "user": "U0474E4KZ",
        "text": "We settle the rate based on the market price and then exchange BTC and AMPs.",
        "ts": "1454191504.000158"
    },
    {
        "type": "message",
        "user": "U0474E4KZ",
        "text": "Generally, this is only an option for community members who want to help and contribute to Synereo directly. We normally direct people to the markets.",
        "edited": {
            "user": "U0474E4KZ",
            "ts": "1454191603.000000"
        },
        "ts": "1454191559.000159"
    },
    {
        "type": "message",
        "user": "U0474E4KZ",
        "text": "I remind you that you have, and have always had, the option to simply purchase as many AMPs as you wanted from the exchanges.",
        "ts": "1454191629.000161"
    },
    {
        "type": "message",
        "user": "U09KY5U65",
        "text": "So the #1 step to buy AMPs directly from Synereo LTD is to confirm you are willing to work for free for Synereo LTD. After that is confirmed, you can buy AMPs at market price if the market price is at an all time high otherwise just deny the sale at that time?",
        "ts": "1454194092.000162"
    },
    {
        "type": "message",
        "user": "U0474E4KZ",
        "text": "Did you work for Synereo LTD for free, <@U09KY5U65>? :simple_smile:",
        "ts": "1454195252.000163"
    },
    {
        "type": "message",
        "user": "U0474E4KZ",
        "text": "Do you have any proof to your claim that we've \"denied\" a sale?",
        "ts": "1454195284.000164"
    },
    {
        "type": "message",
        "user": "U0474E4KZ",
        "text": "I think this discussion has run its course. If there's anyone besides <@U09KY5U65> who disagrees, please let me know and I'll continue.",
        "ts": "1454195425.000165"
    },
    {
        "type": "message",
        "user": "U04A8095T",
        "text": "<@U0DKBHZN1>: Thanks for the update and progress on Docker!",
        "ts": "1454204145.000166"
    },
    {
        "user": "U0KSA7GQL",
        "type": "message",
        "subtype": "channel_join",
        "text": "<@U0KSA7GQL|phylecypher> has joined the channel",
        "ts": "1454208844.000167"
    },
    {
        "type": "message",
        "user": "U09KY5U65",
        "text": "I'm still wondering how you purchase AMPs from Synereo LTD. It looks like I've been denied so my only option is to buy coins through someone else. On a similar topic. I would also like to know more information about the <http:\/\/BankToTheFuture.com|BankToTheFuture.com> investment plan. Has Mike Keizer already purchased AMPs in a private sale? Does he then resell them to the public? Does he take orders for AMPs at a certain price then buy them for cheaper than that from Synereo LTD?",
        "ts": "1454211988.000168"
    },
    {
        "type": "message",
        "user": "U09KY5U65",
        "text": "On a different topic since <@U0474E4KZ> refuses to talk about things: To help move Synereo into this corporate structure I will try to put together an article and submit it to crypto news magazines for free publicity for Synereo LTD. \n\n\"Synereo LTD, The Corporate Blockchain Assest\".\nBlockchains go Corporate.\n\nSynereo, previously a freely created and cryptographically secured asset, furthers their adventure into blockchain technology creating a bubble of hype with a user base of only 10 people. By utilizing a small 2.3% of all AMPs on a crypto asset exchange platform <http:\/\/bittrex.com|bittrex.com>, Synereo now values their asset supply at $40,320,000 USD. ... more to come.\n\nCheck out <http:\/\/BankToTheFuture.com|BankToTheFuture.com> for more information on how you can invest in this great idea.",
        "ts": "1454212808.000169"
    },
    {
        "type": "message",
        "user": "U09KY5U65",
        "text": "I will have to figure out how many people use AMPs. Maybe it's more like 200 people.",
        "ts": "1454212860.000170"
    }
]