[
    {
        "type": "message",
        "user": "U0J9CQF9S",
        "text": "FUCK YES. we have a license to do this on twitch. We have the green light. <http:\/\/help.twitch.tv\/customer\/portal\/articles\/2176641-creative-faq>",
        "attachments": [
            {
                "service_name": "Twitch",
                "title": "Creative FAQ",
                "title_link": "http:\/\/help.twitch.tv\/customer\/portal\/articles\/2176641-creative-faq",
                "text": "Twitch Creative FAQ Learn all about Twitch Creative and find the answers you need! Notice an error in this article? L...",
                "fallback": "Twitch: Creative FAQ",
                "from_url": "http:\/\/help.twitch.tv\/customer\/portal\/articles\/2176641-creative-faq",
                "id": 1
            }
        ],
        "ts": "1456566326.000368"
    },
    {
        "type": "message",
        "user": "U0J9CQF9S",
        "text": "<https:\/\/www.twitch.tv\/partner\/signup> Just need to get 500+ viewers consisently. thats our goal. BOOM We got this guys.",
        "edited": {
            "user": "U0J9CQF9S",
            "ts": "1456567690.000000"
        },
        "ts": "1456567683.000370"
    },
    {
        "type": "message",
        "user": "U0J9CQF9S",
        "text": "<http:\/\/marcinswierzowski.com\/Code\/AnkhBotR2\/> kind of complicated but we can get this integrated into the twitch channel and run deep analysis of the audience. Run live voting sessions etc.",
        "ts": "1456568077.000373"
    },
    {
        "type": "message",
        "user": "U0J9CQF9S",
        "text": "you can basically program your own bots.",
        "ts": "1456568086.000374"
    },
    {
        "type": "message",
        "user": "U0J9CQF9S",
        "text": "<https:\/\/www.twitch.tv\/synereo\/profile> this shit is so boss. im going to be interviewing a professional media designer on google hangout when tomorrow at 1:00. I want to setup the twitch feed at 12pm est and begin testing jitsi and google hangouts. So i know the broadcasting software I am running on my computer is picking up all the audio from the call. Please be here and send out links to channel.",
        "ts": "1456570777.000375"
    },
    {
        "type": "message",
        "user": "U0J9CQF9S",
        "text": "Everyone is encouraged to make that call.",
        "ts": "1456570806.000376"
    },
    {
        "type": "message",
        "user": "U0J9CQF9S",
        "text": "fuck it i will stay up tonight. to hyped to sleep son.",
        "ts": "1456571860.000377"
    },
    {
        "type": "message",
        "user": "U0J9CQF9S",
        "text": "or should i say amped up",
        "ts": "1456571865.000378"
    },
    {
        "type": "message",
        "user": "U048T3M8W",
        "text": "Did you sign up?",
        "ts": "1456572041.000379"
    },
    {
        "type": "message",
        "user": "U0J9CQF9S",
        "text": "yea i sent in application.",
        "ts": "1456572052.000380"
    },
    {
        "type": "message",
        "user": "U0J9CQF9S",
        "text": "theyll probably reject it though because we dont have 500 active users.",
        "ts": "1456572067.000381"
    },
    {
        "type": "message",
        "user": "U0J9CQF9S",
        "text": "i urge everyone to signup an account and patch into  <https:\/\/www.twitch.tv\/synereo>",
        "ts": "1456572094.000382"
    },
    {
        "type": "message",
        "user": "U0J9CQF9S",
        "text": "going to to take a quick shower",
        "ts": "1456572249.000383"
    },
    {
        "type": "message",
        "user": "U0J9CQF9S",
        "text": "<https:\/\/help.twitch.tv\/customer\/portal\/articles\/2176641-creative-faq>",
        "attachments": [
            {
                "service_name": "Twitch",
                "title": "Creative FAQ",
                "title_link": "https:\/\/help.twitch.tv\/customer\/portal\/articles\/2176641-creative-faq",
                "text": "Twitch Creative FAQ Learn all about Twitch Creative and find the answers you need! Notice an error in this article? L...",
                "fallback": "Twitch: Creative FAQ",
                "from_url": "https:\/\/help.twitch.tv\/customer\/portal\/articles\/2176641-creative-faq",
                "id": 1
            }
        ],
        "ts": "1456574973.000384"
    },
    {
        "type": "message",
        "user": "U0J9CQF9S",
        "text": "calling the navy on monday to cancel the contract.",
        "ts": "1456580412.000386"
    },
    {
        "type": "message",
        "user": "U0J9CQF9S",
        "text": "going to meditate for a few hours be back at 12. will be trying to get a meeting going then",
        "ts": "1456582561.000387"
    },
    {
        "type": "message",
        "user": "U0J9CQF9S",
        "text": "<http:\/\/twitch.tv\/synereo|twitch.tv\/synereo> back up",
        "ts": "1456589906.000388"
    },
    {
        "type": "message",
        "subtype": "file_share",
        "text": "<@U0J9CQF9S|shdwdm> uploaded a file: <https:\/\/synereonet.slack.com\/files\/shdwdm\/F0PB7FQBW\/target_audience1.jpg|Target Audience1.jpg>",
        "file": {
            "id": "F0PB7FQBW",
            "created": 1456593831,
            "timestamp": 1456593831,
            "name": "Target Audience1.jpg",
            "title": "Target Audience1.jpg",
            "mimetype": "image\/jpeg",
            "filetype": "jpg",
            "pretty_type": "JPEG",
            "user": "U0J9CQF9S",
            "editable": false,
            "size": 366926,
            "mode": "hosted",
            "is_external": false,
            "external_type": "",
            "is_public": true,
            "public_url_shared": false,
            "display_as_bot": false,
            "username": "",
            "url_private": "https:\/\/files.slack.com\/files-pri\/T0474AT8K-F0PB7FQBW\/target_audience1.jpg?t=xoxe-4242367291-28095460608-28095460624-739c22ae7e",
            "url_private_download": "https:\/\/files.slack.com\/files-pri\/T0474AT8K-F0PB7FQBW\/download\/target_audience1.jpg?t=xoxe-4242367291-28095460608-28095460624-739c22ae7e",
            "thumb_64": "https:\/\/files.slack.com\/files-tmb\/T0474AT8K-F0PB7FQBW-78bb04cee8\/target_audience1_64.jpg?t=xoxe-4242367291-28095460608-28095460624-739c22ae7e",
            "thumb_80": "https:\/\/files.slack.com\/files-tmb\/T0474AT8K-F0PB7FQBW-78bb04cee8\/target_audience1_80.jpg?t=xoxe-4242367291-28095460608-28095460624-739c22ae7e",
            "thumb_360": "https:\/\/files.slack.com\/files-tmb\/T0474AT8K-F0PB7FQBW-78bb04cee8\/target_audience1_360.jpg?t=xoxe-4242367291-28095460608-28095460624-739c22ae7e",
            "thumb_360_w": 360,
            "thumb_360_h": 270,
            "thumb_480": "https:\/\/files.slack.com\/files-tmb\/T0474AT8K-F0PB7FQBW-78bb04cee8\/target_audience1_480.jpg?t=xoxe-4242367291-28095460608-28095460624-739c22ae7e",
            "thumb_480_w": 480,
            "thumb_480_h": 360,
            "thumb_160": "https:\/\/files.slack.com\/files-tmb\/T0474AT8K-F0PB7FQBW-78bb04cee8\/target_audience1_160.jpg?t=xoxe-4242367291-28095460608-28095460624-739c22ae7e",
            "thumb_720": "https:\/\/files.slack.com\/files-tmb\/T0474AT8K-F0PB7FQBW-78bb04cee8\/target_audience1_720.jpg?t=xoxe-4242367291-28095460608-28095460624-739c22ae7e",
            "thumb_720_w": 720,
            "thumb_720_h": 539,
            "thumb_960": "https:\/\/files.slack.com\/files-tmb\/T0474AT8K-F0PB7FQBW-78bb04cee8\/target_audience1_960.jpg?t=xoxe-4242367291-28095460608-28095460624-739c22ae7e",
            "thumb_960_w": 960,
            "thumb_960_h": 719,
            "thumb_1024": "https:\/\/files.slack.com\/files-tmb\/T0474AT8K-F0PB7FQBW-78bb04cee8\/target_audience1_1024.jpg?t=xoxe-4242367291-28095460608-28095460624-739c22ae7e",
            "thumb_1024_w": 1024,
            "thumb_1024_h": 767,
            "image_exif_rotation": 1,
            "original_w": 1654,
            "original_h": 1239,
            "permalink": "https:\/\/synereonet.slack.com\/files\/shdwdm\/F0PB7FQBW\/target_audience1.jpg",
            "permalink_public": "https:\/\/slack-files.com\/T0474AT8K-F0PB7FQBW-dc8bd0d9c2",
            "channels": [
                "C0474AT8X"
            ],
            "groups": [
    
            ],
            "ims": [
    
            ],
            "comments_count": 0
        },
        "user": "U0J9CQF9S",
        "upload": true,
        "display_as_bot": false,
        "username": "<@U0J9CQF9S|shdwdm>",
        "bot_id": null,
        "ts": "1456593834.000389"
    },
    {
        "user": "U0PB9BK7E",
        "type": "message",
        "subtype": "channel_join",
        "text": "<@U0PB9BK7E|spencerstruwe> has joined the channel",
        "ts": "1456596027.000390"
    }
]