[
    {
        "type": "message",
        "user": "U0474E4KZ",
        "text": "We have tried to bring him onto a discussion many times, but he refuses to engage. He continually shows lack of basic understanding (he thought Synereo is being built on top of Ethereum until 2 weeks ago), but goes on long rants about how everything is bad despite this. ",
        "ts": "1457683954.001105"
    },
    {
        "type": "message",
        "user": "U0474E4KZ",
        "text": "He has a reputation for doing this for many projects. You can see that if you follow his posting history there (click his name). ",
        "ts": "1457684003.001106"
    },
    {
        "type": "message",
        "user": "U048ERGCQ",
        "text": "Ok, thanks. Just stumbled upon it and did not understand a word, but it looked like a well informed critique.",
        "ts": "1457684025.001107"
    },
    {
        "type": "message",
        "user": "U0474E4KZ",
        "text": "I've tried to converse with him there whenever he raised any meaningful point, but he doesn't engage. ",
        "ts": "1457684054.001108"
    },
    {
        "type": "message",
        "user": "U0474E4KZ",
        "text": "That's his thing. Smart looking trolling. :-)",
        "ts": "1457684068.001109"
    },
    {
        "type": "message",
        "user": "U048ERGCQ",
        "text": "yes, that`s how FUD works I guess...tech noobs like myself are an easy target...",
        "ts": "1457684106.001110"
    },
    {
        "type": "message",
        "user": "U049CMCCZ",
        "text": "Hahaha - avoid TPTB at all costs! Unless you wish to be pulled into a never-ending saga. He is notorious for always wanting the last word, encased in fancy technical expressions and explanations that no normal guy would understand.\nHe is an ongoing PITA to our (not Synereo) project as well, although our developer is a genius and can tackle TPTB's tech blabber. \nTPTB is skilled though, just that he has never produced anything to prove his skills.",
        "edited": {
            "user": "U049CMCCZ",
            "ts": "1457690028.000000"
        },
        "ts": "1457689991.001111"
    },
    {
        "type": "message",
        "user": "U0R4YRVFB",
        "text": "haha. Yes it's crafty to \"refute\" everything we do by posting vague technical references etc.",
        "ts": "1457690058.001113"
    },
    {
        "type": "message",
        "user": "U0R4YRVFB",
        "text": "Trolling 2.0",
        "ts": "1457690088.001114"
    },
    {
        "type": "message",
        "user": "U0R4YRVFB",
        "text": "Clever is the new dumb.",
        "ts": "1457690114.001115"
    },
    {
        "type": "message",
        "user": "U049CMCCZ",
        "text": "indeed, but as I said, he is skilled, just have not proved it  by presenting a project AFAIK",
        "edited": {
            "user": "U049CMCCZ",
            "ts": "1457690149.000000"
        },
        "ts": "1457690126.001116"
    },
    {
        "type": "message",
        "user": "U0R4YRVFB",
        "text": "Well everyone can sound smart, but action is a different thing. It's about results, nothing else matters in the end",
        "ts": "1457690203.001118"
    },
    {
        "type": "message",
        "user": "U0R4YRVFB",
        "text": "Unless you're just an academic",
        "ts": "1457690210.001119"
    },
    {
        "type": "message",
        "user": "U049CMCCZ",
        "text": "absolutely!",
        "ts": "1457690213.001120"
    },
    {
        "type": "message",
        "user": "U0R4YRVFB",
        "text": "I don't pretend to be an expert on anything, I just make videos that - hopefully - kick ass.",
        "ts": "1457690252.001121",
        "reactions": [
            {
                "name": "+1",
                "users": [
                    "U049CMCCZ"
                ],
                "count": 1
            }
        ]
    },
    {
        "type": "message",
        "user": "U0R4YRVFB",
        "text": "that includes not crapping on other people's videos to. I give them tips if they ask for it, that's all",
        "ts": "1457690338.001122"
    },
    {
        "type": "message",
        "user": "U049CMCCZ",
        "text": "Synereo will also kick ass, hopefully soon :simple_smile: The world is in dire need of freedom projects which can destroy big coorps and govs!",
        "ts": "1457690352.001123"
    },
    {
        "type": "message",
        "user": "U0R4YRVFB",
        "text": "absolutely",
        "ts": "1457690360.001124"
    },
    {
        "type": "message",
        "user": "U0R4YRVFB",
        "text": "I think the upcoming bnktothefuture pitch is going to draw a lot of attention, with DAPPS so in the spotlight right now",
        "ts": "1457690394.001125"
    },
    {
        "type": "message",
        "user": "U0QK92Y58",
        "text": "<http:\/\/i.snag.gy\/SbmGa.jpg>",
        "attachments": [
            {
                "fallback": "1000x562px image",
                "image_url": "http:\/\/i.snag.gy\/SbmGa.jpg",
                "image_width": 1000,
                "image_height": 562,
                "image_bytes": 67657,
                "from_url": "http:\/\/i.snag.gy\/SbmGa.jpg",
                "id": 1
            }
        ],
        "ts": "1457690403.001126"
    },
    {
        "type": "message",
        "user": "U0QK92Y58",
        "text": "Headline:\n*Synereo LTD makes post-crowdsale private equity offering.*\nPromoted content only pays AMP, but shares in Synereo LTD pay :heavy_dollar_sign: from transaction fees levied on EVERY transaction on the network !!",
        "ts": "1457690412.001128"
    },
    {
        "type": "message",
        "user": "U0R4YRVFB",
        "text": "Ok, I see how that could be controversial",
        "ts": "1457690465.001129"
    },
    {
        "type": "message",
        "user": "U0R4YRVFB",
        "text": "smart solution though",
        "ts": "1457690471.001130"
    },
    {
        "type": "message",
        "user": "U049CMCCZ",
        "text": "<@U0QK92Y58>: yeah I am aware of this - but don't know really if it is something we need to protest or just have to live with. Hopefully the small users will not be affected.",
        "ts": "1457690541.001131"
    },
    {
        "type": "message",
        "user": "U0QK92Y58",
        "text": "AMP users have no say. Wealthy investors will control the network. Equity investors also decide the network's future by voting their shares.",
        "edited": {
            "user": "U0QK92Y58",
            "ts": "1457691412.000000"
        },
        "ts": "1457690578.001132"
    },
    {
        "type": "message",
        "user": "U049CMCCZ",
        "text": "do you think so? hopefully not.",
        "ts": "1457690620.001133"
    },
    {
        "type": "message",
        "user": "U0QK92Y58",
        "text": "Unlike most DAO, Synereo LTD is not run by a foundation. It is a for profit company that is either too broke, impatient, or greedy to follow the DAO model. They are selling off private equity to investors who will profit from transaction fees.",
        "edited": {
            "user": "U0QK92Y58",
            "ts": "1457690774.000000"
        },
        "ts": "1457690631.001134"
    },
    {
        "type": "message",
        "user": "U0QK92Y58",
        "text": "its a shame, really.",
        "ts": "1457690671.001135"
    },
    {
        "type": "message",
        "user": "U0QK92Y58",
        "text": "I see <@U0474E4KZ> is here, but with nothing to say.",
        "ts": "1457690845.001137"
    },
    {
        "type": "message",
        "user": "U0R4YRVFB",
        "text": "I think you underestimate what the Bf campaign is going to do with the value of your AMPs.",
        "ts": "1457690934.001138"
    },
    {
        "type": "message",
        "user": "U0R4YRVFB",
        "text": "And those other early investors bought",
        "ts": "1457690949.001139"
    },
    {
        "type": "message",
        "user": "U0QK92Y58",
        "text": "BTTF is not a crowdsale like before. This is the private company Synereo LTD selling shares.",
        "ts": "1457691034.001140"
    },
    {
        "type": "message",
        "user": "U0QK92Y58",
        "text": "AMP is for second class citizens.",
        "ts": "1457691062.001141"
    },
    {
        "type": "message",
        "user": "U0QK92Y58",
        "text": "What is the best timing for me to announce all of this on reddit, FB, etc?",
        "ts": "1457691197.001142"
    },
    {
        "type": "message",
        "user": "U049CMCCZ",
        "text": "I'm just a small player\/user so I'm not into business models.\nIsn't it correct that (like in any other crypto network) users pay a fee for a transaction\/purchase of app and etc.?\nSo that fee would go somewhere, right? Into the LTD f.eks.?",
        "edited": {
            "user": "U049CMCCZ",
            "ts": "1457691750.000000"
        },
        "ts": "1457691732.001144"
    },
    {
        "type": "message",
        "subtype": "file_share",
        "text": "<@U0QANLBM3|delawer> uploaded a file: <https:\/\/synereonet.slack.com\/files\/delawer\/F0S4RE2NN\/white_paper_translatio-j_de_juan.rtf|translation in process>",
        "file": {
            "id": "F0S4RE2NN",
            "created": 1457691886,
            "timestamp": 1457691886,
            "name": "white paper translatio-J de Juan.rtf",
            "title": "translation in process",
            "mimetype": "text\/rtf",
            "filetype": "rtf",
            "pretty_type": "Rich Text File",
            "user": "U0QANLBM3",
            "editable": false,
            "size": 4515,
            "mode": "hosted",
            "is_external": false,
            "external_type": "",
            "is_public": true,
            "public_url_shared": false,
            "display_as_bot": false,
            "username": "",
            "url_private": "https:\/\/files.slack.com\/files-pri\/T0474AT8K-F0S4RE2NN\/white_paper_translatio-j_de_juan.rtf?t=xoxe-4242367291-28095460608-28095460624-739c22ae7e",
            "url_private_download": "https:\/\/files.slack.com\/files-pri\/T0474AT8K-F0S4RE2NN\/download\/white_paper_translatio-j_de_juan.rtf?t=xoxe-4242367291-28095460608-28095460624-739c22ae7e",
            "permalink": "https:\/\/synereonet.slack.com\/files\/delawer\/F0S4RE2NN\/white_paper_translatio-j_de_juan.rtf",
            "permalink_public": "https:\/\/slack-files.com\/T0474AT8K-F0S4RE2NN-c4d22bc0d0",
            "channels": [
                "C0474AT8X"
            ],
            "groups": [
    
            ],
            "ims": [
    
            ],
            "comments_count": 0
        },
        "user": "U0QANLBM3",
        "upload": true,
        "display_as_bot": false,
        "username": "<@U0QANLBM3|delawer>",
        "bot_id": null,
        "ts": "1457691886.001146"
    },
    {
        "type": "message",
        "user": "U049CMCCZ",
        "text": "..and so the investors get a cut from those fees?",
        "ts": "1457691930.001147"
    },
    {
        "type": "message",
        "user": "U049CMCCZ",
        "text": "or are fees going somewhere else?",
        "ts": "1457691947.001148"
    },
    {
        "type": "message",
        "user": "U0QK92Y58",
        "text": "A couple days ago on YouTube <@U0474AYFT> explained why the network has to be metered, but avoided talking about this new sale of shares in their private company. Why can't he make a blockchain smart contract to  distribute the transaction fee revenue fairly? I don't trust a private company in Israel run by wealthy big investors.",
        "ts": "1457692165.001149"
    },
    {
        "type": "message",
        "user": "U0QK92Y58",
        "text": "That's the deal <@U049CMCCZ>. The slide I showed is from the marketing material they are showing to big investors.\nREVENUE \u221d transaction fees",
        "ts": "1457692309.001150"
    },
    {
        "type": "message",
        "user": "U048ERGCQ",
        "text": "To me it remains to be seen wether the Shares will be more profitable than simply holding AMPs, if Synereo is a success.",
        "ts": "1457692351.001151"
    },
    {
        "type": "message",
        "user": "U049CMCCZ",
        "text": "is it all user tx fees that go into the LTD?\nI would assume that fees should go towards maintaining the network?",
        "ts": "1457692503.001152"
    },
    {
        "type": "message",
        "user": "U0QK92Y58",
        "text": "Sure. They will have to pay the nodes for bandwidth\/compute\/storage. <@U0474AYFT> also needs to work out a way to pay for development, testing, etc.",
        "ts": "1457692606.001153"
    },
    {
        "type": "message",
        "user": "U049CMCCZ",
        "text": "aha, so is it correct to say that the fees for the LTD is an extra fee taken on top of the normal user fee?",
        "edited": {
            "user": "U049CMCCZ",
            "ts": "1457692708.000000"
        },
        "ts": "1457692679.001154"
    },
    {
        "type": "message",
        "user": "U0QK92Y58",
        "text": "Who can say, since decisions are made by shareholders in a private company.",
        "edited": {
            "user": "U0QK92Y58",
            "ts": "1457692756.000000"
        },
        "ts": "1457692728.001156"
    },
    {
        "type": "message",
        "user": "U049CMCCZ",
        "text": "I have to say - it's a bit confusing. I'm bewildered. Anyway, it's beyond my comprehension.",
        "ts": "1457692795.001158"
    },
    {
        "type": "message",
        "user": "U0QK92Y58",
        "text": "The DAO model lets you trust the blockchain, but Synereo LTD seems to be perverting this.",
        "ts": "1457692811.001159"
    },
    {
        "type": "message",
        "user": "U049CMCCZ",
        "text": "hmmm..",
        "ts": "1457692824.001160"
    },
    {
        "type": "message",
        "user": "U049CMCCZ",
        "text": "&gt;The DAO model lets you trust the blockchain\n:white_check_mark:",
        "ts": "1457692914.001161"
    },
    {
        "type": "message",
        "user": "U049CMCCZ",
        "text": "OK I'm not one to stir the waters, just would like to know how things are stitched together. Have to bail for now.",
        "edited": {
            "user": "U049CMCCZ",
            "ts": "1457693004.000000"
        },
        "ts": "1457692959.001162"
    },
    {
        "type": "message",
        "user": "U0QK92Y58",
        "text": "Nice talking to you <@U049CMCCZ>. Lets hope this can be sorted out before they begin selling shares.",
        "ts": "1457693026.001165"
    },
    {
        "type": "message",
        "user": "U0DKBHZN1",
        "text": "<@U049CMCCZ>:  I think the Synereo fee is % of the user fee.",
        "ts": "1457693285.001166"
    },
    {
        "type": "message",
        "user": "U0474E4KZ",
        "text": "\"Synereo LTD makes post-crowdsale private equity offering.*\nPromoted content only pays AMP, but shares in Synereo LTD pay :heavy_dollar_sign: from transaction fees levied on EVERY transaction on the network !!\" -&gt; *false*.",
        "edited": {
            "user": "U0474E4KZ",
            "ts": "1457693423.000000"
        },
        "ts": "1457693293.001167"
    },
    {
        "type": "message",
        "user": "U0474E4KZ",
        "text": "<@U0QK92Y58>, you've been repeating this lie again and again.",
        "ts": "1457693305.001168"
    },
    {
        "type": "message",
        "user": "U0474E4KZ",
        "text": "This means to me that you are not participating here in good faith.",
        "ts": "1457693315.001169",
        "reactions": [
            {
                "name": "+1",
                "users": [
                    "U04BQ4FMC",
                    "U048ERGCQ"
                ],
                "count": 2
            },
            {
                "name": "white_check_mark",
                "users": [
                    "U0DKBHZN1"
                ],
                "count": 1
            }
        ]
    },
    {
        "type": "message",
        "user": "U0474E4KZ",
        "text": "If you continue doing so, we'll run a poll about banning you from our community.",
        "ts": "1457693341.001170"
    },
    {
        "type": "message",
        "user": "U0474E4KZ",
        "text": "\"A couple days ago on YouTube <@U0474AYFT> explained why the network has to be metered, but avoided talking about this new sale of shares in their private company.\" -&gt; Also false. Anyone watching the hangout can see us providing every detail that currently exists about this.",
        "ts": "1457693406.001171"
    },
    {
        "type": "message",
        "user": "U0474E4KZ",
        "text": "<@U049CMCCZ>: \"aha, so is it correct to say that the fees for the LTD is an extra fee taken on top of the normal user fee?\" -&gt; No, it is not. Please do not believe Shkreli's lies.",
        "edited": {
            "user": "U0474E4KZ",
            "ts": "1457693485.000000"
        },
        "ts": "1457693480.001173"
    },
    {
        "type": "message",
        "user": "U0DKBHZN1",
        "text": "I agree with <@U0474E4KZ> .  <@U0QK92Y58>  you have been repeating the same messages numerous times. You made you point.",
        "ts": "1457693504.001175"
    },
    {
        "type": "message",
        "user": "U0474E4KZ",
        "text": "I have been spending too much time on this instead of actually being productive. This is the last time, <@U0QK92Y58>.",
        "ts": "1457693512.001176"
    },
    {
        "type": "message",
        "user": "U04BQ4FMC",
        "text": "<@U0QK92Y58>: - why do you speak as though you have a crystal ball, and can see the future?\n- if you were here on genuine good faith, you would be voicing concerns instead of making premature accusations.",
        "ts": "1457694725.001177"
    },
    {
        "user": "U0S56922E",
        "type": "message",
        "subtype": "channel_join",
        "text": "<@U0S56922E|aquentus> has joined the channel",
        "ts": "1457696743.001178"
    },
    {
        "type": "message",
        "user": "U0S56922E",
        "text": "is synero out?",
        "ts": "1457697421.001179"
    },
    {
        "type": "message",
        "user": "U0S56922E",
        "text": "oh I see, there's a demo, so presumably not out yet?",
        "ts": "1457697701.001180"
    },
    {
        "type": "message",
        "user": "U048X85UT",
        "text": "<#C0RU0LZQD> is the new channel for traders",
        "ts": "1457701587.001181"
    },
    {
        "type": "message",
        "user": "U0474E4KZ",
        "text": "Not yet, <@U0S56922E>.",
        "edited": {
            "user": "U0474E4KZ",
            "ts": "1457703037.000000"
        },
        "ts": "1457703035.001182"
    },
    {
        "type": "message",
        "user": "U0S56922E",
        "text": "thanks dor, I was reading the blogpost which was linked from r\/ethereum in regards to sharding and was trying to make some sense of it",
        "ts": "1457703083.001184"
    },
    {
        "type": "message",
        "user": "U0S56922E",
        "text": "<http:\/\/blog.synereo.com\/2016\/03\/06\/Synereo-Update\/>",
        "ts": "1457703154.001185"
    },
    {
        "type": "message",
        "user": "U0S56922E",
        "text": "am new to the scene btw, but was wondering if the testing of sharding is in collaboration with vitalik and ethereum or a synergy \"project\"?",
        "ts": "1457703198.001186"
    },
    {
        "type": "message",
        "user": "U0474E4KZ",
        "text": "An announcement about this will be released very soon.",
        "ts": "1457703758.001187"
    },
    {
        "type": "message",
        "user": "U048X85UT",
        "text": "We can say it has been supported by an Ethereum foundation grant and we have been running simulations testing concepts.",
        "ts": "1457704861.001188"
    },
    {
        "type": "message",
        "user": "U0S56922E",
        "text": "nice, I was trying to see what synergy is and obviously it is still not out, but can this be described as a decentralised social network based on.... is it based on a blockchain?",
        "ts": "1457705392.001189"
    },
    {
        "type": "message",
        "user": "U048X85UT",
        "text": "I'm not up to date but watched greg beginning that modeling.  I hope to be more involved as I am designing a blockchain architecture for <#C04BLQ4CX>.  I am excited and believe this is a major development that likely will transform the future of the blockchain and decentralized applications generally.  The math is compelling but not easily comprehensible  I have come to the conclusion that if you think you understand blockchains you don't.  The proof will be in the pudding.",
        "edited": {
            "user": "U048X85UT",
            "ts": "1457705643.000000"
        },
        "ts": "1457705572.001190"
    },
    {
        "type": "message",
        "user": "U048X85UT",
        "text": "Synereo is based on the formal communicating process calculus social contracts algorithmically constraining computation and communications beyond the blockchain.  Originally the blockchain was only intended to provide providence for Synereo but I see it evolving in the direction of synereo becoming the user's agent and providing consensus among blockchains.",
        "ts": "1457706556.001193"
    },
    {
        "type": "message",
        "user": "U0S56922E",
        "text": "in a simpler language though is it fair to call it a decentralised facebook?",
        "ts": "1457706866.001194"
    },
    {
        "type": "message",
        "user": "U04BQ4FMC",
        "text": "that's probably _too simple_",
        "ts": "1457706917.001195"
    },
    {
        "type": "message",
        "user": "U048X85UT",
        "text": "I would call it a decentralized replacement for insecure email and social networks controlled by the user as well as a platform for formal integration of decentralized applications according to personal rules.  Facebook is just a first target.",
        "ts": "1457707222.001196"
    },
    {
        "type": "message",
        "user": "U0S56922E",
        "text": "My gmail is reaching it's limit of around 10GB I think. How can synereo scale considering we are looking at gbs per user, or maybe even, to start with, for it to be usable, at least 100mb per user I'd think.",
        "edited": {
            "user": "U0S56922E",
            "ts": "1457707723.000000"
        },
        "ts": "1457707473.001197"
    },
    {
        "type": "message",
        "user": "U04BQ4FMC",
        "text": "having an adequate number of nodes is important",
        "ts": "1457708228.001199"
    },
    {
        "type": "message",
        "user": "U0S56922E",
        "text": "oh I see, with sharding I suppose only 3 or 4 nodes may need certain info if you can merge them all together",
        "ts": "1457708415.001200"
    },
    {
        "type": "message",
        "user": "U0S56922E",
        "text": "have the more potentially controversial aspects of an uncensorable decentralised social network been considered?",
        "ts": "1457709422.001201"
    },
    {
        "type": "message",
        "user": "U048X85UT",
        "text": "There have been uncensorable social networks since before the dawn of the internet.  Censorable is subvertable and what can be subverted will be.  The power behind censorability does not have our interest in mind.",
        "ts": "1457709633.001202"
    },
    {
        "type": "message",
        "user": "U048X85UT",
        "text": "censorability cannot be enforced.",
        "ts": "1457709745.001203"
    },
    {
        "type": "message",
        "user": "U04GDL62L",
        "text": "The network is self-sensoring, in that messages coming from sources that YOU have deemed 'low reputation' have to pay more AMP in order to get their messages into your feed.",
        "ts": "1457709847.001204"
    },
    {
        "type": "message",
        "user": "U048X85UT",
        "text": "if allowed on your feed at all.",
        "ts": "1457709919.001205"
    },
    {
        "type": "message",
        "user": "U0S56922E",
        "text": "I see, is there a high level description of how synereo is meant to work in practice. I couldn't gain a practical understanding from just reading the website.",
        "ts": "1457710043.001206"
    },
    {
        "type": "message",
        "user": "U0S56922E",
        "text": "or are the details not fully fleshed out yet, in which case when do we expect a downloadable node?",
        "ts": "1457712565.001207"
    },
    {
        "type": "message",
        "subtype": "file_share",
        "text": "<@U04BQ4FMC|malthusjohn> uploaded a file: <https:\/\/synereonet.slack.com\/files\/malthusjohn\/F0S5E0J3D\/synereo.pdf|synereo.pdf> and commented: White Paper",
        "file": {
            "id": "F0S5E0J3D",
            "created": 1457712875,
            "timestamp": 1457712875,
            "name": "synereo.pdf",
            "title": "synereo.pdf",
            "mimetype": "application\/pdf",
            "filetype": "pdf",
            "pretty_type": "PDF",
            "user": "U04BQ4FMC",
            "editable": false,
            "size": 4564971,
            "mode": "hosted",
            "is_external": false,
            "external_type": "",
            "is_public": true,
            "public_url_shared": false,
            "display_as_bot": false,
            "username": "",
            "url_private": "https:\/\/files.slack.com\/files-pri\/T0474AT8K-F0S5E0J3D\/synereo.pdf?t=xoxe-4242367291-28095460608-28095460624-739c22ae7e",
            "url_private_download": "https:\/\/files.slack.com\/files-pri\/T0474AT8K-F0S5E0J3D\/download\/synereo.pdf?t=xoxe-4242367291-28095460608-28095460624-739c22ae7e",
            "permalink": "https:\/\/synereonet.slack.com\/files\/malthusjohn\/F0S5E0J3D\/synereo.pdf",
            "permalink_public": "https:\/\/slack-files.com\/T0474AT8K-F0S5E0J3D-e43bad6c36",
            "channels": [
                "C0474AT8X"
            ],
            "groups": [
    
            ],
            "ims": [
    
            ],
            "comments_count": 1,
            "initial_comment": {
                "id": "Fc0S6VRN9K",
                "created": 1457712875,
                "timestamp": 1457712875,
                "user": "U04BQ4FMC",
                "comment": "White Paper"
            }
        },
        "user": "U04BQ4FMC",
        "upload": true,
        "display_as_bot": false,
        "username": "<@U04BQ4FMC|malthusjohn>",
        "bot_id": null,
        "ts": "1457712876.001208"
    },
    {
        "type": "message",
        "user": "U0S56922E",
        "text": "yeah, I was trying to read that earlier, so much stuff, so little time though",
        "ts": "1457720561.001209"
    },
    {
        "type": "message",
        "user": "U048X85UT",
        "text": "We need a 3 minute video that conveys how the world with synereo will be better.",
        "ts": "1457720645.001210"
    },
    {
        "type": "message",
        "user": "U0S56922E",
        "text": "yeah, for the general public",
        "ts": "1457720702.001211"
    },
    {
        "type": "message",
        "user": "U0S56922E",
        "text": "you probably need a 3 minute text to explain how it actually works in practice as well",
        "ts": "1457720718.001212"
    },
    {
        "type": "message",
        "user": "U0S56922E",
        "text": "as in I download the software, then what happens",
        "ts": "1457720729.001213"
    },
    {
        "type": "message",
        "user": "U0S56922E",
        "text": "as in, what exactly is it, in concrete terms",
        "ts": "1457720752.001214"
    },
    {
        "type": "message",
        "user": "U0S56922E",
        "text": "what can I actually do with it",
        "ts": "1457720763.001215"
    },
    {
        "type": "message",
        "user": "U0S56922E",
        "text": "and why should I use it",
        "ts": "1457720812.001216"
    },
    {
        "type": "message",
        "user": "U0S56922E",
        "text": "the abstract concepts are great, the high level stuff, but zooming into the jungle",
        "ts": "1457720841.001217"
    },
    {
        "type": "message",
        "user": "U0S56922E",
        "text": "I know marketing 101 says show them the benefits not the what, but, it's a balance",
        "ts": "1457720937.001218"
    },
    {
        "type": "message",
        "user": "U0S56922E",
        "text": "why would anyone pay a penny for example to chat to lets say their mother...",
        "ts": "1457720972.001219"
    },
    {
        "type": "message",
        "user": "U0S56922E",
        "text": "when facebook provides it for free",
        "ts": "1457720983.001220"
    },
    {
        "type": "message",
        "user": "U0S56922E",
        "text": "the only real added benefit is in censored stuff isn't it?",
        "ts": "1457721008.001221"
    },
    {
        "type": "message",
        "user": "U0S56922E",
        "text": "that's the tradeoff isn't it? Probably slow, probably expensive, in return for doing what is probably illegal, in some cases just by law, in some other cases actually sanctioned as illegal by univeral moral values",
        "ts": "1457721088.001222"
    },
    {
        "type": "message",
        "user": "U0S56922E",
        "text": "sorry, I'm prob being harsh, but truth sort of hurts",
        "ts": "1457721121.001223"
    },
    {
        "type": "message",
        "user": "U04BQ4FMC",
        "text": "I don't understand that last one..",
        "ts": "1457721162.001224"
    },
    {
        "type": "message",
        "user": "U0S56922E",
        "text": "what is it's added benefit over facebook?",
        "ts": "1457721180.001225"
    },
    {
        "type": "message",
        "user": "U04BQ4FMC",
        "text": "..expensive, in return for doing what is probably illegal..",
        "ts": "1457721191.001226"
    },
    {
        "type": "message",
        "user": "U0S56922E",
        "text": "I mean, we have to consider why we \"censor\" as a society",
        "ts": "1457721194.001227"
    },
    {
        "type": "message",
        "user": "U0S56922E",
        "text": "why, for example, we try and minimise child pornography etc",
        "ts": "1457721222.001228"
    },
    {
        "type": "message",
        "user": "U0S56922E",
        "text": "or terrorists organising etc",
        "ts": "1457721233.001229"
    },
    {
        "type": "message",
        "user": "U0S56922E",
        "text": "and we have to consider the tradeoffs, sure focusing on privacy sounds great, we certainly don't want a hitler, but is it all or nothing?",
        "ts": "1457721288.001230"
    },
    {
        "type": "message",
        "user": "U0S56922E",
        "text": "can't the two co-exist",
        "ts": "1457721307.001231"
    },
    {
        "type": "message",
        "user": "U0S56922E",
        "text": "in effect the current programmers of synergy are the current government, they are actually and in reality deciding the rules",
        "ts": "1457721333.001232"
    },
    {
        "type": "message",
        "user": "U0S56922E",
        "text": "they too are in effect deciding where the balance lays",
        "ts": "1457721353.001233"
    },
    {
        "type": "message",
        "user": "U0S56922E",
        "text": "which is perhaps an insight, the idea of multiple governments offering their rules by which you abide or not, in this minimal context of a social network, that is full privacy - meaning criminal use probably only because slow and expensive - and no privacy as facebook meaning potential hitler, with perhaps other \"governments\" that is social networks offering their own rules of some privacy or whatever",
        "ts": "1457721453.001234"
    },
    {
        "type": "message",
        "user": "U04BQ4FMC",
        "text": "I see.  There will be some social ways that those things can be refused\/reported, etc - IE keep it from your stream.",
        "ts": "1457721869.001235"
    },
    {
        "type": "message",
        "user": "U04BQ4FMC",
        "text": "illegal activities are in their own group",
        "ts": "1457721890.001236"
    },
    {
        "type": "message",
        "user": "U04BQ4FMC",
        "text": "- as far as compare to FB, or others, it's much more than just privacy &amp; ownership of your data &amp; content, it's having your sovereign right to ultimate freedom (thought) respected, which means paid for, in a capitalist dominated society.",
        "ts": "1457722020.001237"
    },
    {
        "type": "message",
        "user": "U04BQ4FMC",
        "text": "and the enabling of free social\/public spheres",
        "ts": "1457722043.001238"
    },
    {
        "type": "message",
        "user": "U04BQ4FMC",
        "text": "where markets and governance can exist",
        "ts": "1457722070.001239"
    },
    {
        "type": "message",
        "user": "U04BQ4FMC",
        "text": "and managed in a trustless way, free of mediators &amp; middlemen",
        "ts": "1457722114.001240"
    },
    {
        "type": "message",
        "user": "U048X85UT",
        "text": "Censorship will not stop terrorism or child porn any more than prohibition stopped people from drinking.  It just empowers the underworld and makes the rest of us vulnerable.  Those who think centralized control will not be subverted are delusional in my view but even include my own children.  We cannot appease then, we must decentralize in spite of them.",
        "ts": "1457722219.001241"
    },
    {
        "type": "message",
        "user": "U0RL4SRHB",
        "text": "<@U0S56922E> <https:\/\/advocacy.mozilla.org\/encrypt\/social\/3> &lt;- This may be helpful.",
        "attachments": [
            {
                "service_name": "Mozilla Advocacy - Encryption",
                "title": "Encryption matters",
                "title_link": "https:\/\/advocacy.mozilla.org\/encrypt\/social\/3",
                "text": "I care about protecting #encryption and you should too. To learn more about how it works and why it\u2019s worth protecting, check out this great site from @Mozilla at <https:\/\/advocacy.mozilla.org\/encrypt>",
                "fallback": "Mozilla Advocacy - Encryption: Encryption matters",
                "image_url": "https:\/\/advocacy.mozilla.org\/assets\/img\/share\/video3-facebook.png",
                "from_url": "https:\/\/advocacy.mozilla.org\/encrypt\/social\/3",
                "image_width": 475,
                "image_height": 250,
                "image_bytes": 75099,
                "id": 1
            }
        ],
        "ts": "1457722809.001242",
        "reactions": [
            {
                "name": "+1",
                "users": [
                    "U04BQ4FMC"
                ],
                "count": 1
            }
        ]
    },
    {
        "type": "message",
        "user": "U0S56922E",
        "text": "<@U048X85UT>: we have to consider the reasons for some censorships",
        "ts": "1457723104.001244"
    },
    {
        "type": "message",
        "user": "U0S56922E",
        "text": "for example, child porn",
        "ts": "1457723110.001245"
    },
    {
        "type": "message",
        "user": "U0S56922E",
        "text": "sure they might still be able to whatever, but should that become an acceptable thing, something you randomly bump into",
        "ts": "1457723161.001246"
    },
    {
        "type": "message",
        "user": "U0S56922E",
        "text": "if so, how do we shun undesirable things",
        "edited": {
            "user": "U0S56922E",
            "ts": "1457723211.000000"
        },
        "ts": "1457723201.001247"
    },
    {
        "type": "message",
        "user": "U0S56922E",
        "text": "how do we enforce universal moral values",
        "ts": "1457723262.001249"
    },
    {
        "type": "message",
        "user": "U0S56922E",
        "text": "and what's next, is murder to be left up to the individual?",
        "ts": "1457723285.001250"
    },
    {
        "type": "message",
        "user": "U0S56922E",
        "text": "and if so, if we find it unacceptable, how do we shun that individual, etc",
        "ts": "1457723301.001251"
    },
    {
        "type": "message",
        "user": "U0S56922E",
        "text": "you know, there are tradeoffs, but in a decentralised setting maybe the tradeoffs can be set without a centralised entity, I suppose thats the point of decentralisation, that a cartel does not decide. That does not mean however that we, collectively, should not decide and have it free for all",
        "ts": "1457723368.001252"
    },
    {
        "type": "message",
        "user": "U0S56922E",
        "text": "it's not either or, in my view",
        "ts": "1457723390.001253"
    },
    {
        "type": "message",
        "user": "U0S56922E",
        "text": "we can have both, the challenge is how",
        "ts": "1457723398.001254"
    },
    {
        "type": "message",
        "user": "U048X85UT",
        "text": "the simple fact is censorship will not stop child porn, terorism or illegal transactions.  They have always happened and will condone to happen.  Law enforcement and government  is changing its tune about the threat of the anonymous technology.  They are beginning to see the technology as just another investigative tool in what would be happening anyway.  This was abundantly clear in the DC Blockchain summit which I wish we had the video from.  Exposing ourselves only makes us more volnerable and does not stop the problem.  Censorship is a false solution leading only to abuse of its intent and rebellion against it.",
        "ts": "1457725300.001255"
    },
    {
        "type": "message",
        "user": "U048X85UT",
        "text": "You may be deceived about the utility of censorship or be a troll of the obligatory :simple_smile:",
        "ts": "1457725439.001256"
    },
    {
        "type": "message",
        "user": "U0S56922E",
        "text": "you are taking an us and them approach jim",
        "ts": "1457725799.001257"
    },
    {
        "type": "message",
        "user": "U0S56922E",
        "text": "there is no us and there is no them",
        "ts": "1457725806.001258"
    },
    {
        "type": "message",
        "user": "U0S56922E",
        "text": "in effect, right here, we are a government, deciding, by using reason and logic, about human behaviour",
        "ts": "1457725832.001259"
    },
    {
        "type": "message",
        "user": "U0S56922E",
        "text": "its not about whether bad things can happen nonetheless",
        "ts": "1457725845.001260"
    },
    {
        "type": "message",
        "user": "U0S56922E",
        "text": "it's about minimising bad things",
        "ts": "1457725854.001261"
    },
    {
        "type": "message",
        "user": "U0S56922E",
        "text": "and it is far too easy to imagine conspiracies of trolls of the oligarchy",
        "ts": "1457725897.001262"
    },
    {
        "type": "message",
        "user": "U0S56922E",
        "text": "truth is there are, in my view, and probably by any rational thought, matters that need to be considered and rather than taking an extreme position on one end, perhaps we can analyse the tradeoffs and come to a balance",
        "ts": "1457725941.001263"
    },
    {
        "type": "message",
        "user": "U048X85UT",
        "text": "censorship is a collective act where each of us block the promotion the channels deemed anti-social by us individually, thus collectively inhibiting it, among ourselves.  Surveillance is something else disguised as censorship, because humans operate it.  Thos who now have the power over us, our government, media, etc. are the \"them\" only because we have not practised our independence.  They are humans just like us and we can play on a level playing field by standing against centralization.",
        "ts": "1457726073.001264"
    },
    {
        "type": "message",
        "user": "U0S56922E",
        "text": "however, right now, for all purposes, we are the government",
        "ts": "1457726112.001265"
    },
    {
        "type": "message",
        "user": "U0S56922E",
        "text": "and as such we have to understand why censorship exists at all, before we can deal with it",
        "ts": "1457726136.001266"
    },
    {
        "type": "message",
        "user": "U0S56922E",
        "text": "sure there is misuse, etc, but, presumably, legitimacy is in some way derived because of rational reasons, which then leads to abuse",
        "ts": "1457726165.001267"
    },
    {
        "type": "message",
        "user": "U0S56922E",
        "text": "so we need to understand where that legitimacy came from, what made it right for people to submit and give their power, that is, what are the core laws",
        "ts": "1457726201.001268"
    },
    {
        "type": "message",
        "user": "U048X85UT",
        "text": "I disagree completely.  As jesse ventura said, it is just like professional wrestling.  It is foolish to think the major parties are not controlled and we really had a choice of the candidates or that it would make any difference who was elected.  The same s*it goes on anyway.  By the time anything becomes law, it always seems it has been warped to serve them.",
        "ts": "1457726432.001269"
    },
    {
        "type": "message",
        "user": "U0S56922E",
        "text": "sure",
        "ts": "1457726453.001270"
    },
    {
        "type": "message",
        "user": "U0S56922E",
        "text": "but now we are the government",
        "ts": "1457726461.001271"
    },
    {
        "type": "message",
        "user": "U048X85UT",
        "text": "Good things happen only because \"they\" are not all bad.  They are just like us.",
        "ts": "1457726469.001272"
    },
    {
        "type": "message",
        "user": "U0S56922E",
        "text": "we rule, we decide",
        "ts": "1457726472.001273"
    },
    {
        "type": "message",
        "user": "U0S56922E",
        "text": "what we say is law",
        "ts": "1457726492.001274"
    },
    {
        "type": "message",
        "user": "U0S56922E",
        "text": "where do we set the bounderies?",
        "ts": "1457726519.001275"
    },
    {
        "type": "message",
        "user": "U0S56922E",
        "text": "is it fully free for all, including murder?",
        "ts": "1457726529.001276"
    },
    {
        "type": "message",
        "user": "U048X85UT",
        "text": "enough politics, we must agree to disagree but I will die before surrendering to them.",
        "ts": "1457726536.001277"
    },
    {
        "type": "message",
        "user": "U0S56922E",
        "text": "do we take no mitigation steps whatever, inlcuding child porn \"groups\" et",
        "ts": "1457726548.001278"
    },
    {
        "type": "message",
        "user": "U0S56922E",
        "text": "it's not politics, it's philosophy",
        "ts": "1457726564.001279"
    },
    {
        "type": "message",
        "user": "U0S56922E",
        "text": "you can not disgard thousands of years of human existance",
        "ts": "1457726582.001280"
    },
    {
        "type": "message",
        "user": "U0S56922E",
        "text": "and certain univeral laws",
        "ts": "1457726588.001281"
    },
    {
        "type": "message",
        "user": "U0S56922E",
        "text": "such as no murder etc",
        "ts": "1457726592.001282"
    },
    {
        "type": "message",
        "user": "U0S56922E",
        "text": "and no enabling of murder",
        "ts": "1457726598.001283"
    },
    {
        "type": "message",
        "user": "U048X85UT",
        "text": "We are mitigating without sacrificing our privacy when the underworld maintains their.  We are just hkeeping the playing field level.",
        "ts": "1457726694.001284"
    },
    {
        "type": "message",
        "user": "U0S56922E",
        "text": "by moving to one end",
        "ts": "1457726722.001285"
    },
    {
        "type": "message",
        "user": "U0S56922E",
        "text": "by perhaps emplying an either or thinking",
        "ts": "1457726733.001286"
    },
    {
        "type": "message",
        "user": "U0S56922E",
        "text": "you see, in my view, we can have both",
        "ts": "1457726741.001287"
    },
    {
        "type": "message",
        "user": "U0S56922E",
        "text": "there are tradeoffs, in my view, and we can set those tradeoffs",
        "ts": "1457726755.001288"
    },
    {
        "type": "message",
        "user": "U0S56922E",
        "text": "there is no need, in my view, for a free for all, when we can have full freedom with checks and balances",
        "ts": "1457726777.001289"
    },
    {
        "type": "message",
        "user": "U0S56922E",
        "text": "in this new world we are setting the rules, and perhaps we can all realise that there must be rules for man to function",
        "ts": "1457726799.001290"
    },
    {
        "type": "message",
        "user": "U048X85UT",
        "text": "sorry, I will not participate in your network surveilled by God knows what forces, so how does your compromise protect you against me?",
        "ts": "1457726874.001291"
    },
    {
        "type": "message",
        "user": "U0S56922E",
        "text": "survelliance is something else, but even there, there are tradeoffs",
        "ts": "1457726898.001292"
    },
    {
        "type": "message",
        "user": "U0S56922E",
        "text": "I mean, I fully understand, but I am not sure you understand what I am trying to say",
        "ts": "1457726920.001293"
    },
    {
        "type": "message",
        "user": "U0S56922E",
        "text": "you can not simply disregard thousands of years of humanity existance",
        "ts": "1457726934.001294"
    },
    {
        "type": "message",
        "user": "U0S56922E",
        "text": "especially, you can not disregard certain laws",
        "ts": "1457726944.001295"
    },
    {
        "type": "message",
        "user": "U0S56922E",
        "text": "even the ancients for example new murder or enabling murder is wrong",
        "ts": "1457726960.001296"
    },
    {
        "type": "message",
        "user": "U0S56922E",
        "text": "you think that's a price worth paying?",
        "ts": "1457726969.001297"
    },
    {
        "type": "message",
        "user": "U0S56922E",
        "text": "on what basis",
        "ts": "1457726973.001298"
    },
    {
        "type": "message",
        "user": "U0S56922E",
        "text": "especially when you can have both",
        "ts": "1457726987.001299"
    },
    {
        "type": "message",
        "user": "U0S56922E",
        "text": "the code for example could be programmed to have whatever checks and balances",
        "ts": "1457727004.001300"
    },
    {
        "type": "message",
        "user": "U0PCK9TKL",
        "text": "This conversation needs to be moved to a philosophy channel",
        "ts": "1457727028.001301"
    },
    {
        "type": "message",
        "user": "U0PCK9TKL",
        "text": "I'll make one in a few minutes",
        "ts": "1457727051.001302"
    },
    {
        "type": "message",
        "user": "U04A8095T",
        "text": "I've been thinking about the need to respond to legal and\/or community requests related to objectionable or illegal material.  This is not an easy topic.  With relatively secure and private channels, hopefully people will just sever the connections where they find objectionable content.  But for a venue (i.e., an semi-public agent like LivelyGig with a lot of connections), we may have an obligation to implement a take-down protocol where we can remove a post or even disabling an agent (user).     I could imagine community governance to help moderate content, as well.",
        "ts": "1457727077.001303"
    },
    {
        "type": "message",
        "user": "U0S56922E",
        "text": "I agree it's a difficult topic, but in my view just because something is decentralised, or offers many benefits over a centralised entity abusing whatever, doesn't necessarily mean that we in turn should have no rules whatever. In practice that probably translates to a space for criminals only and fully shuned by the wider public",
        "ts": "1457727237.001304"
    },
    {
        "type": "message",
        "user": "U048X85UT",
        "text": "Make a #ranting channel instead :stuck_out_tongue:  We should do everything possible to protect our families from harm in any way that does not infringe on the privacy of innocent individuals.  There is no argument there.   With centralized survailance, the cure is much worse than the disease and it fails to cure the disease.",
        "ts": "1457727291.001305"
    },
    {
        "type": "message",
        "user": "U0S56922E",
        "text": "I think there are degrees, there are some things which may by some be considered unethical, and then there are some things which by the utmost majority are considered fully unacceptable and they will fully disregard any benefits because the dangers are just too great",
        "ts": "1457727321.001306"
    },
    {
        "type": "message",
        "user": "U0S56922E",
        "text": "we have over millenias established certain principles for a reason and we dont need to and really can't throw them out, but we still can gain benefits because many \"wrongs\" have no relation whatever to those \"principles\". So it's a complex thing, but something that should be considered and incorporated in a decentralised design in my view",
        "ts": "1457727436.001307"
    },
    {
        "type": "message",
        "user": "U0S56922E",
        "text": "jim, I agree about surveliance, don't take me wrong at all",
        "ts": "1457727491.001308"
    },
    {
        "type": "message",
        "user": "U0S56922E",
        "text": "I don't think it is in any way justified",
        "ts": "1457727504.001309"
    },
    {
        "type": "message",
        "user": "U0S56922E",
        "text": "I'm talking about far more basic principles, such as murder etc",
        "ts": "1457727519.001310"
    },
    {
        "type": "message",
        "user": "U0S56922E",
        "text": "my basic thinking is that in the decentralised space, where I have taken part for many years, there is a predominance to look at one aspect only, and not consider the downsides, when I do not think that just because something is decentralised there ought to be no basic rules. Even ancap considers rules pretty central to their thinking. We can incorporate basic rules in decentralised spaces. It does not have to be either full privacy and murder markets or no privacy, we can have both full privacy and minimised \"bad stuff we all agree on are bad\".",
        "ts": "1457727866.001311"
    },
    {
        "type": "message",
        "user": "U0RL4SRHB",
        "text": "Encryption can also help protect potential victims from being murdered. Why should my security be diminished because someone is a murderer or pedophile who will be using ejabberd and jitsi with ZRTP anyway to conseal their activities? If the SoMe platforms I use or other services, are not encrypted the assholes of the world will still find a way to conceal their activities, leaving me and my family vulnerable for no apparent reason.",
        "ts": "1457728031.001312"
    },
    {
        "type": "message",
        "user": "U0PCK9TKL",
        "text": "please carry your conversation to <#C0S9163SQ>",
        "ts": "1457728067.001313"
    },
    {
        "type": "message",
        "user": "U048X85UT",
        "text": "We have no argument then. We are the militia against evil in our life and let live collaborative for voluntary governance.  With Synereo we might sculpt our social contracts and develop solutions that actually work.  Centralization creates a central point of attack and ultimately fails.  See you in <#C0S9163SQ>",
        "ts": "1457728146.001314"
    },
    {
        "type": "message",
        "user": "U04910F4Z",
        "text": "Encryption was categorized by the US Government as a weapon for a reason, because it kind of is. And as such it can be used for self defense and to hide immoral behaviour. \n\nThat does not justify the banning or dismantling of cryptography any  more then terrorism justifies the banning of privatedly owned guns. its the same argument. Gun 'control' means only the bad people will have guns. \n\nCrypto bans means only highly motivated bad guys will use crypto. \n\nOn the other hand, feral governments are critically limited in their power by an armed population, especially one with secure communications and authentication.",
        "edited": {
            "user": "U04910F4Z",
            "ts": "1457736880.000000"
        },
        "ts": "1457736780.001315"
    },
    {
        "type": "message",
        "user": "U0PCK9TKL",
        "text": "<https:\/\/www.facebook.com\/events\/1778242099064034\/> can you guys join this.",
        "ts": "1457736829.001316"
    },
    {
        "type": "message",
        "subtype": "file_share",
        "text": "<@U04910F4Z|jsgalt> uploaded a file: <https:\/\/synereonet.slack.com\/files\/jsgalt\/F0SA71PSS\/screenshot.1457736896.jpg|screenshot.1457736896.jpg>",
        "file": {
            "id": "F0SA71PSS",
            "created": 1457736911,
            "timestamp": 1457736911,
            "name": "screenshot.1457736896.jpg",
            "title": "screenshot.1457736896.jpg",
            "mimetype": "image\/jpeg",
            "filetype": "jpg",
            "pretty_type": "JPEG",
            "user": "U04910F4Z",
            "editable": false,
            "size": 43758,
            "mode": "hosted",
            "is_external": false,
            "external_type": "",
            "is_public": true,
            "public_url_shared": false,
            "display_as_bot": false,
            "username": "",
            "url_private": "https:\/\/files.slack.com\/files-pri\/T0474AT8K-F0SA71PSS\/screenshot.1457736896.jpg?t=xoxe-4242367291-28095460608-28095460624-739c22ae7e",
            "url_private_download": "https:\/\/files.slack.com\/files-pri\/T0474AT8K-F0SA71PSS\/download\/screenshot.1457736896.jpg?t=xoxe-4242367291-28095460608-28095460624-739c22ae7e",
            "thumb_64": "https:\/\/files.slack.com\/files-tmb\/T0474AT8K-F0SA71PSS-7346c4b71e\/screenshot.1457736896_64.jpg?t=xoxe-4242367291-28095460608-28095460624-739c22ae7e",
            "thumb_80": "https:\/\/files.slack.com\/files-tmb\/T0474AT8K-F0SA71PSS-7346c4b71e\/screenshot.1457736896_80.jpg?t=xoxe-4242367291-28095460608-28095460624-739c22ae7e",
            "thumb_360": "https:\/\/files.slack.com\/files-tmb\/T0474AT8K-F0SA71PSS-7346c4b71e\/screenshot.1457736896_360.jpg?t=xoxe-4242367291-28095460608-28095460624-739c22ae7e",
            "thumb_360_w": 360,
            "thumb_360_h": 66,
            "thumb_480": "https:\/\/files.slack.com\/files-tmb\/T0474AT8K-F0SA71PSS-7346c4b71e\/screenshot.1457736896_480.jpg?t=xoxe-4242367291-28095460608-28095460624-739c22ae7e",
            "thumb_480_w": 480,
            "thumb_480_h": 89,
            "thumb_160": "https:\/\/files.slack.com\/files-tmb\/T0474AT8K-F0SA71PSS-7346c4b71e\/screenshot.1457736896_160.jpg?t=xoxe-4242367291-28095460608-28095460624-739c22ae7e",
            "image_exif_rotation": 1,
            "original_w": 699,
            "original_h": 129,
            "permalink": "https:\/\/synereonet.slack.com\/files\/jsgalt\/F0SA71PSS\/screenshot.1457736896.jpg",
            "permalink_public": "https:\/\/slack-files.com\/T0474AT8K-F0SA71PSS-89bc957c20",
            "channels": [
                "C0474AT8X"
            ],
            "groups": [
    
            ],
            "ims": [
    
            ],
            "comments_count": 0
        },
        "user": "U04910F4Z",
        "upload": true,
        "display_as_bot": false,
        "username": "<@U04910F4Z|jsgalt>",
        "bot_id": null,
        "ts": "1457736913.001318"
    },
    {
        "type": "message",
        "user": "U0PCK9TKL",
        "text": "<https:\/\/appear.in\/synereomedia>",
        "attachments": [
            {
                "title": "appear.in \u2013 one click video conversations",
                "title_link": "https:\/\/appear.in\/synereomedia",
                "text": "Video conversations with up to 8 people for free - no login, no downloads. Create a video room. Share the link. Appear together. Try it now at <https:\/\/appear.in>",
                "fallback": "appear.in \u2013 one click video conversations",
                "from_url": "https:\/\/appear.in\/synereomedia",
                "id": 1
            }
        ],
        "ts": "1457737622.001319"
    }
]