[
    {
        "type": "message",
        "user": "U0474E4KZ",
        "text": "<@U0J9CQF9S>: link to the next pres at the end of each one.",
        "ts": "1454937933.000407"
    },
    {
        "type": "message",
        "user": "U0474E4KZ",
        "text": "Chapter two is here: <https:\/\/docs.google.com\/a\/factom.org\/presentation\/d\/1DimMeRZx1qp0-m0DzyEZxc3IbYDfzovummDfRdeWT9U\/present?slide=id.g5d99680d4_00>",
        "ts": "1454937937.000408"
    },
    {
        "type": "message",
        "subtype": "file_share",
        "text": "<@U0474E4KZ|dor> shared a file: <https:\/\/synereonet.slack.com\/files\/dor\/F06SXJYKV\/networkdynamicschapter2|Network Dynamics: Chapter 2>",
        "file": {
            "id": "F06SXJYKV",
            "created": 1435339750,
            "timestamp": 1435339750,
            "name": "NetworkDynamicsChapter2",
            "title": "Network Dynamics: Chapter 2",
            "mimetype": "application\/vnd.google-apps.presentation",
            "filetype": "gpres",
            "pretty_type": "GDocs Presentation",
            "user": "U0474E4KZ",
            "editable": false,
            "size": 5981,
            "mode": "external",
            "is_external": true,
            "external_type": "gdrive",
            "is_public": true,
            "public_url_shared": false,
            "display_as_bot": false,
            "username": "",
            "url_private": "https:\/\/docs.google.com\/presentation\/d\/1DimMeRZx1qp0-m0DzyEZxc3IbYDfzovummDfRdeWT9U\/edit?usp=drivesdk",
            "thumb_64": "https:\/\/a.slack-edge.com\/66f9\/img\/files\/gpres_64.png",
            "thumb_360": "https:\/\/a.slack-edge.com\/272a\/img\/files\/gpres_360.png",
            "thumb_360_w": 360,
            "thumb_360_h": 167,
            "permalink": "https:\/\/synereonet.slack.com\/files\/dor\/F06SXJYKV\/networkdynamicschapter2",
            "channels": [
                "C0474CWNK",
                "C0474AT8X"
            ],
            "groups": [
    
            ],
            "ims": [
    
            ],
            "comments_count": 0
        },
        "user": "U0474E4KZ",
        "upload": false,
        "display_as_bot": false,
        "username": "<@U0474E4KZ|dor>",
        "bot_id": null,
        "ts": "1454937938.000409"
    },
    {
        "type": "message",
        "user": "U048T3M8W",
        "text": "<@U0474E4KZ> The scribes are done with the summaries of our weekly Hangout. You can review it and of course publish it :simple_smile:\n\nReward for HOA summary 1\/13, 1\/20, 1\/27, 2\/03\t\t\nAMP 15,243.39\t65.00%\t<@U048T3M8W>\nAMP 7,010.36\t35.00%\t<@U04BQ4FMC>\n\nWe're in desperate need for more scribes. You will not only be rewarded in AMP's but also your REO will go sky-high LOL :simple_smile:",
        "ts": "1454938526.000410"
    },
    {
        "type": "message",
        "user": "U04BQ4FMC",
        "text": "Remember, <@U048T3M8W> - we have a hangout channel now!   :wink:",
        "ts": "1454938893.000411"
    },
    {
        "type": "message",
        "user": "U0474E4KZ",
        "text": "Perfect, thank you.",
        "ts": "1454940437.000412"
    },
    {
        "type": "message",
        "user": "U0474E4KZ",
        "text": "Sent!",
        "ts": "1454944147.000413"
    },
    {
        "type": "message",
        "user": "U0474E4KZ",
        "text": "That's a nice chunk of AMPs. Thank you, Scribes! :heart:",
        "ts": "1454944157.000414"
    },
    {
        "type": "message",
        "user": "U0J9CQF9S",
        "text": " <https:\/\/www.aclu.org\/news\/joseph-gordon-levitt-asks-public-submit-videos-project-tech-and-democracy> synereo should make a quick video using QuickTime and send it to him. could be good publicity for synereo.",
        "attachments": [
            {
                "service_name": "American Civil Liberties Union",
                "title": "Joseph Gordon-Levitt Asks Public to Submit Videos for Project on Tech and Democracy",
                "title_link": "https:\/\/www.aclu.org\/news\/joseph-gordon-levitt-asks-public-submit-videos-project-tech-and-democracy",
                "text": "LOS ANGELES \u2014 Actor and filmmaker Joseph Gordon-Levitt launched a new community-sourced video project today with his production company hitRECord and the American Civil Liberties Union, putting out a call for people to submit videos with their takes on the connections between technology and democracy. The submissions will be used for a series of collaborative short films about the subject.",
                "fallback": "American Civil Liberties Union: Joseph Gordon-Levitt Asks Public to Submit Videos for Project on Tech and Democracy",
                "from_url": "https:\/\/www.aclu.org\/news\/joseph-gordon-levitt-asks-public-submit-videos-project-tech-and-democracy",
                "id": 1
            }
        ],
        "edited": {
            "user": "U0J9CQF9S",
            "ts": "1454944776.000000"
        },
        "ts": "1454944422.000415"
    },
    {
        "type": "message",
        "user": "U0474E4KZ",
        "text": "<@U0FESR742>: sounds perfect for you. Feel like sending something in?",
        "ts": "1454944756.000417",
        "reactions": [
            {
                "name": "+1",
                "users": [
                    "U0FESR742"
                ],
                "count": 1
            }
        ]
    },
    {
        "type": "message",
        "user": "U0J9CQF9S",
        "text": "what do you think about this mission statement: Growing communities by Amplyfing personal connection.",
        "ts": "1454946497.000419"
    },
    {
        "user": "U0LJC4J67",
        "type": "message",
        "subtype": "channel_join",
        "text": "<@U0LJC4J67|naeap> has joined the channel",
        "ts": "1454947358.000420"
    },
    {
        "type": "message",
        "user": "U0LJC4J67",
        "text": "Hi guys!\nCan enlighten me, what happend with the AMPs from the crowdsale?\nI haven't gotten any message whatsoever how to collect them... :confused:",
        "ts": "1454947452.000421"
    },
    {
        "type": "message",
        "user": "U0LJC4J67",
        "text": "*Can someone enlighten me...\n0:-)",
        "ts": "1454947620.000422"
    },
    {
        "type": "message",
        "user": "U0FESR742",
        "text": "<@U0LJC4J67>:  if you have an omniwallet - you can move them to a place where you can convert them to bitcoins or dollars, and then withdraw.",
        "ts": "1454949608.000423"
    },
    {
        "type": "message",
        "user": "U0FESR742",
        "text": "<@U0J9CQF9S>: this reinforces the importance of the message drivers document, and that we all be on the same page with our mission \/ scope \/ purpose. The drivers give a start, but we do need to have these basic questions in an accessible place. <@U0474E4KZ> sounds like its time to review this.",
        "ts": "1454949677.000424"
    },
    {
        "type": "message",
        "subtype": "file_share",
        "text": "<@U0FESR742|jwalls> uploaded a file: <https:\/\/synereonet.slack.com\/files\/jwalls\/F0LJFMQQ5\/synereo_message_drivers_2.docx|Synereo Message Drivers 2.docx>",
        "file": {
            "id": "F0LJFMQQ5",
            "created": 1454949710,
            "timestamp": 1454949710,
            "name": "Synereo Message Drivers 2.docx",
            "title": "Synereo Message Drivers 2.docx",
            "mimetype": "application\/vnd.openxmlformats-officedocument.wordprocessingml.document",
            "filetype": "docx",
            "pretty_type": "Word Document",
            "user": "U0FESR742",
            "editable": false,
            "size": 16140,
            "mode": "hosted",
            "is_external": false,
            "external_type": "",
            "is_public": true,
            "public_url_shared": false,
            "display_as_bot": false,
            "username": "",
            "url_private": "https:\/\/files.slack.com\/files-pri\/T0474AT8K-F0LJFMQQ5\/synereo_message_drivers_2.docx?t=xoxe-4242367291-28095460608-28095460624-739c22ae7e",
            "url_private_download": "https:\/\/files.slack.com\/files-pri\/T0474AT8K-F0LJFMQQ5\/download\/synereo_message_drivers_2.docx?t=xoxe-4242367291-28095460608-28095460624-739c22ae7e",
            "permalink": "https:\/\/synereonet.slack.com\/files\/jwalls\/F0LJFMQQ5\/synereo_message_drivers_2.docx",
            "permalink_public": "https:\/\/slack-files.com\/T0474AT8K-F0LJFMQQ5-0b3e0c36b8",
            "channels": [
                "C0474AT8X"
            ],
            "groups": [
    
            ],
            "ims": [
    
            ],
            "comments_count": 2
        },
        "user": "U0FESR742",
        "upload": true,
        "display_as_bot": false,
        "username": "<@U0FESR742|jwalls>",
        "bot_id": null,
        "ts": "1454949711.000425"
    },
    {
        "type": "message",
        "user": "U0FESR742",
        "text": "<@U0474E4KZ>: I can look into the Levit angle. Im not sure how much Synereo fits but if its a good match I'll jump on it. Also, have someone jumping in to do the 1st level posting we need (reddit, fb, twitter), let's get some Ambassadors out there to share push those messages out to the communities from there.",
        "ts": "1454949872.000426"
    },
    {
        "type": "message",
        "user": "U0FESR742",
        "text": "If someone could take Dor's \"what we need\" text and format \/place in Taiga that would be great.",
        "ts": "1454949935.000427",
        "reactions": [
            {
                "name": "+1",
                "users": [
                    "U0474E4KZ"
                ],
                "count": 1
            }
        ]
    },
    {
        "type": "message",
        "user": "U0J9CQF9S",
        "text": "<@U0FESR742> i just recorded a video for it. <https:\/\/hitrecord.org\/records\/2669683>",
        "attachments": [
            {
                "text": "HITRECORD is an open-collaborative production company, and this website is where we make things together.",
                "fallback": "HITRECORD is an open-collaborative production company, and this website is where we make things together.",
                "from_url": "https:\/\/hitrecord.org\/records\/2669683",
                "id": 1
            }
        ],
        "ts": "1454952110.000428",
        "reactions": [
            {
                "name": "+1",
                "users": [
                    "U04GDL62L",
                    "U048T3M8W"
                ],
                "count": 2
            },
            {
                "name": "stars",
                "users": [
                    "U0474E4KZ"
                ],
                "count": 1
            }
        ]
    },
    {
        "type": "message",
        "subtype": "file_share",
        "text": "<@U0J9CQF9S|shdwdm> uploaded a file: <https:\/\/synereonet.slack.com\/files\/shdwdm\/F0LJTMJ0N\/0c1d10a7a09fc9d1bf882ac8d590f578.jpg|Social Media Comparison>",
        "file": {
            "id": "F0LJTMJ0N",
            "created": 1454953828,
            "timestamp": 1454953828,
            "name": "0c1d10a7a09fc9d1bf882ac8d590f578.jpg",
            "title": "Social Media Comparison",
            "mimetype": "image\/jpeg",
            "filetype": "jpg",
            "pretty_type": "JPEG",
            "user": "U0J9CQF9S",
            "editable": false,
            "size": 53402,
            "mode": "hosted",
            "is_external": false,
            "external_type": "",
            "is_public": true,
            "public_url_shared": false,
            "display_as_bot": false,
            "username": "",
            "url_private": "https:\/\/files.slack.com\/files-pri\/T0474AT8K-F0LJTMJ0N\/0c1d10a7a09fc9d1bf882ac8d590f578.jpg?t=xoxe-4242367291-28095460608-28095460624-739c22ae7e",
            "url_private_download": "https:\/\/files.slack.com\/files-pri\/T0474AT8K-F0LJTMJ0N\/download\/0c1d10a7a09fc9d1bf882ac8d590f578.jpg?t=xoxe-4242367291-28095460608-28095460624-739c22ae7e",
            "thumb_64": "https:\/\/files.slack.com\/files-tmb\/T0474AT8K-F0LJTMJ0N-94cd20456d\/0c1d10a7a09fc9d1bf882ac8d590f578_64.jpg?t=xoxe-4242367291-28095460608-28095460624-739c22ae7e",
            "thumb_80": "https:\/\/files.slack.com\/files-tmb\/T0474AT8K-F0LJTMJ0N-94cd20456d\/0c1d10a7a09fc9d1bf882ac8d590f578_80.jpg?t=xoxe-4242367291-28095460608-28095460624-739c22ae7e",
            "thumb_360": "https:\/\/files.slack.com\/files-tmb\/T0474AT8K-F0LJTMJ0N-94cd20456d\/0c1d10a7a09fc9d1bf882ac8d590f578_360.jpg?t=xoxe-4242367291-28095460608-28095460624-739c22ae7e",
            "thumb_360_w": 360,
            "thumb_360_h": 265,
            "thumb_160": "https:\/\/files.slack.com\/files-tmb\/T0474AT8K-F0LJTMJ0N-94cd20456d\/0c1d10a7a09fc9d1bf882ac8d590f578_160.jpg?t=xoxe-4242367291-28095460608-28095460624-739c22ae7e",
            "image_exif_rotation": 1,
            "original_w": 476,
            "original_h": 350,
            "permalink": "https:\/\/synereonet.slack.com\/files\/shdwdm\/F0LJTMJ0N\/0c1d10a7a09fc9d1bf882ac8d590f578.jpg",
            "permalink_public": "https:\/\/slack-files.com\/T0474AT8K-F0LJTMJ0N-380e8df601",
            "channels": [
                "C0474AT8X"
            ],
            "groups": [
    
            ],
            "ims": [
    
            ],
            "comments_count": 0,
            "reactions": [
                {
                    "name": "+1",
                    "users": [
                        "U06MNSRTK",
                        "U04GDL62L",
                        "U048T3M8W"
                    ],
                    "count": 3
                }
            ]
        },
        "user": "U0J9CQF9S",
        "upload": true,
        "display_as_bot": false,
        "username": "<@U0J9CQF9S|shdwdm>",
        "bot_id": null,
        "ts": "1454953830.000430"
    },
    {
        "type": "message",
        "user": "U0J9CQF9S",
        "text": "we should get a higher quality image of this. Images like this or infographics are really nice because they allow for a lot of information to be shared quickly.",
        "ts": "1454953883.000431"
    },
    {
        "type": "message",
        "user": "U048T3M8W",
        "text": "<@U0J9CQF9S> Great pict. But...\nLet's upload images on imgur &gt;&gt;&gt; <http:\/\/i.imgur.com>\n\nSocial Media Comparison\n<http:\/\/i.imgur.com\/UzORhGW.jpg>\n\nAnd then link it to from here or from Taiga. We can then reuse it.\nIt's a bit cumbersome but finally it seems more practical.",
        "attachments": [
            {
                "title": "Imgur",
                "title_link": "http:\/\/i.imgur.com",
                "text": "Imgur: The most awesome images on the Internet.",
                "fallback": "Imgur",
                "image_url": "http:\/\/s.imgur.com\/images\/logo-1200-630.jpg?2",
                "image_width": 476,
                "image_height": 250,
                "from_url": "http:\/\/i.imgur.com",
                "image_bytes": 31573,
                "id": 1
            },
            {
                "fallback": "476x350px image",
                "image_url": "http:\/\/i.imgur.com\/UzORhGW.jpg",
                "image_width": 476,
                "image_height": 350,
                "image_bytes": 53384,
                "from_url": "http:\/\/i.imgur.com\/UzORhGW.jpg",
                "id": 2
            }
        ],
        "edited": {
            "user": "U048T3M8W",
            "ts": "1454954929.000000"
        },
        "ts": "1454954838.000432"
    },
    {
        "type": "message",
        "user": "U048T3M8W",
        "text": "<@U0FESR742> It's great if you answer a question. Please make sure to add your answer to the doc FAQ. It's just created. The FAQ can be added to the site of Synereo.\nLater we can then simply refer to the FAQ, instead of repeating things. \n<https:\/\/docs.google.com\/document\/d\/1x0OyBeH6CTWyzbKs3WPYxYQtmYEhxniJRagSQ2n5e2Y\/edit>\nIt also will be a new task listed in Taiga.",
        "edited": {
            "user": "U048T3M8W",
            "ts": "1454956774.000000"
        },
        "ts": "1454956718.000436"
    },
    {
        "type": "message",
        "subtype": "file_comment",
        "text": "<@U048T3M8W|lapin7> commented on <@U0FESR742|jwalls>'s file <https:\/\/synereonet.slack.com\/files\/jwalls\/F0LJFMQQ5\/synereo_message_drivers_2.docx|Synereo Message Drivers 2.docx>: <@U0FESR742> The Message Drivers follow logically out of the Design Statements. Did you line-up with <@U06AAH8F3>?",
        "file": {
            "id": "F0LJFMQQ5",
            "created": 1454949710,
            "timestamp": 1454949710,
            "name": "Synereo Message Drivers 2.docx",
            "title": "Synereo Message Drivers 2.docx",
            "mimetype": "application\/vnd.openxmlformats-officedocument.wordprocessingml.document",
            "filetype": "docx",
            "pretty_type": "Word Document",
            "user": "U0FESR742",
            "editable": false,
            "size": 16140,
            "mode": "hosted",
            "is_external": false,
            "external_type": "",
            "is_public": true,
            "public_url_shared": false,
            "display_as_bot": false,
            "username": "",
            "url_private": "https:\/\/files.slack.com\/files-pri\/T0474AT8K-F0LJFMQQ5\/synereo_message_drivers_2.docx?t=xoxe-4242367291-28095460608-28095460624-739c22ae7e",
            "url_private_download": "https:\/\/files.slack.com\/files-pri\/T0474AT8K-F0LJFMQQ5\/download\/synereo_message_drivers_2.docx?t=xoxe-4242367291-28095460608-28095460624-739c22ae7e",
            "permalink": "https:\/\/synereonet.slack.com\/files\/jwalls\/F0LJFMQQ5\/synereo_message_drivers_2.docx",
            "permalink_public": "https:\/\/slack-files.com\/T0474AT8K-F0LJFMQQ5-0b3e0c36b8",
            "channels": [
                "C0474AT8X"
            ],
            "groups": [
    
            ],
            "ims": [
    
            ],
            "comments_count": 2
        },
        "comment": {
            "id": "Fc0LJZAVFB",
            "created": 1454957608,
            "timestamp": 1454957608,
            "user": "U048T3M8W",
            "comment": "<@U0FESR742> The Message Drivers follow logically out of the Design Statements. Did you line-up with <@U06AAH8F3>?"
        },
        "ts": "1454957608.000439"
    },
    {
        "type": "message",
        "user": "U048T3M8W",
        "text": "<@U0FESR742> I think when you want to have something done, it's best to create an \"ISSUE\" in Taiga.\n\nref to message &gt;&gt;&gt; <https:\/\/synereonet.slack.com\/archives\/general\/p1454949872000426>",
        "edited": {
            "user": "U048T3M8W",
            "ts": "1454957890.000000"
        },
        "ts": "1454957804.000440"
    },
    {
        "type": "message",
        "user": "U0LJC4J67",
        "text": "<@U0FESR742>: ah, thank you very much! ",
        "ts": "1454966939.000444"
    },
    {
        "type": "message",
        "user": "U0474E4KZ",
        "text": "<@U0J9CQF9S>: dude that's awesome. Kodus.",
        "ts": "1454970015.000445"
    },
    {
        "type": "message",
        "user": "U0474E4KZ",
        "text": "<@U048T3M8W>: here's an old FAQ we had: <https:\/\/docs.google.com\/document\/d\/1ccDakcqM0L_tHvt0nQlZKDfiuqhmRsVy2nS_cw5iYc4\/edit>",
        "ts": "1454970057.000446"
    },
    {
        "type": "message",
        "subtype": "file_share",
        "text": "<@U0474E4KZ|dor> shared a file: <https:\/\/synereonet.slack.com\/files\/dor\/F0LKHSRUK\/frequentlyaskedquestions|Frequently Asked Questions>",
        "file": {
            "id": "F0LKHSRUK",
            "created": 1454970058,
            "timestamp": 1454970058,
            "name": "FrequentlyAskedQuestions",
            "title": "Frequently Asked Questions",
            "mimetype": "application\/vnd.google-apps.document",
            "filetype": "gdoc",
            "pretty_type": "GDocs Document",
            "user": "U0474E4KZ",
            "editable": false,
            "size": 27501,
            "mode": "external",
            "is_external": true,
            "external_type": "gdrive",
            "is_public": true,
            "public_url_shared": false,
            "display_as_bot": false,
            "username": "",
            "url_private": "https:\/\/docs.google.com\/document\/d\/1ccDakcqM0L_tHvt0nQlZKDfiuqhmRsVy2nS_cw5iYc4\/edit?usp=drivesdk",
            "thumb_64": "https:\/\/a.slack-edge.com\/66f9\/img\/files\/gdraw_64.png",
            "thumb_360": "https:\/\/a.slack-edge.com\/272a\/img\/files\/gdoc_360.png",
            "thumb_360_w": 360,
            "thumb_360_h": 167,
            "permalink": "https:\/\/synereonet.slack.com\/files\/dor\/F0LKHSRUK\/frequentlyaskedquestions",
            "channels": [
                "C0474AT8X"
            ],
            "groups": [
    
            ],
            "ims": [
    
            ],
            "comments_count": 1
        },
        "user": "U0474E4KZ",
        "upload": false,
        "display_as_bot": false,
        "username": "<@U0474E4KZ|dor>",
        "bot_id": null,
        "ts": "1454970058.000447"
    },
    {
        "type": "message",
        "user": "U0474E4KZ",
        "text": "<@U0FESR742>: please don't use Word files! They're inaccessible on many computers and make it much harder to track changes and collaborate quickly.",
        "ts": "1454970119.000448",
        "reactions": [
            {
                "name": "dart",
                "users": [
                    "U04BQ4FMC"
                ],
                "count": 1
            }
        ]
    },
    {
        "type": "message",
        "subtype": "file_comment",
        "text": "<@U048T3M8W|lapin7> commented on <@U0474E4KZ|dor>'s file <https:\/\/synereonet.slack.com\/files\/dor\/F0LKHSRUK\/frequentlyaskedquestions|Frequently Asked Questions>: Great. Thx. We will have to go through it and add an index or so.",
        "file": {
            "id": "F0LKHSRUK",
            "created": 1454970058,
            "timestamp": 1454970058,
            "name": "FrequentlyAskedQuestions",
            "title": "Frequently Asked Questions",
            "mimetype": "application\/vnd.google-apps.document",
            "filetype": "gdoc",
            "pretty_type": "GDocs Document",
            "user": "U0474E4KZ",
            "editable": false,
            "size": 27501,
            "mode": "external",
            "is_external": true,
            "external_type": "gdrive",
            "is_public": true,
            "public_url_shared": false,
            "display_as_bot": false,
            "username": "",
            "url_private": "https:\/\/docs.google.com\/document\/d\/1ccDakcqM0L_tHvt0nQlZKDfiuqhmRsVy2nS_cw5iYc4\/edit?usp=drivesdk",
            "thumb_64": "https:\/\/a.slack-edge.com\/66f9\/img\/files\/gdraw_64.png",
            "thumb_360": "https:\/\/a.slack-edge.com\/272a\/img\/files\/gdoc_360.png",
            "thumb_360_w": 360,
            "thumb_360_h": 167,
            "permalink": "https:\/\/synereonet.slack.com\/files\/dor\/F0LKHSRUK\/frequentlyaskedquestions",
            "channels": [
                "C0474AT8X"
            ],
            "groups": [
    
            ],
            "ims": [
    
            ],
            "comments_count": 1
        },
        "comment": {
            "id": "Fc0LKNL5RN",
            "created": 1454970682,
            "timestamp": 1454970682,
            "user": "U048T3M8W",
            "comment": "Great. Thx. We will have to go through it and add an index or so."
        },
        "ts": "1454970682.000449"
    },
    {
        "type": "message",
        "subtype": "file_comment",
        "text": "<@U048T3M8W|lapin7> commented on <@U0FESR742|jwalls>'s file <https:\/\/synereonet.slack.com\/files\/jwalls\/F0LJFMQQ5\/synereo_message_drivers_2.docx|Synereo Message Drivers 2.docx>: <@U0FESR742> Maybe you can just update your first doc: \n<https:\/\/drive.google.com\/open?id=1sVAcjQkGfxxuBj-fUPyaGeXA34cQSFkg7D2rUvFeJgY>",
        "file": {
            "id": "F0LJFMQQ5",
            "created": 1454949710,
            "timestamp": 1454949710,
            "name": "Synereo Message Drivers 2.docx",
            "title": "Synereo Message Drivers 2.docx",
            "mimetype": "application\/vnd.openxmlformats-officedocument.wordprocessingml.document",
            "filetype": "docx",
            "pretty_type": "Word Document",
            "user": "U0FESR742",
            "editable": false,
            "size": 16140,
            "mode": "hosted",
            "is_external": false,
            "external_type": "",
            "is_public": true,
            "public_url_shared": false,
            "display_as_bot": false,
            "username": "",
            "url_private": "https:\/\/files.slack.com\/files-pri\/T0474AT8K-F0LJFMQQ5\/synereo_message_drivers_2.docx?t=xoxe-4242367291-28095460608-28095460624-739c22ae7e",
            "url_private_download": "https:\/\/files.slack.com\/files-pri\/T0474AT8K-F0LJFMQQ5\/download\/synereo_message_drivers_2.docx?t=xoxe-4242367291-28095460608-28095460624-739c22ae7e",
            "permalink": "https:\/\/synereonet.slack.com\/files\/jwalls\/F0LJFMQQ5\/synereo_message_drivers_2.docx",
            "permalink_public": "https:\/\/slack-files.com\/T0474AT8K-F0LJFMQQ5-0b3e0c36b8",
            "channels": [
                "C0474AT8X"
            ],
            "groups": [
    
            ],
            "ims": [
    
            ],
            "comments_count": 2
        },
        "comment": {
            "id": "Fc0LKPP49E",
            "created": 1454971361,
            "timestamp": 1454971361,
            "user": "U048T3M8W",
            "comment": "<@U0FESR742> Maybe you can just update your first doc: \n<https:\/\/drive.google.com\/open?id=1sVAcjQkGfxxuBj-fUPyaGeXA34cQSFkg7D2rUvFeJgY>"
        },
        "ts": "1454971361.000450"
    },
    {
        "type": "message",
        "user": "U0J9CQF9S",
        "text": "organizing a vent meeting with a new user in 5 minutes if anyone wants to join and cant setup vent let me know.",
        "ts": "1454972283.000453"
    },
    {
        "type": "message",
        "user": "U0J9CQF9S",
        "text": "its a bitcoin credit card. its going to be super easy for me to buy amps with this bad boy",
        "ts": "1454973797.000455"
    },
    {
        "type": "message",
        "user": "U04BQ4FMC",
        "text": ":man_in_business_suit_levitating:  data-sec",
        "ts": "1454983361.000457"
    },
    {
        "type": "message",
        "subtype": "file_share",
        "text": "<@U0J9CQF9S|shdwdm> uploaded a file: <https:\/\/synereonet.slack.com\/files\/shdwdm\/F0LL732RL\/synereo_wallpaper1.jpg|synereo wallpaper1.jpg> and commented: what do you guys think about this conceptual rework my friend did?",
        "file": {
            "id": "F0LL732RL",
            "created": 1454987003,
            "timestamp": 1454987003,
            "name": "synereo wallpaper1.jpg",
            "title": "synereo wallpaper1.jpg",
            "mimetype": "image\/jpeg",
            "filetype": "jpg",
            "pretty_type": "JPEG",
            "user": "U0J9CQF9S",
            "editable": false,
            "size": 107868,
            "mode": "hosted",
            "is_external": false,
            "external_type": "",
            "is_public": true,
            "public_url_shared": false,
            "display_as_bot": false,
            "username": "",
            "url_private": "https:\/\/files.slack.com\/files-pri\/T0474AT8K-F0LL732RL\/synereo_wallpaper1.jpg?t=xoxe-4242367291-28095460608-28095460624-739c22ae7e",
            "url_private_download": "https:\/\/files.slack.com\/files-pri\/T0474AT8K-F0LL732RL\/download\/synereo_wallpaper1.jpg?t=xoxe-4242367291-28095460608-28095460624-739c22ae7e",
            "thumb_64": "https:\/\/files.slack.com\/files-tmb\/T0474AT8K-F0LL732RL-19ee4caa5a\/synereo_wallpaper1_64.jpg?t=xoxe-4242367291-28095460608-28095460624-739c22ae7e",
            "thumb_80": "https:\/\/files.slack.com\/files-tmb\/T0474AT8K-F0LL732RL-19ee4caa5a\/synereo_wallpaper1_80.jpg?t=xoxe-4242367291-28095460608-28095460624-739c22ae7e",
            "thumb_360": "https:\/\/files.slack.com\/files-tmb\/T0474AT8K-F0LL732RL-19ee4caa5a\/synereo_wallpaper1_360.jpg?t=xoxe-4242367291-28095460608-28095460624-739c22ae7e",
            "thumb_360_w": 360,
            "thumb_360_h": 260,
            "thumb_480": "https:\/\/files.slack.com\/files-tmb\/T0474AT8K-F0LL732RL-19ee4caa5a\/synereo_wallpaper1_480.jpg?t=xoxe-4242367291-28095460608-28095460624-739c22ae7e",
            "thumb_480_w": 480,
            "thumb_480_h": 347,
            "thumb_160": "https:\/\/files.slack.com\/files-tmb\/T0474AT8K-F0LL732RL-19ee4caa5a\/synereo_wallpaper1_160.jpg?t=xoxe-4242367291-28095460608-28095460624-739c22ae7e",
            "thumb_720": "https:\/\/files.slack.com\/files-tmb\/T0474AT8K-F0LL732RL-19ee4caa5a\/synereo_wallpaper1_720.jpg?t=xoxe-4242367291-28095460608-28095460624-739c22ae7e",
            "thumb_720_w": 720,
            "thumb_720_h": 521,
            "thumb_960": "https:\/\/files.slack.com\/files-tmb\/T0474AT8K-F0LL732RL-19ee4caa5a\/synereo_wallpaper1_960.jpg?t=xoxe-4242367291-28095460608-28095460624-739c22ae7e",
            "thumb_960_w": 960,
            "thumb_960_h": 694,
            "thumb_1024": "https:\/\/files.slack.com\/files-tmb\/T0474AT8K-F0LL732RL-19ee4caa5a\/synereo_wallpaper1_1024.jpg?t=xoxe-4242367291-28095460608-28095460624-739c22ae7e",
            "thumb_1024_w": 1024,
            "thumb_1024_h": 741,
            "image_exif_rotation": 1,
            "original_w": 1598,
            "original_h": 1156,
            "permalink": "https:\/\/synereonet.slack.com\/files\/shdwdm\/F0LL732RL\/synereo_wallpaper1.jpg",
            "permalink_public": "https:\/\/slack-files.com\/T0474AT8K-F0LL732RL-55af935328",
            "channels": [
                "C0474AT8X"
            ],
            "groups": [
    
            ],
            "ims": [
    
            ],
            "comments_count": 1,
            "initial_comment": {
                "id": "Fc0LL73370",
                "created": 1454987003,
                "timestamp": 1454987003,
                "user": "U0J9CQF9S",
                "comment": "what do you guys think about this conceptual rework my friend did?"
            },
            "reactions": [
                {
                    "name": "+1",
                    "users": [
                        "U04BQ4FMC"
                    ],
                    "count": 1
                }
            ]
        },
        "user": "U0J9CQF9S",
        "upload": true,
        "display_as_bot": false,
        "username": "<@U0J9CQF9S|shdwdm>",
        "bot_id": null,
        "ts": "1454987006.000460"
    },
    {
        "type": "message",
        "user": "U09KY5U65",
        "text": "amateur, bad colors. confusing, gaudy, awful",
        "ts": "1454988526.000461"
    },
    {
        "type": "message",
        "user": "U09KY5U65",
        "text": "gothic, dark",
        "ts": "1454999608.000462"
    },
    {
        "type": "message",
        "user": "U09KY5U65",
        "text": "but this leads to an interesting idea. A form of multi-specific marketing. Design synereo with user type specific skins+. If someone installs the \"gothic\" version of synereo called ----. They join synereo as normal and then are already inside the main public gothic networks of synereo, colors are suited to their tastes, etc.",
        "ts": "1455000711.000463"
    },
    {
        "type": "message",
        "user": "U09KY5U65",
        "text": "Then have an easy way to be converted into just synereo so people see the potential, branch out and invite people outside of that niche.",
        "ts": "1455000841.000464"
    },
    {
        "type": "message",
        "user": "U048T3M8W",
        "text": "It's an awesome logo, clean and expressive. Indeed the colours are not my taste. It expresses some membrane stuff that <@U0474AYFT> was talking about. Popping in and out of a group\/network. The 2 ball stick could be an animated gif, spinning around.  It has something like penetration LOL.  Further words: openness, futuristic, lively, change, organic, public\/private key, crypto, balls can grow and shrink.",
        "ts": "1455001987.000465"
    },
    {
        "type": "message",
        "user": "U048T3M8W",
        "text": "<@U0474E4KZ> This is a good page for the public to see what we do on Taiga\n<https:\/\/tree.taiga.io\/project\/synereo-synpm\/wiki\/home>",
        "attachments": [
            {
                "service_name": "Taiga - Love your projects",
                "title": "Home - Wiki - Synereo PM",
                "title_link": "https:\/\/tree.taiga.io\/project\/synereo-synpm\/wiki\/home",
                "text": "Last edition on 08 Feb 2016 20:33 (15 editions in total) Content: Synereo&amp;nbsp;is an open source, decentralized&amp;nbsp;social network. It is an&amp;nbsp;attention economy that rewards popular content and participation with crypto-currency. Content is promoted or advertised in a way that fairly rewards the...",
                "fallback": "Taiga - Love your projects: Home - Wiki - Synereo PM",
                "thumb_url": "https:\/\/tree.taiga.io\/v-1454913881849\/images\/logo-color.png",
                "from_url": "https:\/\/tree.taiga.io\/project\/synereo-synpm\/wiki\/home",
                "thumb_width": 300,
                "thumb_height": 300,
                "id": 1
            }
        ],
        "ts": "1455003374.000466"
    }
]