[
    {
        "type": "message",
        "user": "U048T3M8W",
        "text": "<@U0474E4KZ> Hi,\nI'm trying out a new tool for project management. I hope it will be useful for Synereo.",
        "ts": "1453645784.000002"
    },
    {
        "type": "message",
        "user": "U049CMCCZ",
        "text": "<@U048T3M8W>: howdy - got your invitation for the Taiga site, thanks - and entered my profile there. \nLooks interesting, it's brand new to me, so need to get a feel for it before I know what it can do :simple_smile:",
        "ts": "1453655612.000003"
    },
    {
        "type": "message",
        "user": "U048T3M8W",
        "text": "<@U049CMCCZ> For me it's new too. <@U09KY5U65> came up with this site. It looks promising.",
        "ts": "1453656259.000004"
    },
    {
        "type": "message",
        "user": "U049CMCCZ",
        "text": "yes - very smooth looking",
        "ts": "1453656286.000005"
    },
    {
        "type": "message",
        "user": "U0474E4KZ",
        "text": "What do you want to do there, <@U048T3M8W>?",
        "ts": "1453657304.000006"
    },
    {
        "type": "message",
        "user": "U0474E4KZ",
        "text": "Do you need my help?",
        "ts": "1453657312.000007"
    },
    {
        "type": "message",
        "user": "U048T3M8W",
        "text": "<@U0474E4KZ> I thought a kind of project management maybe good for us.",
        "ts": "1453657347.000008"
    },
    {
        "type": "message",
        "user": "U048T3M8W",
        "text": "For example it would be nice what still has to be done for BnkToTheFuture\n<https:\/\/tree.taiga.io\/project\/lapin7-synereo-community\/us\/3?no-milestone=1>",
        "attachments": [
            {
                "service_name": "Taiga - Love your projects",
                "title": "Prepare BnkToTheFuture - User Story #3 - Synereo community",
                "title_link": "https:\/\/tree.taiga.io\/project\/lapin7-synereo-community\/us\/3?no-milestone=1",
                "text": "Status: New. Completed 0% (0 of 0 tasks closed). Points: 18. Description: BnkToTheFuture needs a pitch.",
                "fallback": "Taiga - Love your projects: Prepare BnkToTheFuture - User Story #3 - Synereo community",
                "thumb_url": "https:\/\/tree.taiga.io\/v-1452753531423\/images\/logo-color.png",
                "from_url": "https:\/\/tree.taiga.io\/project\/lapin7-synereo-community\/us\/3?no-milestone=1",
                "thumb_width": 300,
                "thumb_height": 300,
                "id": 1
            }
        ],
        "ts": "1453657457.000009"
    },
    {
        "type": "message",
        "user": "U048T3M8W",
        "text": "<@U0474E4KZ> Can you edit this User Story for example?",
        "ts": "1453657764.000011"
    },
    {
        "type": "message",
        "user": "U048T3M8W",
        "text": "<@U0474E4KZ> Or do you think it's silly idea to these kind of things",
        "ts": "1453657815.000012"
    },
    {
        "user": "U0K8S72BF",
        "type": "message",
        "subtype": "channel_join",
        "text": "<@U0K8S72BF|flyingmind> has joined the channel",
        "ts": "1453665492.000013"
    },
    {
        "type": "message",
        "user": "U0474E4KZ",
        "text": "I'm using Trello for my own tasks and Asana with Jed for his stuff. I don't mind using another if we find a use for it.",
        "ts": "1453668126.000014"
    },
    {
        "type": "message",
        "user": "U0474E4KZ",
        "text": "Do you want to manage it?",
        "ts": "1453668147.000015"
    },
    {
        "type": "message",
        "user": "U048T3M8W",
        "text": "Let's see how it goes. There are now 4 members. I think Trello and Asana can be imported into Taiga.",
        "ts": "1453671550.000016"
    },
    {
        "type": "message",
        "user": "U09KY5U65",
        "text": "I like how so much of the project planning is open  and visible on taiga. I think that will help build a strong community for synereo. The #1 complaint of altcoins from their communities is lack of knowledge. Having so much knowledge easily accessible for everyone is a great idea.",
        "ts": "1453677720.000017",
        "reactions": [
            {
                "name": "+1",
                "users": [
                    "U0474E4KZ"
                ],
                "count": 1
            }
        ]
    },
    {
        "type": "message",
        "user": "U0474E4KZ",
        "text": "Alright. Let's give it a shot.",
        "ts": "1453681300.000018"
    }
]