[
    {
        "type": "message",
        "user": "U0474E4KZ",
        "text": "I know <@U0474AYFT> would have something to say about this. :simple_smile:",
        "ts": "1452159209.000508"
    },
    {
        "type": "message",
        "user": "U0DKBHZN1",
        "text": "<@U09KY5U65>:  I suggest you do some reading.",
        "ts": "1452163602.000509"
    },
    {
        "type": "message",
        "user": "U048X85UT",
        "text": "synereo is a perfect platform for 3rd parties, it provides the algorithmic certainty on the front end that blockchains provide on the backend, reconsiling between them.",
        "ts": "1452175463.000510"
    },
    {
        "type": "message",
        "user": "U048X85UT",
        "text": "snoden says ise signal! we ought obey. I am on the desktop beta now which makes it more useful to me. <https:\/\/whispersystems.org\/blog\/signal-desktop\/>",
        "attachments": [
            {
                "title": "Signal Desktop",
                "title_link": "https:\/\/whispersystems.org\/blog\/signal-desktop\/",
                "text": "Join the beta Today we\u2019re making the Signal Desktop beta available. Signal Desktop brings the trusted private messaging experience of Signal to the desktop, with a simplicity that allows you to seamlessly continue conversations back and forth between your mobile device and your desktop computer.",
                "fallback": "Signal Desktop",
                "from_url": "https:\/\/whispersystems.org\/blog\/signal-desktop\/",
                "id": 1
            }
        ],
        "ts": "1452189310.000511"
    },
    {
        "type": "message",
        "user": "U048X85UT",
        "text": "and integration of signal with synereo is high on my priority list now.",
        "ts": "1452189359.000513"
    },
    {
        "user": "U0HUR1SB1",
        "type": "message",
        "subtype": "channel_join",
        "text": "<@U0HUR1SB1|craig> has joined the channel",
        "ts": "1452193317.000514"
    },
    {
        "user": "U0HV91B4M",
        "type": "message",
        "subtype": "channel_join",
        "text": "<@U0HV91B4M|lg-fuzo> has joined the channel",
        "ts": "1452209906.000515"
    },
    {
        "type": "message",
        "user": "U0FESR742",
        "text": "Its not a clone of Ethereum, it has a different purpose and scope.",
        "ts": "1452220394.000516"
    }
]