[
    {
        "user": "U0PCDA9AN",
        "type": "message",
        "subtype": "channel_join",
        "text": "<@U0PCDA9AN|bacowizardswine> has joined the channel",
        "ts": "1456649354.000391"
    },
    {
        "type": "message",
        "user": "U0J9CQF9S",
        "text": "Bacon!",
        "ts": "1456650400.000392"
    },
    {
        "type": "message",
        "user": "U0J9CQF9S",
        "text": "still hyped",
        "ts": "1456655470.000393"
    },
    {
        "user": "U0PCK9TKL",
        "type": "message",
        "subtype": "channel_join",
        "text": "<@U0PCK9TKL|dj.ruesue> has joined the channel",
        "ts": "1456656362.000394"
    },
    {
        "type": "message",
        "user": "U0PCK9TKL",
        "text": "hi",
        "edited": {
            "user": "U0PCK9TKL",
            "ts": "1456656647.000000"
        },
        "ts": "1456656633.000395"
    },
    {
        "type": "message",
        "user": "U0474E4KZ",
        "text": "<@U0J9CQF9S>: let's lay off the objectifying imagery.",
        "ts": "1456658140.000397"
    },
    {
        "type": "message",
        "user": "U0474E4KZ",
        "text": "<@U0PCK9TKL>: hello and welcome!",
        "ts": "1456658303.000398"
    },
    {
        "user": "U0PCZR5UZ",
        "type": "message",
        "subtype": "channel_join",
        "text": "<@U0PCZR5UZ|xenderle> has joined the channel",
        "ts": "1456678814.000399"
    },
    {
        "type": "message",
        "user": "U0PCK9TKL",
        "text": "welcome xenderle, how did you hear about us? How can we get you started with Synereo\u2019s project management?",
        "ts": "1456695691.000400",
        "reactions": [
            {
                "name": "+1",
                "users": [
                    "U0FESR742"
                ],
                "count": 1
            }
        ]
    },
    {
        "type": "message",
        "user": "U0NGAG7V5",
        "text": "Sorry the question but does someone knows how to download a full web page respecting the internal linking, if i do a save as in the browser it does not, thanks in advance",
        "ts": "1456699411.000401"
    }
]