[
    {
        "type": "message",
        "user": "U0474E4KZ",
        "text": "<@U09KY5U65>: which option do you think we should choose?",
        "ts": "1452525481.000521"
    },
    {
        "type": "message",
        "user": "U04BQ4FMC",
        "text": "The confusion might be from the idea that Greg meant that the next version of Ethereum will have Synereo backbone tech, and then the Synereo will use this to go forward.  So it's not a 'clone' of anything, it's open source, and a bit more fluid.  I understood that the Eth blockchain had to be changed, and ended up with Synereo stuff (the stack).  So that's why it's not correct to say that Syn will use Eth blockchain - that and each one has its own currency.",
        "ts": "1452528029.000522"
    },
    {
        "type": "message",
        "user": "U09KY5U65",
        "text": "I would think Synereo can't use $ETH because you need $ETH to use that blockchain. It gets a bit confusing talking about using Ethereum because there are two parts to Ethereum. #1 there is the open source code to create a blockchain and cryptocoin. #2 there is the blockchain that Ethereum officially supports\/maintains\/improves.",
        "ts": "1452575920.000523"
    },
    {
        "type": "message",
        "user": "U09KY5U65",
        "text": "It sounds like LivelyGig's is going to clone Ethereum as well and create there own coin+blockchain. Maybe <@U04A8095T> could confirm this.",
        "ts": "1452575964.000524"
    },
    {
        "type": "message",
        "user": "U09KY5U65",
        "text": "Since <@U0474AYFT> has so much sway over at Ethereum I want to ask him to make Ethereum easier to clone. Right now there are IP address and Names like \"Ethereum\" hard coded into the code. It makes it annoying to clone Ethereum for the first time and to maintain updates. All these variables should be stored in a config file.",
        "ts": "1452576192.000525"
    }
]