[
    {
        "type": "message",
        "user": "U0474E4KZ",
        "text": "I'll be happy to give a bounty for writing one.",
        "ts": "1453553913.000635"
    },
    {
        "type": "message",
        "user": "U0FESR742",
        "text": "<@U04LB7EJ5>:  its a good position for us to hear that. How would you suggest we put out something like that? Blog, or some other platform?",
        "ts": "1453562409.000636"
    },
    {
        "type": "message",
        "user": "U0FESR742",
        "text": "This was an interesting NPR interview where they call for everything we are doing with Synereo. I think when I get back to Palo Alto I'm going to find this guy and tell him about our project. \n\n<http:\/\/hereandnow.wbur.org\/2015\/03\/16\/internet-economics-keen>",
        "attachments": [
            {
                "service_name": "hereandnow",
                "title": "Is The Internet Hurting More Than Helping?",
                "title_link": "http:\/\/hereandnow.wbur.org\/2015\/03\/16\/internet-economics-keen",
                "text": "Silicon Valley entrepreneur Andrew Keen argues that the Internet economy as it exists hurts the middle class and benefits the few.",
                "fallback": "hereandnow: Is The Internet Hurting More Than Helping?",
                "thumb_url": "http:\/\/s3.amazonaws.com\/media.wbur.org\/wordpress\/11\/files\/2015\/03\/0316-internet-keen-624x396.jpg",
                "from_url": "http:\/\/hereandnow.wbur.org\/2015\/03\/16\/internet-economics-keen",
                "thumb_width": 624,
                "thumb_height": 396,
                "id": 1
            }
        ],
        "ts": "1453562459.000637"
    }
]