[
    {
        "type": "message",
        "user": "U0QANLBM3",
        "text": "thankx <@U09KY5U65>",
        "ts": "1457424207.000953"
    },
    {
        "type": "message",
        "user": "U0PCK9TKL",
        "text": "<https:\/\/www.zapchain.com\/a\/l\/synereo-is-looking-for-live-guests-for-its-livestreams-please-contact-us-immediately\/9FEN7364yr> share this.",
        "attachments": [
            {
                "service_name": "ZapChain",
                "title": "Synereo is looking for Live Guests for its Livestreams! Please Contact us Immediately!",
                "title_link": "https:\/\/www.zapchain.com\/a\/l\/synereo-is-looking-for-live-guests-for-its-livestreams-please-contact-us-immediately\/9FEN7364yr",
                "text": "Do you want to be on TV?",
                "fallback": "ZapChain: Synereo is looking for Live Guests for its Livestreams! Please Contact us Immediately!",
                "image_url": "https:\/\/zapchainstatic.s3.amazonaws.com\/uploads\/0b8k6qREA9Z8JTWrAhWo3hY3v0J7o96Jczb8UYBg_twitch-20.jpg",
                "from_url": "https:\/\/www.zapchain.com\/a\/l\/synereo-is-looking-for-live-guests-for-its-livestreams-please-contact-us-immediately\/9FEN7364yr",
                "image_width": 333,
                "image_height": 250,
                "image_bytes": 494712,
                "id": 1
            }
        ],
        "ts": "1457425910.000954"
    },
    {
        "type": "message",
        "user": "U0PCK9TKL",
        "text": "Please contact me with a message if you want to add more to that post",
        "ts": "1457426216.000956"
    },
    {
        "user": "U0R4YRVFB",
        "type": "message",
        "subtype": "channel_join",
        "text": "<@U0R4YRVFB|joeri.hypercube> has joined the channel",
        "ts": "1457429830.000957"
    },
    {
        "type": "message",
        "user": "U0R4YRVFB",
        "text": "Hi everyone, Dor just invited me in for the community leader program. I've worked for Factom and I run <http:\/\/www.hypercubestudios.net|www.hypercubestudios.net>, which makes videos exclusively for the blockchain world.",
        "ts": "1457430112.000958"
    },
    {
        "type": "message",
        "user": "U0R4YRVFB",
        "text": "Looking forward to getting to know you guys.",
        "ts": "1457430122.000959",
        "reactions": [
            {
                "name": "+1",
                "users": [
                    "U04GDL62L"
                ],
                "count": 1
            }
        ]
    },
    {
        "type": "message",
        "user": "U0QANLBM3",
        "text": "welcome",
        "ts": "1457432099.000960"
    },
    {
        "type": "message",
        "user": "U0R4YRVFB",
        "text": "Thanks!",
        "ts": "1457432114.000961"
    },
    {
        "type": "message",
        "user": "U0474E4KZ",
        "text": "Welcome. :heart:",
        "ts": "1457434419.000962"
    },
    {
        "type": "message",
        "user": "U0474E4KZ",
        "text": "<https:\/\/bitcointalk.org\/index.php?topic=995987.new;topicseen#new>",
        "ts": "1457434463.000963"
    },
    {
        "type": "message",
        "user": "U0PCK9TKL",
        "text": "time to fly.",
        "ts": "1457434506.000964"
    },
    {
        "type": "message",
        "user": "U0PCK9TKL",
        "text": "pz",
        "ts": "1457434507.000965"
    },
    {
        "user": "U0R5Q543W",
        "type": "message",
        "subtype": "channel_join",
        "text": "<@U0R5Q543W|studio4design> has joined the channel",
        "ts": "1457436320.000966"
    },
    {
        "user": "U0R5YRG57",
        "type": "message",
        "subtype": "channel_join",
        "text": "<@U0R5YRG57|frogg> has joined the channel",
        "ts": "1457440817.000967"
    },
    {
        "user": "U0R68SUAC",
        "type": "message",
        "subtype": "channel_join",
        "text": "<@U0R68SUAC|tal> has joined the channel",
        "ts": "1457444045.000968"
    },
    {
        "type": "message",
        "user": "U0QANLBM3",
        "text": "have a question about a silly action. I was trying to buy amps sending some bitcoin to my ewallet on bittrex but I sended the bitcoins to the AMP wallet (instead of the bitcoin wallet). Is possible that my bitcoins lost in the net or that the generated amp wallet matched whith another bicoing wallet?",
        "ts": "1457449070.000969"
    },
    {
        "type": "message",
        "user": "U0QANLBM3",
        "text": "it seems bittrex generates amp wallets wich are the same as another bitcoin wallets. Not sure if is an amp problem or bittrrex but I think that would be fixed.",
        "ts": "1457450939.000970"
    },
    {
        "type": "message",
        "user": "U0474E4KZ",
        "text": "You'll have to contact Bittrex for that.",
        "ts": "1457451628.000971"
    },
    {
        "type": "message",
        "user": "U0474E4KZ",
        "text": "Everyone,\n\nI'll be in NY around the 4th and 5th of April for the Blockchain Workshop where I'll be participating in a panel. Let me know if there's anything interesting to do around that time and space.",
        "ts": "1457451661.000972"
    },
    {
        "type": "message",
        "user": "U0QANLBM3",
        "text": "problem appears to be fixed. i didnt realized about the node. tx",
        "ts": "1457453072.000973"
    },
    {
        "type": "message",
        "user": "U04P3KSC6",
        "text": "Any idea when omniwallet will display dollar equivalent of Amp balance?",
        "ts": "1457453752.000974",
        "reactions": [
            {
                "name": "+1",
                "users": [
                    "U04BQ4FMC"
                ],
                "count": 1
            }
        ]
    },
    {
        "type": "message",
        "user": "U0PCK9TKL",
        "text": "<http:\/\/magazine.backfeed.cc\/primavera-de-filippi-blockchain-technology-and-the-future-of-work\/>",
        "attachments": [
            {
                "service_name": "Backfeed Magazine",
                "title": "Primavera De Filippi - Blockchain Technology and the Future of Work - Backfeed Magazine",
                "title_link": "http:\/\/magazine.backfeed.cc\/primavera-de-filippi-blockchain-technology-and-the-future-of-work\/",
                "text": "Primavera De Filippi, researcher at CNRS and faculty associate at the Berkman Center, Harvard Law School, is investigating emergent decentralized technologies to design new governance models.",
                "fallback": "Backfeed Magazine: Primavera De Filippi - Blockchain Technology and the Future of Work - Backfeed Magazine",
                "image_url": "http:\/\/magazine.backfeed.cc\/wp-content\/uploads\/2016\/03\/Screenshot_030816_031908_PM.jpg",
                "ts": 1457443200,
                "from_url": "http:\/\/magazine.backfeed.cc\/primavera-de-filippi-blockchain-technology-and-the-future-of-work\/",
                "image_width": 487,
                "image_height": 250,
                "image_bytes": 91235,
                "id": 1
            }
        ],
        "ts": "1457454784.000975"
    },
    {
        "type": "message",
        "subtype": "file_share",
        "text": "<@U04BQ4FMC|malthusjohn> uploaded a file: <https:\/\/synereonet.slack.com\/files\/malthusjohn\/F0R8T2B63\/backfeed_1.png|Backfeed 1.PNG> and commented: I suppose this comes from \"Synereo, the social network\"?",
        "file": {
            "id": "F0R8T2B63",
            "created": 1457456993,
            "timestamp": 1457456993,
            "name": "Backfeed 1.PNG",
            "title": "Backfeed 1.PNG",
            "mimetype": "image\/png",
            "filetype": "png",
            "pretty_type": "PNG",
            "user": "U04BQ4FMC",
            "editable": false,
            "size": 818523,
            "mode": "hosted",
            "is_external": false,
            "external_type": "",
            "is_public": true,
            "public_url_shared": false,
            "display_as_bot": false,
            "username": "",
            "url_private": "https:\/\/files.slack.com\/files-pri\/T0474AT8K-F0R8T2B63\/backfeed_1.png?t=xoxe-4242367291-28095460608-28095460624-739c22ae7e",
            "url_private_download": "https:\/\/files.slack.com\/files-pri\/T0474AT8K-F0R8T2B63\/download\/backfeed_1.png?t=xoxe-4242367291-28095460608-28095460624-739c22ae7e",
            "thumb_64": "https:\/\/files.slack.com\/files-tmb\/T0474AT8K-F0R8T2B63-14392a5146\/backfeed_1_64.png?t=xoxe-4242367291-28095460608-28095460624-739c22ae7e",
            "thumb_80": "https:\/\/files.slack.com\/files-tmb\/T0474AT8K-F0R8T2B63-14392a5146\/backfeed_1_80.png?t=xoxe-4242367291-28095460608-28095460624-739c22ae7e",
            "thumb_360": "https:\/\/files.slack.com\/files-tmb\/T0474AT8K-F0R8T2B63-14392a5146\/backfeed_1_360.png?t=xoxe-4242367291-28095460608-28095460624-739c22ae7e",
            "thumb_360_w": 360,
            "thumb_360_h": 202,
            "thumb_480": "https:\/\/files.slack.com\/files-tmb\/T0474AT8K-F0R8T2B63-14392a5146\/backfeed_1_480.png?t=xoxe-4242367291-28095460608-28095460624-739c22ae7e",
            "thumb_480_w": 480,
            "thumb_480_h": 270,
            "thumb_160": "https:\/\/files.slack.com\/files-tmb\/T0474AT8K-F0R8T2B63-14392a5146\/backfeed_1_160.png?t=xoxe-4242367291-28095460608-28095460624-739c22ae7e",
            "thumb_720": "https:\/\/files.slack.com\/files-tmb\/T0474AT8K-F0R8T2B63-14392a5146\/backfeed_1_720.png?t=xoxe-4242367291-28095460608-28095460624-739c22ae7e",
            "thumb_720_w": 720,
            "thumb_720_h": 404,
            "thumb_960": "https:\/\/files.slack.com\/files-tmb\/T0474AT8K-F0R8T2B63-14392a5146\/backfeed_1_960.png?t=xoxe-4242367291-28095460608-28095460624-739c22ae7e",
            "thumb_960_w": 960,
            "thumb_960_h": 539,
            "thumb_1024": "https:\/\/files.slack.com\/files-tmb\/T0474AT8K-F0R8T2B63-14392a5146\/backfeed_1_1024.png?t=xoxe-4242367291-28095460608-28095460624-739c22ae7e",
            "thumb_1024_w": 1024,
            "thumb_1024_h": 575,
            "image_exif_rotation": 1,
            "original_w": 1120,
            "original_h": 629,
            "permalink": "https:\/\/synereonet.slack.com\/files\/malthusjohn\/F0R8T2B63\/backfeed_1.png",
            "permalink_public": "https:\/\/slack-files.com\/T0474AT8K-F0R8T2B63-d307586b6c",
            "channels": [
                "C0474AT8X"
            ],
            "groups": [
    
            ],
            "ims": [
    
            ],
            "comments_count": 1,
            "initial_comment": {
                "id": "Fc0R8T2ZGX",
                "created": 1457456993,
                "timestamp": 1457456993,
                "user": "U04BQ4FMC",
                "comment": "I suppose this comes from \"Synereo, the social network\"?"
            }
        },
        "user": "U04BQ4FMC",
        "upload": true,
        "display_as_bot": false,
        "username": "<@U04BQ4FMC|malthusjohn>",
        "bot_id": null,
        "ts": "1457456997.000977"
    },
    {
        "type": "message",
        "user": "U0474E4KZ",
        "text": "The Backfeed guys are living in a movie.",
        "ts": "1457457328.000978"
    },
    {
        "type": "message",
        "user": "U04BQ4FMC",
        "text": "How so?",
        "ts": "1457457381.000979"
    },
    {
        "type": "message",
        "user": "U0PCK9TKL",
        "text": "lol",
        "ts": "1457457474.000980"
    },
    {
        "type": "message",
        "user": "U04BQ4FMC",
        "text": "It may not be the center-stage attention that we desire (and probably deserve), but it is exposure &amp; attention anyway!  Not unlike the offhand comment on an Ethereum promoting post gets noticed, and re-posted as a 'Synereo-Ethereum partnership', and goes semi-viral...",
        "ts": "1457457629.000981"
    },
    {
        "type": "message",
        "user": "U0QANLBM3",
        "text": "pretty cool presentation",
        "ts": "1457457856.000982"
    },
    {
        "type": "message",
        "user": "U0PCK9TKL",
        "text": "they need to come on the twitch and be interviewed",
        "ts": "1457457902.000983"
    },
    {
        "type": "message",
        "user": "U0PCK9TKL",
        "text": "these conferences are to expensive.",
        "ts": "1457457907.000984"
    },
    {
        "type": "message",
        "user": "U048ERGCQ",
        "text": "you should apply to this <http:\/\/gtec.berlin\/blockchaincontest\/>",
        "ts": "1457458014.000985"
    },
    {
        "type": "message",
        "user": "U0PCK9TKL",
        "text": "Excellent find <@U048ERGCQ>",
        "ts": "1457459294.000986"
    },
    {
        "type": "message",
        "user": "U048ERGCQ",
        "text": "I know the organizers and will be in Berlin next week, if it is of any help",
        "ts": "1457459327.000987"
    },
    {
        "type": "message",
        "user": "U048ERGCQ",
        "text": "btw way, the contest is advertized for and explain during this podcast, which is quite fitting: <https:\/\/epicenterbitcoin.com\/podcast\/120\/>",
        "attachments": [
            {
                "service_name": "Epicenter Bitcoin",
                "title": "EB120 \u2013 Maciej Olpinski: Solving The Economic Mismatch Between Content And Attention - Epicenter Bitcoin",
                "title_link": "https:\/\/epicenterbitcoin.com\/podcast\/120\/",
                "text": "<http:\/\/feeds.soundcloud.com\/stream\/249590575-epicenterbitcoin-eb-120.mp3Get> the podcastDownloadSoundCloudYoutubeThe problem around content monetization is one which content producers are constantly trying to solve. At the core of this problem is a mismatch between supply and demand. Content, which is increasingly abundant, is captured by human attention, which is in limited supply. The volume of content being produced is growing at staggering \u2026",
                "fallback": "Epicenter Bitcoin: EB120 \u2013 Maciej Olpinski: Solving The Economic Mismatch Between Content And Attention - Epicenter Bitcoin",
                "image_url": "https:\/\/epicenterbitcoin.com\/wp-content\/uploads\/120_Cover.jpg",
                "from_url": "https:\/\/epicenterbitcoin.com\/podcast\/120\/",
                "image_width": 250,
                "image_height": 250,
                "image_bytes": 307010,
                "id": 1
            }
        ],
        "ts": "1457459549.000988"
    },
    {
        "type": "message",
        "user": "U0PCK9TKL",
        "text": "do they speak english well can you connect them to me so we can get them in video conference",
        "ts": "1457459678.000990"
    },
    {
        "type": "message",
        "user": "U0474E4KZ",
        "text": "Help us find devs.",
        "ts": "1457459736.000991"
    },
    {
        "type": "message",
        "user": "U0474E4KZ",
        "text": "<https:\/\/www.facebook.com\/synereo\/posts\/981773935191629>",
        "attachments": [
            {
                "title": "Synereo - *** Synereo is looking for developers *** who... | Facebook",
                "title_link": "https:\/\/www.facebook.com\/synereo\/posts\/981773935191629",
                "text": "*** Synereo is looking for developers *** who are young at heart and mind, even if they have lots of experience with distributed and networked...",
                "fallback": "Synereo - *** Synereo is looking for developers *** who... | Facebook",
                "from_url": "https:\/\/www.facebook.com\/synereo\/posts\/981773935191629",
                "id": 1
            }
        ],
        "ts": "1457459737.000992"
    },
    {
        "type": "message",
        "user": "U048ERGCQ",
        "text": "i will ask",
        "ts": "1457459874.000994"
    },
    {
        "user": "U0R9HRPS4",
        "type": "message",
        "subtype": "channel_join",
        "text": "<@U0R9HRPS4|bitearner66> has joined the channel",
        "ts": "1457462493.000995"
    },
    {
        "type": "message",
        "user": "U0R9HRPS4",
        "text": "Hello Guys . nice to meet you all here",
        "ts": "1457462586.000996"
    },
    {
        "type": "message",
        "user": "U0474E4KZ",
        "text": "Hola!",
        "ts": "1457466483.000997"
    },
    {
        "type": "message",
        "user": "U0PCK9TKL",
        "text": "Good day!",
        "ts": "1457466535.000998"
    },
    {
        "user": "U0RBAG1PB",
        "type": "message",
        "subtype": "channel_join",
        "text": "<@U0RBAG1PB|annalyza> has joined the channel",
        "ts": "1457472327.000999"
    },
    {
        "user": "U0RB90L2Y",
        "type": "message",
        "subtype": "channel_join",
        "text": "<@U0RB90L2Y|jake> has joined the channel",
        "ts": "1457474761.001000"
    },
    {
        "type": "message",
        "user": "U04GDL62L",
        "text": "Hi <@U048ERGCQ>. I prefer Synereo's model to that described by Olpinski in the video. Our social graph and link structure remains *PRIVATE*. There is no \"God's Eye\" view of the network. Discovery occurs as the network self-organizes around your interest, but can be temporarily boosted in other directions by the injection of AMPs.",
        "ts": "1457476711.001001",
        "reactions": [
            {
                "name": "white_check_mark",
                "users": [
                    "U0RB90L2Y",
                    "U06AAH8F3",
                    "U0474E4KZ"
                ],
                "count": 3
            }
        ]
    },
    {
        "type": "message",
        "user": "U048XN527",
        "text": "Well said, <@U04GDL62L>.",
        "edited": {
            "user": "U048XN527",
            "ts": "1457476792.000000"
        },
        "ts": "1457476774.001002"
    },
    {
        "type": "message",
        "user": "U06AAH8F3",
        "text": "Synereo as app layer huh? I'll have to give the talk a listen to hear how she framed the partnerships...",
        "ts": "1457489804.001004",
        "reactions": [
            {
                "name": "+1",
                "users": [
                    "U04BQ4FMC"
                ],
                "count": 1
            }
        ]
    },
    {
        "type": "message",
        "user": "U0PCK9TKL",
        "text": "Lol Erik about to smack a bitch Lolz. Back feed sounds cool though ",
        "edited": {
            "user": "U0PCK9TKL",
            "ts": "1457489909.000000"
        },
        "ts": "1457489868.001005"
    },
    {
        "type": "message",
        "user": "U06AAH8F3",
        "text": ":) not at all ... simply noting it as an area of confusion on the constellation of efforts in the space and everyone vying to be \"the platform\"",
        "ts": "1457489947.001008",
        "reactions": [
            {
                "name": "dart",
                "users": [
                    "U04BQ4FMC"
                ],
                "count": 1
            }
        ]
    },
    {
        "type": "message",
        "user": "U0PCK9TKL",
        "text": "Content is king",
        "ts": "1457490131.001009"
    },
    {
        "type": "message",
        "user": "U0PCK9TKL",
        "text": "We will be the platform ",
        "ts": "1457490140.001010"
    },
    {
        "type": "message",
        "user": "U0PCK9TKL",
        "text": "I'm assuming this is the goal",
        "ts": "1457490147.001011"
    },
    {
        "type": "message",
        "user": "U0PCK9TKL",
        "text": "People connect into Synereo with their third party apps",
        "ts": "1457490163.001012"
    },
    {
        "type": "message",
        "user": "U0PCK9TKL",
        "text": "6 est pm is now a official streaming time until further notice. I am going to be working with <@U0QJSP0LU> on videography material. Everyone is encouraged to come on and talk about their updates. If people want to setup stream times you'll need my private key and I'll gladly walk you through media encoding.",
        "ts": "1457490640.001013",
        "reactions": [
            {
                "name": "+1",
                "users": [
                    "U0474E4KZ"
                ],
                "count": 1
            }
        ]
    },
    {
        "type": "message",
        "user": "U0PCK9TKL",
        "text": "Ian if you can come to some of the meetings that would be great. We need to start working on clarifying the concepts behind the code",
        "ts": "1457490835.001014"
    },
    {
        "type": "message",
        "user": "U04A8095T",
        "text": "<@U0R4YRVFB>:  Joeri, you've done awesome videos for Factom.  I'm so glad you are on this channel now.",
        "ts": "1457493239.001015",
        "reactions": [
            {
                "name": "smile",
                "users": [
                    "U0474E4KZ"
                ],
                "count": 1
            }
        ]
    },
    {
        "user": "U0RC1KJ3V",
        "type": "message",
        "subtype": "channel_join",
        "text": "<@U0RC1KJ3V|ink> has joined the channel",
        "ts": "1457495449.001016"
    }
]