[
    {
        "type": "message",
        "user": "U04BQ4FMC",
        "text": "these guys are listing us in their database - visit &amp; rate if you can - <http:\/\/cryptodatabase.net\/coins.php?cat=A>  PAGE 6",
        "attachments": [
            {
                "title": "Crypto Database - Worlds Largest Collection Of Crypto Coin Information",
                "title_link": "http:\/\/cryptodatabase.net\/coins.php?cat=A",
                "text": "Worlds Largest Crypto Currency Database! Collect coins from our faucets, play games, view your favorite coins information and more!",
                "fallback": "Crypto Database - Worlds Largest Collection Of Crypto Coin Information",
                "from_url": "http:\/\/cryptodatabase.net\/coins.php?cat=A",
                "id": 1
            }
        ],
        "ts": "1457609093.001066"
    },
    {
        "type": "message",
        "user": "U0R4YRVFB",
        "text": "Is there a Synereo group chat on Skype ?",
        "ts": "1457613414.001068"
    },
    {
        "type": "message",
        "user": "U04BQ4FMC",
        "text": "no, but there are a couple others: <https:\/\/meet.jit.si\/synereosynpm>, for example - ask <@U0PCK9TKL>  for others",
        "attachments": [
            {
                "title": "Jitsi Meet",
                "title_link": "https:\/\/meet.jit.si\/synereosynpm",
                "text": "Join a WebRTC video conference powered by the Jitsi Videobridge",
                "fallback": "Jitsi Meet",
                "from_url": "https:\/\/meet.jit.si\/synereosynpm",
                "thumb_url": "https:\/\/meet.jit.si\/images\/jitsilogo.png?v=1",
                "thumb_width": 68,
                "thumb_height": 31,
                "id": 1
            }
        ],
        "ts": "1457616332.001069"
    },
    {
        "user": "U0RRV439U",
        "type": "message",
        "subtype": "channel_join",
        "text": "<@U0RRV439U|tim.frost> has joined the channel",
        "ts": "1457619077.001071"
    },
    {
        "type": "message",
        "user": "U0474E4KZ",
        "text": "Welcome, Tim!",
        "ts": "1457619109.001072"
    },
    {
        "type": "message",
        "user": "U0RRV439U",
        "text": "Thanks Dor!",
        "ts": "1457619262.001073"
    },
    {
        "type": "message",
        "user": "U0R4YRVFB",
        "text": "Hey bro. Welcome.",
        "ts": "1457619961.001074"
    },
    {
        "user": "U0RT4H3H7",
        "type": "message",
        "subtype": "channel_join",
        "text": "<@U0RT4H3H7|inigo> has joined the channel",
        "ts": "1457625338.001075"
    },
    {
        "type": "message",
        "user": "U0RT4H3H7",
        "text": "Hello Folks",
        "ts": "1457625375.001076"
    },
    {
        "type": "message",
        "user": "U0PCK9TKL",
        "text": "Hey Paul welcome!",
        "ts": "1457626447.001077"
    },
    {
        "type": "message",
        "user": "U0R4YRVFB",
        "text": "Hey there!",
        "ts": "1457629648.001078"
    },
    {
        "type": "message",
        "user": "U048ERGCQ",
        "text": "hi. Dor was so kind to create a trader channel. so if anyone else is watching the markets and wants to chat about it, please join the new channel",
        "ts": "1457639417.001079"
    },
    {
        "type": "message",
        "user": "U09KY5U65",
        "text": "Can someone post the link to this new $20,000 transaction? I would like to confirm that the AMPs were purchased at market rate of 10,000 satoshi.",
        "ts": "1457641146.001080"
    },
    {
        "type": "message",
        "user": "U09KY5U65",
        "text": "I don't understand all the Israeli talk about this coin but I'm sure it'll just get worse if Synereo can't prove they sold this Israeli investor AMP at the current market care of 10,000 satoshi.",
        "ts": "1457641599.001081"
    },
    {
        "type": "message",
        "user": "U09KY5U65",
        "text": "It would be good to be transparent. Display the AMP transaction on the omni block explorer and prove they don't play favorites with people from Israel. This should end all this strange Israel talk that I don't even understand.",
        "ts": "1457641707.001082"
    },
    {
        "type": "message",
        "user": "U04BQ4FMC",
        "text": "wait for the crowdsale to go live - the pre-sales will be the first ones recorded.  is that what you mean, <@U09KY5U65> ?",
        "ts": "1457642617.001083"
    },
    {
        "type": "message",
        "user": "U09KY5U65",
        "text": "I mean the $20,000 investment that <@U0474E4KZ> reported on this last hang out. It was to an Israeli investor. This seems natural since I belive <@U0474E4KZ> lives in Israel and does networking there. The part that needs to be transparent is that this investor did not receive special treatment.",
        "ts": "1457642734.001084"
    },
    {
        "type": "message",
        "user": "U09KY5U65",
        "text": "There is a lack of transparency lately. The crowdsale was 100% transparent = good. These private sales aren't. There is no way to prove that <@U0474E4KZ> didnt just \"self buy\" the coin.",
        "ts": "1457642885.001085"
    },
    {
        "type": "message",
        "user": "U04BQ4FMC",
        "text": "if it happened recently, I'm sure that it will all be treated equally in the BTTF event",
        "ts": "1457642946.001086"
    },
    {
        "type": "message",
        "user": "U09KY5U65",
        "text": "I don't think <@U0474E4KZ> scammed anyone but the fact is there is no proof that he didn't.",
        "ts": "1457642995.001087"
    },
    {
        "type": "message",
        "user": "U09KY5U65",
        "text": "If <@U0474E4KZ> could show us the AMP transaction then we would know when it took place and could confirm everything is... Kosher.",
        "ts": "1457643237.001088"
    },
    {
        "type": "message",
        "user": "U04BQ4FMC",
        "text": "that's why he did not make any transaction - only records the receipt of money - the director of BTTF will handle that - pre-orders will be processed first",
        "ts": "1457643288.001089"
    },
    {
        "type": "message",
        "user": "U09KY5U65",
        "text": "Oh thats good if it's a pre-order for BTTF. I thought it was a private sale like what he was offering to me at market rate.",
        "ts": "1457643342.001090"
    },
    {
        "type": "message",
        "user": "U04BQ4FMC",
        "text": "I think that's all that can be done at this point - but I have not reviewed the hangout yet, I didn't catch the details",
        "ts": "1457643408.001091"
    },
    {
        "type": "message",
        "user": "U09KY5U65",
        "text": "Synereo might have been a bit too early with their crowdfunding. They're a bit behind the times now in what they did. I really like what <http:\/\/slock.it|slock.it> plans to do on the Ethereum blockchain. I have a feeling the majority of people will prefer what they are going to do over what Synereo is doing.",
        "ts": "1457643531.001092"
    },
    {
        "type": "message",
        "user": "U09KY5U65",
        "text": "With <http:\/\/slock.it|slock.it>, all $ETh raised will be locked in a smart contract where the people who put in the $ETH can vote on how to spend it.",
        "ts": "1457643640.001093"
    },
    {
        "type": "message",
        "user": "U04BQ4FMC",
        "text": "I don't see either of them succeeding without the synergy that has been going on already - factom, livelyGig, splicious, ethereum, synereo - and the host of apps that will ride on top of them",
        "ts": "1457643647.001094"
    },
    {
        "type": "message",
        "user": "U04BQ4FMC",
        "text": "this is just the start",
        "ts": "1457643675.001095"
    },
    {
        "type": "message",
        "user": "U09KY5U65",
        "text": "The <http:\/\/slock.it|slock.it> DAO is still really basic. But compared to the \"token sales\" that Synereo, SJCX, GEMZ etc. did, it makes them look like a joke.",
        "ts": "1457643707.001096"
    },
    {
        "type": "message",
        "user": "U09KY5U65",
        "text": "Hopefully there is a way for Synereo to become more of a DAO",
        "ts": "1457643883.001097"
    },
    {
        "type": "message",
        "user": "U09KY5U65",
        "text": "I guess Synereo could lock up some funds raised from BTTF in a smart contract that owners of AMP could decide on how to spend.",
        "ts": "1457643932.001098"
    },
    {
        "type": "message",
        "user": "U09KY5U65",
        "text": "That would be a good first step. You never know the potential that could come from that.",
        "ts": "1457643996.001099"
    },
    {
        "user": "U0S13RXNG",
        "type": "message",
        "subtype": "channel_join",
        "text": "<@U0S13RXNG|dfgv12> has joined the channel",
        "ts": "1457651369.001100"
    },
    {
        "user": "U0S022H4K",
        "type": "message",
        "subtype": "channel_join",
        "text": "<@U0S022H4K|ryanstr> has joined the channel",
        "ts": "1457652879.001101"
    },
    {
        "type": "message",
        "user": "U0PCK9TKL",
        "text": "Hello hello welcome to Synereo ",
        "ts": "1457653903.001102"
    },
    {
        "type": "message",
        "user": "U0PCK9TKL",
        "text": "When you transfer Bitcoin  between between wallets does that information show up on the public ledger?",
        "ts": "1457672135.001103"
    },
    {
        "type": "message",
        "user": "U048ERGCQ",
        "text": "This guy seems to know what he is talking about, has this been adressed? <https:\/\/bitcointalk.org\/index.php?topic=1341223.msg14161949#msg14161949>",
        "ts": "1457681042.001104"
    }
]