[
    {
        "type": "message",
        "user": "U048T3M8W",
        "text": "We could do a test with <https:\/\/tree.taiga.io\/project\/lapin7-synereo-community\/> but maybe it's better when it's done under a synereo account on taiga. We need to configure a webhook to taiga in order to receive messages about task progress. See for explanation: <https:\/\/api.slack.com\/incoming-webhooks>. It maybe also a good idea to integrate the update messages of Github.",
        "attachments": [
            {
                "service_name": "Taiga - Love your projects",
                "title": "Synereo community",
                "title_link": "https:\/\/tree.taiga.io\/project\/lapin7-synereo-community\/",
                "text": "We want to create a distributed decentralised social network. Finally it aims to reset the Internet with respect for privacy and economy. Creators get rewarded by their consumers in the most direct way.",
                "fallback": "Taiga - Love your projects: Synereo community",
                "thumb_url": "https:\/\/tree.taiga.io\/v-1452753531423\/images\/logo-color.png",
                "from_url": "https:\/\/tree.taiga.io\/project\/lapin7-synereo-community\/",
                "thumb_width": 300,
                "thumb_height": 300,
                "id": 1
            }
        ],
        "ts": "1453709168.000019"
    },
    {
        "type": "message",
        "user": "U0474E4KZ",
        "text": "Been posting about Synereo and AMPs in some trading groups recently. Seems to have brought in some fresh interest. :simple_smile:",
        "ts": "1453739664.000021"
    },
    {
        "type": "message",
        "user": "U09KY5U65",
        "text": "Is that deal still valid from last month where synereo is selling $1000 worth of $AMP? I was talking to someone who was thinking of putting 10 BTC into synereo.",
        "ts": "1453755397.000022"
    },
    {
        "type": "message",
        "user": "U09KY5U65",
        "text": "I have so many ideas of apps using synereo that would be so simple to make. You basically take any popular centralized app and make it decentralized. If only I understood how to use synereo and set it up on a server. The app I just thought to copy is yelp.",
        "ts": "1453760964.000023",
        "reactions": [
            {
                "name": "heart",
                "users": [
                    "U0474E4KZ"
                ],
                "count": 1
            }
        ]
    },
    {
        "type": "message",
        "user": "U09KY5U65",
        "text": "Maybe just a generic \"review\" function would be useful for everything.",
        "ts": "1453780977.000024"
    }
]