[
    {
        "type": "message",
        "user": "U0QANLBM3",
        "text": "hi <@U0N53UJES> . When you asked that I wasnt still on the team so I dont know what were you asking about. As far as I know the proyect is still in development. Investors are needed. But to capture big investors a profit model is needed. where did you buy amps? I would like yo answer all your question but Im still about reading all about the proyect while helping on what is on my hands couse I belibe on it. But as I told I still reading all.",
        "ts": "1457168986.000700"
    },
    {
        "type": "message",
        "user": "U0N53UJES",
        "text": "<@U0QANLBM3> Ok i understand, so there wasn't anyone taking care of all this before ? That makes me wonder, since the synereo website and the video a4e kind of promising something seriously going on allready. Guess that must confuse possible Investors somehow. \nAnyway, so there isn't anything ready to look at in the moment, something how it will look like, or how it will work, or is it ?",
        "ts": "1457170432.000701"
    },
    {
        "type": "message",
        "user": "U0474E4KZ",
        "text": "<@U0N53UJES>: we're not far away from releasing an application you can download and install simply.",
        "ts": "1457175940.000702"
    },
    {
        "type": "message",
        "user": "U0474E4KZ",
        "text": "You're in the right place. Welcome. :simple_smile:",
        "ts": "1457175945.000703"
    },
    {
        "type": "message",
        "user": "U0474E4KZ",
        "text": "There's a good chance we'll show some new, designed screens in the upcoming hangout.",
        "ts": "1457175964.000704"
    },
    {
        "type": "message",
        "user": "U0474E4KZ",
        "text": "Wednesday at 19:00 GMT.",
        "ts": "1457175985.000705"
    },
    {
        "type": "message",
        "user": "U0474E4KZ",
        "text": "<https:\/\/bitcointalk.org\/index.php?topic=995987.new;topicseen#new>",
        "ts": "1457181048.000706"
    },
    {
        "type": "message",
        "user": "U0PCK9TKL",
        "text": "<http:\/\/www.twitch.tv\/synereo|www.twitch.tv\/synereo> i am live for about 2 hours. got to get some work done. if you want to get on jitsi and talk about  anything let me know. <@U04BQ4FMC> <@U048X85UT> and I had good conversations yesterday.",
        "ts": "1457181304.000707"
    },
    {
        "type": "message",
        "user": "U048X85UT",
        "text": "<@U0PCK9TKL>: <@U049CMCCZ>  and I showed up on jitsi but you were not there.  Heard you sneezing on twitch, hope you are better soon.",
        "ts": "1457185239.000708"
    },
    {
        "type": "message",
        "user": "U0PCK9TKL",
        "text": "let me stop in. lol i forgot my mic was on lol",
        "ts": "1457185256.000709"
    },
    {
        "type": "message",
        "user": "U049CMCCZ",
        "text": "haha - aattchuu - get better :thumbsup: had to bail, busy with another project..",
        "ts": "1457185330.000710"
    },
    {
        "type": "message",
        "user": "U0PCK9TKL",
        "text": "him and in this channel can someone join and tell me if they can hear jim <https:\/\/meet.jit.si\/synereosynpm>",
        "attachments": [
            {
                "title": "Jitsi Meet",
                "title_link": "https:\/\/meet.jit.si\/synereosynpm",
                "text": "Join a WebRTC video conference powered by the Jitsi Videobridge",
                "fallback": "Jitsi Meet",
                "from_url": "https:\/\/meet.jit.si\/synereosynpm",
                "thumb_url": "https:\/\/meet.jit.si\/images\/jitsilogo.png?v=1",
                "thumb_width": 68,
                "thumb_height": 31,
                "id": 1
            }
        ],
        "ts": "1457187269.000711"
    },
    {
        "type": "message",
        "user": "U0PCK9TKL",
        "text": "<http:\/\/www.coinfest.org\/coinfest-2016\/> this is a top priority for us. This is a free and open source conference. They are giving us permission to give a presentation about synereo. We also have permission to post this on <http:\/\/Twitch.tv|Twitch.tv> I am talking to one of the organizers. Manachester England will be the big event. Is there anyone in England that can be of assistance to give a presentation about synereo or to go there and spread the news about synereo.",
        "ts": "1457193617.000713"
    },
    {
        "type": "message",
        "user": "U0PCK9TKL",
        "text": "if you get on jitsi now. one of the organizers are online. I am willing to give more information about this project if anyone has connections.",
        "ts": "1457193668.000714"
    },
    {
        "type": "message",
        "user": "U0PCK9TKL",
        "text": "we dont have a lot of time.",
        "ts": "1457195196.000715"
    },
    {
        "type": "message",
        "user": "U0PCK9TKL",
        "text": "april 5-10th.",
        "ts": "1457195225.000716"
    },
    {
        "type": "message",
        "user": "U0PCK9TKL",
        "text": "i found a c++ programmer he is only 18 :smile:",
        "ts": "1457196431.000717"
    },
    {
        "type": "message",
        "user": "U0PCK9TKL",
        "text": "but he is making moves",
        "ts": "1457196438.000718"
    },
    {
        "type": "message",
        "user": "U0474E4KZ",
        "text": "<https:\/\/bitcointalk.org\/index.php?topic=995987.msg14104342#msg14104342>",
        "ts": "1457196552.000719"
    },
    {
        "type": "message",
        "user": "U0PCK9TKL",
        "text": "dor would you like to pop on jitsi i have some good good news for you",
        "ts": "1457196915.000720"
    },
    {
        "user": "U0QJSP0LU",
        "type": "message",
        "subtype": "channel_join",
        "text": "<@U0QJSP0LU|2bayou> has joined the channel",
        "ts": "1457197911.000721"
    },
    {
        "type": "message",
        "user": "U0PCK9TKL",
        "text": "welcome <@U0QJSP0LU>",
        "edited": {
            "user": "U0PCK9TKL",
            "ts": "1457198082.000000"
        },
        "ts": "1457198072.000722"
    },
    {
        "type": "message",
        "user": "U0QJSP0LU",
        "text": "im in",
        "ts": "1457198288.000724"
    },
    {
        "type": "message",
        "user": "U0QJSP0LU",
        "text": "thanks",
        "ts": "1457198512.000725"
    },
    {
        "type": "message",
        "user": "U0QJSP0LU",
        "text": "<mailto:nlane515@gmail.com|nlane515@gmail.com>",
        "ts": "1457199423.000726"
    },
    {
        "user": "U0QK92Y58",
        "type": "message",
        "subtype": "channel_join",
        "text": "<@U0QK92Y58|shkreli> has joined the channel",
        "ts": "1457205036.000727"
    },
    {
        "type": "message",
        "user": "U0QK92Y58",
        "text": "<http:\/\/i.snag.gy\/SbmGa.jpg>",
        "attachments": [
            {
                "fallback": "1000x562px image",
                "image_url": "http:\/\/i.snag.gy\/SbmGa.jpg",
                "image_width": 1000,
                "image_height": 562,
                "image_bytes": 67657,
                "from_url": "http:\/\/i.snag.gy\/SbmGa.jpg",
                "id": 1
            }
        ],
        "ts": "1457207529.000728"
    },
    {
        "type": "message",
        "user": "U0QK92Y58",
        "text": "*WARNING* <@U0474E4KZ> wants to *TAX* \"every transaction on Synereo\"*.\nHe is offering private 'investors' a share of his *Toll Booth* operations.\n\nRead the \"Synereo Investor Deck\" which he posted on March 3 _by mistake_.\nHe unveils this never before mentioned scheme that is 100% opposite to his prior philosophy. So much for _transparency_! He is now selling STOCK, not AMPs in his private company, whose previous business model was to offer its expertise in assisting businesses with advertising on Synereo and creating new apps for the platform. Now he wants to run a utility company that will meter our usage.\n\n&gt; <@U0474E4KZ> to @malthus\n&gt; March 3rd at 12:44 PM It's very investor oriented and so we can't do this publicly\n&gt; But you can send it in person or post in small groups. Use judgment.\n\nI'd like to hear from <@U0474AYFT>, <@U046F1278>, <@U0474AT8P>, <@U0FESR742>, <@U04A8095T>, <@U048T3M8W>, <@U04BQ4FMC>, <@U0PCK9TKL>, <@U048X85UT>, <@U04GDL62L>, <@U049CMCCZ>, <@U0DKBHZN1>. Help prevent <@U0474E4KZ> from becoming a Martin Shkreli. \n\nRemember the *Crowdsale Announcement* (2015.03.18)\n\"_Monetization. Revenue per user, per month, per platform, per whatever_...\"\n\n```\nWhy Even Build Synereo?\n\nBecause social media must be decentralized.\n\nAs long as our social media networks continue to be moderated by central authorities like Facebook and Google, users cannot be guaranteed the privacy of their identity and personal information. Perhaps worse, their experience of the social web is always geared towards one thing: Monetization.\n\nBecause of that, the success or failure of mainstream social networks is measured by one thing: revenue.\n\nPer user. Per month. Per platform.\n\nPer whatever.\n\nThis changes with Synereo, the world\u2019s first fully-decentralized social network.\n\n- Crowdsale Announcement (2015.03.18 )\n```",
        "ts": "1457207556.000730",
        "reactions": [
            {
                "name": "-1",
                "users": [
                    "U04BQ4FMC"
                ],
                "count": 1
            },
            {
                "name": "hankey",
                "users": [
                    "U04BQ4FMC"
                ],
                "count": 1
            }
        ]
    },
    {
        "type": "message",
        "user": "U0PCK9TKL",
        "text": "I have been aware of this for months. where have you been?",
        "ts": "1457207601.000731",
        "reactions": [
            {
                "name": "clap",
                "users": [
                    "U04BQ4FMC"
                ],
                "count": 1
            },
            {
                "name": "smile",
                "users": [
                    "U04BQ4FMC"
                ],
                "count": 1
            }
        ]
    },
    {
        "type": "message",
        "user": "U0QK92Y58",
        "text": "How come nobody is talking about this? <@U0474E4KZ> is trying to keep this quiet and says \"we can't do this publicly\".",
        "ts": "1457207796.000732",
        "reactions": [
            {
                "name": "-1",
                "users": [
                    "U04BQ4FMC"
                ],
                "count": 1
            },
            {
                "name": "hankey",
                "users": [
                    "U04BQ4FMC"
                ],
                "count": 1
            }
        ]
    },
    {
        "type": "message",
        "user": "U0474E4KZ",
        "text": "We can't make an investment offer publicly.",
        "ts": "1457207852.000733",
        "reactions": [
            {
                "name": "dart",
                "users": [
                    "U04BQ4FMC"
                ],
                "count": 1
            }
        ]
    },
    {
        "type": "message",
        "user": "U0474E4KZ",
        "text": "Everything else has been public knowledge for a long while.",
        "edited": {
            "user": "U0474E4KZ",
            "ts": "1457207867.000000"
        },
        "ts": "1457207860.000734"
    },
    {
        "type": "message",
        "user": "U0474E4KZ",
        "text": "We fully intend to keep both the fundamental technology open-source and free and the social network running not for profit.",
        "ts": "1457207900.000736"
    },
    {
        "type": "message",
        "user": "U0PCK9TKL",
        "text": "yes agreed <@U0474E4KZ> its been a month minimum since he mention the BTTF sale. We were arguing with <@U09KY5U65> a while ago about the futre crowdsales and equity",
        "ts": "1457207904.000737"
    },
    {
        "type": "message",
        "user": "U0474E4KZ",
        "text": "It WILL generate revenue, though, to be used to maintain the network. This has been clear since the original announcement, 1.5 years ago.",
        "ts": "1457207927.000738"
    },
    {
        "type": "message",
        "user": "U0474E4KZ",
        "text": "Profit will ONLY come from services and applications on the platform.",
        "ts": "1457207954.000739"
    },
    {
        "type": "message",
        "user": "U0QK92Y58",
        "text": "You say this has been public for a while? Please say where. This is quite different from what you put forward for the crowd sale!",
        "ts": "1457207956.000740"
    },
    {
        "type": "message",
        "user": "U0474E4KZ",
        "text": "I have repeated this often throughout the BTT thread, for example.",
        "ts": "1457207981.000741"
    },
    {
        "type": "message",
        "user": "U0474E4KZ",
        "text": "Appreciate the Cubert wink. :]",
        "edited": {
            "user": "U0474E4KZ",
            "ts": "1457208041.000000"
        },
        "ts": "1457208036.000742"
    },
    {
        "type": "message",
        "user": "U0QK92Y58",
        "text": "<@U0474E4KZ>. Take a look at *your own words* in the crowdsale announcement that I quoted above. Quite hypocritical.",
        "ts": "1457208079.000744"
    },
    {
        "type": "message",
        "user": "U0474E4KZ",
        "text": "Do you have a specific grievance about this model you'd like to address?",
        "ts": "1457208080.000745"
    },
    {
        "type": "message",
        "user": "U0PCK9TKL",
        "text": "shdwdm <@U09KY5U65>: why cant you respect that people are busy and they may not have answers for you when you want them. The startup literally consists of only a few people outside of that everyone is volunteering their skill set to help the community grow. Not every question will be addressed immediately or even over a course of a few weeks. I also do not understand the problem. Wait until there is another crowd sale. Or explain things in layman\u2019s terms because people like me with no technical knowledge have no idea what your talking about until it gets synthesized over and over again by you and other members in this channel. From an outside your making yourself look like an idiot in the channel. Your angry that you cant buy amps at this very second. Okay? The rest of your claims are ridiculous and completely unfounded. You act as if the network is launching next week or something and you have been left out of \u201cmission critical details\u201d as if your doing anything for the network expect argue with the founders.. Ive been in this channel for a year and your the only one I have seen open complaints from. At this point even if you wanted 100 bitcoins worth of amps why would they want your money? Your a hassle to deal with man. Seriously chill. No one is trying to scam anyone. Your not a founder so you don\u2019t have any Idea of the larger perspective. They may have something planned that isn't %100 transparent. There may be good reasons their doing things a specific way at this point in time. Do you not realize this? Or am I the one who is crazy?   \"I would also like to know more information about the <http:\/\/BankToTheFuture.com|BankToTheFuture.com> investment plan. Has Mike Keizer already purchased AMPs in a private sale? Does he then resell them to the public? Does he take orders for AMPs at a certain price then buy them for cheaper than that from Synereo LTD?\u201d Wait for an update. You asked this 10 times already. You cant externalize everything. You cant control other people. Relax dude. (edited)",
        "ts": "1457208124.000746"
    },
    {
        "type": "message",
        "user": "U0PCK9TKL",
        "text": "proof that we talked about it more than a month ago",
        "ts": "1457208139.000747"
    },
    {
        "type": "message",
        "user": "U0QK92Y58",
        "text": "now you say revenue to maintain the network, however you are offering this \"REVENUE\" as profit to investors, like a toll road sale, or utility company model.",
        "ts": "1457208169.000748"
    },
    {
        "type": "message",
        "user": "U0PCK9TKL",
        "text": "^ proof that this has been in the slack discussion.",
        "ts": "1457208185.000749"
    },
    {
        "type": "message",
        "user": "U0PCK9TKL",
        "text": "i talked to jim about the problem your addressing. the money generated helps the network stay up",
        "ts": "1457208209.000750"
    },
    {
        "type": "message",
        "user": "U0DKBHZN1",
        "text": "Receiving an incentive for running a node was know to me from the start. No secrets about it! For stability of the network we need as many modes as possible.",
        "ts": "1457208247.000751",
        "reactions": [
            {
                "name": "+1",
                "users": [
                    "U04BQ4FMC"
                ],
                "count": 1
            }
        ]
    },
    {
        "type": "message",
        "user": "U0PCK9TKL",
        "text": "^agreed",
        "ts": "1457208374.000752"
    },
    {
        "type": "message",
        "user": "U0QK92Y58",
        "text": "I've read through the Synereo postings and have not seen mention of your maintenance tax. It doesn't even fit the model for decentralized, distributed organization. Just see how the business model of Dor's Synereo LTD is diverging from the original goals of this project.",
        "ts": "1457208452.000753"
    },
    {
        "type": "message",
        "user": "U0DKBHZN1",
        "text": "One of the problems that bitcoin is facing  is lack of interest in setting up a bitcoin node!! Node operators need an incentive. At least break even with the costs of renting a server.",
        "ts": "1457208474.000754",
        "reactions": [
            {
                "name": "white_check_mark",
                "users": [
                    "U0474E4KZ"
                ],
                "count": 1
            },
            {
                "name": "muscle",
                "users": [
                    "U04BQ4FMC"
                ],
                "count": 1
            }
        ]
    },
    {
        "type": "message",
        "user": "U0QK92Y58",
        "text": "So, if you put up your own node, you are entitled to a banner or whatever. Taxing the flow of communication like you are now proposing will kill this thing dead.",
        "ts": "1457208571.000755"
    },
    {
        "type": "message",
        "user": "U0QK92Y58",
        "text": "still waiting for one of you to show an actual reference or URL, that this was part of the original vision.",
        "ts": "1457208642.000756"
    },
    {
        "type": "message",
        "user": "U0QK92Y58",
        "text": "WAKE UP PEOPLE!\nBack up a few lines and read what <@U0474E4KZ> says,\n&gt; \"Profit will ONLY come from services and applications on the platform\"\nNow go and read what he is offering his Private Investors. The slide clearly ties PROFITS to network activity..\n&gt; transaction fees, content amplification, etc.",
        "ts": "1457209535.000757"
    },
    {
        "type": "message",
        "user": "U0DKBHZN1",
        "text": "<https:\/\/discuss.synereo.com\/t\/crowdsale-frequently-asked-questions\/46682\/11>",
        "attachments": [
            {
                "service_name": "Discuss Synereo",
                "title": "Crowdsale Frequently Asked Questions",
                "title_link": "https:\/\/discuss.synereo.com\/t\/crowdsale-frequently-asked-questions\/46682\/11",
                "text": "Continuing the discussion from Crowdsale Frequently Asked Questions: Yes, we do. That's why we made sure it's clear that these tokens aren't in our control. All details have been published here. <https:\/\/docs.google.com\/document\/d\/1zLBm8OHt5-81flihJ6iSKEm0WbRa6FL0mJ5ivBN34Po\/edit>",
                "fallback": "Discuss Synereo: Crowdsale Frequently Asked Questions",
                "from_url": "https:\/\/discuss.synereo.com\/t\/crowdsale-frequently-asked-questions\/46682\/11",
                "id": 1
            }
        ],
        "ts": "1457210030.000758",
        "reactions": [
            {
                "name": "+1",
                "users": [
                    "U0474E4KZ"
                ],
                "count": 1
            }
        ]
    },
    {
        "type": "message",
        "user": "U0DKBHZN1",
        "text": "\"Why nodes will be motivated to participate? I mean do you assume that 1 user = 1 node? If so, how are you going to implement Synereo for users of existing browsers?\"",
        "ts": "1457210048.000760"
    },
    {
        "type": "message",
        "user": "U0DKBHZN1",
        "text": "Dor's Answer: \"Nodes that contribute extra storage and bandwidth will be rewarded AMPs.\"",
        "edited": {
            "user": "U0DKBHZN1",
            "ts": "1457210119.000000"
        },
        "ts": "1457210084.000761"
    },
    {
        "type": "message",
        "user": "U0QK92Y58",
        "text": "Very true, bandwidth and storage costs $ and nodes need to be incentivized, but toll roads to Profit Private investors? NO WAY!",
        "ts": "1457210219.000763"
    },
    {
        "type": "message",
        "user": "U0474E4KZ",
        "text": "Revenue \/= profit.",
        "ts": "1457210222.000764"
    },
    {
        "type": "message",
        "user": "U0QK92Y58",
        "text": "<@U0474E4KZ>, Your friends at business investor camp have been a bad influence on you. Monetize, monetize, monetize. What other angles will you invent for your private LTD?",
        "ts": "1457210352.000765"
    },
    {
        "type": "message",
        "user": "U0QK92Y58",
        "text": "&gt; Synereo LTD will assist major advertisers and allow them to pay with fiat currency directly, exchanging it to AMPs for them and investing these AMPs in the posts reaching your eyes.\n- <http:\/\/blog.synereo.com|blog.synereo.com> (2015\/03\/27)",
        "ts": "1457210393.000766"
    },
    {
        "type": "message",
        "user": "U0QK92Y58",
        "text": "Isn't that enough for you? :green_heart:  :green_heart:  :green_heart:",
        "ts": "1457210434.000767"
    },
    {
        "type": "message",
        "user": "U0QK92Y58",
        "text": "Crowdsale of tokens that become magic internet money. That is the correct model to monetize. This LTD of your muddies the water terribly.",
        "ts": "1457210514.000768"
    },
    {
        "type": "message",
        "user": "U048X85UT",
        "text": "<@U0QK92Y58>: If I plan on running a thousand synereo nodes I expect there will be income from fees that covers the cost of the resources I am providing.",
        "edited": {
            "user": "U048X85UT",
            "ts": "1457211149.000000"
        },
        "ts": "1457211061.000769",
        "reactions": [
            {
                "name": "heart",
                "users": [
                    "U0474E4KZ"
                ],
                "count": 1
            },
            {
                "name": "+1",
                "users": [
                    "U0DKBHZN1",
                    "U04BQ4FMC"
                ],
                "count": 2
            }
        ]
    },
    {
        "type": "message",
        "user": "U048X85UT",
        "text": "If I want investors to fund that network I expect they wouyld want a piece of the action.",
        "ts": "1457211110.000770"
    },
    {
        "type": "message",
        "user": "U0474E4KZ",
        "text": "We had Synereo LTD before AMPs were ever issued, cryptocoinz.",
        "ts": "1457211316.000773",
        "reactions": [
            {
                "name": "white_check_mark",
                "users": [
                    "U04BQ4FMC"
                ],
                "count": 1
            }
        ]
    },
    {
        "type": "message",
        "user": "U0QK92Y58",
        "text": "<@U048X85UT>: Don't confuse this.  <@U0474E4KZ> is not offering his LTD investors just AMPs. This LTD seems vaguely parasitic, doesn't it?",
        "ts": "1457211404.000774"
    },
    {
        "type": "message",
        "user": "U0QK92Y58",
        "text": "Stick to funding with AMPs.Keep things honest and transparent.",
        "ts": "1457211575.000775"
    },
    {
        "type": "message",
        "user": "U0474E4KZ",
        "text": "Your opinion has been noted.",
        "ts": "1457212017.000776"
    },
    {
        "type": "message",
        "user": "U0PCK9TKL",
        "text": "DOR",
        "ts": "1457212160.000777"
    },
    {
        "type": "message",
        "user": "U0PCK9TKL",
        "text": "just got off the phone with my friend who is works with equity and regulators in pittsburg, pa. he has a connection in d.c. the firm in d.c. is international",
        "ts": "1457212209.000778"
    },
    {
        "type": "message",
        "user": "U0474E4KZ",
        "text": "<https:\/\/bitcointalk.org\/index.php?topic=995987.msg14108756#msg14108756>",
        "ts": "1457212452.000779"
    },
    {
        "type": "message",
        "user": "U0474E4KZ",
        "text": "Yeah?",
        "ts": "1457212456.000780"
    },
    {
        "type": "message",
        "user": "U048X85UT",
        "text": "<@U0J9CQF9S>: what he does with his LTD is his business.  It has no being on my application of the synereo stack other that my wish to partner with them.",
        "ts": "1457212817.000781"
    },
    {
        "type": "message",
        "user": "U0PCK9TKL",
        "text": "my friend is very trustworthy we went to school together",
        "ts": "1457212846.000782"
    },
    {
        "type": "message",
        "user": "U0PCK9TKL",
        "text": "he just mentioned that he knows people that can help.",
        "ts": "1457212851.000783"
    },
    {
        "type": "message",
        "user": "U0PCK9TKL",
        "text": "like you accepting money from the government to help free trust.",
        "ts": "1457212860.000784"
    },
    {
        "type": "message",
        "user": "U0PCK9TKL",
        "text": "or proven secure whatever it was",
        "ts": "1457212871.000785"
    },
    {
        "type": "message",
        "user": "U0PCK9TKL",
        "text": "any help is good help",
        "ts": "1457212881.000786"
    },
    {
        "type": "message",
        "user": "U0PCK9TKL",
        "text": "the offer is ultimately in the hands of dor and the board members",
        "ts": "1457212893.000787"
    },
    {
        "type": "message",
        "user": "U048X85UT",
        "text": "yes. you must play the game to change the game.",
        "ts": "1457212963.000788"
    },
    {
        "type": "message",
        "user": "U0QK92Y58",
        "text": "Gonna go and let <@U0474E4KZ> have his rest.\nPlease don't drag this beautiful project in to the sewer with this LTD offering.\nStick to funding with AMPs and only AMPs.\n*PEOPLE!* If you are too shy to speak up about this yourself, I see that the following aliases are still available:\n&gt; @crypto.coins1, @crypto.coins2, @crypto.coins3, ...",
        "ts": "1457212997.000789"
    },
    {
        "type": "message",
        "user": "U0PCK9TKL",
        "text": "right so thats exactly why dor is in the position he is. he is trying as much as possible to be transparent. if you dont cooperate with the regulators they will shut you down.",
        "ts": "1457212999.000790"
    },
    {
        "type": "message",
        "user": "U0PCK9TKL",
        "text": "<@U0QK92Y58>: what are you talking about",
        "ts": "1457213040.000791"
    },
    {
        "type": "message",
        "user": "U0PCK9TKL",
        "text": "Just got sound siphon to work. Twitch is going to be so much more dynamic as a tv channel. God damn we are going to be huge..",
        "ts": "1457216469.000792"
    },
    {
        "type": "message",
        "user": "U04BQ4FMC",
        "text": "<@U0QK92Y58>: - can you at least TRY to make a reasoned argument that follows some semblance of logic. instead of assertions and intentional deception?  Nothing that you've asserted (again) is true.  Nada.\n\nYou've been told that there are 2 separate things here, the platform, and the social network that will be an app on top of it.  If 15* people started this project, and made it exactly the same way, please explain how this would be different from 15 people entering with funding 1 year later?  It does not change any of the characteristics you brought up.\n(* the number 15 is arbitrary)\n\nName your example network that operates without funding, or transaction fees.\nPlease explain why you think this is 'bad' for Amps, or for the social network.",
        "ts": "1457216665.000793"
    },
    {
        "type": "message",
        "user": "U04GDL62L",
        "text": "<http:\/\/i.imgur.com\/kgrLk31.png>",
        "attachments": [
            {
                "fallback": "624x466px image",
                "image_url": "http:\/\/i.imgur.com\/kgrLk31.png",
                "image_width": 624,
                "image_height": 466,
                "image_bytes": 334535,
                "from_url": "http:\/\/i.imgur.com\/kgrLk31.png",
                "id": 1
            }
        ],
        "ts": "1457217402.000794"
    },
    {
        "type": "message",
        "user": "U04GDL62L",
        "text": "<@U0QK92Y58> \/ <@U09KY5U65> is an agitator and perhaps confused, so lets clear the air.\n\nCorrect me if I'm wrong about Synereo:\n\u2022 Synereo Platform = Open Source DB and protocol stack, based on SpecialK\n\u2022 Synereo User Model = Layer on the Synereo platform enabling common channels across applications\n\u2022 Synereo Social Network = Open Source application running on the Synereo platform, fueled by AMP\n\u2022 Synereo Founders can't spend their own AMP until 30 months past the initial crowdsale.\n\u2022 Founders vote on how to use the various wallets funded by the crowdsale(s)\n\nQuestions about the LTD:\n\u2022 Synereo LTD = Private development company owned by Dor &amp; ??\n\u2022 Do all of the Founders from the crowdsale own shares in the LTD as well?\n\u2022 What is the LTD's role in the Synereo platform and various Apps.\n\u2022 What is the LTD offering in the BTTF campaign? LTD shares, or AMP that it holds?",
        "ts": "1457217412.000796"
    },
    {
        "type": "message",
        "user": "U0474E4KZ",
        "text": "AMPs are vested over 30 months, meaning we get portions of them every 6 months. We haven't used any yet.",
        "ts": "1457217711.000797"
    },
    {
        "type": "message",
        "user": "U0474E4KZ",
        "text": "Greg and I are the major stakeholders of the company, holding equal equity.",
        "edited": {
            "user": "U0474E4KZ",
            "ts": "1457217743.000000"
        },
        "ts": "1457217726.000798"
    },
    {
        "type": "message",
        "user": "U0474E4KZ",
        "text": "In the campaign, investors get shares in the company alongside AMPs.",
        "ts": "1457217774.000801"
    },
    {
        "type": "message",
        "user": "U0474E4KZ",
        "text": "This will all be very, very clear once the BTTF pitch is live.",
        "ts": "1457217783.000802"
    },
    {
        "type": "message",
        "user": "U0474E4KZ",
        "text": "We'll also share it with the community while it's still private, before the campaign starts.",
        "ts": "1457217797.000803"
    },
    {
        "type": "message",
        "user": "U04GDL62L",
        "text": "Nodes will get AMP for storage and bandwidth in similar fashion to Ethereum's 'Gas Price'?",
        "ts": "1457218137.000804"
    },
    {
        "type": "message",
        "user": "U0474E4KZ",
        "text": "I don't want to say much about this yet. We'll talk about it soon, probably in the next hangout or the one after.",
        "ts": "1457219215.000805"
    },
    {
        "type": "message",
        "user": "U0PCK9TKL",
        "text": "so many problems with last weeks hangout. Its going to be hosted on jitsi. I can also record audio as a input source so i can route audio from google hangout to jitsi",
        "ts": "1457222935.000806"
    },
    {
        "user": "U0QKV2R35",
        "type": "message",
        "subtype": "channel_join",
        "text": "<@U0QKV2R35|avroom> has joined the channel",
        "ts": "1457223213.000807"
    },
    {
        "type": "message",
        "user": "U0PCK9TKL",
        "text": "welcome <@U0QKV2R35> !",
        "ts": "1457224001.000808"
    },
    {
        "type": "message",
        "user": "U0PCK9TKL",
        "text": "I'm in the process of routing Google hangouts to potentially 16 different live streaming services at one time. Just found out live bit torrent will be launching soon. That's going to put 2-3 major streaming services out of business. I just listened to the last Google hangouts you guys spent a good 15 mins shuffling around. That's okay. I can route audio out of Google hangouts into other streams. Everyone that doesn't want to participate or feels the need to sit out can carry their chat to YouTube everyone else in the world can watch it on 1-16 channels in setting up including our main one twitch. More details to be revealed on Wednesday.",
        "edited": {
            "user": "U0PCK9TKL",
            "ts": "1457236291.000000"
        },
        "ts": "1457236237.000809"
    },
    {
        "type": "message",
        "user": "U0PCK9TKL",
        "text": "<https:\/\/www.facebook.com\/permalink.php?story_fbid=119260615133648&amp;id=100011491293383> drunk but effective I secured connections between a sales professional, nasa it engineer, a lawyer:sunglasses:.",
        "attachments": [
            {
                "title": "Synereo Shdwdm - The last who-RA in DC fun night! Met a... | Facebook",
                "title_link": "https:\/\/www.facebook.com\/permalink.php?story_fbid=119260615133648&id=100011491293383",
                "text": "The last who-RA in DC fun night! Met a meet a mass IT programmer who works for nasa and a gentleman that works for regulatory agencies in DC.",
                "fallback": "Synereo Shdwdm - The last who-RA in DC fun night! Met a... | Facebook",
                "from_url": "https:\/\/www.facebook.com\/permalink.php?story_fbid=119260615133648&id=100011491293383",
                "id": 1
            }
        ],
        "edited": {
            "user": "U0PCK9TKL",
            "ts": "1457250197.000000"
        },
        "ts": "1457250139.000812"
    },
    {
        "type": "message",
        "user": "U0PCK9TKL",
        "text": "All photos are private of course. Don't judge :D",
        "ts": "1457250166.000814"
    }
]