[
    {
        "type": "message",
        "user": "U0DKBHZN1",
        "text": "<@U0474E4KZ>:  <http:\/\/discuss.synereo.com|discuss.synereo.com> uses an invalid security certificate. The certificate expired on Tuesday, January 26, 2016 10:31 PM. The current time is Thursday, January 28, 2016 5:48 AM. <@U0474E4KZ>  Could you please check that?",
        "ts": "1453978203.000091"
    },
    {
        "type": "message",
        "user": "U0474E4KZ",
        "text": "Thanks for the heads up. We're working on it.",
        "ts": "1453985463.000092"
    },
    {
        "type": "message",
        "user": "U0474E4KZ",
        "text": "I've restablished contact with CoinTelegraph. We'll have a piece published about us soon.",
        "ts": "1453985503.000093"
    },
    {
        "type": "message",
        "user": "U0474E4KZ",
        "text": "Each AMP is now priced at a cent and a half. :simple_smile:",
        "ts": "1453994886.000094"
    },
    {
        "user": "U0KLMG7FS",
        "type": "message",
        "subtype": "channel_join",
        "text": "<@U0KLMG7FS|plazareff> has joined the channel",
        "ts": "1453997953.000095"
    },
    {
        "user": "U0KLSNP8R",
        "type": "message",
        "subtype": "channel_join",
        "text": "<@U0KLSNP8R|marsas> has joined the channel",
        "ts": "1454001430.000096"
    },
    {
        "user": "U0KM77JLD",
        "type": "message",
        "subtype": "channel_join",
        "text": "<@U0KM77JLD|stephensong> has joined the channel",
        "ts": "1454011250.000097"
    },
    {
        "type": "message",
        "user": "U09KY5U65",
        "text": "5% of AMPs are worth half a cent.",
        "ts": "1454011456.000098"
    },
    {
        "type": "message",
        "user": "U09KY5U65",
        "text": "While this fake high price = less AMPs need to be sold which seems good, if the price drops after the 2nd crowd sale you will have a lot of people trying hard to FUD the coin = new users will be harder to gain.",
        "ts": "1454011733.000099"
    },
    {
        "type": "message",
        "user": "U09KY5U65",
        "text": "If you can have slow and steady growth where the community is making money then you will have lots of people saying good things about the project bringing in users.",
        "ts": "1454011797.000100"
    },
    {
        "type": "message",
        "user": "U09KY5U65",
        "text": "You also don't want to sell all of the coins for too cheap like Ethereum did.",
        "ts": "1454011867.000101"
    },
    {
        "user": "U0KMGSZJ7",
        "type": "message",
        "subtype": "channel_join",
        "text": "<@U0KMGSZJ7|aavella77> has joined the channel",
        "ts": "1454016557.000102"
    },
    {
        "type": "message",
        "user": "U09KY5U65",
        "text": "I was talking to <@U0474E4KZ> and I thought of this. \"Here is an interesting idea. Dump coins on BITTREX every week.\" This could be a better idea than going with that BTTF path. What do you think?",
        "ts": "1454019485.000103"
    },
    {
        "type": "message",
        "user": "U09KY5U65",
        "text": "Synereo isn't very popular yet. It has 0 users. BITTREX could get used to get BTC which could be used to hire people each week. People could line up their buy orders on bittrex. If it goes well that week. Line up your new buy orders. It's seems pretty perfect. No need for <http:\/\/BankToTheFuture.com|BankToTheFuture.com> at all.",
        "ts": "1454020782.000104"
    },
    {
        "type": "message",
        "user": "U09KY5U65",
        "text": "BITTREX is going to start doing FIAT $USD soon",
        "ts": "1454020800.000105",
        "reactions": [
            {
                "name": "+1",
                "users": [
                    "U048T3M8W"
                ],
                "count": 1
            }
        ]
    },
    {
        "type": "message",
        "user": "U0474E4KZ",
        "text": "People are specifically interested in acquiring equity in Synereo LTD. BTTF has made a way for everyone to do just that, even if they're not established investors with tens and hundreds of thousands of dollars.",
        "ts": "1454026111.000106"
    },
    {
        "type": "message",
        "user": "U0474E4KZ",
        "text": "A sale like that, where no single investor owns a significant chunk of Synereo, will also make it easier for us not to mar our vision with regards to the freedom we want users to have on the network.",
        "ts": "1454026191.000107",
        "reactions": [
            {
                "name": "+1",
                "users": [
                    "U04BQ4FMC"
                ],
                "count": 1
            }
        ]
    },
    {
        "type": "message",
        "user": "U0474E4KZ",
        "text": "Lastly, if we have a clear policy of selling AMPs on the market to finance the project in any meaningful capacity, that will naturally destroy it.",
        "ts": "1454026253.000108"
    },
    {
        "type": "message",
        "user": "U09KY5U65",
        "text": "BTTF seems very \"Corporate\". Which aligns very well with Proof-of-Stake mining. I have a feeling Casper ETH 2.0 will lead to blockchain apps. Each app with it's own blockchain. Zero barrier to enter into the market. Just premine all of the coins and give them out to whoever wants to run nodes. I hope the campaign at BTTF is a failure. It's a bad direction for Synereo. The worst part of all is if BTTF is a failure then they own everything. Synereo would actually have to die.",
        "ts": "1454029556.000109"
    },
    {
        "type": "message",
        "user": "U09KY5U65",
        "text": "I don't even get <@U0474E4KZ> future plans. Things don't look very good right now.",
        "ts": "1454029787.000110"
    },
    {
        "type": "message",
        "user": "U09KY5U65",
        "text": "Hopefully there is like a minimum that synereo has to raise for the deal to go through and synereo can't raise that much.",
        "ts": "1454030116.000111"
    }
]