[
    {
        "type": "message",
        "user": "U0PCK9TKL",
        "text": "<https:\/\/open.spotify.com\/user\/22kogijy7uqr6fe4wol4umbii\/playlist\/2jLHyPd7jlx2mzZZa6PAXY> music for your ears. let me know if the link is working",
        "attachments": [
            {
                "service_name": "Spotify",
                "service_url": "https:\/\/www.spotify.com",
                "title": "DJ Ruesue",
                "title_link": "https:\/\/open.spotify.com\/user\/22kogijy7uqr6fe4wol4umbii\/playlist\/2jLHyPd7jlx2mzZZa6PAXY",
                "thumb_url": "https:\/\/d3rt1990lpmkn.cloudfront.net\/300\/fb0f8b6d344f6651e85faee7037ad17de4b9f821c0b1fcde7eaa9b84d552b3d247516a4bbc48aee63b8f574cb1b51f5d9e5819cf82a449ac560cd5235b40b2dbd0e441856585df9beb2adf87a254084e",
                "thumb_width": 300,
                "thumb_height": 300,
                "fallback": "Spotify Audio: Link: DJ Ruesue",
                "audio_html": "<iframe src=\"https:\/\/embed.spotify.com\/?uri=spotify:user:22kogijy7uqr6fe4wol4umbii:playlist:2jLHyPd7jlx2mzZZa6PAXY\" width=\"300\" height=\"380\" frameborder=\"0\" allowtransparency=\"true\"><\/iframe>",
                "audio_html_width": 300,
                "audio_html_height": 380,
                "from_url": "https:\/\/open.spotify.com\/user\/22kogijy7uqr6fe4wol4umbii\/playlist\/2jLHyPd7jlx2mzZZa6PAXY",
                "id": 1
            }
        ],
        "ts": "1457770549.001321"
    },
    {
        "type": "message",
        "user": "U0PCK9TKL",
        "text": "oh sick it uploads it right in",
        "ts": "1457770565.001323"
    },
    {
        "type": "message",
        "user": "U048ERGCQ",
        "text": "Any estimates on when  the BTTF \"IPO\" is going to happen? Is it a matter of days? Or weeks?",
        "ts": "1457772993.000002"
    },
    {
        "type": "message",
        "user": "U0PCK9TKL",
        "text": "that is confidential",
        "ts": "1457773851.000003"
    },
    {
        "type": "message",
        "user": "U0PCK9TKL",
        "text": ":stuck_out_tongue:",
        "ts": "1457773853.000004"
    },
    {
        "type": "message",
        "user": "U0PCK9TKL",
        "text": "its in two months brotha",
        "ts": "1457773861.000005"
    },
    {
        "type": "message",
        "user": "U0PCK9TKL",
        "text": "<https:\/\/www.facebook.com\/events\/1778242099064034\/> Share this link everywhere. We need people signed up for this event.",
        "ts": "1457773968.000006"
    },
    {
        "type": "message",
        "subtype": "file_share",
        "text": "<@U0PCK9TKL|dj.ruesue> uploaded a file: <https:\/\/synereonet.slack.com\/files\/dj.ruesue\/F0SC1JRAN\/synereowebsitess1.jpg|SynereoWebSiteSS1.jpg> and commented: <https:\/\/synereonet.slack.com\/archives\/general\/p1457773968000006> SHARE THIS LINK EVERYWHERE.",
        "file": {
            "id": "F0SC1JRAN",
            "created": 1457774010,
            "timestamp": 1457774010,
            "name": "SynereoWebSiteSS1.jpg",
            "title": "SynereoWebSiteSS1.jpg",
            "mimetype": "image\/jpeg",
            "filetype": "jpg",
            "pretty_type": "JPEG",
            "user": "U0PCK9TKL",
            "editable": false,
            "size": 181873,
            "mode": "hosted",
            "is_external": false,
            "external_type": "",
            "is_public": true,
            "public_url_shared": false,
            "display_as_bot": false,
            "username": "",
            "url_private": "https:\/\/files.slack.com\/files-pri\/T0474AT8K-F0SC1JRAN\/synereowebsitess1.jpg?t=xoxe-4242367291-28095460608-28095460624-739c22ae7e",
            "url_private_download": "https:\/\/files.slack.com\/files-pri\/T0474AT8K-F0SC1JRAN\/download\/synereowebsitess1.jpg?t=xoxe-4242367291-28095460608-28095460624-739c22ae7e",
            "thumb_64": "https:\/\/files.slack.com\/files-tmb\/T0474AT8K-F0SC1JRAN-64ee4fef96\/synereowebsitess1_64.jpg?t=xoxe-4242367291-28095460608-28095460624-739c22ae7e",
            "thumb_80": "https:\/\/files.slack.com\/files-tmb\/T0474AT8K-F0SC1JRAN-64ee4fef96\/synereowebsitess1_80.jpg?t=xoxe-4242367291-28095460608-28095460624-739c22ae7e",
            "thumb_360": "https:\/\/files.slack.com\/files-tmb\/T0474AT8K-F0SC1JRAN-64ee4fef96\/synereowebsitess1_360.jpg?t=xoxe-4242367291-28095460608-28095460624-739c22ae7e",
            "thumb_360_w": 360,
            "thumb_360_h": 198,
            "thumb_480": "https:\/\/files.slack.com\/files-tmb\/T0474AT8K-F0SC1JRAN-64ee4fef96\/synereowebsitess1_480.jpg?t=xoxe-4242367291-28095460608-28095460624-739c22ae7e",
            "thumb_480_w": 480,
            "thumb_480_h": 264,
            "thumb_160": "https:\/\/files.slack.com\/files-tmb\/T0474AT8K-F0SC1JRAN-64ee4fef96\/synereowebsitess1_160.jpg?t=xoxe-4242367291-28095460608-28095460624-739c22ae7e",
            "thumb_720": "https:\/\/files.slack.com\/files-tmb\/T0474AT8K-F0SC1JRAN-64ee4fef96\/synereowebsitess1_720.jpg?t=xoxe-4242367291-28095460608-28095460624-739c22ae7e",
            "thumb_720_w": 720,
            "thumb_720_h": 396,
            "thumb_960": "https:\/\/files.slack.com\/files-tmb\/T0474AT8K-F0SC1JRAN-64ee4fef96\/synereowebsitess1_960.jpg?t=xoxe-4242367291-28095460608-28095460624-739c22ae7e",
            "thumb_960_w": 960,
            "thumb_960_h": 527,
            "thumb_1024": "https:\/\/files.slack.com\/files-tmb\/T0474AT8K-F0SC1JRAN-64ee4fef96\/synereowebsitess1_1024.jpg?t=xoxe-4242367291-28095460608-28095460624-739c22ae7e",
            "thumb_1024_w": 1024,
            "thumb_1024_h": 563,
            "image_exif_rotation": 1,
            "original_w": 1600,
            "original_h": 879,
            "permalink": "https:\/\/synereonet.slack.com\/files\/dj.ruesue\/F0SC1JRAN\/synereowebsitess1.jpg",
            "permalink_public": "https:\/\/slack-files.com\/T0474AT8K-F0SC1JRAN-e44ed6f8d6",
            "channels": [
                "C0474AT8X"
            ],
            "groups": [
    
            ],
            "ims": [
    
            ],
            "comments_count": 1,
            "initial_comment": {
                "id": "Fc0SBHGK5L",
                "created": 1457774010,
                "timestamp": 1457774010,
                "user": "U0PCK9TKL",
                "comment": "<https:\/\/synereonet.slack.com\/archives\/general\/p1457773968000006> SHARE THIS LINK EVERYWHERE."
            }
        },
        "user": "U0PCK9TKL",
        "upload": true,
        "display_as_bot": false,
        "username": "<@U0PCK9TKL|dj.ruesue>",
        "bot_id": null,
        "ts": "1457774013.000007"
    },
    {
        "type": "message",
        "user": "U048ERGCQ",
        "text": "I think Juan already posted it, but here it is also in German :smile: \"Leider ist dieser Inhalt derzeit nicht verf\u00fcgbar\nDer von dir angeklickte Link ist abgelaufen oder die Seite ist nur f\u00fcr eine Zielgruppe sichtbar, in der du nicht enthalten bist.\"",
        "ts": "1457774076.000008"
    },
    {
        "type": "message",
        "user": "U048ERGCQ",
        "text": "(the Facebook event does not show up)",
        "ts": "1457774098.000009"
    },
    {
        "type": "message",
        "user": "U0PCK9TKL",
        "text": "god damnit facebook",
        "ts": "1457774195.000010"
    },
    {
        "type": "message",
        "user": "U0PCK9TKL",
        "text": "let me try again",
        "ts": "1457774197.000011"
    },
    {
        "type": "message",
        "user": "U0PCK9TKL",
        "text": "does this work",
        "ts": "1457774714.000012"
    },
    {
        "type": "message",
        "user": "U0PCK9TKL",
        "text": "<https:\/\/www.facebook.com\/events\/903776156399879\/>",
        "ts": "1457774715.000013"
    },
    {
        "type": "message",
        "user": "U0RL4SRHB",
        "text": "Yes",
        "ts": "1457774759.000014"
    },
    {
        "type": "message",
        "user": "U0PCK9TKL",
        "text": "sweet blast that everywhere.",
        "edited": {
            "user": "U0PCK9TKL",
            "ts": "1457774815.000000"
        },
        "ts": "1457774797.000015"
    },
    {
        "type": "message",
        "user": "U048ERGCQ",
        "text": ":+1:",
        "ts": "1457774938.000017"
    },
    {
        "type": "message",
        "subtype": "file_share",
        "text": "<@U0PCK9TKL|dj.ruesue> uploaded a file: <https:\/\/synereonet.slack.com\/files\/dj.ruesue\/F0SBSA8BZ\/slack_for_ios_upload.jpg|Slack for iOS Upload> and commented: Click invite. Choose your friends. Hit enter. ",
        "file": {
            "id": "F0SBSA8BZ",
            "created": 1457775152,
            "timestamp": 1457775152,
            "name": "Slack for iOS Upload.jpg",
            "title": "Slack for iOS Upload",
            "mimetype": "image\/jpeg",
            "filetype": "jpg",
            "pretty_type": "JPEG",
            "user": "U0PCK9TKL",
            "editable": false,
            "size": 1566480,
            "mode": "hosted",
            "is_external": false,
            "external_type": "",
            "is_public": true,
            "public_url_shared": false,
            "display_as_bot": false,
            "username": "",
            "url_private": "https:\/\/files.slack.com\/files-pri\/T0474AT8K-F0SBSA8BZ\/slack_for_ios_upload.jpg?t=xoxe-4242367291-28095460608-28095460624-739c22ae7e",
            "url_private_download": "https:\/\/files.slack.com\/files-pri\/T0474AT8K-F0SBSA8BZ\/download\/slack_for_ios_upload.jpg?t=xoxe-4242367291-28095460608-28095460624-739c22ae7e",
            "thumb_64": "https:\/\/files.slack.com\/files-tmb\/T0474AT8K-F0SBSA8BZ-d8de42ccc0\/slack_for_ios_upload_64.jpg?t=xoxe-4242367291-28095460608-28095460624-739c22ae7e",
            "thumb_80": "https:\/\/files.slack.com\/files-tmb\/T0474AT8K-F0SBSA8BZ-d8de42ccc0\/slack_for_ios_upload_80.jpg?t=xoxe-4242367291-28095460608-28095460624-739c22ae7e",
            "thumb_360": "https:\/\/files.slack.com\/files-tmb\/T0474AT8K-F0SBSA8BZ-d8de42ccc0\/slack_for_ios_upload_360.jpg?t=xoxe-4242367291-28095460608-28095460624-739c22ae7e",
            "thumb_360_w": 270,
            "thumb_360_h": 360,
            "thumb_480": "https:\/\/files.slack.com\/files-tmb\/T0474AT8K-F0SBSA8BZ-d8de42ccc0\/slack_for_ios_upload_480.jpg?t=xoxe-4242367291-28095460608-28095460624-739c22ae7e",
            "thumb_480_w": 360,
            "thumb_480_h": 480,
            "thumb_160": "https:\/\/files.slack.com\/files-tmb\/T0474AT8K-F0SBSA8BZ-d8de42ccc0\/slack_for_ios_upload_160.jpg?t=xoxe-4242367291-28095460608-28095460624-739c22ae7e",
            "thumb_720": "https:\/\/files.slack.com\/files-tmb\/T0474AT8K-F0SBSA8BZ-d8de42ccc0\/slack_for_ios_upload_720.jpg?t=xoxe-4242367291-28095460608-28095460624-739c22ae7e",
            "thumb_720_w": 540,
            "thumb_720_h": 720,
            "thumb_960": "https:\/\/files.slack.com\/files-tmb\/T0474AT8K-F0SBSA8BZ-d8de42ccc0\/slack_for_ios_upload_960.jpg?t=xoxe-4242367291-28095460608-28095460624-739c22ae7e",
            "thumb_960_w": 720,
            "thumb_960_h": 960,
            "thumb_1024": "https:\/\/files.slack.com\/files-tmb\/T0474AT8K-F0SBSA8BZ-d8de42ccc0\/slack_for_ios_upload_1024.jpg?t=xoxe-4242367291-28095460608-28095460624-739c22ae7e",
            "thumb_1024_w": 768,
            "thumb_1024_h": 1024,
            "image_exif_rotation": 1,
            "original_w": 1512,
            "original_h": 2016,
            "permalink": "https:\/\/synereonet.slack.com\/files\/dj.ruesue\/F0SBSA8BZ\/slack_for_ios_upload.jpg",
            "permalink_public": "https:\/\/slack-files.com\/T0474AT8K-F0SBSA8BZ-466bfb9278",
            "channels": [
                "C0474AT8X"
            ],
            "groups": [
    
            ],
            "ims": [
    
            ],
            "comments_count": 1,
            "initial_comment": {
                "id": "Fc0SC33SUA",
                "created": 1457775152,
                "timestamp": 1457775152,
                "user": "U0PCK9TKL",
                "comment": "Click invite. Choose your friends. Hit enter. "
            }
        },
        "user": "U0PCK9TKL",
        "upload": true,
        "display_as_bot": false,
        "username": "<@U0PCK9TKL|dj.ruesue>",
        "bot_id": null,
        "ts": "1457775155.000018"
    },
    {
        "type": "message",
        "user": "U0RL4SRHB",
        "text": "I would, but I left Facebook 2 years ago :simple_smile:",
        "ts": "1457775419.000019"
    },
    {
        "type": "message",
        "user": "U0PCK9TKL",
        "text": "infiltrate and destory.",
        "ts": "1457775447.000020"
    },
    {
        "type": "message",
        "user": "U0PCK9TKL",
        "text": "go",
        "ts": "1457775449.000021"
    },
    {
        "type": "message",
        "user": "U0PCK9TKL",
        "text": "here is a link to the investor deck: <https:\/\/www.dropbox.com\/s\/meh231yr8ducf6a\/Synereo%20Investor%20Deck.ppsx?dl=0>",
        "ts": "1457775599.000022"
    },
    {
        "type": "message",
        "subtype": "file_share",
        "text": "<@U0PCK9TKL|dj.ruesue> uploaded a file: <https:\/\/synereonet.slack.com\/files\/dj.ruesue\/F0SBHHKGC\/synereo_investor_deck.pdf|Synereo Investor Deck.pdf>",
        "file": {
            "id": "F0SBHHKGC",
            "created": 1457775612,
            "timestamp": 1457775612,
            "name": "Synereo Investor Deck.pdf",
            "title": "Synereo Investor Deck.pdf",
            "mimetype": "application\/pdf",
            "filetype": "pdf",
            "pretty_type": "PDF",
            "user": "U0PCK9TKL",
            "editable": false,
            "size": 15159424,
            "mode": "hosted",
            "is_external": false,
            "external_type": "",
            "is_public": true,
            "public_url_shared": false,
            "display_as_bot": false,
            "username": "",
            "url_private": "https:\/\/files.slack.com\/files-pri\/T0474AT8K-F0SBHHKGC\/synereo_investor_deck.pdf?t=xoxe-4242367291-28095460608-28095460624-739c22ae7e",
            "url_private_download": "https:\/\/files.slack.com\/files-pri\/T0474AT8K-F0SBHHKGC\/download\/synereo_investor_deck.pdf?t=xoxe-4242367291-28095460608-28095460624-739c22ae7e",
            "permalink": "https:\/\/synereonet.slack.com\/files\/dj.ruesue\/F0SBHHKGC\/synereo_investor_deck.pdf",
            "permalink_public": "https:\/\/slack-files.com\/T0474AT8K-F0SBHHKGC-069bb22f9d",
            "channels": [
                "C0474AT8X"
            ],
            "groups": [
    
            ],
            "ims": [
    
            ],
            "comments_count": 0
        },
        "user": "U0PCK9TKL",
        "upload": true,
        "display_as_bot": false,
        "username": "<@U0PCK9TKL|dj.ruesue>",
        "bot_id": null,
        "ts": "1457775613.000024"
    },
    {
        "type": "message",
        "user": "U0PCK9TKL",
        "text": "here is the white paper",
        "ts": "1457775616.000025"
    },
    {
        "type": "message",
        "subtype": "file_share",
        "text": "<@U0PCK9TKL|dj.ruesue> uploaded a file: <https:\/\/synereonet.slack.com\/files\/dj.ruesue\/F0SBSRKTP\/synereo.pdf|synereo.pdf>",
        "file": {
            "id": "F0SBSRKTP",
            "created": 1457775627,
            "timestamp": 1457775627,
            "name": "synereo.pdf",
            "title": "synereo.pdf",
            "mimetype": "application\/pdf",
            "filetype": "pdf",
            "pretty_type": "PDF",
            "user": "U0PCK9TKL",
            "editable": false,
            "size": 4564971,
            "mode": "hosted",
            "is_external": false,
            "external_type": "",
            "is_public": true,
            "public_url_shared": false,
            "display_as_bot": false,
            "username": "",
            "url_private": "https:\/\/files.slack.com\/files-pri\/T0474AT8K-F0SBSRKTP\/synereo.pdf?t=xoxe-4242367291-28095460608-28095460624-739c22ae7e",
            "url_private_download": "https:\/\/files.slack.com\/files-pri\/T0474AT8K-F0SBSRKTP\/download\/synereo.pdf?t=xoxe-4242367291-28095460608-28095460624-739c22ae7e",
            "permalink": "https:\/\/synereonet.slack.com\/files\/dj.ruesue\/F0SBSRKTP\/synereo.pdf",
            "permalink_public": "https:\/\/slack-files.com\/T0474AT8K-F0SBSRKTP-b93bc33e86",
            "channels": [
                "C0474AT8X"
            ],
            "groups": [
    
            ],
            "ims": [
    
            ],
            "comments_count": 0
        },
        "user": "U0PCK9TKL",
        "upload": true,
        "display_as_bot": false,
        "username": "<@U0PCK9TKL|dj.ruesue>",
        "bot_id": null,
        "ts": "1457775628.000026"
    },
    {
        "type": "message",
        "subtype": "file_share",
        "text": "<@U0PCK9TKL|dj.ruesue> uploaded a file: <https:\/\/synereonet.slack.com\/files\/dj.ruesue\/F0SBLEF2A\/12679462_903776293066532_69696267_n__1_.png|12679462_903776293066532_69696267_n (1).png>",
        "file": {
            "id": "F0SBLEF2A",
            "created": 1457777417,
            "timestamp": 1457777417,
            "name": "12679462_903776293066532_69696267_n (1).png",
            "title": "12679462_903776293066532_69696267_n (1).png",
            "mimetype": "image\/png",
            "filetype": "png",
            "pretty_type": "PNG",
            "user": "U0PCK9TKL",
            "editable": false,
            "size": 10791,
            "mode": "hosted",
            "is_external": false,
            "external_type": "",
            "is_public": true,
            "public_url_shared": false,
            "display_as_bot": false,
            "username": "",
            "url_private": "https:\/\/files.slack.com\/files-pri\/T0474AT8K-F0SBLEF2A\/12679462_903776293066532_69696267_n__1_.png?t=xoxe-4242367291-28095460608-28095460624-739c22ae7e",
            "url_private_download": "https:\/\/files.slack.com\/files-pri\/T0474AT8K-F0SBLEF2A\/download\/12679462_903776293066532_69696267_n__1_.png?t=xoxe-4242367291-28095460608-28095460624-739c22ae7e",
            "thumb_64": "https:\/\/files.slack.com\/files-tmb\/T0474AT8K-F0SBLEF2A-a32642c0c3\/12679462_903776293066532_69696267_n__1__64.png?t=xoxe-4242367291-28095460608-28095460624-739c22ae7e",
            "thumb_80": "https:\/\/files.slack.com\/files-tmb\/T0474AT8K-F0SBLEF2A-a32642c0c3\/12679462_903776293066532_69696267_n__1__80.png?t=xoxe-4242367291-28095460608-28095460624-739c22ae7e",
            "thumb_360": "https:\/\/files.slack.com\/files-tmb\/T0474AT8K-F0SBLEF2A-a32642c0c3\/12679462_903776293066532_69696267_n__1__360.png?t=xoxe-4242367291-28095460608-28095460624-739c22ae7e",
            "thumb_360_w": 360,
            "thumb_360_h": 360,
            "thumb_480": "https:\/\/files.slack.com\/files-tmb\/T0474AT8K-F0SBLEF2A-a32642c0c3\/12679462_903776293066532_69696267_n__1__480.png?t=xoxe-4242367291-28095460608-28095460624-739c22ae7e",
            "thumb_480_w": 480,
            "thumb_480_h": 480,
            "thumb_160": "https:\/\/files.slack.com\/files-tmb\/T0474AT8K-F0SBLEF2A-a32642c0c3\/12679462_903776293066532_69696267_n__1__160.png?t=xoxe-4242367291-28095460608-28095460624-739c22ae7e",
            "thumb_720": "https:\/\/files.slack.com\/files-tmb\/T0474AT8K-F0SBLEF2A-a32642c0c3\/12679462_903776293066532_69696267_n__1__720.png?t=xoxe-4242367291-28095460608-28095460624-739c22ae7e",
            "thumb_720_w": 720,
            "thumb_720_h": 720,
            "thumb_960": "https:\/\/files.slack.com\/files-tmb\/T0474AT8K-F0SBLEF2A-a32642c0c3\/12679462_903776293066532_69696267_n__1__960.png?t=xoxe-4242367291-28095460608-28095460624-739c22ae7e",
            "thumb_960_w": 960,
            "thumb_960_h": 960,
            "thumb_1024": "https:\/\/files.slack.com\/files-tmb\/T0474AT8K-F0SBLEF2A-a32642c0c3\/12679462_903776293066532_69696267_n__1__1024.png?t=xoxe-4242367291-28095460608-28095460624-739c22ae7e",
            "thumb_1024_w": 1024,
            "thumb_1024_h": 1024,
            "image_exif_rotation": 1,
            "original_w": 1110,
            "original_h": 1110,
            "permalink": "https:\/\/synereonet.slack.com\/files\/dj.ruesue\/F0SBLEF2A\/12679462_903776293066532_69696267_n__1_.png",
            "permalink_public": "https:\/\/slack-files.com\/T0474AT8K-F0SBLEF2A-0cf32c3790",
            "channels": [
                "C0474AT8X"
            ],
            "groups": [
    
            ],
            "ims": [
    
            ],
            "comments_count": 0
        },
        "user": "U0PCK9TKL",
        "upload": true,
        "display_as_bot": false,
        "username": "<@U0PCK9TKL|dj.ruesue>",
        "bot_id": null,
        "ts": "1457777419.000027"
    },
    {
        "type": "message",
        "user": "U0PCK9TKL",
        "text": "QR code for the Event page",
        "ts": "1457777438.000028"
    },
    {
        "type": "message",
        "user": "U0QK92Y58",
        "text": "Please Help:\n<@U0474E4KZ> wants me *banned* from #slack for re-posting a slide from the investment scheme he posted to the <#C046FL74E> forum last week:\n_SynereoInvestorDeck.pdf_ for <http:\/\/bnktothefuture.com|bnktothefuture.com>\n\nHe is selling off shares of the private company, *Synereo LTD* in a *post-crowdsale private equity offering.*\nPrivate share investors will have voting rights in Synereo LTD. whereas AMP investors have no vote.\n\nWhat is the sweet deal that <@U0474E4KZ> offering these _speculators_?\nThe slide below implies that the LTD generates perpetually growing passive income from transaction fees.\nHow can we be _sure_ that transaction fees levied on the network will ONLY be used to maintain the network?\n\n<@U0474E4KZ> owes us a full explanation.\n\n<http:\/\/i.snag.gy\/SbmGa.jpg>",
        "attachments": [
            {
                "fallback": "1000x562px image",
                "image_url": "http:\/\/i.snag.gy\/SbmGa.jpg",
                "image_width": 1000,
                "image_height": 562,
                "image_bytes": 67657,
                "from_url": "http:\/\/i.snag.gy\/SbmGa.jpg",
                "id": 1
            }
        ],
        "ts": "1457778557.000029",
        "reactions": [
            {
                "name": "-1",
                "users": [
                    "U04BQ4FMC"
                ],
                "count": 1
            },
            {
                "name": "hankey",
                "users": [
                    "U04BQ4FMC"
                ],
                "count": 1
            }
        ]
    },
    {
        "type": "message",
        "user": "U0QK92Y58",
        "text": "\"Give me the liberty to know, to utter, and to argue freely according to conscience, above all liberties.\" - Areopagitica",
        "ts": "1457778616.000031",
        "reactions": [
            {
                "name": "simple_smile",
                "users": [
                    "U04BQ4FMC"
                ],
                "count": 1
            }
        ]
    },
    {
        "type": "message",
        "user": "U0PCK9TKL",
        "text": "ban him",
        "edited": {
            "user": "U0PCK9TKL",
            "ts": "1457778884.000000"
        },
        "ts": "1457778874.000032"
    },
    {
        "type": "message",
        "user": "U0R4YRVFB",
        "text": "yeah",
        "ts": "1457779147.000034"
    },
    {
        "type": "message",
        "user": "U0R4YRVFB",
        "text": "He's a FUDder just here to sabotage",
        "ts": "1457779163.000035"
    },
    {
        "type": "message",
        "user": "U0R4YRVFB",
        "text": "Keeps spreading lies, not here for discussion",
        "ts": "1457779200.000036"
    },
    {
        "type": "message",
        "user": "U04BQ4FMC",
        "text": "<@U0QK92Y58>: \"Private share investors will have voting rights in Synereo LTD. whereas AMP investors have no vote.\"\nUsing your crystal ball again?  No evidence for your re-repeated claims.",
        "ts": "1457781843.000037"
    },
    {
        "type": "message",
        "user": "U04BQ4FMC",
        "text": "\"What is the sweet deal that <@U0474E4KZ> offering these speculators?\"  None.  The offering is managed by 3rd party - and I believe all of the details are in that doc you keep posting with the same lame claims.",
        "ts": "1457781934.000038"
    },
    {
        "type": "message",
        "user": "U04BQ4FMC",
        "text": "\"How can we be sure that transaction fees levied on the network will ONLY be used to maintain the network?\"  What's this \"we\" shit?  Who are you?\nIf you want to be part of the \"We\", you need to invest time, energy, or money into this project.  You don't think it will really be ok for you to wait until the whole thing has been built, and then waltz in for free and start calling the shots, do you?\nAnte up.  The active community members here *will* have a say in these things, so we'll have to cross that bridge when we get to it.",
        "ts": "1457782271.000039"
    },
    {
        "type": "message",
        "user": "U04BQ4FMC",
        "text": "...",
        "edited": {
            "user": "U04BQ4FMC",
            "ts": "1457783819.000000"
        },
        "ts": "1457783703.000040"
    },
    {
        "type": "message",
        "user": "U04BQ4FMC",
        "text": "About that important freedom to argue..  \nback in the day, it was actually taught - not so much today.  But it needs to have certain characteristics, that yours is always missing.  This is what I meant by using _logic and reason_ to build your argument.\n\"A logical proposition is any proposition that can be reduced by replacement of its constituent terms to a proposition expressing a logical truth\u2014e.g., to a proposition such as \u201cIf p and q, then p.\u201d\"\n<http:\/\/global.britannica.com\/topic\/logical-proposition>\n\nYou could also try using counter-factuals (2nd &amp; 3rd Conditionals), that look more like a *question* than a flat out *accusation*.  (even worse than you single out *one person* from a 4 man start-up - makes it look like you have a personal vendetta)\n\nExample: \"Hey everyone, I'd like to be involved with this project.  But I'm concerned that *if private investors are able to come in, and gain a majority, then they would be able to control the project*, and maybe ruin our goals.  Are you doing anything to prevent that?\"\n<@U0QK92Y58>:",
        "ts": "1457783759.000041"
    },
    {
        "type": "message",
        "user": "U04BQ4FMC",
        "text": "Then, of course, you have to be prepared to *listen* to the answers, and adjust your beliefs to the information available.",
        "ts": "1457783879.000043"
    },
    {
        "type": "message",
        "user": "U04BQ4FMC",
        "text": "Otherwise, you could be regarded as insane.",
        "ts": "1457783903.000044"
    },
    {
        "type": "message",
        "user": "U04BQ4FMC",
        "text": "Here's a snip from a hangout a couple weeks ago, where this stuff was discussed publicly:\n\n\"Currently Taiga is becoming a kind of project management tool where tasks are registered and assigned to persons. There are thoughts about how people can help and influence the decisions on how Synereo will take shape.\n\nDor talks about the idea of how a company that drives a community can operate in the most distributed and decentralised way, and how investors that support these ideas can participate in a crowdsale as in BTTF. Most investors invest the minimal amount of $1000.00, only a few invest 10 fold or 100 fold that amount. So maybe it\u2019s necessary to set a *maximum cap* that can be invested by one entity, like 1% or 3%, in order to avoid that one entity gets a share in the company of 30%. Because *that goes along with privileges: a vote, or a say* about how Synereo is developing. Synereo wants to keep its current vision up and to practice how distributed decentralised governance is actually done. *Maybe a parliament construction.* Examples are Liquid democracy. Slowly Synereo wants to *involve the community more and more* into the decisions that have to be made.\n\nEric sees some similarities between designing the crowdsale on BTTF, i.e. getting FIAT-investors into Synereo Ltd., and getting users into the Synereo network with AMP\u2019s and REO. Dina suggested to lock some AMPs when new users join Synereo that they can use only in the Attention Economy.\"",
        "ts": "1457784428.000045"
    },
    {
        "type": "message",
        "user": "U04BQ4FMC",
        "text": "*This is what Decentralization looks like.*\n\nIt is slow, maybe messy, and maybe even painful for some.  You are witnessing it in real-time.  Please either get involved constructively, or stand back and wait for the results &amp; answers, when they are known.  <@U0QK92Y58>",
        "ts": "1457784584.000046"
    },
    {
        "type": "message",
        "user": "U0474E4KZ",
        "text": "\"How can we be _sure_ that transaction fees levied on the network will ONLY be used to maintain the network?\" -&gt; simple accounting.",
        "ts": "1457785115.000049"
    },
    {
        "type": "message",
        "user": "U0474E4KZ",
        "text": "Hopefully, before transaction fees ever become a thing, we'll have enough personnel and resources to split the company such that there's a non-profit entity in charge of the social network itself.",
        "ts": "1457785153.000050",
        "reactions": [
            {
                "name": "+1",
                "users": [
                    "U04BQ4FMC",
                    "U048ERGCQ"
                ],
                "count": 2
            }
        ]
    },
    {
        "type": "message",
        "user": "U0474AT8P",
        "text": "Yes this is standard practice see: Linux Foundation and Mozilla Foundation who have their counterpart for-profit corporate sides",
        "ts": "1457785769.000051"
    },
    {
        "type": "message",
        "user": "U048X85UT",
        "text": "<@U0QK92Y58> seems to be spamming several channels with the same arguments again and again and again.   On the one hand his concerns should be addressed and the community has patently endeavored to do so.  But there seems to be no dialog, just redundant repetition of the same thing over and over. <http:\/\/outofthefog.website\/top-100-trait-blog\/2015\/10\/30\/circular-conversations>",
        "ts": "1457786042.000052"
    },
    {
        "type": "message",
        "user": "U04BQ4FMC",
        "text": "and too many of us are \"nice guys\", who like to respect people and give them the benefit of the doubt",
        "ts": "1457786216.000053"
    },
    {
        "type": "message",
        "user": "U04BQ4FMC",
        "text": "I would say *THIS IS YOUR FINAL WARNING* <@U0QK92Y58>  - dissent is fine, but it needs to be respectful, and have the potential for construction - not destruction.  You do not have to be involved at all!  We are well aware that forces exist that would love to see this project fail, and would not hesitate (it's SOP today) to infiltrate and do what you are doing.  If that's not your intent, cease and desist.",
        "ts": "1457786382.000054"
    },
    {
        "type": "message",
        "user": "U048X85UT",
        "text": "On the positive side <@U0QK92Y58> s rants have encouraged some community leaders to begin efforts in defining a decentralized autonomous organization independent of the LTD.  That would totally refute this sort of criticism.  But enough is enough and I suggest that any repetition of the same slide and statement should simply be deleted.  Hopefully his personality disorder will not result in closing this slack membership.  We all want this to remain open and expect that such openness is not without risk of trolls taking advantage of it.  Please be reasonable <@U0QK92Y58> you have been heard.  Do not spam us anymore.",
        "edited": {
            "user": "U048X85UT",
            "ts": "1457787427.000000"
        },
        "ts": "1457786990.000055",
        "reactions": [
            {
                "name": "stars",
                "users": [
                    "U0474E4KZ"
                ],
                "count": 1
            },
            {
                "name": "+1",
                "users": [
                    "U04BQ4FMC",
                    "U048ERGCQ"
                ],
                "count": 2
            }
        ]
    },
    {
        "type": "message",
        "user": "U049CMCCZ",
        "text": "I don't spend an awfull lot of time in here.\nSometimes I just go check the <http:\/\/synereo.com|synereo.com> homepage to see if there is a beta to download.\nMost people, who are not in slack will only see the Synereo homepage, and that is why I find this text somewhat \"misleading\":\n\nSynereo is a fully decentralized\nand distributed social platform\nOWNED BY THE\nPEOPLE WHO USE IT. \n\nIt gives the reader (or me at least) the impression that Synereo is already running, so he\/she will frantically look for a link to download the client.\nObviously we know there is nothing right now, but would you agree that it should either be re-worded, or there should be a link  (apart from the Blog) to show the state of development, and soon ( hopefully :simple_smile: ) an actual client to download?",
        "edited": {
            "user": "U049CMCCZ",
            "ts": "1457791110.000000"
        },
        "ts": "1457790997.000057"
    },
    {
        "type": "message",
        "user": "U048T3M8W",
        "text": "I don't think it's good to ban <@U0QK92Y58>. It's better to learn how to parry those attacks in a professional way. Banning can be interpreted as a kind of victory and the most simple shortcut to make some change his mind or to make him shut up. Maybe <@U0QK92Y58> will exagarate so much, that he soon will be treated as a fool.",
        "ts": "1457792759.000059",
        "reactions": [
            {
                "name": "+1",
                "users": [
                    "U0474E4KZ",
                    "U048ERGCQ",
                    "U04BQ4FMC",
                    "U0R4YRVFB",
                    "U0LEE1H33"
                ],
                "count": 5
            }
        ]
    },
    {
        "type": "message",
        "user": "U0474E4KZ",
        "text": "As long as you guys help me factually refute his claims wherever he pops up, I don't mind him staying.",
        "ts": "1457795862.000060",
        "reactions": [
            {
                "name": "+1",
                "users": [
                    "U04BQ4FMC",
                    "U049CMCCZ"
                ],
                "count": 2
            }
        ]
    },
    {
        "type": "message",
        "user": "U04BQ4FMC",
        "text": "<@U049CMCCZ>: - good point.  Maybe we can banner over the exisiting gif, the words \"Beta coming soon..!\"",
        "ts": "1457796933.000061",
        "reactions": [
            {
                "name": "white_check_mark",
                "users": [
                    "U049CMCCZ"
                ],
                "count": 1
            }
        ]
    },
    {
        "type": "message",
        "user": "U04BQ4FMC",
        "text": "then when we hit Beta, of course drop the \"coming soon\" part.",
        "ts": "1457796984.000062"
    },
    {
        "type": "message",
        "user": "U04BQ4FMC",
        "text": "Please join this group, like, reshare, and invite people who you think would be interested!\n<https:\/\/www.facebook.com\/groups\/1013726192055203\/>",
        "ts": "1457803354.000063"
    },
    {
        "user": "U0SD1JCV8",
        "type": "message",
        "subtype": "channel_join",
        "text": "<@U0SD1JCV8|turinval> has joined the channel",
        "ts": "1457812444.000064"
    },
    {
        "type": "message",
        "subtype": "file_share",
        "text": "<@U04BQ4FMC|malthusjohn> uploaded a file: <https:\/\/synereonet.slack.com\/files\/malthusjohn\/F0SBDJBNX\/synereo_feb-mar_stats.png|Things are looking great on Google+ and YouTube!>",
        "file": {
            "id": "F0SBDJBNX",
            "created": 1457817256,
            "timestamp": 1457817256,
            "name": "synereo feb-mar stats.PNG",
            "title": "Things are looking great on Google+ and YouTube!",
            "mimetype": "image\/png",
            "filetype": "png",
            "pretty_type": "PNG",
            "user": "U04BQ4FMC",
            "editable": false,
            "size": 96132,
            "mode": "hosted",
            "is_external": false,
            "external_type": "",
            "is_public": true,
            "public_url_shared": false,
            "display_as_bot": false,
            "username": "",
            "url_private": "https:\/\/files.slack.com\/files-pri\/T0474AT8K-F0SBDJBNX\/synereo_feb-mar_stats.png?t=xoxe-4242367291-28095460608-28095460624-739c22ae7e",
            "url_private_download": "https:\/\/files.slack.com\/files-pri\/T0474AT8K-F0SBDJBNX\/download\/synereo_feb-mar_stats.png?t=xoxe-4242367291-28095460608-28095460624-739c22ae7e",
            "thumb_64": "https:\/\/files.slack.com\/files-tmb\/T0474AT8K-F0SBDJBNX-5a5c7b111c\/synereo_feb-mar_stats_64.png?t=xoxe-4242367291-28095460608-28095460624-739c22ae7e",
            "thumb_80": "https:\/\/files.slack.com\/files-tmb\/T0474AT8K-F0SBDJBNX-5a5c7b111c\/synereo_feb-mar_stats_80.png?t=xoxe-4242367291-28095460608-28095460624-739c22ae7e",
            "thumb_360": "https:\/\/files.slack.com\/files-tmb\/T0474AT8K-F0SBDJBNX-5a5c7b111c\/synereo_feb-mar_stats_360.png?t=xoxe-4242367291-28095460608-28095460624-739c22ae7e",
            "thumb_360_w": 360,
            "thumb_360_h": 266,
            "thumb_480": "https:\/\/files.slack.com\/files-tmb\/T0474AT8K-F0SBDJBNX-5a5c7b111c\/synereo_feb-mar_stats_480.png?t=xoxe-4242367291-28095460608-28095460624-739c22ae7e",
            "thumb_480_w": 480,
            "thumb_480_h": 355,
            "thumb_160": "https:\/\/files.slack.com\/files-tmb\/T0474AT8K-F0SBDJBNX-5a5c7b111c\/synereo_feb-mar_stats_160.png?t=xoxe-4242367291-28095460608-28095460624-739c22ae7e",
            "thumb_720": "https:\/\/files.slack.com\/files-tmb\/T0474AT8K-F0SBDJBNX-5a5c7b111c\/synereo_feb-mar_stats_720.png?t=xoxe-4242367291-28095460608-28095460624-739c22ae7e",
            "thumb_720_w": 720,
            "thumb_720_h": 533,
            "image_exif_rotation": 1,
            "original_w": 808,
            "original_h": 598,
            "permalink": "https:\/\/synereonet.slack.com\/files\/malthusjohn\/F0SBDJBNX\/synereo_feb-mar_stats.png",
            "permalink_public": "https:\/\/slack-files.com\/T0474AT8K-F0SBDJBNX-ea46f1e5a2",
            "channels": [
                "C0474AT8X"
            ],
            "groups": [
    
            ],
            "ims": [
    
            ],
            "comments_count": 0
        },
        "user": "U04BQ4FMC",
        "upload": true,
        "display_as_bot": false,
        "username": "<@U04BQ4FMC|malthusjohn>",
        "bot_id": null,
        "ts": "1457817259.000065"
    },
    {
        "type": "message",
        "user": "U0PCK9TKL",
        "text": "killing the game",
        "ts": "1457818143.000066",
        "reactions": [
            {
                "name": "godmode",
                "users": [
                    "U04BQ4FMC",
                    "U0PCK9TKL"
                ],
                "count": 2
            }
        ]
    },
    {
        "type": "message",
        "user": "U0PCK9TKL",
        "text": "Ventrilo is back up:     Host Name: <http:\/\/chromium.typefrag.com|chromium.typefrag.com> Port Number:    6510 Please come in to carry out audio conferencing. I am on a few hours a day. we easily reduce the amount of spam in this channel and others by meeting up in ventrilo.  If you are on a macbook message me because there are a few more setups that you need to take to get ventrilo operational. This app will work on android\/iphone. Please contact me if you cant figure out something. The software is very intuitive.",
        "ts": "1457834414.000067"
    },
    {
        "type": "message",
        "user": "U0PCK9TKL",
        "text": "switching to teamspeak to accommodate linux",
        "ts": "1457837427.000068"
    },
    {
        "type": "message",
        "user": "U0PCK9TKL",
        "text": "Teamspeak server is now  online. <http:\/\/rutile.typefrag.com:6510|rutile.typefrag.com:6510> download the client here <http:\/\/www.teamspeak.com> ANDROID, IPHONE, LINUX, WINDOWS, OSX works on everything. simple inteface easy to setup.",
        "attachments": [
            {
                "title": "Welcome to TeamSpeak - TeamSpeak",
                "title_link": "http:\/\/www.teamspeak.com",
                "text": "TeamSpeak is software for quality voice communication via the Internet",
                "fallback": "Welcome to TeamSpeak - TeamSpeak",
                "from_url": "http:\/\/www.teamspeak.com",
                "id": 1
            }
        ],
        "edited": {
            "user": "U0PCK9TKL",
            "ts": "1457838164.000000"
        },
        "ts": "1457837997.000069"
    },
    {
        "type": "message",
        "user": "U09KY5U65",
        "text": "It looks like we have a new synereo hater :stuck_out_tongue:",
        "ts": "1457842269.000072"
    },
    {
        "type": "message",
        "user": "U09KY5U65",
        "text": "This is why I was warning about the rapid 1000% increase in the price of AMPs. This always brings on haters.",
        "ts": "1457842334.000073"
    },
    {
        "type": "message",
        "user": "U09KY5U65",
        "text": "Other than the price rise, the biggest problem I can forsee is the community have 0 power to control funds. It might seem ridiculous to give the community funds but it is becoming the new normal for crypto projects. If synereo could use an ethereum smart contract to hold some funds in $ETH which AMP holders could vote on who to give it to each month, it would help out a lot! Even if it was just some small amount like $2,000 a month.",
        "ts": "1457842619.000074"
    },
    {
        "type": "message",
        "user": "U09KY5U65",
        "text": "The small power given to the community would give the haters something to spend their time on instead of hating on the coin",
        "ts": "1457842844.000075"
    },
    {
        "type": "message",
        "user": "U0PCK9TKL",
        "text": "Dude your annoying as fuck ",
        "ts": "1457843300.000076",
        "reactions": [
            {
                "name": "interrobang",
                "users": [
                    "U0R4YRVFB",
                    "U0474E4KZ"
                ],
                "count": 2
            }
        ]
    },
    {
        "type": "message",
        "subtype": "file_share",
        "text": "<@U0PCK9TKL|dj.ruesue> uploaded a file: <https:\/\/synereonet.slack.com\/files\/dj.ruesue\/F0SD46S4C\/slack_for_ios_upload.jpg|Slack for iOS Upload>",
        "file": {
            "id": "F0SD46S4C",
            "created": 1457843321,
            "timestamp": 1457843321,
            "name": "Slack for iOS Upload.jpg",
            "title": "Slack for iOS Upload",
            "mimetype": "image\/jpeg",
            "filetype": "jpg",
            "pretty_type": "JPEG",
            "user": "U0PCK9TKL",
            "editable": false,
            "size": 770919,
            "mode": "hosted",
            "is_external": false,
            "external_type": "",
            "is_public": true,
            "public_url_shared": false,
            "display_as_bot": false,
            "username": "",
            "url_private": "https:\/\/files.slack.com\/files-pri\/T0474AT8K-F0SD46S4C\/slack_for_ios_upload.jpg?t=xoxe-4242367291-28095460608-28095460624-739c22ae7e",
            "url_private_download": "https:\/\/files.slack.com\/files-pri\/T0474AT8K-F0SD46S4C\/download\/slack_for_ios_upload.jpg?t=xoxe-4242367291-28095460608-28095460624-739c22ae7e",
            "thumb_64": "https:\/\/files.slack.com\/files-tmb\/T0474AT8K-F0SD46S4C-06dee213ca\/slack_for_ios_upload_64.jpg?t=xoxe-4242367291-28095460608-28095460624-739c22ae7e",
            "thumb_80": "https:\/\/files.slack.com\/files-tmb\/T0474AT8K-F0SD46S4C-06dee213ca\/slack_for_ios_upload_80.jpg?t=xoxe-4242367291-28095460608-28095460624-739c22ae7e",
            "thumb_360": "https:\/\/files.slack.com\/files-tmb\/T0474AT8K-F0SD46S4C-06dee213ca\/slack_for_ios_upload_360.jpg?t=xoxe-4242367291-28095460608-28095460624-739c22ae7e",
            "thumb_360_w": 264,
            "thumb_360_h": 360,
            "thumb_480": "https:\/\/files.slack.com\/files-tmb\/T0474AT8K-F0SD46S4C-06dee213ca\/slack_for_ios_upload_480.jpg?t=xoxe-4242367291-28095460608-28095460624-739c22ae7e",
            "thumb_480_w": 352,
            "thumb_480_h": 480,
            "thumb_160": "https:\/\/files.slack.com\/files-tmb\/T0474AT8K-F0SD46S4C-06dee213ca\/slack_for_ios_upload_160.jpg?t=xoxe-4242367291-28095460608-28095460624-739c22ae7e",
            "thumb_720": "https:\/\/files.slack.com\/files-tmb\/T0474AT8K-F0SD46S4C-06dee213ca\/slack_for_ios_upload_720.jpg?t=xoxe-4242367291-28095460608-28095460624-739c22ae7e",
            "thumb_720_w": 528,
            "thumb_720_h": 720,
            "thumb_960": "https:\/\/files.slack.com\/files-tmb\/T0474AT8K-F0SD46S4C-06dee213ca\/slack_for_ios_upload_960.jpg?t=xoxe-4242367291-28095460608-28095460624-739c22ae7e",
            "thumb_960_w": 704,
            "thumb_960_h": 960,
            "thumb_1024": "https:\/\/files.slack.com\/files-tmb\/T0474AT8K-F0SD46S4C-06dee213ca\/slack_for_ios_upload_1024.jpg?t=xoxe-4242367291-28095460608-28095460624-739c22ae7e",
            "thumb_1024_w": 751,
            "thumb_1024_h": 1024,
            "image_exif_rotation": 1,
            "original_w": 1568,
            "original_h": 2138,
            "permalink": "https:\/\/synereonet.slack.com\/files\/dj.ruesue\/F0SD46S4C\/slack_for_ios_upload.jpg",
            "permalink_public": "https:\/\/slack-files.com\/T0474AT8K-F0SD46S4C-2c18db75eb",
            "channels": [
                "C0474AT8X"
            ],
            "groups": [
    
            ],
            "ims": [
    
            ],
            "comments_count": 2
        },
        "user": "U0PCK9TKL",
        "upload": true,
        "display_as_bot": false,
        "username": "<@U0PCK9TKL|dj.ruesue>",
        "bot_id": null,
        "ts": "1457843325.000077"
    },
    {
        "type": "message",
        "user": "U0PCK9TKL",
        "text": "Cool <http:\/\/www.web-strategist.com\/blog\/2016\/03\/10\/honeycomb-3-0-the-collaborative-economy-market-expansion-sxsw\/>",
        "ts": "1457843360.000078"
    },
    {
        "type": "message",
        "user": "U09KY5U65",
        "text": "I'm informative. It is strange that it annoys you. I have my ear close to the ground when it comes to cryptocoins\/blockchains or whatever you want to call these things. My warnings are similar to what <@U0QK92Y58> now talks about. I would only expect more haters to find the same issues with synereo as time goes on.",
        "ts": "1457844232.000079"
    },
    {
        "type": "message",
        "user": "U09KY5U65",
        "text": "Also, do not swear at me.",
        "ts": "1457844560.000080",
        "reactions": [
            {
                "name": "heavy_check_mark",
                "users": [
                    "U0QK92Y58",
                    "U0474E4KZ",
                    "U0LEE1H33"
                ],
                "count": 3
            }
        ]
    }
]