[
    {
        "type": "message",
        "user": "U0FESR742",
        "text": "Discretion is the better part of valor, and taking it slow it probably good. I'm putting up a test on Taiga, and if it works well, I'll expand from there.",
        "ts": "1455700666.000060"
    },
    {
        "type": "message",
        "user": "U0474E4KZ",
        "text": "Minds was not created by Anonymous. They're just \"backing\" it.",
        "ts": "1455702919.000061"
    },
    {
        "type": "message",
        "user": "U0474E4KZ",
        "text": "We got our first \"tip\" based on <@U048T3M8W>'s idea to attach a BTC address to the end of each Scribe Notes update. :simple_smile:",
        "ts": "1455711315.000062",
        "reactions": [
            {
                "name": "sunglasses",
                "users": [
                    "U048T3M8W"
                ],
                "count": 1
            }
        ]
    },
    {
        "type": "message",
        "user": "U0474E4KZ",
        "text": "0.05 BTC.",
        "ts": "1455711319.000063"
    },
    {
        "type": "message",
        "user": "U0474E4KZ",
        "text": "Blog post is out.",
        "ts": "1455719557.000064"
    },
    {
        "type": "message",
        "user": "U0474E4KZ",
        "text": "<http:\/\/blog.synereo.com\/2016\/02\/03\/Synereo-Update\/>",
        "ts": "1455719557.000065"
    },
    {
        "type": "message",
        "user": "U0474E4KZ",
        "text": "<@U0FESR742>: please take care of spreading!",
        "ts": "1455719618.000066"
    },
    {
        "type": "message",
        "user": "U0474E4KZ",
        "text": "There is a lot of material there. We can put out one tweet\/day with this content.",
        "edited": {
            "user": "U0474E4KZ",
            "ts": "1455719761.000000"
        },
        "ts": "1455719646.000067"
    },
    {
        "type": "message",
        "user": "U0474E4KZ",
        "text": "I love this guy. <https:\/\/bitcointalk.org\/index.php?topic=1367221.0>",
        "attachments": [
            {
                "text": "Should Synereo Help Kanye In His \"Time of Need\"?",
                "fallback": "Should Synereo Help Kanye In His \"Time of Need\"?",
                "from_url": "https:\/\/bitcointalk.org\/index.php?topic=1367221.0",
                "id": 1
            }
        ],
        "ts": "1455720335.000069"
    },
    {
        "user": "U0MQ7QZ5Z",
        "type": "message",
        "subtype": "channel_join",
        "text": "<@U0MQ7QZ5Z|erikkatzen> has joined the channel",
        "ts": "1455734248.000071"
    },
    {
        "type": "message",
        "user": "U0474AYFT",
        "text": "Today's Synereo Community Hangout participants' link: <https:\/\/plus.google.com\/hangouts\/_\/hoaevent\/AP36tYe33yVQReGLAzgjmnR-jwD-D-ASh8KdE8ZMeS1Rahjgz6vBCQ?eid=109002904706315055045&amp;hl=en&amp;authuser=2>",
        "ts": "1455735420.000072"
    },
    {
        "type": "message",
        "user": "U0474E4KZ",
        "text": "This is the doc I mentioned: <https:\/\/docs.google.com\/document\/d\/1irXhX-gRJth3rEUHz3jDetWlIm6iAHJkUC68AkE_HC8\/edit#heading=h.3b68g6blob9i> (feel free to comment or improve if you think it's necessary)",
        "ts": "1455740244.000073"
    },
    {
        "type": "message",
        "subtype": "file_share",
        "text": "<@U0474E4KZ|dor> shared a file: <https:\/\/synereonet.slack.com\/files\/dor\/F0MJK599U\/marketingleaderposition|Marketing Leader Position>",
        "file": {
            "id": "F0MJK599U",
            "created": 1455644897,
            "timestamp": 1455644897,
            "name": "Marketingleaderposition",
            "title": "Marketing Leader Position",
            "mimetype": "application\/vnd.google-apps.document",
            "filetype": "gdoc",
            "pretty_type": "GDocs Document",
            "user": "U0474E4KZ",
            "editable": false,
            "size": 1840,
            "mode": "external",
            "is_external": true,
            "external_type": "gdrive",
            "is_public": true,
            "public_url_shared": false,
            "display_as_bot": false,
            "username": "",
            "url_private": "https:\/\/docs.google.com\/document\/d\/1irXhX-gRJth3rEUHz3jDetWlIm6iAHJkUC68AkE_HC8\/edit?usp=drivesdk",
            "thumb_64": "https:\/\/a.slack-edge.com\/66f9\/img\/files\/gdraw_64.png",
            "thumb_360": "https:\/\/a.slack-edge.com\/272a\/img\/files\/gdoc_360.png",
            "thumb_360_w": 360,
            "thumb_360_h": 167,
            "permalink": "https:\/\/synereonet.slack.com\/files\/dor\/F0MJK599U\/marketingleaderposition",
            "channels": [
                "C0KGN7UES",
                "C0474AT8X"
            ],
            "groups": [
    
            ],
            "ims": [
    
            ],
            "comments_count": 0
        },
        "user": "U0474E4KZ",
        "upload": false,
        "display_as_bot": false,
        "username": "<@U0474E4KZ|dor>",
        "bot_id": null,
        "ts": "1455740244.000074"
    },
    {
        "type": "message",
        "user": "U0474E4KZ",
        "text": "And here's an after-party zen story:",
        "ts": "1455740262.000075"
    },
    {
        "type": "message",
        "user": "U0474E4KZ",
        "text": "A new student arrives at a zen monastery. Meeting with the head monk, they talk about his desire for freedom. The student goes to sleep in the monastery, wakes up, and reports to the monk for training.",
        "ts": "1455740337.000076"
    },
    {
        "type": "message",
        "user": "U0474E4KZ",
        "text": "The monk instructs him to sweep the garden, clearing the leaves that the trees have shed. The garden is quite large, and the task takes most of the day.",
        "edited": {
            "user": "U0474E4KZ",
            "ts": "1455740530.000000"
        },
        "ts": "1455740380.000077"
    },
    {
        "type": "message",
        "user": "U0474E4KZ",
        "text": "The student goes to sleep, wakes up, and reports to the monk for training.",
        "ts": "1455740389.000078"
    },
    {
        "type": "message",
        "user": "U0474E4KZ",
        "text": "The monk instructs him to sweep the garden, clearing the new leaves shed by the trees.",
        "edited": {
            "user": "U0474E4KZ",
            "ts": "1455740538.000000"
        },
        "ts": "1455740404.000079"
    },
    {
        "type": "message",
        "user": "U0474E4KZ",
        "text": "The student goes to sleep, wakes up, and reports to the monk for training.",
        "ts": "1455740410.000080"
    },
    {
        "type": "message",
        "user": "U0474E4KZ",
        "text": "This proceeds for a week, until the student's had enough.",
        "ts": "1455740423.000081"
    },
    {
        "type": "message",
        "user": "U0J9CQF9S",
        "text": "Does anyone want to do a google hangout follow up before i head to the gym on another google hangout, ventrilo or zoom? ",
        "ts": "1455740450.000082"
    },
    {
        "type": "message",
        "user": "U0474E4KZ",
        "text": "Reporting to the monk, he says: \"I've come here to learn how to be free, yet all you've done is tell me to sweep the garden! what freedom do I have?\"",
        "ts": "1455740483.000083",
        "reactions": [
            {
                "name": "santa",
                "users": [
                    "U04BQ4FMC"
                ],
                "count": 1
            }
        ]
    },
    {
        "type": "message",
        "user": "U0474E4KZ",
        "text": "The monk replies: \"the freedom to sweep the garden.\"",
        "ts": "1455740500.000084",
        "reactions": [
            {
                "name": "simple_smile",
                "users": [
                    "U049CMCCZ"
                ],
                "count": 1
            }
        ]
    },
    {
        "type": "message",
        "user": "U048T3M8W",
        "text": "My ventrilo is ON also",
        "ts": "1455740725.000087"
    },
    {
        "type": "message",
        "user": "U0J9CQF9S",
        "text": "How does everyone feel about scheduling a meeting on Sunday (+- 3 hours from the normal time) to tackle the issue further about governance and other issues brought up in the hangout? I am free that day. How about you guys\/girls? ",
        "ts": "1455743402.000088"
    },
    {
        "type": "message",
        "user": "U0J9CQF9S",
        "text": "Does anyone know of a good community calendar app? Or maybe we can create a schedule channel on taiga or the slack channel. This can enable people to setup different meetings? ",
        "ts": "1455743538.000089",
        "reactions": [
            {
                "name": "+1",
                "users": [
                    "U0474E4KZ"
                ],
                "count": 1
            }
        ]
    },
    {
        "user": "U0MRFBCKU",
        "type": "message",
        "subtype": "channel_join",
        "text": "<@U0MRFBCKU|cm> has joined the channel",
        "ts": "1455746589.000090"
    },
    {
        "type": "message",
        "user": "U0J9CQF9S",
        "text": "Welcome <@U0MRFBCKU> ",
        "ts": "1455749694.000091"
    },
    {
        "type": "message",
        "user": "U048ERGCQ",
        "text": "Any of you guys happen to be at Anarchapulco?",
        "ts": "1455773472.000092"
    }
]