[
    {
        "type": "message",
        "user": "U048T3M8W",
        "text": "I'm still looking for an area of interest for Synereo applications. First I was focussed on finance, but maybe Land Administration Systems may be of much greater interest. This report can give some ideas. <https:\/\/www.fig.net\/resources\/publications\/figpub\/pub52\/figpub52.pdf>",
        "ts": "1452607258.000526"
    },
    {
        "type": "message",
        "user": "U0FESR742",
        "text": "<@U0474E4KZ> <@U048T3M8W> <@U04GDL62L>  <@U04BQ4FMC> Switching the conversation over to here per Dor's request. I think using the names \"Jim said...\" is very personal and approachable and that's what we want to be. We're going to have to summarize what people said, so that means we are already putting words in their mouth, so to speak. Its totally fine to paraphrase and alter structure to keep the \"Jim said\" format.",
        "ts": "1452607336.000527"
    },
    {
        "type": "message",
        "user": "U048T3M8W",
        "text": "There's an open source project available on github: Social Tenure Domain Model (STDM)\n<https:\/\/github.com\/gltn\/stdm>",
        "attachments": [
            {
                "service_name": "GitHub",
                "title": "gltn\/stdm",
                "title_link": "https:\/\/github.com\/gltn\/stdm",
                "text": "stdm - STDM client component that runs as a QGIS plugin",
                "fallback": "GitHub: gltn\/stdm",
                "thumb_url": "https:\/\/avatars0.githubusercontent.com\/u\/6544278?v=3&s=400",
                "from_url": "https:\/\/github.com\/gltn\/stdm",
                "thumb_width": 420,
                "thumb_height": 420,
                "id": 1
            }
        ],
        "ts": "1452607745.000528"
    },
    {
        "type": "message",
        "user": "U0FESR742",
        "text": "One thing we should differentiate is the intro that starts with \"continuing the tradition...\" \n\nWhen we repeat the exact same words, people assume its the last one and skip it.",
        "ts": "1452608532.000530"
    },
    {
        "type": "message",
        "user": "U0FESR742",
        "text": "*conditionally approving the notes <@U0474E4KZ>  lets get these out",
        "ts": "1452609781.000531"
    },
    {
        "type": "message",
        "user": "U04A8095T",
        "text": "<@U048T3M8W>:  Land registries is a great use case for Factom, and they are already in many conversations about this with several governments.  I'd be happy to facilitate an introduction to folks on the Factom team if helpful.  How to you envision Synereo might be used with land administration?  (Sorry, I only skimmed the article.)",
        "ts": "1452614647.000532"
    },
    {
        "type": "message",
        "user": "U0474E4KZ",
        "text": "New post is up:",
        "ts": "1452619437.000533"
    },
    {
        "type": "message",
        "user": "U0474E4KZ",
        "text": "<http:\/\/blog.synereo.com\/2016\/01\/12\/Synereo-Update\/>",
        "attachments": [
            {
                "text": "Update Summary",
                "fallback": "Update Summary",
                "from_url": "http:\/\/blog.synereo.com\/2016\/01\/12\/Synereo-Update\/",
                "id": 1
            }
        ],
        "ts": "1452619438.000534"
    },
    {
        "type": "message",
        "user": "U0474E4KZ",
        "text": "Guys, please try to use the same format as in here:",
        "ts": "1452619507.000536"
    },
    {
        "type": "message",
        "subtype": "file_share",
        "text": "<@U0474E4KZ|dor> uploaded a file: <https:\/\/synereonet.slack.com\/files\/dor\/F0J97JJDV\/weekly_blog_update_markdown_template.txt|Weekly Blog Update Markdown Template>",
        "file": {
            "id": "F0J97JJDV",
            "created": 1452619541,
            "timestamp": 1452619541,
            "name": "Weekly_Blog_Update_Markdown_Template.txt",
            "title": "Weekly Blog Update Markdown Template",
            "mimetype": "text\/plain",
            "filetype": "text",
            "pretty_type": "Plain Text",
            "user": "U0474E4KZ",
            "editable": true,
            "size": 7885,
            "mode": "snippet",
            "is_external": false,
            "external_type": "",
            "is_public": true,
            "public_url_shared": false,
            "display_as_bot": false,
            "username": "",
            "url_private": "https:\/\/files.slack.com\/files-pri\/T0474AT8K-F0J97JJDV\/weekly_blog_update_markdown_template.txt?t=xoxe-4242367291-28095460608-28095460624-739c22ae7e",
            "url_private_download": "https:\/\/files.slack.com\/files-pri\/T0474AT8K-F0J97JJDV\/download\/weekly_blog_update_markdown_template.txt?t=xoxe-4242367291-28095460608-28095460624-739c22ae7e",
            "permalink": "https:\/\/synereonet.slack.com\/files\/dor\/F0J97JJDV\/weekly_blog_update_markdown_template.txt",
            "permalink_public": "https:\/\/slack-files.com\/T0474AT8K-F0J97JJDV-857c66e35e",
            "edit_link": "https:\/\/synereonet.slack.com\/files\/dor\/F0J97JJDV\/weekly_blog_update_markdown_template.txt\/edit",
            "preview": "\r\n## Update Summary\r\n![Synereo Hangout - Greg](http:\/\/i.imgur.com\/vUouZsY.jpg?1)\r\n\r\nRecently, our Chief Science Officer, Greg Meredith, wrote a paper in which he explained operations on the blockchain in terms of classical linear logic: \r",
            "preview_highlight": "<div class=\"CodeMirror cm-s-default CodeMirrorServer\">\n<div class=\"CodeMirror-code\">\n<div><pre><\/pre><\/div>\n<div><pre>## Update Summary<\/pre><\/div>\n<div><pre>![Synereo Hangout - Greg](http:\/\/i.imgur.com\/vUouZsY.jpg?1)<\/pre><\/div>\n<div><pre><\/pre><\/div>\n<div><pre>Recently, our Chief Science Officer, Greg Meredith, wrote a paper in which he explained operations on the blockchain in terms of classical linear logic: <\/pre><\/div>\n<div><pre><\/pre><\/div>\n<\/div>\n<\/div>\n",
            "lines": 108,
            "lines_more": 103,
            "channels": [
                "C0474AT8X"
            ],
            "groups": [
    
            ],
            "ims": [
    
            ],
            "comments_count": 0
        },
        "user": "U0474E4KZ",
        "upload": true,
        "display_as_bot": false,
        "username": "<@U0474E4KZ|dor>",
        "bot_id": null,
        "ts": "1452619542.000537"
    },
    {
        "type": "message",
        "user": "U0474E4KZ",
        "text": "Otherwise it takes me more than an hour just to get the format right for our picky blog. :simple_smile:",
        "ts": "1452619567.000538"
    },
    {
        "type": "message",
        "user": "U0474E4KZ",
        "text": "Just copy and paste into the template once editing is done.",
        "ts": "1452619582.000539"
    },
    {
        "user": "U0J9CQF9S",
        "type": "message",
        "subtype": "channel_join",
        "text": "<@U0J9CQF9S|shdwdm> has joined the channel",
        "ts": "1452626109.000540"
    },
    {
        "type": "message",
        "user": "U04BQ4FMC",
        "text": "So that script Greg found doesn't work?  <@U0474E4KZ>",
        "ts": "1452627446.000541"
    },
    {
        "type": "message",
        "user": "U0474AYFT",
        "text": "It works, but it's tricky to use.",
        "ts": "1452627745.000542"
    },
    {
        "type": "message",
        "user": "U04BQ4FMC",
        "text": "Just make sure to get <@U048T3M8W>  on board, because he generally does the initial spread.  I'm the cleaner.  :sunglasses:",
        "ts": "1452628098.000543"
    },
    {
        "type": "message",
        "user": "U04BQ4FMC",
        "text": ":man_in_business_suit_levitating:",
        "ts": "1452628167.000544"
    },
    {
        "type": "message",
        "user": "U048T3M8W",
        "text": "<@U0474E4KZ> Was the \"Hangout 20160106.md\" then so much different from \"Weekly Blog Update Markdown Template\" ? I've tried to make it the same. Maybe you can give some details.",
        "ts": "1452628971.000545"
    },
    {
        "type": "message",
        "user": "U048T3M8W",
        "text": "<@U04A8095T>: Land registration is like a community effort. People from the area know about who owns what. Lot's of discussions and lot's of people involved. Compare it to slumps near a big city.",
        "ts": "1452629592.000546"
    },
    {
        "type": "message",
        "user": "U09KY5U65",
        "text": "Any of the existing blockchains can do land registry as it's just a form of storing data securely and forever. This is what blockchains do today. Blockchains are a log. Factom is a Proof of Stake coin where it's set up so only Factom can mine $FCT. They use the term \"federated\" to describe this type of mining as not to call it centralized\/private. This centralized mining may give the factom blockchain greater assurance that the data on it is correct compared to a more public blockchain like Ethereum. If Synereo can give 100% assurance that the data stored on it's blockchain is correct then Synereo would be the best choice for land registry.",
        "ts": "1452638437.000547"
    },
    {
        "type": "message",
        "user": "U09KY5U65",
        "text": "China is loving coins on <https:\/\/yuanbaohui.com> . Gotta get $AMP listed on there before we miss the Chinese rocket to the moon.",
        "attachments": [
            {
                "text": "\u5143\u5b9d\u4f17\u7b79\uff0c\u4e3a\u68a6\u60f3\u52a0\u6cb9\uff01\u6211\u4eec\u81f4\u529b\u4e8e\u6253\u9020\u6700\u4e13\u4e1a\u7684\u6570\u5b57\u8d44\u4ea7\u4f17\u7b79\u4ea4\u6613\u5e73\u53f0\uff01",
                "fallback": "\u5143\u5b9d\u4f17\u7b79\uff0c\u4e3a\u68a6\u60f3\u52a0\u6cb9\uff01\u6211\u4eec\u81f4\u529b\u4e8e\u6253\u9020\u6700\u4e13\u4e1a\u7684\u6570\u5b57\u8d44\u4ea7\u4f17\u7b79\u4ea4\u6613\u5e73\u53f0\uff01",
                "from_url": "https:\/\/yuanbaohui.com",
                "id": 1
            }
        ],
        "ts": "1452641262.000548"
    },
    {
        "user": "U0JA3NQ11",
        "type": "message",
        "subtype": "channel_join",
        "text": "<@U0JA3NQ11|dina> has joined the channel",
        "ts": "1452642316.000550"
    },
    {
        "type": "message",
        "user": "U0474E4KZ",
        "text": "The script works, but it only takes you part of the way.",
        "ts": "1452643470.000551"
    },
    {
        "type": "message",
        "user": "U0474E4KZ",
        "text": "Enough that it's actually easier to just copy-paste text into the existing template.",
        "ts": "1452643483.000552"
    },
    {
        "type": "message",
        "user": "U09KY5U65",
        "text": "I was talking to someone who works for free on $GEO GeoCoin. They made a decentralized geo caching game where you get rewarded with GeoCoins when you find the geo cache. They want to fully decentralize everything including the mapping system instead of using Google maps. They want miners to also serve the mapping data to people using the app. Miners would receive $GEO for serving the map data. Would Synereo be able to replace google maps for their system?",
        "ts": "1452644532.000553"
    }
]