[
    {
        "type": "message",
        "user": "U0J9CQF9S",
        "text": "<https:\/\/tree.taiga.io\/project\/synereo-synpm\/>",
        "attachments": [
            {
                "service_name": "Taiga - Love your projects",
                "title": "Synereo PM",
                "title_link": "https:\/\/tree.taiga.io\/project\/synereo-synpm\/",
                "text": "A community facing project and issue tracking tool to surface work in flight and community needs as we create the distributed decentralized social network we're all so excited about. Aiming for a user driven reset of the Internet as we know it with respect for privacy and the attention economy....",
                "fallback": "Taiga - Love your projects: Synereo PM",
                "thumb_url": "https:\/\/tree.taiga.io\/v-1455616003168\/images\/logo-color.png",
                "from_url": "https:\/\/tree.taiga.io\/project\/synereo-synpm\/",
                "thumb_width": 300,
                "thumb_height": 300,
                "id": 1
            }
        ],
        "ts": "1456084865.000232"
    }
]