[
    {
        "type": "message",
        "user": "U0NGAG7V5",
        "text": "Hi, is someone alive?",
        "ts": "1456267316.000265"
    },
    {
        "type": "message",
        "user": "U0J9CQF9S",
        "text": ":skull:",
        "ts": "1456267713.000266"
    },
    {
        "user": "U0NNHQPN0",
        "type": "message",
        "subtype": "channel_join",
        "text": "<@U0NNHQPN0|missbb> has joined the channel",
        "ts": "1456268016.000267"
    },
    {
        "type": "message",
        "user": "U0NGAG7V5",
        "text": "but",
        "ts": "1456268127.000268"
    },
    {
        "type": "message",
        "user": "U0NGAG7V5",
        "text": "Well",
        "ts": "1456268135.000269"
    },
    {
        "type": "message",
        "user": "U0J9CQF9S",
        "text": "whats up?",
        "ts": "1456269214.000270"
    },
    {
        "type": "message",
        "user": "U0FESR742",
        "text": "<@U0NGAG7V5>:  glad you're here! What brought you this way?",
        "ts": "1456270954.000271"
    },
    {
        "type": "message",
        "user": "U0FESR742",
        "text": "<@U0NNHQPN0>: Glad you're here too. What brought you in! I can help veer you guys around make sure we are getting you in the right place!",
        "ts": "1456270987.000272"
    },
    {
        "type": "message",
        "user": "U0FESR742",
        "text": "<@U048X85UT>: I agree with your post about Taiga being too unwieldy. I won't be using it! I just don't have the bandwidth. The solution seems too complicated, adding more problems than it is taking care of.",
        "ts": "1456271263.000273"
    },
    {
        "type": "message",
        "user": "U0NGAG7V5",
        "text": "hi",
        "ts": "1456271323.000274"
    },
    {
        "type": "message",
        "user": "U0NGAG7V5",
        "text": "i am waiting for the validation of facebook and twitter spanish account issue in taiga",
        "ts": "1456271358.000275"
    },
    {
        "type": "message",
        "user": "U0FESR742",
        "text": "<@U0NGAG7V5>:  ah I see! Okay I'm not sure who is headlining that one. Looking at it, I see you already have your point of contact with that!",
        "ts": "1456271446.000276"
    },
    {
        "type": "message",
        "user": "U0NGAG7V5",
        "text": "yep",
        "ts": "1456274358.000277"
    },
    {
        "type": "message",
        "user": "U0NGAG7V5",
        "text": "doin somethings actually but waiting for new instructions",
        "ts": "1456274374.000278"
    },
    {
        "type": "message",
        "user": "U0FESR742",
        "text": "Got it! Glad you're with us!",
        "ts": "1456274815.000279"
    },
    {
        "type": "message",
        "user": "U0J9CQF9S",
        "text": "I am ready to present a design proposal for the hangout tomorrow. I prefer to keep it offline unless we have no material to dive deep with. The topics I am going to present maybe a little sensitive for folks so I encourage everyone to take things with a grain of salt. At this point I think the more noise generated the better. However some people may disagree with this strategy. I trust the group to make the decision before 2pm EST of whether or not I should present online.",
        "edited": {
            "user": "U0J9CQF9S",
            "ts": "1456301886.000000"
        },
        "ts": "1456300613.000280"
    }
]