[
    {
        "type": "message",
        "user": "U0J9CQF9S",
        "text": ".",
        "edited": {
            "user": "U0J9CQF9S",
            "ts": "1455987840.000000"
        },
        "ts": "1455987764.000228"
    },
    {
        "type": "message",
        "user": "U048T3M8W",
        "text": "There's a need to talk a bit more together. So there's a new opportunity on Sunday.\n<https:\/\/plus.google.com\/hangouts\/_\/event\/cdfglvmngb2nj20ommd3l383uh8?hl=en&amp;authuser=0>\n\nSee the event description on:\n<https:\/\/plus.google.com\/u\/0\/events\/cdfglvmngb2nj20ommd3l383uh8>",
        "attachments": [
            {
                "service_name": "Google+",
                "title": "Synereo Sunday Session - Google+",
                "title_link": "https:\/\/plus.google.com\/u\/0\/events\/cdfglvmngb2nj20ommd3l383uh8",
                "text": "We can talk about: 1) decision making 2) design 3) organisation 4) documentation 5) channels 6) acquisition\u200b \u200b7) marketing 8) .......\u200b",
                "fallback": "Google+: Synereo Sunday Session - Google+",
                "image_url": "https:\/\/lh3.googleusercontent.com\/_tcY7QLx6X_8\/UV9_Yq_F2jI\/AAAAAAAAB-U\/mAnu2Jkc05M\/w940-h280-n\/13_nature.jpg",
                "from_url": "https:\/\/plus.google.com\/u\/0\/events\/cdfglvmngb2nj20ommd3l383uh8",
                "image_width": 839,
                "image_height": 250,
                "image_bytes": 52787,
                "id": 1
            }
        ],
        "ts": "1455993083.000230"
    }
]