[
    {
        "type": "message",
        "user": "U0PCK9TKL",
        "text": "<http:\/\/www.twitch.tv\/dcblockchainsummit>",
        "ts": "1457008981.000531"
    },
    {
        "type": "message",
        "user": "U0PCK9TKL",
        "text": "Can someone text me if your having any issues with the stream ",
        "ts": "1457009481.000532"
    },
    {
        "type": "message",
        "user": "U048T3M8W",
        "text": "looks OK bro :simple_smile:",
        "ts": "1457009551.000533"
    },
    {
        "type": "message",
        "user": "U04BQ4FMC",
        "text": "now it's live -the last time I looked at it, there was suposed to be a video, but it wouldn't play\n<@U0PCK9TKL>:",
        "ts": "1457009797.000534"
    },
    {
        "type": "message",
        "user": "U04BQ4FMC",
        "text": "and I still haven't seen what you did on the twitch channel you made..\\",
        "ts": "1457009830.000535"
    },
    {
        "type": "message",
        "user": "U049CMCCZ",
        "text": "loading fine - but video just shows a churning circle",
        "ts": "1457009860.000536"
    },
    {
        "type": "message",
        "user": "U0PCK9TKL",
        "text": "Really???? Agh ",
        "ts": "1457009873.000537"
    },
    {
        "type": "message",
        "user": "U04BQ4FMC",
        "text": "music level just rose..",
        "ts": "1457009886.000538"
    },
    {
        "type": "message",
        "user": "U04BQ4FMC",
        "text": "I think that's normal for live feeds.  It never can \"download\" the whole thing..",
        "ts": "1457009948.000539"
    },
    {
        "type": "message",
        "user": "U04BQ4FMC",
        "text": "my browser indicates the 'circling' if the logo, but the video window is fine",
        "ts": "1457009993.000540"
    },
    {
        "type": "message",
        "user": "U04BQ4FMC",
        "text": "ok - it just went off",
        "ts": "1457010015.000541"
    },
    {
        "type": "message",
        "user": "U04BQ4FMC",
        "text": "ah - so I learned something there...\nit's live again, and the browser log is not churning :simple_smile:",
        "ts": "1457010071.000542"
    },
    {
        "type": "message",
        "user": "U0PCK9TKL",
        "text": "can you guys try access it on",
        "ts": "1457010111.000543"
    },
    {
        "type": "message",
        "user": "U0PCK9TKL",
        "text": "mobile",
        "ts": "1457010112.000544"
    },
    {
        "type": "message",
        "user": "U0PCK9TKL",
        "text": "copy",
        "ts": "1457010116.000545"
    },
    {
        "type": "message",
        "user": "U0PCK9TKL",
        "text": "that can u test it one more time",
        "ts": "1457010120.000546"
    },
    {
        "type": "message",
        "user": "U0PCK9TKL",
        "text": "before i say send out the link",
        "ts": "1457010125.000547"
    },
    {
        "type": "message",
        "user": "U0PCK9TKL",
        "text": "its not working on peoples phone apparently",
        "ts": "1457010132.000548"
    },
    {
        "type": "message",
        "user": "U048T3M8W",
        "text": "Yep. Send the link and I will reconnect.",
        "ts": "1457010158.000549"
    },
    {
        "type": "message",
        "user": "U048T3M8W",
        "text": "Reload worked great.",
        "ts": "1457010192.000550"
    },
    {
        "type": "message",
        "user": "U0PCK9TKL",
        "text": "copy",
        "ts": "1457010291.000551"
    },
    {
        "type": "message",
        "user": "U0PCK9TKL",
        "text": "seems mobile is having issues",
        "ts": "1457010306.000552"
    },
    {
        "type": "message",
        "user": "U0PCK9TKL",
        "text": "but pc is great",
        "ts": "1457010309.000553"
    },
    {
        "type": "message",
        "user": "U0PCK9TKL",
        "text": "tweet it out share the links",
        "ts": "1457010314.000554"
    },
    {
        "type": "message",
        "user": "U049CMCCZ",
        "text": "churning wheel stopped - now I'm looking at a static set of sofas :simple_smile:",
        "ts": "1457010319.000555"
    },
    {
        "type": "message",
        "user": "U0PCK9TKL",
        "text": "right",
        "ts": "1457010338.000556"
    },
    {
        "type": "message",
        "user": "U0PCK9TKL",
        "text": "the event starts soon",
        "ts": "1457010342.000557"
    },
    {
        "type": "message",
        "user": "U0PCK9TKL",
        "text": "lapin7 said it works on mobile",
        "ts": "1457010368.000558"
    },
    {
        "type": "message",
        "user": "U049CMCCZ",
        "text": "ah was going to ask: I have no audio on it, but I guess mics are off?",
        "edited": {
            "user": "U049CMCCZ",
            "ts": "1457010392.000000"
        },
        "ts": "1457010371.000559"
    },
    {
        "type": "message",
        "user": "U0PCK9TKL",
        "text": "so send the link out",
        "ts": "1457010372.000560"
    },
    {
        "type": "message",
        "user": "U0PCK9TKL",
        "text": "no audio is good",
        "ts": "1457010378.000561"
    },
    {
        "type": "message",
        "user": "U049CMCCZ",
        "text": "trying on mobile, but won't",
        "edited": {
            "user": "U049CMCCZ",
            "ts": "1457010705.000000"
        },
        "ts": "1457010689.000563"
    },
    {
        "type": "message",
        "user": "U04BQ4FMC",
        "text": "when does it start?",
        "ts": "1457011764.000565"
    },
    {
        "type": "message",
        "user": "U0474E4KZ",
        "text": "<https:\/\/www.facebook.com\/synereo\/photos\/a.743482909020734.1073741829.733936049975420\/978294862206203\/?type=3>",
        "ts": "1457011816.000566"
    },
    {
        "type": "message",
        "user": "U0PCK9TKL",
        "text": " 15 mins",
        "ts": "1457012800.000567"
    },
    {
        "type": "message",
        "user": "U049CMCCZ",
        "text": "<@U0474E4KZ> can't access link \"content only visible to an audience that you aren't in\"",
        "ts": "1457013251.000568"
    },
    {
        "type": "message",
        "user": "U0PCK9TKL",
        "text": "We are live",
        "ts": "1457014026.000569"
    },
    {
        "type": "message",
        "user": "U0PCK9TKL",
        "text": "<https:\/\/m.facebook.com\/profile.php?v=info&amp;nocollections=1&amp;ref=bookmarks> will be uploading pictures later ",
        "ts": "1457014334.000570"
    },
    {
        "type": "message",
        "user": "U048T3M8W",
        "text": "Help! Connection broke",
        "ts": "1457014610.000571"
    },
    {
        "type": "message",
        "user": "U049CMCCZ",
        "text": "yep here too",
        "ts": "1457014618.000572"
    },
    {
        "type": "message",
        "user": "U049CMCCZ",
        "text": "back",
        "ts": "1457014627.000573"
    },
    {
        "type": "message",
        "user": "U048T3M8W",
        "text": "back",
        "ts": "1457014638.000574"
    },
    {
        "type": "message",
        "user": "U049CMCCZ",
        "text": "intermittent",
        "ts": "1457014649.000575"
    },
    {
        "type": "message",
        "user": "U048X85UT",
        "text": "bandwidth issues have rased their ugly head.",
        "ts": "1457014695.000576"
    },
    {
        "type": "message",
        "user": "U048T3M8W",
        "text": "connection is fine",
        "ts": "1457015191.000577"
    },
    {
        "type": "message",
        "user": "U0PCK9TKL",
        "text": "It's not perfect but good enough ",
        "edited": {
            "user": "U0PCK9TKL",
            "ts": "1457015255.000000"
        },
        "ts": "1457015229.000578"
    },
    {
        "type": "message",
        "user": "U048X85UT",
        "text": "several people have complained to me. it pauses frequently :disappointed: but6 its still good.",
        "ts": "1457015330.000580"
    },
    {
        "type": "message",
        "user": "U048X85UT",
        "text": "now it stopped :disappointed:",
        "ts": "1457016556.000581"
    },
    {
        "type": "message",
        "user": "U048X85UT",
        "text": "it has been great up till now.",
        "ts": "1457016582.000582"
    },
    {
        "type": "message",
        "user": "U0PCK9TKL",
        "text": "Still have it on my phone. I set the output to 8000kbps. Will need to buy a better laptop when i get out to Seattle. Origin PCs have network cards built into them.",
        "ts": "1457016649.000583"
    },
    {
        "type": "message",
        "user": "U048X85UT",
        "text": "i was still frozen till now, reloaded page to start again, still a bit faltering. hope to watch again uninterrupted, it is terrific.",
        "ts": "1457017117.000584"
    },
    {
        "type": "message",
        "user": "U048X85UT",
        "text": "focus! got really blurry.",
        "ts": "1457017759.000585"
    },
    {
        "type": "message",
        "user": "U0PCK9TKL",
        "text": "The stream is blurry but obs shows it's clear ",
        "ts": "1457017931.000586"
    },
    {
        "type": "message",
        "user": "U048X85UT",
        "text": "fixed",
        "ts": "1457017966.000587"
    },
    {
        "type": "message",
        "user": "U048T3M8W",
        "text": "Great again",
        "ts": "1457017993.000588"
    },
    {
        "type": "message",
        "user": "U0PCK9TKL",
        "text": "Ok ",
        "ts": "1457018017.000589"
    },
    {
        "type": "message",
        "user": "U0PCK9TKL",
        "text": "<http:\/\/www.twitch.tv\/dcblockchainsummit> spread this link and get into the chat on twitch",
        "ts": "1457018784.000590"
    },
    {
        "type": "message",
        "user": "U049CMCCZ",
        "text": "unfortunately the video is not clear enough to see the details of the participants on the overhead",
        "ts": "1457018943.000591"
    },
    {
        "type": "message",
        "user": "U0PCK9TKL",
        "text": "Yea I need professional equipment",
        "ts": "1457019303.000592"
    },
    {
        "type": "message",
        "user": "U0PCK9TKL",
        "text": "As we get more funding I will be able to get the proper gear.",
        "ts": "1457019322.000593"
    },
    {
        "type": "message",
        "user": "U0PCK9TKL",
        "text": "This is being ran on a webcam lol",
        "ts": "1457019335.000594"
    },
    {
        "type": "message",
        "user": "U049CMCCZ",
        "text": "are you there yourself now?",
        "ts": "1457019426.000595"
    },
    {
        "type": "message",
        "user": "U049CMCCZ",
        "text": "can you try zoom in on the overhead - stay a little while and then zoom back out?",
        "ts": "1457019458.000596"
    },
    {
        "type": "message",
        "user": "U0PCK9TKL",
        "text": "Can't zoom I don't have the right software yet",
        "ts": "1457019629.000597"
    },
    {
        "type": "message",
        "user": "U0PCK9TKL",
        "text": "Next conference I'll have better software ",
        "ts": "1457019660.000598"
    },
    {
        "type": "message",
        "user": "U049CMCCZ",
        "text": "good",
        "ts": "1457020038.000599"
    },
    {
        "type": "message",
        "subtype": "file_share",
        "text": "<@U0PCK9TKL|dj.ruesue> uploaded a file: <https:\/\/synereonet.slack.com\/files\/dj.ruesue\/F0Q4D95MF\/toms_flake.m4a|Toms Flake> and commented: Can someone answer this question please.",
        "file": {
            "id": "F0Q4D95MF",
            "created": 1457020518,
            "timestamp": 1457020518,
            "name": "Toms Flake.m4a",
            "title": "Toms Flake",
            "mimetype": "video\/mp4",
            "filetype": "m4a",
            "pretty_type": "MPEG 4 Audio",
            "user": "U0PCK9TKL",
            "editable": false,
            "size": 230107,
            "mode": "hosted",
            "is_external": false,
            "external_type": "",
            "is_public": true,
            "public_url_shared": false,
            "display_as_bot": false,
            "username": "",
            "url_private": "https:\/\/files.slack.com\/files-pri\/T0474AT8K-F0Q4D95MF\/toms_flake.m4a?t=xoxe-4242367291-28095460608-28095460624-739c22ae7e",
            "url_private_download": "https:\/\/files.slack.com\/files-pri\/T0474AT8K-F0Q4D95MF\/download\/toms_flake.m4a?t=xoxe-4242367291-28095460608-28095460624-739c22ae7e",
            "permalink": "https:\/\/synereonet.slack.com\/files\/dj.ruesue\/F0Q4D95MF\/toms_flake.m4a",
            "permalink_public": "https:\/\/slack-files.com\/T0474AT8K-F0Q4D95MF-19dd78bac4",
            "channels": [
                "C0474AT8X"
            ],
            "groups": [
    
            ],
            "ims": [
    
            ],
            "comments_count": 1,
            "initial_comment": {
                "id": "Fc0Q4D9A9X",
                "created": 1457020518,
                "timestamp": 1457020518,
                "user": "U0PCK9TKL",
                "comment": "Can someone answer this question please."
            }
        },
        "user": "U0PCK9TKL",
        "upload": true,
        "display_as_bot": false,
        "username": "<@U0PCK9TKL|dj.ruesue>",
        "bot_id": null,
        "ts": "1457020519.000600"
    },
    {
        "type": "message",
        "user": "U04BQ4FMC",
        "text": "I was not able to watch this live, I had an appointment with a friend of mine, who is going to prepare a pitch for a new video for the Beta launch + BnkToTheFuture crowdfunding phase",
        "ts": "1457020599.000601"
    },
    {
        "type": "message",
        "user": "U04BQ4FMC",
        "text": "\"Why isn't my ownership in this software (which? - Synereo Nodes?) embodied in a smart contract?\"",
        "ts": "1457020771.000602"
    },
    {
        "type": "message",
        "user": "U04BQ4FMC",
        "text": "- that's his question, <@U0PCK9TKL>",
        "ts": "1457020787.000603"
    },
    {
        "type": "message",
        "user": "U04BQ4FMC",
        "text": "I can't say that I understand what he's asking.",
        "ts": "1457020858.000604"
    },
    {
        "type": "message",
        "user": "U048X85UT",
        "text": "because we have higher priorities at the moment, when synereo is released it will be.we are hearing someone's phone conversation",
        "ts": "1457020910.000605"
    },
    {
        "type": "message",
        "user": "U0PCK9TKL",
        "text": "I already got a answer ",
        "ts": "1457020916.000606"
    },
    {
        "type": "message",
        "user": "U04BQ4FMC",
        "text": "It may be that telling him that it is automatically embodied in the protocol that drives the system will be enough.",
        "ts": "1457020923.000607"
    },
    {
        "type": "message",
        "user": "U0PCK9TKL",
        "text": "It's not a question for synereo",
        "ts": "1457020936.000608"
    },
    {
        "type": "message",
        "user": "U048X85UT",
        "text": "good",
        "ts": "1457020943.000609"
    },
    {
        "type": "message",
        "user": "U04BQ4FMC",
        "text": "oh",
        "ts": "1457020952.000610"
    },
    {
        "type": "message",
        "user": "U0PCK9TKL",
        "text": "But the point i think is that contracts are programmable ",
        "ts": "1457020956.000611"
    },
    {
        "type": "message",
        "user": "U04BQ4FMC",
        "text": "\"he who has the KEY is the owner\" = both a strength and a weakness of crypto",
        "ts": "1457021009.000612"
    },
    {
        "type": "message",
        "user": "U048X85UT",
        "text": "the aim is that it will be provable algorithmically constrained with block chain providence.",
        "ts": "1457021034.000613"
    },
    {
        "type": "message",
        "user": "U048X85UT",
        "text": "amps are in blockchain wallets and how they at generated will be verifiably algorithmically constrained.",
        "ts": "1457021165.000614"
    },
    {
        "type": "message",
        "user": "U0PCK9TKL",
        "text": "Copy",
        "ts": "1457021317.000615"
    },
    {
        "type": "message",
        "user": "U048X85UT",
        "text": "stream focus is unstable...",
        "ts": "1457021457.000616"
    },
    {
        "type": "message",
        "user": "U04BQ4FMC",
        "text": "<@U0474E4KZ> - is the Investor Deck ok to use, release, share to public?",
        "ts": "1457026022.000617"
    },
    {
        "type": "message",
        "subtype": "file_share",
        "text": "<@U0474E4KZ|dor> shared a file: <https:\/\/synereonet.slack.com\/files\/dor\/F0PU5BXK7\/synereo_investor_deck.ppsx|Synereo Investor Deck.ppsx>",
        "file": {
            "id": "F0PU5BXK7",
            "created": 1456937857,
            "timestamp": 1456937857,
            "name": "Synereo Investor Deck.ppsx",
            "title": "Synereo Investor Deck.ppsx",
            "mimetype": "application\/zip",
            "filetype": "zip",
            "pretty_type": "Zip",
            "user": "U0474E4KZ",
            "editable": false,
            "size": 15160785,
            "mode": "external",
            "is_external": true,
            "external_type": "dropbox",
            "is_public": true,
            "public_url_shared": false,
            "display_as_bot": false,
            "username": "",
            "url_private": "https:\/\/www.dropbox.com\/s\/meh231yr8ducf6a\/Synereo%20Investor%20Deck.ppsx?dl=0",
            "permalink": "https:\/\/synereonet.slack.com\/files\/dor\/F0PU5BXK7\/synereo_investor_deck.ppsx",
            "channels": [
                "C0474AT8X"
            ],
            "groups": [
    
            ],
            "ims": [
    
            ],
            "comments_count": 1
        },
        "user": "U0474E4KZ",
        "upload": false,
        "display_as_bot": false,
        "username": "<@U0474E4KZ|dor>",
        "bot_id": null,
        "ts": "1457027033.000619"
    },
    {
        "type": "message",
        "subtype": "file_share",
        "text": "<@U0474E4KZ|dor> shared a file: <https:\/\/synereonet.slack.com\/files\/dor\/F0Q52LTF0\/synereo_investor_deck.pdf|Synereo Investor Deck.pdf>",
        "file": {
            "id": "F0Q52LTF0",
            "created": 1457027039,
            "timestamp": 1457027039,
            "name": "Synereo Investor Deck.pdf",
            "title": "Synereo Investor Deck.pdf",
            "mimetype": "application\/pdf",
            "filetype": "pdf",
            "pretty_type": "PDF",
            "user": "U0474E4KZ",
            "editable": false,
            "size": 15159424,
            "mode": "external",
            "is_external": true,
            "external_type": "dropbox",
            "is_public": true,
            "public_url_shared": false,
            "display_as_bot": false,
            "username": "",
            "url_private": "https:\/\/www.dropbox.com\/s\/rs933uu2wutg2jf\/Synereo%20Investor%20Deck.pdf?dl=0",
            "permalink": "https:\/\/synereonet.slack.com\/files\/dor\/F0Q52LTF0\/synereo_investor_deck.pdf",
            "channels": [
                "C0474AT8X",
                "C046FL74E"
            ],
            "groups": [
    
            ],
            "ims": [
    
            ],
            "comments_count": 0
        },
        "user": "U0474E4KZ",
        "upload": false,
        "display_as_bot": false,
        "username": "<@U0474E4KZ|dor>",
        "bot_id": null,
        "ts": "1457027041.000622"
    },
    {
        "type": "message",
        "user": "U0474E4KZ",
        "text": "It's very investor oriented and so we can't do this publicly",
        "ts": "1457027073.000624",
        "reactions": [
            {
                "name": "skull_and_crossbones",
                "users": [
                    "U0Q9QKGR0"
                ],
                "count": 1
            }
        ]
    },
    {
        "type": "message",
        "user": "U0474E4KZ",
        "text": "But you can send it in person or post in small groups. Use judgment. :simple_smile:",
        "ts": "1457027088.000625"
    },
    {
        "type": "message",
        "user": "U0PCK9TKL",
        "text": "Thank you for theses slides",
        "ts": "1457030844.000626"
    },
    {
        "type": "message",
        "user": "U0474E4KZ",
        "text": "How's the conference?",
        "ts": "1457032256.000627"
    },
    {
        "type": "message",
        "user": "U0PCK9TKL",
        "text": "Going good lots of networking opportunities! Very nice atmosphere.",
        "ts": "1457032591.000628"
    },
    {
        "type": "message",
        "user": "U04BQ4FMC",
        "text": "I want to see a photo of you in a suit!",
        "ts": "1457032609.000629"
    },
    {
        "type": "message",
        "user": "U048X85UT",
        "text": "the morning was awesome.  steaming well this afternoon",
        "ts": "1457032611.000630"
    },
    {
        "type": "message",
        "user": "U04BQ4FMC",
        "text": "and photos make great social media opportunities :simple_smile:",
        "ts": "1457032664.000631"
    },
    {
        "type": "message",
        "user": "U0PCK9TKL",
        "text": "Yea I have them stored on my Facebook. <https:\/\/m.facebook.com\/profile.php?v=info&amp;nocollections=1&amp;ref=bookmarks>",
        "ts": "1457033165.000632"
    },
    {
        "type": "message",
        "user": "U0PCK9TKL",
        "text": "ether eth is going up in value it's a good time to grab some. ",
        "ts": "1457033201.000633"
    },
    {
        "type": "message",
        "user": "U04BQ4FMC",
        "text": "<https:\/\/pbs.twimg.com\/profile_images\/705398025418633216\/DzLEeTaZ.jpg>",
        "attachments": [
            {
                "fallback": "400x400px image",
                "image_url": "https:\/\/pbs.twimg.com\/profile_images\/705398025418633216\/DzLEeTaZ.jpg",
                "image_width": 400,
                "image_height": 400,
                "image_bytes": 32796,
                "from_url": "https:\/\/pbs.twimg.com\/profile_images\/705398025418633216\/DzLEeTaZ.jpg",
                "id": 1
            }
        ],
        "ts": "1457033205.000634",
        "reactions": [
            {
                "name": "clap",
                "users": [
                    "U04BQ4FMC"
                ],
                "count": 1
            },
            {
                "name": "sunglasses",
                "users": [
                    "U04BQ4FMC"
                ],
                "count": 1
            },
            {
                "name": "innocent",
                "users": [
                    "U04BQ4FMC"
                ],
                "count": 1
            }
        ]
    },
    {
        "type": "message",
        "user": "U0PCK9TKL",
        "text": "Is it possible to buy amps on bittrex at the moment?",
        "ts": "1457033218.000636"
    },
    {
        "type": "message",
        "user": "U048X85UT",
        "text": "yes",
        "ts": "1457033299.000637"
    },
    {
        "type": "message",
        "user": "U0PCK9TKL",
        "text": "Sweet I'm going to buy eth and amps when I get back to the house. Omni wallet is what we use right?",
        "ts": "1457033325.000638"
    },
    {
        "type": "message",
        "user": "U048T3M8W",
        "text": "<http:\/\/omniwallet.org|omniwallet.org>",
        "ts": "1457033340.000639"
    },
    {
        "type": "message",
        "user": "U0PCK9TKL",
        "text": "Copy",
        "ts": "1457033345.000640"
    },
    {
        "type": "message",
        "user": "U04BQ4FMC",
        "text": "you are rollin",
        "ts": "1457033361.000641"
    },
    {
        "type": "message",
        "user": "U04BQ4FMC",
        "text": "$:godmode:$",
        "ts": "1457033437.000642"
    },
    {
        "type": "message",
        "user": "U0PCK9TKL",
        "text": "Get that green! Lol",
        "ts": "1457033612.000643"
    },
    {
        "type": "message",
        "user": "U0PCK9TKL",
        "text": "Is anyone else in the DC area just <@U04GDL62L> ?? There's a after party..",
        "ts": "1457034006.000644"
    },
    {
        "type": "message",
        "user": "U0PCK9TKL",
        "text": "50 people viewing the stream.",
        "ts": "1457034094.000645",
        "reactions": [
            {
                "name": "+1",
                "users": [
                    "U0474E4KZ"
                ],
                "count": 1
            }
        ]
    },
    {
        "type": "message",
        "subtype": "file_share",
        "text": "<@U0PCK9TKL|dj.ruesue> uploaded a file: <https:\/\/synereonet.slack.com\/files\/dj.ruesue\/F0Q5PQRA9\/new_recording.m4a|Table conversation. Going to get a bunch more snippets.>",
        "file": {
            "id": "F0Q5PQRA9",
            "created": 1457034273,
            "timestamp": 1457034273,
            "name": "New Recording.m4a",
            "title": "Table conversation. Going to get a bunch more snippets.",
            "mimetype": "video\/mp4",
            "filetype": "m4a",
            "pretty_type": "MPEG 4 Audio",
            "user": "U0PCK9TKL",
            "editable": false,
            "size": 2602579,
            "mode": "hosted",
            "is_external": false,
            "external_type": "",
            "is_public": true,
            "public_url_shared": false,
            "display_as_bot": false,
            "username": "",
            "url_private": "https:\/\/files.slack.com\/files-pri\/T0474AT8K-F0Q5PQRA9\/new_recording.m4a?t=xoxe-4242367291-28095460608-28095460624-739c22ae7e",
            "url_private_download": "https:\/\/files.slack.com\/files-pri\/T0474AT8K-F0Q5PQRA9\/download\/new_recording.m4a?t=xoxe-4242367291-28095460608-28095460624-739c22ae7e",
            "permalink": "https:\/\/synereonet.slack.com\/files\/dj.ruesue\/F0Q5PQRA9\/new_recording.m4a",
            "permalink_public": "https:\/\/slack-files.com\/T0474AT8K-F0Q5PQRA9-ed34f163ec",
            "channels": [
                "C0474AT8X"
            ],
            "groups": [
    
            ],
            "ims": [
    
            ],
            "comments_count": 0
        },
        "user": "U0PCK9TKL",
        "upload": true,
        "display_as_bot": false,
        "username": "<@U0PCK9TKL|dj.ruesue>",
        "bot_id": null,
        "ts": "1457034274.000646"
    },
    {
        "type": "message",
        "subtype": "file_share",
        "text": "<@U0PCK9TKL|dj.ruesue> uploaded a file: <https:\/\/synereonet.slack.com\/files\/dj.ruesue\/F0Q6TC72N\/slack_for_ios_upload.jpg|Slack for iOS Upload> and commented: Cheers to a successful meeting",
        "file": {
            "id": "F0Q6TC72N",
            "created": 1457044765,
            "timestamp": 1457044765,
            "name": "Slack for iOS Upload.jpg",
            "title": "Slack for iOS Upload",
            "mimetype": "image\/jpeg",
            "filetype": "jpg",
            "pretty_type": "JPEG",
            "user": "U0PCK9TKL",
            "editable": false,
            "size": 2359452,
            "mode": "hosted",
            "is_external": false,
            "external_type": "",
            "is_public": true,
            "public_url_shared": false,
            "display_as_bot": false,
            "username": "",
            "url_private": "https:\/\/files.slack.com\/files-pri\/T0474AT8K-F0Q6TC72N\/slack_for_ios_upload.jpg?t=xoxe-4242367291-28095460608-28095460624-739c22ae7e",
            "url_private_download": "https:\/\/files.slack.com\/files-pri\/T0474AT8K-F0Q6TC72N\/download\/slack_for_ios_upload.jpg?t=xoxe-4242367291-28095460608-28095460624-739c22ae7e",
            "thumb_64": "https:\/\/files.slack.com\/files-tmb\/T0474AT8K-F0Q6TC72N-deda16eb43\/slack_for_ios_upload_64.jpg?t=xoxe-4242367291-28095460608-28095460624-739c22ae7e",
            "thumb_80": "https:\/\/files.slack.com\/files-tmb\/T0474AT8K-F0Q6TC72N-deda16eb43\/slack_for_ios_upload_80.jpg?t=xoxe-4242367291-28095460608-28095460624-739c22ae7e",
            "thumb_360": "https:\/\/files.slack.com\/files-tmb\/T0474AT8K-F0Q6TC72N-deda16eb43\/slack_for_ios_upload_360.jpg?t=xoxe-4242367291-28095460608-28095460624-739c22ae7e",
            "thumb_360_w": 270,
            "thumb_360_h": 360,
            "thumb_480": "https:\/\/files.slack.com\/files-tmb\/T0474AT8K-F0Q6TC72N-deda16eb43\/slack_for_ios_upload_480.jpg?t=xoxe-4242367291-28095460608-28095460624-739c22ae7e",
            "thumb_480_w": 360,
            "thumb_480_h": 480,
            "thumb_160": "https:\/\/files.slack.com\/files-tmb\/T0474AT8K-F0Q6TC72N-deda16eb43\/slack_for_ios_upload_160.jpg?t=xoxe-4242367291-28095460608-28095460624-739c22ae7e",
            "thumb_720": "https:\/\/files.slack.com\/files-tmb\/T0474AT8K-F0Q6TC72N-deda16eb43\/slack_for_ios_upload_720.jpg?t=xoxe-4242367291-28095460608-28095460624-739c22ae7e",
            "thumb_720_w": 540,
            "thumb_720_h": 720,
            "thumb_960": "https:\/\/files.slack.com\/files-tmb\/T0474AT8K-F0Q6TC72N-deda16eb43\/slack_for_ios_upload_960.jpg?t=xoxe-4242367291-28095460608-28095460624-739c22ae7e",
            "thumb_960_w": 720,
            "thumb_960_h": 960,
            "thumb_1024": "https:\/\/files.slack.com\/files-tmb\/T0474AT8K-F0Q6TC72N-deda16eb43\/slack_for_ios_upload_1024.jpg?t=xoxe-4242367291-28095460608-28095460624-739c22ae7e",
            "thumb_1024_w": 768,
            "thumb_1024_h": 1024,
            "image_exif_rotation": 1,
            "original_w": 4032,
            "original_h": 3024,
            "permalink": "https:\/\/synereonet.slack.com\/files\/dj.ruesue\/F0Q6TC72N\/slack_for_ios_upload.jpg",
            "permalink_public": "https:\/\/slack-files.com\/T0474AT8K-F0Q6TC72N-a10474a35b",
            "channels": [
                "C0474AT8X"
            ],
            "groups": [
    
            ],
            "ims": [
    
            ],
            "comments_count": 1,
            "initial_comment": {
                "id": "Fc0Q6TD7QA",
                "created": 1457044765,
                "timestamp": 1457044765,
                "user": "U0PCK9TKL",
                "comment": "Cheers to a successful meeting"
            }
        },
        "user": "U0PCK9TKL",
        "upload": true,
        "display_as_bot": false,
        "username": "<@U0PCK9TKL|dj.ruesue>",
        "bot_id": null,
        "ts": "1457044775.000647"
    },
    {
        "type": "message",
        "user": "U0PCK9TKL",
        "text": "<https:\/\/m.facebook.com\/profile.php?id=100011491293383&amp;refsrc=https%3A%2F%2Fwww.facebook.com%2Fprofile.php&amp;_rdr> all photos of the event was captured on this link. Big day Tomorrow. following up with all the business contacts made today. Would anyone be interested in doing a 10-15min hangout? I would like to share my experience and what I learned.",
        "edited": {
            "user": "U0PCK9TKL",
            "ts": "1457065462.000000"
        },
        "ts": "1457064386.000648"
    },
    {
        "type": "message",
        "user": "U049CMCCZ",
        "text": "<@U0PCK9TKL>: thank you for the twitch stream - good work :thumbsup:",
        "ts": "1457070808.000650"
    },
    {
        "user": "U048T3M8W",
        "topic": "Team-wide communication and announcements. All team members are in this channel.",
        "type": "message",
        "subtype": "channel_topic",
        "text": "<@U048T3M8W|lapin7> set the channel topic: Team-wide communication and announcements. All team members are in this channel.",
        "ts": "1457073518.000651"
    }
]