[
    {
        "user": "U0QLP1XSB",
        "type": "message",
        "subtype": "channel_join",
        "text": "<@U0QLP1XSB|ulrik> has joined the channel",
        "ts": "1457253965.000816"
    },
    {
        "type": "message",
        "user": "U04JPG2F2",
        "text": "Synereo entered top 20 in marketcap ! New era begins",
        "ts": "1457256692.000817"
    },
    {
        "type": "message",
        "user": "U0474E4KZ",
        "text": "Nice to see the crazy pumps aren't skipping over Synereo.",
        "ts": "1457262633.000818"
    },
    {
        "type": "message",
        "user": "U0N53UJES",
        "text": "Can i buy AMP only on Bittrex, or can i buy direcly from synereo also ?\nWould like to invest some $.",
        "ts": "1457265676.000819"
    },
    {
        "type": "message",
        "user": "U0N53UJES",
        "text": "Thats why .... crazy pumps ...",
        "ts": "1457265729.000820"
    },
    {
        "type": "message",
        "user": "U04BQ4FMC",
        "text": "One thing we might want to consider, is either creating, or linking to a very good beginner's site for learning the basics about cryptocurrencies, wallets, markets, trading, and exchanging for dollars.  I had someone ask how they would be able to convert amps to dollars, and how they would receive that money, but I don't know enough to give a good answer.  Is pay-pal or a similar place involved?",
        "ts": "1457266804.000821"
    },
    {
        "type": "message",
        "user": "U049CMCCZ",
        "text": "AFAIK it's only on Bittrex",
        "edited": {
            "user": "U049CMCCZ",
            "ts": "1457266814.000000"
        },
        "ts": "1457266809.000822"
    },
    {
        "type": "message",
        "user": "U049CMCCZ",
        "text": "<https:\/\/poloniex.com\/coinRequest>\nI went there to send in a request. Please do the same. The more the better chances it will be at poloniex",
        "attachments": [
            {
                "title": "Poloniex - Bitcoin\/Cryptocurrency Exchange - Coin Request",
                "title_link": "https:\/\/poloniex.com\/coinRequest",
                "fallback": "Poloniex - Bitcoin\/Cryptocurrency Exchange - Coin Request",
                "image_url": "http:\/\/poloniex.com\/images\/poloniex_icon.png",
                "from_url": "https:\/\/poloniex.com\/coinRequest",
                "image_width": 250,
                "image_height": 250,
                "image_bytes": 134802,
                "id": 1
            }
        ],
        "ts": "1457267072.000824",
        "reactions": [
            {
                "name": "muscle",
                "users": [
                    "U0474E4KZ"
                ],
                "count": 1
            }
        ]
    },
    {
        "type": "message",
        "user": "U049CMCCZ",
        "text": "&gt;I had someone ask how they would be able to convert amps to dollars,\n\nYou could sell AMP for BTC on eg. Bittrex, and then send them to an exchange like Bitstamp, sell your BTC there for USd, become validated with a bank account to transfer funds to that bank account. You would need to send ID and other stuff to be approved\/verified.\nFYI Bitstamp is in Europe.",
        "ts": "1457267301.000826"
    },
    {
        "type": "message",
        "user": "U04BQ4FMC",
        "text": "Do you happen to know anything about what it takes to get approval, or why some countries do not support this?",
        "ts": "1457267439.000827"
    },
    {
        "type": "message",
        "user": "U04BQ4FMC",
        "text": "- and what is the difference between places like bittrex and bitstamp?  Why do they both exist, rather than a single place?",
        "ts": "1457267522.000828"
    },
    {
        "type": "message",
        "user": "U049CMCCZ",
        "text": "Normally a highres image of your passport and a copy of a recent utility bill with your name and address should be sufficient, as well ofc your bank account details.",
        "ts": "1457267707.000829"
    },
    {
        "type": "message",
        "user": "U049CMCCZ",
        "text": "It can take some days, or weeks in worst case, to be approved, and from there on it's pretty easy to do a transfer, which will be limited to a certain max amount per day\/week",
        "edited": {
            "user": "U049CMCCZ",
            "ts": "1457268114.000000"
        },
        "ts": "1457267779.000830"
    },
    {
        "type": "message",
        "user": "U049CMCCZ",
        "text": "There are many different exchanges, most of them only exchanging in crypto currencies.",
        "ts": "1457267838.000831"
    },
    {
        "type": "message",
        "user": "U049CMCCZ",
        "text": "Those who also allow transactions from crypto to fiat and vice versa are fewer, and the best would be to investigate which ones are in or near your own country of residence.",
        "ts": "1457267920.000832"
    },
    {
        "type": "message",
        "user": "U049CMCCZ",
        "text": "..as the laws are different eg. in the US and Europe",
        "edited": {
            "user": "U049CMCCZ",
            "ts": "1457267956.000000"
        },
        "ts": "1457267947.000833"
    },
    {
        "type": "message",
        "user": "U049CMCCZ",
        "text": "just be aware that once you disclose your bank details and start transferring fiat forth and back with the exchange, then you are open to the tax authorities and such",
        "edited": {
            "user": "U049CMCCZ",
            "ts": "1457268038.000000"
        },
        "ts": "1457268025.000835"
    },
    {
        "type": "message",
        "user": "U049CMCCZ",
        "text": "&gt;- and what is the difference between places like bittrex and bitstamp?  Why do they both exist, rather than a single place?\n\nBitstamp allows transfers in and out of fiat.\nBittrex - AFAIK - does not allow transfers in and out of fiat..?",
        "edited": {
            "user": "U049CMCCZ",
            "ts": "1457268539.000000"
        },
        "ts": "1457268515.000838"
    },
    {
        "type": "message",
        "user": "U0DKBHZN1",
        "text": "<https:\/\/cex.io\/>",
        "attachments": [
            {
                "title": "Bitcoin Exchange, Trading BTC USD, BTC EUR - CEX.IO",
                "title_link": "https:\/\/cex.io\/",
                "text": "Buy and sell Bitcoins for USD or EUR with payment cards or via bank transfers easily. Get into Bitcoin Trading on the worldwide Bitcoin Exchange.",
                "fallback": "Bitcoin Exchange, Trading BTC USD, BTC EUR - CEX.IO",
                "from_url": "https:\/\/cex.io\/",
                "thumb_url": "http:\/\/cex.io\/img\/favicon64.png",
                "thumb_width": 64,
                "thumb_height": 64,
                "id": 1
            }
        ],
        "ts": "1457268753.000840"
    },
    {
        "type": "message",
        "user": "U0DKBHZN1",
        "text": "I have used their mining pools in the past. Never for Fiat exchange.",
        "ts": "1457268826.000842"
    },
    {
        "type": "message",
        "user": "U04BQ4FMC",
        "text": "I guess it's just the amount of paperwork and regulation involved being able to convert to Fiat..",
        "ts": "1457269275.000843"
    },
    {
        "type": "message",
        "user": "U049CMCCZ",
        "text": "yep",
        "ts": "1457269290.000844"
    },
    {
        "type": "message",
        "user": "U049CMCCZ",
        "text": "and most important: to pick an exchange in your own country\/legislation area",
        "ts": "1457269324.000845"
    },
    {
        "type": "message",
        "user": "U04BQ4FMC",
        "text": "But I'm in Chile, and as far as I can see, it's much more complicated in S. America in general to find conversion.",
        "ts": "1457269340.000846"
    },
    {
        "type": "message",
        "user": "U049CMCCZ",
        "text": "unless ofc you have offshore accounts :wink:",
        "ts": "1457269348.000847"
    },
    {
        "type": "message",
        "user": "U04BQ4FMC",
        "text": "This is frustrating, but it also presents opportunity, which I am actively kicking around - wondering how hard it would be to get started.",
        "ts": "1457269393.000848"
    },
    {
        "type": "message",
        "user": "U049CMCCZ",
        "text": "in that case it might be an option to find an offshore account, which probably is not easy?",
        "ts": "1457269421.000849"
    },
    {
        "type": "message",
        "user": "U04BQ4FMC",
        "text": "No, unless you have 1 million+ dollars..   :thinking_face:",
        "ts": "1457269484.000850",
        "reactions": [
            {
                "name": "grin",
                "users": [
                    "U049CMCCZ"
                ],
                "count": 1
            }
        ]
    },
    {
        "type": "message",
        "user": "U049CMCCZ",
        "text": "it always comes down to that threshold where you move from anonymous crypto into fiat. that's where you are open to the authorities",
        "edited": {
            "user": "U049CMCCZ",
            "ts": "1457270068.000000"
        },
        "ts": "1457269519.000851"
    },
    {
        "type": "message",
        "user": "U049CMCCZ",
        "text": "and that's why we need a world crypto which you can use for everything, and that's exactly what the govs fears",
        "ts": "1457269567.000853"
    },
    {
        "type": "message",
        "user": "U049CMCCZ",
        "text": "there will soon be a project going official on the crypto market which can fulfil this, but as this is a Synereo slack I will not name it, only say that if you come to the Coinfest event in Manchester in April you will see it there :wink:",
        "ts": "1457269773.000854"
    },
    {
        "type": "message",
        "user": "U049CMCCZ",
        "text": "not that it is a competitor to Synereo, but an addition to the market",
        "ts": "1457269810.000855"
    },
    {
        "type": "message",
        "user": "U049CMCCZ",
        "text": "chile --&gt; manchester u-oohhh :simple_smile:",
        "ts": "1457269875.000856"
    },
    {
        "type": "message",
        "user": "U04BQ4FMC",
        "text": "With all the banks investing in b.chain tech, it won't be long.  One of the major banks in Chile just joined some consortium about 2 weeks ago.",
        "ts": "1457269900.000857"
    },
    {
        "type": "message",
        "user": "U04BQ4FMC",
        "text": ":soccer:  glory days ahead...",
        "ts": "1457269949.000858"
    },
    {
        "type": "message",
        "user": "U049CMCCZ",
        "text": "yeah but it's still fiat banks, so you are no more anonymous",
        "edited": {
            "user": "U049CMCCZ",
            "ts": "1457270011.000000"
        },
        "ts": "1457269950.000859"
    },
    {
        "type": "message",
        "user": "U04BQ4FMC",
        "text": "The other thing I need to learn about is wallets, especially the \"offline\" kind.",
        "ts": "1457270062.000862"
    },
    {
        "type": "message",
        "user": "U0PCK9TKL",
        "text": "<@U049CMCCZ>: I have a friend in Nottingham can you guys promote Synereo there? ",
        "ts": "1457288337.000864"
    },
    {
        "type": "message",
        "user": "U0PCK9TKL",
        "text": "I might be able to come to England if I can stay longer for just a few days",
        "ts": "1457288361.000865"
    },
    {
        "type": "message",
        "user": "U0PCK9TKL",
        "text": "I can bring all the equipment for live streams ",
        "ts": "1457288373.000866"
    },
    {
        "type": "message",
        "user": "U0PCK9TKL",
        "text": "I would want to stay in England for a month or two because my friend Stuart is business savy we can do a lot of work there",
        "ts": "1457288486.000867"
    },
    {
        "type": "message",
        "user": "U049CMCCZ",
        "text": "<@U0PCK9TKL>: I would love to, but the fact is that I am one of the founders of the project I mentioned above, and it's a big thing for us to present it, so I can't really do anything else over those 2 days :disappointed:",
        "ts": "1457288487.000868"
    },
    {
        "type": "message",
        "user": "U0PCK9TKL",
        "text": "Ok so if I come I can setup a booth and stream the event. I won't talk on behalf the company. I'm not a professional. ",
        "ts": "1457288524.000869"
    },
    {
        "type": "message",
        "user": "U049CMCCZ",
        "text": "You would need to contact the Coinfest team in order to be allowed to setup a booth",
        "ts": "1457288592.000870"
    },
    {
        "type": "message",
        "user": "U049CMCCZ",
        "text": "it's not a huge venue, so they are limited in space",
        "ts": "1457288626.000871"
    },
    {
        "type": "message",
        "user": "U0PCK9TKL",
        "text": "Copy that",
        "ts": "1457288636.000872"
    },
    {
        "type": "message",
        "user": "U049CMCCZ",
        "text": "and they have quite a few people coming",
        "ts": "1457288654.000873"
    },
    {
        "type": "message",
        "user": "U049CMCCZ",
        "text": "our project is going to be the biggest thing there :simple_smile:",
        "ts": "1457288676.000874"
    },
    {
        "type": "message",
        "user": "U049CMCCZ",
        "text": "you'll hear about it",
        "ts": "1457288688.000875"
    },
    {
        "type": "message",
        "user": "U0PCK9TKL",
        "text": "We would need a game plan too. It would be worth going to if we can setup other events outside of cou fest over the course of a few months",
        "ts": "1457288703.000876"
    },
    {
        "type": "message",
        "user": "U0PCK9TKL",
        "text": "I talked to Andrew he said Manchester will be the biggest",
        "ts": "1457288729.000877"
    },
    {
        "type": "message",
        "user": "U0PCK9TKL",
        "text": "He the only email I can find on <http:\/\/coinfest.com|coinfest.com>",
        "ts": "1457288750.000878"
    },
    {
        "type": "message",
        "user": "U049CMCCZ",
        "text": "I agree, we have actually been scouting everywhere where we could promote it, and this was the first venue we found who whould take us in. most places are BTC focused so they don't like competitors",
        "edited": {
            "user": "U049CMCCZ",
            "ts": "1457288848.000000"
        },
        "ts": "1457288780.000879"
    },
    {
        "type": "message",
        "user": "U049CMCCZ",
        "text": "Yes Andrew is the guy",
        "ts": "1457288797.000880"
    },
    {
        "type": "message",
        "user": "U049CMCCZ",
        "text": "and yes it's gonna be big - we hope",
        "ts": "1457288816.000881"
    },
    {
        "type": "message",
        "user": "U049CMCCZ",
        "text": "Would be fun to have Synereo there as well, as it is complementary to the rest there AFAIK (not sure yet who will actually be there)",
        "ts": "1457288932.000883"
    },
    {
        "type": "message",
        "user": "U0PCK9TKL",
        "text": "Yes of course it's about the awareness of Blockchain technology not Synereo",
        "ts": "1457288968.000884"
    },
    {
        "type": "message",
        "user": "U049CMCCZ",
        "text": "as I am not the one who arranged our booth",
        "ts": "1457288980.000885"
    },
    {
        "type": "message",
        "user": "U0PCK9TKL",
        "text": "But we can pay to have our logo there",
        "ts": "1457288986.000886"
    },
    {
        "type": "message",
        "user": "U049CMCCZ",
        "text": "yep",
        "ts": "1457288994.000887"
    },
    {
        "type": "message",
        "user": "U0PCK9TKL",
        "text": "Cost 1 btc to have the logo there",
        "ts": "1457289005.000888"
    },
    {
        "type": "message",
        "user": "U049CMCCZ",
        "text": "have a word with them, there would probably be a possibility to squeeze in something",
        "ts": "1457289053.000889"
    },
    {
        "type": "message",
        "user": "U0PCK9TKL",
        "text": "Cool",
        "ts": "1457289072.000890"
    },
    {
        "type": "message",
        "user": "U049CMCCZ",
        "text": "I'll ponder more if I can do something on the side for Synereo, but as we are the biggest attraction magnet those 2 days, I'm sure I will be busy",
        "ts": "1457289137.000891"
    },
    {
        "type": "message",
        "user": "U0PCK9TKL",
        "text": "I'm going to contact Andrew when he's in Vancouver. I can easily make it to there or coinfest California",
        "ts": "1457289153.000892"
    },
    {
        "type": "message",
        "user": "U049CMCCZ",
        "text": "that would be an option yes",
        "edited": {
            "user": "U049CMCCZ",
            "ts": "1457290498.000000"
        },
        "ts": "1457289191.000893"
    },
    {
        "user": "U0QMPKQ3W",
        "type": "message",
        "subtype": "channel_join",
        "text": "<@U0QMPKQ3W|jako> has joined the channel",
        "ts": "1457289718.000895"
    },
    {
        "type": "message",
        "user": "U0PCK9TKL",
        "text": "Getting work done",
        "ts": "1457291286.000897"
    },
    {
        "type": "message",
        "user": "U0PCK9TKL",
        "text": "Found a person that wants to build a city using the same principles that Synereo is based off of. ",
        "ts": "1457295897.000898"
    },
    {
        "type": "message",
        "user": "U0PCK9TKL",
        "text": "Going to put her in contact with Greg :D",
        "ts": "1457295935.000899"
    },
    {
        "type": "message",
        "user": "U0474E4KZ",
        "text": "Greg is busy up to the ears right now. We have so many things to tie in together for the app! Let's wait with that until after the crowdsale.",
        "ts": "1457296003.000900"
    },
    {
        "type": "message",
        "subtype": "file_share",
        "text": "<@U0474E4KZ|dor> uploaded a file: <https:\/\/synereonet.slack.com\/files\/dor\/F0QN4TDE3\/_14__15k.png|Pump> and commented: In other news, we're being pumped.",
        "file": {
            "id": "F0QN4TDE3",
            "created": 1457296024,
            "timestamp": 1457296024,
            "name": "#14 $15k.png",
            "title": "Pump",
            "mimetype": "image\/png",
            "filetype": "png",
            "pretty_type": "PNG",
            "user": "U0474E4KZ",
            "editable": false,
            "size": 137616,
            "mode": "hosted",
            "is_external": false,
            "external_type": "",
            "is_public": true,
            "public_url_shared": false,
            "display_as_bot": false,
            "username": "",
            "url_private": "https:\/\/files.slack.com\/files-pri\/T0474AT8K-F0QN4TDE3\/_14__15k.png?t=xoxe-4242367291-28095460608-28095460624-739c22ae7e",
            "url_private_download": "https:\/\/files.slack.com\/files-pri\/T0474AT8K-F0QN4TDE3\/download\/_14__15k.png?t=xoxe-4242367291-28095460608-28095460624-739c22ae7e",
            "thumb_64": "https:\/\/files.slack.com\/files-tmb\/T0474AT8K-F0QN4TDE3-cf5d0367af\/_14__15k_64.png?t=xoxe-4242367291-28095460608-28095460624-739c22ae7e",
            "thumb_80": "https:\/\/files.slack.com\/files-tmb\/T0474AT8K-F0QN4TDE3-cf5d0367af\/_14__15k_80.png?t=xoxe-4242367291-28095460608-28095460624-739c22ae7e",
            "thumb_360": "https:\/\/files.slack.com\/files-tmb\/T0474AT8K-F0QN4TDE3-cf5d0367af\/_14__15k_360.png?t=xoxe-4242367291-28095460608-28095460624-739c22ae7e",
            "thumb_360_w": 288,
            "thumb_360_h": 360,
            "thumb_480": "https:\/\/files.slack.com\/files-tmb\/T0474AT8K-F0QN4TDE3-cf5d0367af\/_14__15k_480.png?t=xoxe-4242367291-28095460608-28095460624-739c22ae7e",
            "thumb_480_w": 385,
            "thumb_480_h": 480,
            "thumb_160": "https:\/\/files.slack.com\/files-tmb\/T0474AT8K-F0QN4TDE3-cf5d0367af\/_14__15k_160.png?t=xoxe-4242367291-28095460608-28095460624-739c22ae7e",
            "thumb_720": "https:\/\/files.slack.com\/files-tmb\/T0474AT8K-F0QN4TDE3-cf5d0367af\/_14__15k_720.png?t=xoxe-4242367291-28095460608-28095460624-739c22ae7e",
            "thumb_720_w": 577,
            "thumb_720_h": 720,
            "thumb_960": "https:\/\/files.slack.com\/files-tmb\/T0474AT8K-F0QN4TDE3-cf5d0367af\/_14__15k_960.png?t=xoxe-4242367291-28095460608-28095460624-739c22ae7e",
            "thumb_960_w": 769,
            "thumb_960_h": 960,
            "thumb_1024": "https:\/\/files.slack.com\/files-tmb\/T0474AT8K-F0QN4TDE3-cf5d0367af\/_14__15k_1024.png?t=xoxe-4242367291-28095460608-28095460624-739c22ae7e",
            "thumb_1024_w": 820,
            "thumb_1024_h": 1024,
            "image_exif_rotation": 1,
            "original_w": 1104,
            "original_h": 1378,
            "permalink": "https:\/\/synereonet.slack.com\/files\/dor\/F0QN4TDE3\/_14__15k.png",
            "permalink_public": "https:\/\/slack-files.com\/T0474AT8K-F0QN4TDE3-abcea2af18",
            "channels": [
                "C0474AT8X"
            ],
            "groups": [
    
            ],
            "ims": [
    
            ],
            "comments_count": 1,
            "initial_comment": {
                "id": "Fc0QMZ349J",
                "created": 1457296024,
                "timestamp": 1457296024,
                "user": "U0474E4KZ",
                "comment": "In other news, we're being pumped."
            }
        },
        "user": "U0474E4KZ",
        "upload": true,
        "display_as_bot": false,
        "username": "<@U0474E4KZ|dor>",
        "bot_id": null,
        "ts": "1457296028.000901"
    },
    {
        "type": "message",
        "user": "U04BQ4FMC",
        "text": "are we still at least 2 weeks til crowdsale?",
        "ts": "1457296253.000902"
    },
    {
        "type": "message",
        "user": "U0474E4KZ",
        "text": "More.",
        "ts": "1457296274.000903"
    },
    {
        "type": "message",
        "user": "U0PCK9TKL",
        "text": "Equity sale is in two weeks?",
        "ts": "1457296480.000904"
    },
    {
        "type": "message",
        "user": "U0474E4KZ",
        "text": "More! :simple_smile:",
        "ts": "1457297681.000905"
    },
    {
        "type": "message",
        "user": "U0PCK9TKL",
        "text": "OK cool I thought so",
        "ts": "1457298027.000906"
    },
    {
        "type": "message",
        "user": "U048T3M8W",
        "text": "Does anyone have also problems with Bittrex: Withdraw, Identification, No email received?",
        "ts": "1457298042.000907"
    },
    {
        "type": "message",
        "user": "U048T3M8W",
        "text": "Oops AMP doubled to $0,045 ??",
        "ts": "1457298124.000908"
    },
    {
        "type": "message",
        "user": "U0DKBHZN1",
        "text": "Bought few AMP's in the past. Didn't have any problems, but that was 3 months ago...",
        "ts": "1457301754.000909"
    },
    {
        "type": "message",
        "user": "U0QJSP0LU",
        "text": "i made a commerical sort of thing for synereo",
        "edited": {
            "user": "U0QJSP0LU",
            "ts": "1457314730.000000"
        },
        "ts": "1457314059.000910"
    },
    {
        "type": "message",
        "user": "U0QJSP0LU",
        "text": "synereo",
        "ts": "1457314067.000911"
    },
    {
        "type": "message",
        "user": "U0QJSP0LU",
        "text": "its not bad and will be on youtube in about an hour",
        "ts": "1457314083.000912"
    },
    {
        "type": "message",
        "user": "U0QJSP0LU",
        "text": "ill link it when ready",
        "ts": "1457314088.000913"
    },
    {
        "type": "message",
        "user": "U0PCK9TKL",
        "text": "Wait make he video private",
        "ts": "1457314125.000914"
    },
    {
        "type": "message",
        "user": "U0DKBHZN1",
        "text": "<@U0QJSP0LU>:  make it private till <@U0474E4KZ> takes alook",
        "ts": "1457314342.000915"
    },
    {
        "type": "message",
        "user": "U0QJSP0LU",
        "text": "ill make it private",
        "ts": "1457314373.000916"
    },
    {
        "type": "message",
        "user": "U0PCK9TKL",
        "text": "Nodes he's working with me for the twitch production just for clarification. ",
        "ts": "1457317623.000918",
        "reactions": [
            {
                "name": "+1",
                "users": [
                    "U0DKBHZN1",
                    "U0QJSP0LU"
                ],
                "count": 2
            }
        ]
    },
    {
        "type": "message",
        "user": "U09KY5U65",
        "text": "I'm getting rich from AMP and I can only expect Max Keiser to pump this as high as possible.",
        "ts": "1457325505.000919"
    },
    {
        "type": "message",
        "user": "U0474E4KZ",
        "text": "<@U09KY5U65>! I'm glad to hear you bought some.",
        "ts": "1457325527.000920"
    },
    {
        "type": "message",
        "user": "U09KY5U65",
        "text": "When do you think Synereo LTD will raise 50 million USD on BTTF and finally be able to hire a large team developers?",
        "ts": "1457325788.000921"
    },
    {
        "type": "message",
        "user": "U0474E4KZ",
        "text": "In about 2 to 3 hours.",
        "ts": "1457325838.000922"
    },
    {
        "type": "message",
        "user": "U09KY5U65",
        "text": "You have to fix the presentation. The 30 million $ of AMP that Synereo LTD holds is now worth 100 million $",
        "ts": "1457326184.000923"
    },
    {
        "type": "message",
        "user": "U09KY5U65",
        "text": "Someone should verify AMP on bittrex. Get listed on <https:\/\/bittrex.com\/home\/markets> \"VERIFIED MARKETS\"",
        "ts": "1457326316.000924"
    },
    {
        "type": "message",
        "user": "U0474E4KZ",
        "text": "What makes a market verified&gt;?",
        "ts": "1457326732.000925"
    },
    {
        "type": "message",
        "user": "U09KY5U65",
        "text": "I'm sure AMP qualifies since it has publicly known devs. Also give bittrex the logo. They don't have it in their system.",
        "ts": "1457326833.000926"
    },
    {
        "type": "message",
        "user": "U0474E4KZ",
        "text": "Can you send it to them for us please?",
        "ts": "1457327238.000927"
    },
    {
        "type": "message",
        "user": "U0PCK9TKL",
        "text": "Lololololol",
        "ts": "1457328771.000928"
    },
    {
        "type": "message",
        "user": "U0PCK9TKL",
        "text": "Sad..",
        "ts": "1457328804.000929"
    }
]