[
    {
        "type": "message",
        "user": "U0474E4KZ",
        "text": "<https:\/\/bitcointalk.org\/index.php?topic=995987.msg14045815#msg14045815>",
        "ts": "1456743760.000402"
    },
    {
        "type": "message",
        "user": "U0474E4KZ",
        "text": "<@U0NGAG7V5>: <https:\/\/en.wikipedia.org\/wiki\/Wget>",
        "ts": "1456743797.000403"
    },
    {
        "type": "message",
        "user": "U0NGAG7V5",
        "text": "thank you dor, then i am gonna install a vm with linux",
        "ts": "1456748398.000404"
    },
    {
        "type": "message",
        "user": "U0NGAG7V5",
        "text": "Ouch price is falling hard in Bitrex, probably some big holder is selling",
        "ts": "1456748444.000405"
    },
    {
        "type": "message",
        "user": "U049CMCCZ",
        "text": "hmm could also be that when there will be a beta out, then price will explode again",
        "ts": "1456757544.000406"
    },
    {
        "type": "message",
        "user": "U0PCK9TKL",
        "text": "I'm promoting synereo at the blockchain summit this Thursday. Anyone in D.C wish to meetup? It's $249 to get in. I rather just meet up at a coffee shop on friday after the conference. ",
        "ts": "1456781270.000407",
        "reactions": [
            {
                "name": "+1",
                "users": [
                    "U0474E4KZ"
                ],
                "count": 1
            }
        ]
    },
    {
        "user": "U0PJL1WE5",
        "type": "message",
        "subtype": "channel_join",
        "text": "<@U0PJL1WE5|n3xtgen> has joined the channel",
        "ts": "1456785610.000408"
    },
    {
        "type": "message",
        "user": "U048T3M8W",
        "text": "I will try to find somebody for translating English into French. When that is done, then we can feed more info to for example le <http:\/\/journaldunet.com|journaldunet.com>. I'm also in contact with a Chineese girl to do translation.",
        "ts": "1456788729.000409",
        "reactions": [
            {
                "name": "+1",
                "users": [
                    "U0474E4KZ",
                    "U04JPG2F2"
                ],
                "count": 2
            }
        ]
    }
]